category,n_samples,n_available,normalization,Ensembl_Gene_ID,Symbol,n_gt25,pct_gt25,n_gt50,pct_gt50,n_p90,n_available_p90,pct_p90,n_p95,n_available_p95,pct_p95,source_cancer_codes
adrenal,259,259,tpm_clean,ENSG00000006047,YBX2,0,0.0,0,0.0,0,259,0.0,0,259,0.0,ACC;PCPG
adrenal,259,259,tpm_clean,ENSG00000006659,LGALS14,0,0.0,0,0.0,0,259,0.0,0,259,0.0,ACC;PCPG
adrenal,259,259,tpm_clean,ENSG00000007350,TKTL1,0,0.0,0,0.0,0,259,0.0,0,259,0.0,ACC;PCPG
adrenal,259,259,tpm_clean,ENSG00000010318,PHF7,0,0.0,0,0.0,0,259,0.0,0,259,0.0,ACC;PCPG
adrenal,259,259,tpm_clean,ENSG00000042813,ZPBP,0,0.0,0,0.0,0,259,0.0,0,259,0.0,ACC;PCPG
adrenal,259,259,tpm_clean,ENSG00000046774,MAGEC2,6,2.32,4,1.54,4,259,1.54,2,259,0.77,ACC;PCPG
adrenal,259,259,tpm_clean,ENSG00000054796,SPO11,0,0.0,0,0.0,0,259,0.0,0,259,0.0,ACC;PCPG
adrenal,259,259,tpm_clean,ENSG00000068985,PAGE1,0,0.0,0,0.0,0,259,0.0,0,259,0.0,ACC;PCPG
adrenal,259,259,tpm_clean,ENSG00000077800,FKBP6,0,0.0,0,0.0,0,259,0.0,0,259,0.0,ACC;PCPG
adrenal,259,259,tpm_clean,ENSG00000077935,SMC1B,0,0.0,0,0.0,0,259,0.0,0,259,0.0,ACC;PCPG
adrenal,259,259,tpm_clean,ENSG00000092345,DAZL,0,0.0,0,0.0,0,259,0.0,0,259,0.0,ACC;PCPG
adrenal,259,259,tpm_clean,ENSG00000095627,TDRD1,0,0.0,0,0.0,0,259,0.0,0,259,0.0,ACC;PCPG
adrenal,259,259,tpm_clean,ENSG00000099399,MAGEB2,5,1.93,4,1.54,4,259,1.54,2,259,0.77,ACC;PCPG
adrenal,259,259,tpm_clean,ENSG00000102021,LUZP4,0,0.0,0,0.0,0,259,0.0,0,259,0.0,ACC;PCPG
adrenal,259,259,tpm_clean,ENSG00000103023,PRSS54,0,0.0,0,0.0,0,259,0.0,0,259,0.0,ACC;PCPG
adrenal,259,259,tpm_clean,ENSG00000104755,ADAM2,0,0.0,0,0.0,0,259,0.0,0,259,0.0,ACC;PCPG
adrenal,259,259,tpm_clean,ENSG00000104804,TULP2,0,0.0,0,0.0,0,259,0.0,0,259,0.0,ACC;PCPG
adrenal,259,259,tpm_clean,ENSG00000104818,CGB2,1,0.39,0,0.0,0,259,0.0,0,259,0.0,ACC;PCPG
adrenal,259,259,tpm_clean,ENSG00000104901,DKKL1,0,0.0,0,0.0,0,259,0.0,0,259,0.0,ACC;PCPG
adrenal,259,259,tpm_clean,ENSG00000105198,LGALS13,0,0.0,0,0.0,0,259,0.0,0,259,0.0,ACC;PCPG
adrenal,259,259,tpm_clean,ENSG00000106013,ANKRD7,0,0.0,0,0.0,0,259,0.0,0,259,0.0,ACC;PCPG
adrenal,259,259,tpm_clean,ENSG00000106304,SPAM1,0,0.0,0,0.0,0,259,0.0,0,259,0.0,ACC;PCPG
adrenal,259,259,tpm_clean,ENSG00000114487,MORC1,0,0.0,0,0.0,0,259,0.0,0,259,0.0,ACC;PCPG
adrenal,259,259,tpm_clean,ENSG00000117148,ACTL8,0,0.0,0,0.0,0,259,0.0,0,259,0.0,ACC;PCPG
adrenal,259,259,tpm_clean,ENSG00000118434,SPACA1,0,0.0,0,0.0,0,259,0.0,0,259,0.0,ACC;PCPG
adrenal,259,259,tpm_clean,ENSG00000118491,ZC2HC1B,0,0.0,0,0.0,0,259,0.0,0,259,0.0,ACC;PCPG
adrenal,259,259,tpm_clean,ENSG00000121101,TEX14,0,0.0,0,0.0,0,259,0.0,0,259,0.0,ACC;PCPG
adrenal,259,259,tpm_clean,ENSG00000122304,PRM2,0,0.0,0,0.0,0,259,0.0,0,259,0.0,ACC;PCPG
adrenal,259,259,tpm_clean,ENSG00000123576,ESX1,0,0.0,0,0.0,0,259,0.0,0,259,0.0,ACC;PCPG
adrenal,259,259,tpm_clean,ENSG00000123584,MAGEA9/MAGEA9B,2,0.77,2,0.77,2,259,0.77,1,259,0.39,ACC;PCPG
adrenal,259,259,tpm_clean,ENSG00000124092,CTCFL,0,0.0,0,0.0,0,259,0.0,0,259,0.0,ACC;PCPG
adrenal,259,259,tpm_clean,ENSG00000124227,ANKRD60,0,0.0,0,0.0,0,259,0.0,0,259,0.0,ACC;PCPG
adrenal,259,259,tpm_clean,ENSG00000124260,MAGEA10,0,0.0,0,0.0,0,259,0.0,0,259,0.0,ACC;PCPG
adrenal,259,259,tpm_clean,ENSG00000124467,PSG8,1,0.39,0,0.0,1,259,0.39,0,259,0.0,ACC;PCPG
adrenal,259,259,tpm_clean,ENSG00000124490,CRISP2,0,0.0,0,0.0,0,259,0.0,0,259,0.0,ACC;PCPG
adrenal,259,259,tpm_clean,ENSG00000125207,PIWIL1,0,0.0,0,0.0,0,259,0.0,0,259,0.0,ACC;PCPG
adrenal,259,259,tpm_clean,ENSG00000125823,CSTL1,0,0.0,0,0.0,0,259,0.0,0,259,0.0,ACC;PCPG
adrenal,259,259,tpm_clean,ENSG00000126467,TSKS,0,0.0,0,0.0,0,259,0.0,0,259,0.0,ACC;PCPG
adrenal,259,259,tpm_clean,ENSG00000126752,SSX1,0,0.0,0,0.0,0,259,0.0,0,259,0.0,ACC;PCPG
adrenal,259,259,tpm_clean,ENSG00000126856,PRDM7,0,0.0,0,0.0,0,259,0.0,0,259,0.0,ACC;PCPG
adrenal,259,259,tpm_clean,ENSG00000129862,VCY/VCY1B,1,0.39,1,0.39,1,259,0.39,1,259,0.39,ACC;PCPG
adrenal,259,259,tpm_clean,ENSG00000130950,NUTM2F,0,0.0,0,0.0,0,259,0.0,0,259,0.0,ACC;PCPG
adrenal,259,259,tpm_clean,ENSG00000131126,TEX101,0,0.0,0,0.0,0,259,0.0,0,259,0.0,ACC;PCPG
adrenal,259,259,tpm_clean,ENSG00000132446,FTHL17,0,0.0,0,0.0,0,259,0.0,0,259,0.0,ACC;PCPG
adrenal,259,259,tpm_clean,ENSG00000135248,GARIN1B,0,0.0,0,0.0,0,259,0.0,0,259,0.0,ACC;PCPG
adrenal,259,259,tpm_clean,ENSG00000137090,DMRT1,0,0.0,0,0.0,0,259,0.0,0,259,0.0,ACC;PCPG
adrenal,259,259,tpm_clean,ENSG00000137948,BRDT,0,0.0,0,0.0,0,259,0.0,0,259,0.0,ACC;PCPG
adrenal,259,259,tpm_clean,ENSG00000139351,SYCP3,0,0.0,0,0.0,0,259,0.0,0,259,0.0,ACC;PCPG
adrenal,259,259,tpm_clean,ENSG00000140478,GOLGA6D,0,0.0,0,0.0,0,259,0.0,0,259,0.0,ACC;PCPG
adrenal,259,259,tpm_clean,ENSG00000141096,DPEP3,0,0.0,0,0.0,0,259,0.0,0,259,0.0,ACC;PCPG
adrenal,259,259,tpm_clean,ENSG00000141255,SPATA22,0,0.0,0,0.0,0,259,0.0,0,259,0.0,ACC;PCPG
adrenal,259,259,tpm_clean,ENSG00000141316,SPACA3,0,0.0,0,0.0,0,259,0.0,0,259,0.0,ACC;PCPG
adrenal,259,259,tpm_clean,ENSG00000141371,CHCT1,0,0.0,0,0.0,0,259,0.0,0,259,0.0,ACC;PCPG
adrenal,259,259,tpm_clean,ENSG00000141437,SLC25A52,0,0.0,0,0.0,0,259,0.0,0,259,0.0,ACC;PCPG
adrenal,259,259,tpm_clean,ENSG00000142025,DMRTC2,0,0.0,0,0.0,0,259,0.0,0,259,0.0,ACC;PCPG
adrenal,259,259,tpm_clean,ENSG00000142698,C1orf94,0,0.0,0,0.0,0,259,0.0,0,259,0.0,ACC;PCPG
adrenal,259,259,tpm_clean,ENSG00000143006,DMRTB1,0,0.0,0,0.0,0,259,0.0,0,259,0.0,ACC;PCPG
adrenal,259,259,tpm_clean,ENSG00000143452,HORMAD1,0,0.0,0,0.0,0,259,0.0,0,259,0.0,ACC;PCPG
adrenal,259,259,tpm_clean,ENSG00000144962,SPATA16,0,0.0,0,0.0,0,259,0.0,0,259,0.0,ACC;PCPG
adrenal,259,259,tpm_clean,ENSG00000145309,CABS1,0,0.0,0,0.0,0,259,0.0,0,259,0.0,ACC;PCPG
adrenal,259,259,tpm_clean,ENSG00000147081,AKAP4,0,0.0,0,0.0,0,259,0.0,0,259,0.0,ACC;PCPG
adrenal,259,259,tpm_clean,ENSG00000147183,CPXCR1,0,0.0,0,0.0,0,259,0.0,0,259,0.0,ACC;PCPG
adrenal,259,259,tpm_clean,ENSG00000147378,FATE1,22,8.49,21,8.11,21,259,8.11,18,259,6.95,ACC;PCPG
adrenal,259,259,tpm_clean,ENSG00000147381,MAGEA4,1,0.39,1,0.39,1,259,0.39,0,259,0.0,ACC;PCPG
adrenal,259,259,tpm_clean,ENSG00000148156,ACTL7B,0,0.0,0,0.0,0,259,0.0,0,259,0.0,ACC;PCPG
adrenal,259,259,tpm_clean,ENSG00000150628,SPATA4,0,0.0,0,0.0,0,259,0.0,0,259,0.0,ACC;PCPG
adrenal,259,259,tpm_clean,ENSG00000151962,RBM46,0,0.0,0,0.0,0,259,0.0,0,259,0.0,ACC;PCPG
adrenal,259,259,tpm_clean,ENSG00000152430,BOLL,0,0.0,0,0.0,0,259,0.0,0,259,0.0,ACC;PCPG
adrenal,259,259,tpm_clean,ENSG00000152670,DDX4,0,0.0,0,0.0,0,259,0.0,0,259,0.0,ACC;PCPG
adrenal,259,259,tpm_clean,ENSG00000153060,TEKT5,0,0.0,0,0.0,0,259,0.0,0,259,0.0,ACC;PCPG
adrenal,259,259,tpm_clean,ENSG00000153779,TGIF2LX,0,0.0,0,0.0,0,259,0.0,0,259,0.0,ACC;PCPG
adrenal,259,259,tpm_clean,ENSG00000155087,ODF1,0,0.0,0,0.0,0,259,0.0,0,259,0.0,ACC;PCPG
adrenal,259,259,tpm_clean,ENSG00000155495,MAGEC1,0,0.0,0,0.0,0,259,0.0,0,259,0.0,ACC;PCPG
adrenal,259,259,tpm_clean,ENSG00000155622,XAGE2,0,0.0,0,0.0,0,259,0.0,0,259,0.0,ACC;PCPG
adrenal,259,259,tpm_clean,ENSG00000156009,MAGEA8,0,0.0,0,0.0,0,259,0.0,0,259,0.0,ACC;PCPG
adrenal,259,259,tpm_clean,ENSG00000156269,NAA11,0,0.0,0,0.0,0,259,0.0,0,259,0.0,ACC;PCPG
adrenal,259,259,tpm_clean,ENSG00000158639,PAGE5,2,0.77,1,0.39,2,259,0.77,0,259,0.0,ACC;PCPG
adrenal,259,259,tpm_clean,ENSG00000159289,GOLGA6A,0,0.0,0,0.0,0,259,0.0,0,259,0.0,ACC;PCPG
adrenal,259,259,tpm_clean,ENSG00000159708,LRRC36,0,0.0,0,0.0,0,259,0.0,0,259,0.0,ACC;PCPG
adrenal,259,259,tpm_clean,ENSG00000161860,SYCE2,0,0.0,0,0.0,0,259,0.0,0,259,0.0,ACC;PCPG
adrenal,259,259,tpm_clean,ENSG00000161973,CCDC42,0,0.0,0,0.0,0,259,0.0,0,259,0.0,ACC;PCPG
adrenal,259,259,tpm_clean,ENSG00000162039,MEIOB,0,0.0,0,0.0,0,259,0.0,0,259,0.0,ACC;PCPG
adrenal,259,259,tpm_clean,ENSG00000162641,AKNAD1,0,0.0,0,0.0,0,259,0.0,0,259,0.0,ACC;PCPG
adrenal,259,259,tpm_clean,ENSG00000162771,GARIN4,0,0.0,0,0.0,0,259,0.0,0,259,0.0,ACC;PCPG
adrenal,259,259,tpm_clean,ENSG00000162843,WDR64,0,0.0,0,0.0,0,259,0.0,0,259,0.0,ACC;PCPG
adrenal,259,259,tpm_clean,ENSG00000163114,PDHA2,0,0.0,0,0.0,0,259,0.0,0,259,0.0,ACC;PCPG
adrenal,259,259,tpm_clean,ENSG00000163530,DPPA2,0,0.0,0,0.0,0,259,0.0,0,259,0.0,ACC;PCPG
adrenal,259,259,tpm_clean,ENSG00000164113,ADAD1,0,0.0,0,0.0,0,259,0.0,0,259,0.0,ACC;PCPG
adrenal,259,259,tpm_clean,ENSG00000164304,CAGE1,0,0.0,0,0.0,0,259,0.0,0,259,0.0,ACC;PCPG
adrenal,259,259,tpm_clean,ENSG00000165583,SSX5,0,0.0,0,0.0,0,259,0.0,0,259,0.0,ACC;PCPG
adrenal,259,259,tpm_clean,ENSG00000165584,SSX3,0,0.0,0,0.0,0,259,0.0,0,259,0.0,ACC;PCPG
adrenal,259,259,tpm_clean,ENSG00000166049,PASD1,1,0.39,1,0.39,1,259,0.39,0,259,0.0,ACC;PCPG
adrenal,259,259,tpm_clean,ENSG00000166069,TMCO5A,0,0.0,0,0.0,0,259,0.0,0,259,0.0,ACC;PCPG
adrenal,259,259,tpm_clean,ENSG00000166118,SPATA19,0,0.0,0,0.0,0,259,0.0,0,259,0.0,ACC;PCPG
adrenal,259,259,tpm_clean,ENSG00000166796,LDHC,0,0.0,0,0.0,0,259,0.0,0,259,0.0,ACC;PCPG
adrenal,259,259,tpm_clean,ENSG00000167098,SUN5,0,0.0,0,0.0,0,259,0.0,0,259,0.0,ACC;PCPG
adrenal,259,259,tpm_clean,ENSG00000168594,ADAM29,0,0.0,0,0.0,0,259,0.0,0,259,0.0,ACC;PCPG
adrenal,259,259,tpm_clean,ENSG00000168757,TSPY2,0,0.0,0,0.0,0,259,0.0,0,259,0.0,ACC;PCPG
adrenal,259,259,tpm_clean,ENSG00000169059,VCX3A,0,0.0,0,0.0,0,259,0.0,0,259,0.0,ACC;PCPG
adrenal,259,259,tpm_clean,ENSG00000169551,CT55,0,0.0,0,0.0,0,259,0.0,0,259,0.0,ACC;PCPG
adrenal,259,259,tpm_clean,ENSG00000169800,RBMY1F,0,0.0,0,0.0,0,259,0.0,0,259,0.0,ACC;PCPG
adrenal,259,259,tpm_clean,ENSG00000170516,COX7B2,2,0.77,1,0.39,2,259,0.77,0,259,0.0,ACC;PCPG
adrenal,259,259,tpm_clean,ENSG00000170748,RBMXL2,0,0.0,0,0.0,0,259,0.0,0,259,0.0,ACC;PCPG
adrenal,259,259,tpm_clean,ENSG00000170848,PSG6,0,0.0,0,0.0,0,259,0.0,0,259,0.0,ACC;PCPG
adrenal,259,259,tpm_clean,ENSG00000170950,PGK2,0,0.0,0,0.0,0,259,0.0,0,259,0.0,ACC;PCPG
adrenal,259,259,tpm_clean,ENSG00000170965,PLAC1,4,1.54,3,1.16,4,259,1.54,3,259,1.16,ACC;PCPG
adrenal,259,259,tpm_clean,ENSG00000171402,XAGE3,0,0.0,0,0.0,0,259,0.0,0,259,0.0,ACC;PCPG
adrenal,259,259,tpm_clean,ENSG00000171405,XAGE5,0,0.0,0,0.0,0,259,0.0,0,259,0.0,ACC;PCPG
adrenal,259,259,tpm_clean,ENSG00000171794,UTF1,0,0.0,0,0.0,0,259,0.0,0,259,0.0,ACC;PCPG
adrenal,259,259,tpm_clean,ENSG00000172073,TEX37,0,0.0,0,0.0,0,259,0.0,0,259,0.0,ACC;PCPG
adrenal,259,259,tpm_clean,ENSG00000172717,GARIN2,0,0.0,0,0.0,0,259,0.0,0,259,0.0,ACC;PCPG
adrenal,259,259,tpm_clean,ENSG00000174015,CBY2,0,0.0,0,0.0,0,259,0.0,0,259,0.0,ACC;PCPG
adrenal,259,259,tpm_clean,ENSG00000174016,TENT5D,0,0.0,0,0.0,0,259,0.0,0,259,0.0,ACC;PCPG
adrenal,259,259,tpm_clean,ENSG00000174898,CATSPERD,0,0.0,0,0.0,0,259,0.0,0,259,0.0,ACC;PCPG
adrenal,259,259,tpm_clean,ENSG00000175646,PRM1,0,0.0,0,0.0,0,259,0.0,0,259,0.0,ACC;PCPG
adrenal,259,259,tpm_clean,ENSG00000175809,CBLL2,0,0.0,0,0.0,0,259,0.0,0,259,0.0,ACC;PCPG
adrenal,259,259,tpm_clean,ENSG00000175820,CCDC168,0,0.0,0,0.0,0,259,0.0,0,259,0.0,ACC;PCPG
adrenal,259,259,tpm_clean,ENSG00000175877,TMEM270,0,0.0,0,0.0,0,259,0.0,0,259,0.0,ACC;PCPG
adrenal,259,259,tpm_clean,ENSG00000176256,HMGB4,0,0.0,0,0.0,0,259,0.0,0,259,0.0,ACC;PCPG
adrenal,259,259,tpm_clean,ENSG00000176566,DCAF4L2,0,0.0,0,0.0,0,259,0.0,0,259,0.0,ACC;PCPG
adrenal,259,259,tpm_clean,ENSG00000176635,HORMAD2,0,0.0,0,0.0,0,259,0.0,0,259,0.0,ACC;PCPG
adrenal,259,259,tpm_clean,ENSG00000176746,MAGEB6,0,0.0,0,0.0,0,259,0.0,0,259,0.0,ACC;PCPG
adrenal,259,259,tpm_clean,ENSG00000176774,MAGEB18,0,0.0,0,0.0,0,259,0.0,0,259,0.0,ACC;PCPG
adrenal,259,259,tpm_clean,ENSG00000176988,FMR1NB,0,0.0,0,0.0,0,259,0.0,0,259,0.0,ACC;PCPG
adrenal,259,259,tpm_clean,ENSG00000177294,FBXO39,0,0.0,0,0.0,0,259,0.0,0,259,0.0,ACC;PCPG
adrenal,259,259,tpm_clean,ENSG00000177673,TEX44,0,0.0,0,0.0,0,259,0.0,0,259,0.0,ACC;PCPG
adrenal,259,259,tpm_clean,ENSG00000177689,MAGEB10,0,0.0,0,0.0,0,259,0.0,0,259,0.0,ACC;PCPG
adrenal,259,259,tpm_clean,ENSG00000177947,ODF3,0,0.0,0,0.0,0,259,0.0,0,259,0.0,ACC;PCPG
adrenal,259,259,tpm_clean,ENSG00000177992,SPATA31E1,0,0.0,0,0.0,0,259,0.0,0,259,0.0,ACC;PCPG
adrenal,259,259,tpm_clean,ENSG00000178021,TSPYL6,0,0.0,0,0.0,0,259,0.0,0,259,0.0,ACC;PCPG
adrenal,259,259,tpm_clean,ENSG00000178257,PRM3,0,0.0,0,0.0,0,259,0.0,0,259,0.0,ACC;PCPG
adrenal,259,259,tpm_clean,ENSG00000178279,TNP2,0,0.0,0,0.0,0,259,0.0,0,259,0.0,ACC;PCPG
adrenal,259,259,tpm_clean,ENSG00000178997,EXD1,0,0.0,0,0.0,0,259,0.0,0,259,0.0,ACC;PCPG
adrenal,259,259,tpm_clean,ENSG00000179046,TRIML2,0,0.0,0,0.0,0,259,0.0,0,259,0.0,ACC;PCPG
adrenal,259,259,tpm_clean,ENSG00000179059,ZFP42,0,0.0,0,0.0,0,259,0.0,0,259,0.0,ACC;PCPG
adrenal,259,259,tpm_clean,ENSG00000179088,C12orf42,0,0.0,0,0.0,0,259,0.0,0,259,0.0,ACC;PCPG
adrenal,259,259,tpm_clean,ENSG00000179407,DNAJB8,0,0.0,0,0.0,0,259,0.0,0,259,0.0,ACC;PCPG
adrenal,259,259,tpm_clean,ENSG00000180138,CSNK1A1L,0,0.0,0,0.0,0,259,0.0,0,259,0.0,ACC;PCPG
adrenal,259,259,tpm_clean,ENSG00000180336,MEIOC,0,0.0,0,0.0,0,259,0.0,0,259,0.0,ACC;PCPG
adrenal,259,259,tpm_clean,ENSG00000181323,SPEM1,0,0.0,0,0.0,0,259,0.0,0,259,0.0,ACC;PCPG
adrenal,259,259,tpm_clean,ENSG00000181433,SAGE1,0,0.0,0,0.0,0,259,0.0,0,259,0.0,ACC;PCPG
adrenal,259,259,tpm_clean,ENSG00000182308,DCAF4L1,0,0.0,0,0.0,0,259,0.0,0,259,0.0,ACC;PCPG
adrenal,259,259,tpm_clean,ENSG00000182459,TEX19,0,0.0,0,0.0,0,259,0.0,0,259,0.0,ACC;PCPG
adrenal,259,259,tpm_clean,ENSG00000182583,VCX,0,0.0,0,0.0,0,259,0.0,0,259,0.0,ACC;PCPG
adrenal,259,259,tpm_clean,ENSG00000183206,POTEC,0,0.0,0,0.0,0,259,0.0,0,259,0.0,ACC;PCPG
adrenal,259,259,tpm_clean,ENSG00000183305,MAGEA2/MAGEA2B,0,0.0,0,0.0,0,259,0.0,0,259,0.0,ACC;PCPG
adrenal,259,259,tpm_clean,ENSG00000183434,TFDP3,0,0.0,0,0.0,0,259,0.0,0,259,0.0,ACC;PCPG
adrenal,259,259,tpm_clean,ENSG00000183668,PSG9,0,0.0,0,0.0,0,259,0.0,0,259,0.0,ACC;PCPG
adrenal,259,259,tpm_clean,ENSG00000184033,CTAG1A/B,3,1.16,3,1.16,3,259,1.16,3,259,1.16,ACC;PCPG
adrenal,259,259,tpm_clean,ENSG00000184361,SPATA32,0,0.0,0,0.0,0,259,0.0,0,259,0.0,ACC;PCPG
adrenal,259,259,tpm_clean,ENSG00000184507,NUTM1,0,0.0,0,0.0,0,259,0.0,0,259,0.0,ACC;PCPG
adrenal,259,259,tpm_clean,ENSG00000184650,ODF4,0,0.0,0,0.0,0,259,0.0,0,259,0.0,ACC;PCPG
adrenal,259,259,tpm_clean,ENSG00000184735,DDX53,0,0.0,0,0.0,0,259,0.0,0,259,0.0,ACC;PCPG
adrenal,259,259,tpm_clean,ENSG00000185264,TEX33,0,0.0,0,0.0,0,259,0.0,0,259,0.0,ACC;PCPG
adrenal,259,259,tpm_clean,ENSG00000185686,PRAME,14,5.41,7,2.7,11,259,4.25,5,259,1.93,ACC;PCPG
adrenal,259,259,tpm_clean,ENSG00000185775,SPATA31A6,0,0.0,0,0.0,0,259,0.0,0,259,0.0,ACC;PCPG
adrenal,259,259,tpm_clean,ENSG00000185792,NLRP9,0,0.0,0,0.0,0,259,0.0,0,259,0.0,ACC;PCPG
adrenal,259,259,tpm_clean,ENSG00000185863,TMEM210,0,0.0,0,0.0,0,259,0.0,0,259,0.0,ACC;PCPG
adrenal,259,259,tpm_clean,ENSG00000186075,ZPBP2,0,0.0,0,0.0,0,259,0.0,0,259,0.0,ACC;PCPG
adrenal,259,259,tpm_clean,ENSG00000186118,TEX38,0,0.0,0,0.0,0,259,0.0,0,259,0.0,ACC;PCPG
adrenal,259,259,tpm_clean,ENSG00000186451,SPATA12,0,0.0,0,0.0,0,259,0.0,0,259,0.0,ACC;PCPG
adrenal,259,259,tpm_clean,ENSG00000186788,SPATA31D3,0,0.0,0,0.0,0,259,0.0,0,259,0.0,ACC;PCPG
adrenal,259,259,tpm_clean,ENSG00000187003,ACTL7A,0,0.0,0,0.0,0,259,0.0,0,259,0.0,ACC;PCPG
adrenal,259,259,tpm_clean,ENSG00000187191,DAZ3,0,0.0,0,0.0,0,259,0.0,0,259,0.0,ACC;PCPG
adrenal,259,259,tpm_clean,ENSG00000187754,SSX7,0,0.0,0,0.0,0,259,0.0,0,259,0.0,ACC;PCPG
adrenal,259,259,tpm_clean,ENSG00000187772,LIN28B,0,0.0,0,0.0,0,259,0.0,0,259,0.0,ACC;PCPG
adrenal,259,259,tpm_clean,ENSG00000188120,DAZ1,0,0.0,0,0.0,0,259,0.0,0,259,0.0,ACC;PCPG
adrenal,259,259,tpm_clean,ENSG00000188425,NANOS2,0,0.0,0,0.0,0,259,0.0,0,259,0.0,ACC;PCPG
adrenal,259,259,tpm_clean,ENSG00000188782,CATSPER4,0,0.0,0,0.0,0,259,0.0,0,259,0.0,ACC;PCPG
adrenal,259,259,tpm_clean,ENSG00000189023,MAGEB16,0,0.0,0,0.0,0,259,0.0,0,259,0.0,ACC;PCPG
adrenal,259,259,tpm_clean,ENSG00000189052,CGB5/8,1,0.39,0,0.0,0,259,0.0,0,259,0.0,ACC;PCPG
adrenal,259,259,tpm_clean,ENSG00000189064,GAGE2A,0,0.0,0,0.0,0,259,0.0,0,259,0.0,ACC;PCPG
adrenal,259,259,tpm_clean,ENSG00000189186,DCAF8L2,0,0.0,0,0.0,0,259,0.0,0,259,0.0,ACC;PCPG
adrenal,259,259,tpm_clean,ENSG00000189252,SPANXN3,0,0.0,0,0.0,0,259,0.0,0,259,0.0,ACC;PCPG
adrenal,259,259,tpm_clean,ENSG00000189326,SPANXN4,0,0.0,0,0.0,0,259,0.0,0,259,0.0,ACC;PCPG
adrenal,259,259,tpm_clean,ENSG00000189357,SPATA31D4,0,0.0,0,0.0,0,259,0.0,0,259,0.0,ACC;PCPG
adrenal,259,259,tpm_clean,ENSG00000196350,ZNF729,0,0.0,0,0.0,0,259,0.0,0,259,0.0,ACC;PCPG
adrenal,259,259,tpm_clean,ENSG00000196406,SPANXD,0,0.0,0,0.0,0,259,0.0,0,259,0.0,ACC;PCPG
adrenal,259,259,tpm_clean,ENSG00000196553,CCDC196,0,0.0,0,0.0,0,259,0.0,0,259,0.0,ACC;PCPG
adrenal,259,259,tpm_clean,ENSG00000196604,POTEF,0,0.0,0,0.0,0,259,0.0,0,259,0.0,ACC;PCPG
adrenal,259,259,tpm_clean,ENSG00000196862,RGPD4,0,0.0,0,0.0,0,259,0.0,0,259,0.0,ACC;PCPG
adrenal,259,259,tpm_clean,ENSG00000197172,MAGEA6,3,1.16,1,0.39,2,259,0.77,0,259,0.0,ACC;PCPG
adrenal,259,259,tpm_clean,ENSG00000198021,SPANXA1/2,0,0.0,0,0.0,0,259,0.0,0,259,0.0,ACC;PCPG
adrenal,259,259,tpm_clean,ENSG00000198573,SPANXC,0,0.0,0,0.0,0,259,0.0,0,259,0.0,ACC;PCPG
adrenal,259,259,tpm_clean,ENSG00000198681,MAGEA1,0,0.0,0,0.0,0,259,0.0,0,259,0.0,ACC;PCPG
adrenal,259,259,tpm_clean,ENSG00000198759,EGFL6,1,0.39,0,0.0,0,259,0.0,0,259,0.0,ACC;PCPG
adrenal,259,259,tpm_clean,ENSG00000198765,SYCP1,0,0.0,0,0.0,0,259,0.0,0,259,0.0,ACC;PCPG
adrenal,259,259,tpm_clean,ENSG00000198870,STKLD1,2,0.77,0,0.0,1,259,0.39,0,259,0.0,ACC;PCPG
adrenal,259,259,tpm_clean,ENSG00000203909,DPPA5,0,0.0,0,0.0,0,259,0.0,0,259,0.0,ACC;PCPG
adrenal,259,259,tpm_clean,ENSG00000203923,SPANXN1,0,0.0,0,0.0,0,259,0.0,0,259,0.0,ACC;PCPG
adrenal,259,259,tpm_clean,ENSG00000204019,CT83,1,0.39,1,0.39,1,259,0.39,0,259,0.0,ACC;PCPG
adrenal,259,259,tpm_clean,ENSG00000204279,PAGE3,0,0.0,0,0.0,0,259,0.0,0,259,0.0,ACC;PCPG
adrenal,259,259,tpm_clean,ENSG00000204363,SPANXN5,0,0.0,0,0.0,0,259,0.0,0,259,0.0,ACC;PCPG
adrenal,259,259,tpm_clean,ENSG00000204379,XAGE1A/B,5,1.93,5,1.93,5,259,1.93,5,259,1.93,ACC;PCPG
adrenal,259,259,tpm_clean,ENSG00000204450,TRIM64,0,0.0,0,0.0,0,259,0.0,0,259,0.0,ACC;PCPG
adrenal,259,259,tpm_clean,ENSG00000204849,SPATA31A1,0,0.0,0,0.0,0,259,0.0,0,259,0.0,ACC;PCPG
adrenal,259,259,tpm_clean,ENSG00000204941,PSG5,0,0.0,0,0.0,0,259,0.0,0,259,0.0,ACC;PCPG
adrenal,259,259,tpm_clean,ENSG00000204961,PCDHA9,0,0.0,0,0.0,0,259,0.0,0,259,0.0,ACC;PCPG
adrenal,259,259,tpm_clean,ENSG00000205359,SLCO6A1,0,0.0,0,0.0,0,259,0.0,0,259,0.0,ACC;PCPG
adrenal,259,259,tpm_clean,ENSG00000205642,VCX3B,0,0.0,0,0.0,0,259,0.0,0,259,0.0,ACC;PCPG
adrenal,259,259,tpm_clean,ENSG00000205777,GAGE1,0,0.0,0,0.0,0,259,0.0,0,259,0.0,ACC;PCPG
adrenal,259,259,tpm_clean,ENSG00000212710,CTAGE1,0,0.0,0,0.0,0,259,0.0,0,259,0.0,ACC;PCPG
adrenal,259,259,tpm_clean,ENSG00000213218,CSH2,0,0.0,0,0.0,0,259,0.0,0,259,0.0,ACC;PCPG
adrenal,259,259,tpm_clean,ENSG00000213401,MAGEA12,1,0.39,0,0.0,0,259,0.0,0,259,0.0,ACC;PCPG
adrenal,259,259,tpm_clean,ENSG00000214107,MAGEB1,0,0.0,0,0.0,0,259,0.0,0,259,0.0,ACC;PCPG
adrenal,259,259,tpm_clean,ENSG00000215113,CXorf49/CXorf49B,0,0.0,0,0.0,0,259,0.0,0,259,0.0,ACC;PCPG
adrenal,259,259,tpm_clean,ENSG00000215269,GAGE12F/G,0,0.0,0,0.0,0,259,0.0,0,259,0.0,ACC;PCPG
adrenal,259,259,tpm_clean,ENSG00000215274,GAGE10,0,0.0,0,0.0,0,259,0.0,0,259,0.0,ACC;PCPG
adrenal,259,259,tpm_clean,ENSG00000215529,EFCAB8,0,0.0,0,0.0,0,259,0.0,0,259,0.0,ACC;PCPG
adrenal,259,259,tpm_clean,ENSG00000215817,ZC3H11B,0,0.0,0,0.0,0,259,0.0,0,259,0.0,ACC;PCPG
adrenal,259,259,tpm_clean,ENSG00000216649,GAGE12C/D/E,0,0.0,0,0.0,0,259,0.0,0,259,0.0,ACC;PCPG
adrenal,259,259,tpm_clean,ENSG00000221826,PSG3,0,0.0,0,0.0,0,259,0.0,0,259,0.0,ACC;PCPG
adrenal,259,259,tpm_clean,ENSG00000221867,MAGEA3,3,1.16,1,0.39,3,259,1.16,0,259,0.0,ACC;PCPG
adrenal,259,259,tpm_clean,ENSG00000221878,PSG7,0,0.0,0,0.0,0,259,0.0,0,259,0.0,ACC;PCPG
adrenal,259,259,tpm_clean,ENSG00000224089,CT47A1/2/3/4/5/6/7/8/9/10/11/12,0,0.0,0,0.0,0,259,0.0,0,259,0.0,ACC;PCPG
adrenal,259,259,tpm_clean,ENSG00000224440,CXorf51A/B,0,0.0,0,0.0,0,259,0.0,0,259,0.0,ACC;PCPG
adrenal,259,259,tpm_clean,ENSG00000224659,GAGE12J,0,0.0,0,0.0,0,259,0.0,0,259,0.0,ACC;PCPG
adrenal,259,259,tpm_clean,ENSG00000224902,GAGE12H,0,0.0,0,0.0,0,259,0.0,0,259,0.0,ACC;PCPG
adrenal,259,0,tpm_clean,ENSG00000224960,PPP4R3C,0,,0,,0,0,,0,0,,ACC;PCPG
adrenal,259,259,tpm_clean,ENSG00000226650,KIF4B,0,0.0,0,0.0,0,259,0.0,0,259,0.0,ACC;PCPG
adrenal,259,259,tpm_clean,ENSG00000227234,SPANXB1,0,0.0,0,0.0,0,259,0.0,0,259,0.0,ACC;PCPG
adrenal,259,259,tpm_clean,ENSG00000228836,CT45A5/6/7,0,0.0,0,0.0,0,259,0.0,0,259,0.0,ACC;PCPG
adrenal,259,259,tpm_clean,ENSG00000228927,TSPY3,0,0.0,0,0.0,0,259,0.0,0,259,0.0,ACC;PCPG
adrenal,259,259,tpm_clean,ENSG00000229549,TSPY8,0,0.0,0,0.0,0,259,0.0,0,259,0.0,ACC;PCPG
adrenal,259,0,tpm_clean,ENSG00000230601,TEX48,0,,0,,0,0,,0,0,,ACC;PCPG
adrenal,259,259,tpm_clean,ENSG00000231924,PSG1,0,0.0,0,0.0,0,259,0.0,0,259,0.0,ACC;PCPG
adrenal,259,259,tpm_clean,ENSG00000233056,ERVH48-1,0,0.0,0,0.0,0,259,0.0,0,259,0.0,ACC;PCPG
adrenal,259,259,tpm_clean,ENSG00000233803,TSPY4,0,0.0,0,0.0,0,259,0.0,0,259,0.0,ACC;PCPG
adrenal,259,259,tpm_clean,ENSG00000234068,PAGE2,1,0.39,1,0.39,1,259,0.39,1,259,0.39,ACC;PCPG
adrenal,259,259,tpm_clean,ENSG00000234414,RBMY1A1,0,0.0,0,0.0,0,259,0.0,0,259,0.0,ACC;PCPG
adrenal,259,259,tpm_clean,ENSG00000235631,RNF148,0,0.0,0,0.0,0,259,0.0,0,259,0.0,ACC;PCPG
adrenal,259,259,tpm_clean,ENSG00000236424,TSPY10,0,0.0,0,0.0,0,259,0.0,0,259,0.0,ACC;PCPG
adrenal,259,259,tpm_clean,ENSG00000236446,CT47B1,0,0.0,0,0.0,0,259,0.0,0,259,0.0,ACC;PCPG
adrenal,259,259,tpm_clean,ENSG00000236761,CTAGE9,0,0.0,0,0.0,0,259,0.0,0,259,0.0,ACC;PCPG
adrenal,259,259,tpm_clean,ENSG00000238269,PAGE2B,2,0.77,1,0.39,1,259,0.39,1,259,0.39,ACC;PCPG
adrenal,259,259,tpm_clean,ENSG00000240021,TEX35,0,0.0,0,0.0,0,259,0.0,0,259,0.0,ACC;PCPG
adrenal,259,0,tpm_clean,ENSG00000241149,ZNF722,0,,0,,0,0,,0,0,,ACC;PCPG
adrenal,259,259,tpm_clean,ENSG00000241476,SSX2/SSX2B,1,0.39,1,0.39,1,259,0.39,0,259,0.0,ACC;PCPG
adrenal,259,259,tpm_clean,ENSG00000242221,PSG2,0,0.0,0,0.0,0,259,0.0,0,259,0.0,ACC;PCPG
adrenal,259,259,tpm_clean,ENSG00000242389,RBMY1E,0,0.0,0,0.0,0,259,0.0,0,259,0.0,ACC;PCPG
adrenal,259,259,tpm_clean,ENSG00000242875,RBMY1B,0,0.0,0,0.0,0,259,0.0,0,259,0.0,ACC;PCPG
adrenal,259,259,tpm_clean,ENSG00000243130,PSG11,0,0.0,0,0.0,0,259,0.0,0,259,0.0,ACC;PCPG
adrenal,259,259,tpm_clean,ENSG00000244395,RBMY1D,0,0.0,0,0.0,0,259,0.0,0,259,0.0,ACC;PCPG
adrenal,259,259,tpm_clean,ENSG00000244588,RAD21L1,0,0.0,0,0.0,0,259,0.0,0,259,0.0,ACC;PCPG
adrenal,259,259,tpm_clean,ENSG00000249861,LGALS16,0,0.0,0,0.0,0,259,0.0,0,259,0.0,ACC;PCPG
adrenal,259,259,tpm_clean,ENSG00000250741,NT5C1B-RDH14,0,0.0,0,0.0,0,259,0.0,0,259,0.0,ACC;PCPG
adrenal,259,259,tpm_clean,ENSG00000251258,RFPL4B,0,0.0,0,0.0,0,259,0.0,0,259,0.0,ACC;PCPG
adrenal,259,259,tpm_clean,ENSG00000258713,C20orf141,0,0.0,0,0.0,0,259,0.0,0,259,0.0,ACC;PCPG
adrenal,259,259,tpm_clean,ENSG00000258992,TSPY1,0,0.0,0,0.0,0,259,0.0,0,259,0.0,ACC;PCPG
adrenal,259,259,tpm_clean,ENSG00000261649,GOLGA6L7,0,0.0,0,0.0,0,259,0.0,0,259,0.0,ACC;PCPG
adrenal,259,259,tpm_clean,ENSG00000261949,GFY,0,0.0,0,0.0,0,259,0.0,0,259,0.0,ACC;PCPG
adrenal,259,259,tpm_clean,ENSG00000268009,SSX4/SSX4B,0,0.0,0,0.0,0,259,0.0,0,259,0.0,ACC;PCPG
adrenal,259,259,tpm_clean,ENSG00000268629,TEX13A,0,0.0,0,0.0,0,259,0.0,0,259,0.0,ACC;PCPG
adrenal,259,259,tpm_clean,ENSG00000268696,ZNF723,0,0.0,0,0.0,0,259,0.0,0,259,0.0,ACC;PCPG
adrenal,259,259,tpm_clean,ENSG00000268964,ERVV-2,0,0.0,0,0.0,0,259,0.0,0,259,0.0,ACC;PCPG
adrenal,259,259,tpm_clean,ENSG00000268988,SPANXN2,0,0.0,0,0.0,0,259,0.0,0,259,0.0,ACC;PCPG
adrenal,259,259,tpm_clean,ENSG00000269058,CALR3,0,0.0,0,0.0,0,259,0.0,0,259,0.0,ACC;PCPG
adrenal,259,259,tpm_clean,ENSG00000269586,CT45A10,0,0.0,0,0.0,0,259,0.0,0,259,0.0,ACC;PCPG
adrenal,259,259,tpm_clean,ENSG00000270806,C17orf50,0,0.0,0,0.0,0,259,0.0,0,259,0.0,ACC;PCPG
adrenal,259,259,tpm_clean,ENSG00000270946,CT45A2/8/9,0,0.0,0,0.0,0,259,0.0,0,259,0.0,ACC;PCPG
adrenal,259,259,tpm_clean,ENSG00000271321,CTAGE6,0,0.0,0,0.0,0,259,0.0,0,259,0.0,ACC;PCPG
adrenal,259,259,tpm_clean,ENSG00000274274,GAGE13,0,0.0,0,0.0,0,259,0.0,0,259,0.0,ACC;PCPG
adrenal,259,259,tpm_clean,ENSG00000274391,TPTE,0,0.0,0,0.0,0,259,0.0,0,259,0.0,ACC;PCPG
adrenal,259,259,tpm_clean,ENSG00000275793,RIMBP3,0,0.0,0,0.0,0,259,0.0,0,259,0.0,ACC;PCPG
adrenal,259,259,tpm_clean,ENSG00000275969,SPATA31A3,0,0.0,0,0.0,0,259,0.0,0,259,0.0,ACC;PCPG
adrenal,259,259,tpm_clean,ENSG00000276040,SPATA31A7,0,0.0,0,0.0,0,259,0.0,0,259,0.0,ACC;PCPG
adrenal,259,259,tpm_clean,ENSG00000276581,SPATA31A5,0,0.0,0,0.0,0,259,0.0,0,259,0.0,ACC;PCPG
adrenal,259,259,tpm_clean,ENSG00000277322,GOLGA6L6,0,0.0,0,0.0,0,259,0.0,0,259,0.0,ACC;PCPG
adrenal,259,0,tpm_clean,ENSG00000282815,TEX13C,0,,0,,0,0,,0,0,,ACC;PCPG
brain_cns,818,818,tpm_clean,ENSG00000006047,YBX2,1,0.12,1,0.12,1,818,0.12,0,818,0.0,ATRT;GBM;LGG;MBL;MBL_G3;MBL_G4;MBL_SHH;MBL_WNT
brain_cns,818,818,tpm_clean,ENSG00000006659,LGALS14,0,0.0,0,0.0,0,818,0.0,0,818,0.0,ATRT;GBM;LGG;MBL;MBL_G3;MBL_G4;MBL_SHH;MBL_WNT
brain_cns,818,818,tpm_clean,ENSG00000007350,TKTL1,10,1.22,3,0.37,4,818,0.49,1,818,0.12,ATRT;GBM;LGG;MBL;MBL_G3;MBL_G4;MBL_SHH;MBL_WNT
brain_cns,818,818,tpm_clean,ENSG00000010318,PHF7,0,0.0,0,0.0,0,818,0.0,0,818,0.0,ATRT;GBM;LGG;MBL;MBL_G3;MBL_G4;MBL_SHH;MBL_WNT
brain_cns,818,818,tpm_clean,ENSG00000042813,ZPBP,0,0.0,0,0.0,0,818,0.0,0,818,0.0,ATRT;GBM;LGG;MBL;MBL_G3;MBL_G4;MBL_SHH;MBL_WNT
brain_cns,818,818,tpm_clean,ENSG00000046774,MAGEC2,2,0.24,0,0.0,1,818,0.12,0,818,0.0,ATRT;GBM;LGG;MBL;MBL_G3;MBL_G4;MBL_SHH;MBL_WNT
brain_cns,818,818,tpm_clean,ENSG00000054796,SPO11,0,0.0,0,0.0,0,818,0.0,0,818,0.0,ATRT;GBM;LGG;MBL;MBL_G3;MBL_G4;MBL_SHH;MBL_WNT
brain_cns,818,818,tpm_clean,ENSG00000068985,PAGE1,0,0.0,0,0.0,0,818,0.0,0,818,0.0,ATRT;GBM;LGG;MBL;MBL_G3;MBL_G4;MBL_SHH;MBL_WNT
brain_cns,818,818,tpm_clean,ENSG00000077800,FKBP6,0,0.0,0,0.0,0,818,0.0,0,818,0.0,ATRT;GBM;LGG;MBL;MBL_G3;MBL_G4;MBL_SHH;MBL_WNT
brain_cns,818,818,tpm_clean,ENSG00000077935,SMC1B,0,0.0,0,0.0,0,818,0.0,0,818,0.0,ATRT;GBM;LGG;MBL;MBL_G3;MBL_G4;MBL_SHH;MBL_WNT
brain_cns,818,818,tpm_clean,ENSG00000092345,DAZL,0,0.0,0,0.0,0,818,0.0,0,818,0.0,ATRT;GBM;LGG;MBL;MBL_G3;MBL_G4;MBL_SHH;MBL_WNT
brain_cns,818,818,tpm_clean,ENSG00000095627,TDRD1,0,0.0,0,0.0,0,818,0.0,0,818,0.0,ATRT;GBM;LGG;MBL;MBL_G3;MBL_G4;MBL_SHH;MBL_WNT
brain_cns,818,818,tpm_clean,ENSG00000099399,MAGEB2,0,0.0,0,0.0,0,818,0.0,0,818,0.0,ATRT;GBM;LGG;MBL;MBL_G3;MBL_G4;MBL_SHH;MBL_WNT
brain_cns,818,818,tpm_clean,ENSG00000102021,LUZP4,0,0.0,0,0.0,0,818,0.0,0,818,0.0,ATRT;GBM;LGG;MBL;MBL_G3;MBL_G4;MBL_SHH;MBL_WNT
brain_cns,818,818,tpm_clean,ENSG00000103023,PRSS54,0,0.0,0,0.0,0,818,0.0,0,818,0.0,ATRT;GBM;LGG;MBL;MBL_G3;MBL_G4;MBL_SHH;MBL_WNT
brain_cns,818,818,tpm_clean,ENSG00000104755,ADAM2,0,0.0,0,0.0,0,818,0.0,0,818,0.0,ATRT;GBM;LGG;MBL;MBL_G3;MBL_G4;MBL_SHH;MBL_WNT
brain_cns,818,818,tpm_clean,ENSG00000104804,TULP2,0,0.0,0,0.0,0,818,0.0,0,818,0.0,ATRT;GBM;LGG;MBL;MBL_G3;MBL_G4;MBL_SHH;MBL_WNT
brain_cns,818,818,tpm_clean,ENSG00000104818,CGB2,0,0.0,0,0.0,0,818,0.0,0,818,0.0,ATRT;GBM;LGG;MBL;MBL_G3;MBL_G4;MBL_SHH;MBL_WNT
brain_cns,818,818,tpm_clean,ENSG00000104901,DKKL1,1,0.12,0,0.0,0,818,0.0,0,818,0.0,ATRT;GBM;LGG;MBL;MBL_G3;MBL_G4;MBL_SHH;MBL_WNT
brain_cns,818,818,tpm_clean,ENSG00000105198,LGALS13,1,0.12,0,0.0,0,818,0.0,0,818,0.0,ATRT;GBM;LGG;MBL;MBL_G3;MBL_G4;MBL_SHH;MBL_WNT
brain_cns,818,818,tpm_clean,ENSG00000106013,ANKRD7,0,0.0,0,0.0,0,818,0.0,0,818,0.0,ATRT;GBM;LGG;MBL;MBL_G3;MBL_G4;MBL_SHH;MBL_WNT
brain_cns,818,818,tpm_clean,ENSG00000106304,SPAM1,0,0.0,0,0.0,0,818,0.0,0,818,0.0,ATRT;GBM;LGG;MBL;MBL_G3;MBL_G4;MBL_SHH;MBL_WNT
brain_cns,818,818,tpm_clean,ENSG00000114487,MORC1,0,0.0,0,0.0,0,818,0.0,0,818,0.0,ATRT;GBM;LGG;MBL;MBL_G3;MBL_G4;MBL_SHH;MBL_WNT
brain_cns,818,818,tpm_clean,ENSG00000117148,ACTL8,0,0.0,0,0.0,0,818,0.0,0,818,0.0,ATRT;GBM;LGG;MBL;MBL_G3;MBL_G4;MBL_SHH;MBL_WNT
brain_cns,818,818,tpm_clean,ENSG00000118434,SPACA1,0,0.0,0,0.0,0,818,0.0,0,818,0.0,ATRT;GBM;LGG;MBL;MBL_G3;MBL_G4;MBL_SHH;MBL_WNT
brain_cns,818,818,tpm_clean,ENSG00000118491,ZC2HC1B,0,0.0,0,0.0,0,818,0.0,0,818,0.0,ATRT;GBM;LGG;MBL;MBL_G3;MBL_G4;MBL_SHH;MBL_WNT
brain_cns,818,818,tpm_clean,ENSG00000121101,TEX14,1,0.12,0,0.0,0,818,0.0,0,818,0.0,ATRT;GBM;LGG;MBL;MBL_G3;MBL_G4;MBL_SHH;MBL_WNT
brain_cns,818,818,tpm_clean,ENSG00000122304,PRM2,0,0.0,0,0.0,0,818,0.0,0,818,0.0,ATRT;GBM;LGG;MBL;MBL_G3;MBL_G4;MBL_SHH;MBL_WNT
brain_cns,818,818,tpm_clean,ENSG00000123576,ESX1,0,0.0,0,0.0,0,818,0.0,0,818,0.0,ATRT;GBM;LGG;MBL;MBL_G3;MBL_G4;MBL_SHH;MBL_WNT
brain_cns,818,818,tpm_clean,ENSG00000123584,MAGEA9/MAGEA9B,6,0.73,2,0.24,3,818,0.37,0,818,0.0,ATRT;GBM;LGG;MBL;MBL_G3;MBL_G4;MBL_SHH;MBL_WNT
brain_cns,818,818,tpm_clean,ENSG00000124092,CTCFL,1,0.12,1,0.12,1,818,0.12,1,818,0.12,ATRT;GBM;LGG;MBL;MBL_G3;MBL_G4;MBL_SHH;MBL_WNT
brain_cns,818,818,tpm_clean,ENSG00000124227,ANKRD60,0,0.0,0,0.0,0,818,0.0,0,818,0.0,ATRT;GBM;LGG;MBL;MBL_G3;MBL_G4;MBL_SHH;MBL_WNT
brain_cns,818,818,tpm_clean,ENSG00000124260,MAGEA10,2,0.24,2,0.24,2,818,0.24,0,818,0.0,ATRT;GBM;LGG;MBL;MBL_G3;MBL_G4;MBL_SHH;MBL_WNT
brain_cns,818,818,tpm_clean,ENSG00000124467,PSG8,0,0.0,0,0.0,0,818,0.0,0,818,0.0,ATRT;GBM;LGG;MBL;MBL_G3;MBL_G4;MBL_SHH;MBL_WNT
brain_cns,818,818,tpm_clean,ENSG00000124490,CRISP2,0,0.0,0,0.0,0,818,0.0,0,818,0.0,ATRT;GBM;LGG;MBL;MBL_G3;MBL_G4;MBL_SHH;MBL_WNT
brain_cns,818,818,tpm_clean,ENSG00000125207,PIWIL1,0,0.0,0,0.0,0,818,0.0,0,818,0.0,ATRT;GBM;LGG;MBL;MBL_G3;MBL_G4;MBL_SHH;MBL_WNT
brain_cns,818,818,tpm_clean,ENSG00000125823,CSTL1,0,0.0,0,0.0,0,818,0.0,0,818,0.0,ATRT;GBM;LGG;MBL;MBL_G3;MBL_G4;MBL_SHH;MBL_WNT
brain_cns,818,818,tpm_clean,ENSG00000126467,TSKS,0,0.0,0,0.0,0,818,0.0,0,818,0.0,ATRT;GBM;LGG;MBL;MBL_G3;MBL_G4;MBL_SHH;MBL_WNT
brain_cns,818,818,tpm_clean,ENSG00000126752,SSX1,1,0.12,0,0.0,0,818,0.0,0,818,0.0,ATRT;GBM;LGG;MBL;MBL_G3;MBL_G4;MBL_SHH;MBL_WNT
brain_cns,818,818,tpm_clean,ENSG00000126856,PRDM7,0,0.0,0,0.0,0,818,0.0,0,818,0.0,ATRT;GBM;LGG;MBL;MBL_G3;MBL_G4;MBL_SHH;MBL_WNT
brain_cns,818,818,tpm_clean,ENSG00000129862,VCY/VCY1B,0,0.0,0,0.0,0,818,0.0,0,818,0.0,ATRT;GBM;LGG;MBL;MBL_G3;MBL_G4;MBL_SHH;MBL_WNT
brain_cns,818,818,tpm_clean,ENSG00000130950,NUTM2F,0,0.0,0,0.0,0,818,0.0,0,818,0.0,ATRT;GBM;LGG;MBL;MBL_G3;MBL_G4;MBL_SHH;MBL_WNT
brain_cns,818,818,tpm_clean,ENSG00000131126,TEX101,0,0.0,0,0.0,0,818,0.0,0,818,0.0,ATRT;GBM;LGG;MBL;MBL_G3;MBL_G4;MBL_SHH;MBL_WNT
brain_cns,818,818,tpm_clean,ENSG00000132446,FTHL17,0,0.0,0,0.0,0,818,0.0,0,818,0.0,ATRT;GBM;LGG;MBL;MBL_G3;MBL_G4;MBL_SHH;MBL_WNT
brain_cns,818,818,tpm_clean,ENSG00000135248,GARIN1B,0,0.0,0,0.0,0,818,0.0,0,818,0.0,ATRT;GBM;LGG;MBL;MBL_G3;MBL_G4;MBL_SHH;MBL_WNT
brain_cns,818,818,tpm_clean,ENSG00000137090,DMRT1,0,0.0,0,0.0,0,818,0.0,0,818,0.0,ATRT;GBM;LGG;MBL;MBL_G3;MBL_G4;MBL_SHH;MBL_WNT
brain_cns,818,818,tpm_clean,ENSG00000137948,BRDT,0,0.0,0,0.0,0,818,0.0,0,818,0.0,ATRT;GBM;LGG;MBL;MBL_G3;MBL_G4;MBL_SHH;MBL_WNT
brain_cns,818,818,tpm_clean,ENSG00000139351,SYCP3,0,0.0,0,0.0,0,818,0.0,0,818,0.0,ATRT;GBM;LGG;MBL;MBL_G3;MBL_G4;MBL_SHH;MBL_WNT
brain_cns,818,818,tpm_clean,ENSG00000140478,GOLGA6D,0,0.0,0,0.0,0,818,0.0,0,818,0.0,ATRT;GBM;LGG;MBL;MBL_G3;MBL_G4;MBL_SHH;MBL_WNT
brain_cns,818,818,tpm_clean,ENSG00000141096,DPEP3,1,0.12,1,0.12,1,818,0.12,1,818,0.12,ATRT;GBM;LGG;MBL;MBL_G3;MBL_G4;MBL_SHH;MBL_WNT
brain_cns,818,818,tpm_clean,ENSG00000141255,SPATA22,1,0.12,0,0.0,0,818,0.0,0,818,0.0,ATRT;GBM;LGG;MBL;MBL_G3;MBL_G4;MBL_SHH;MBL_WNT
brain_cns,818,818,tpm_clean,ENSG00000141316,SPACA3,0,0.0,0,0.0,0,818,0.0,0,818,0.0,ATRT;GBM;LGG;MBL;MBL_G3;MBL_G4;MBL_SHH;MBL_WNT
brain_cns,818,818,tpm_clean,ENSG00000141371,CHCT1,0,0.0,0,0.0,0,818,0.0,0,818,0.0,ATRT;GBM;LGG;MBL;MBL_G3;MBL_G4;MBL_SHH;MBL_WNT
brain_cns,818,818,tpm_clean,ENSG00000141437,SLC25A52,0,0.0,0,0.0,0,818,0.0,0,818,0.0,ATRT;GBM;LGG;MBL;MBL_G3;MBL_G4;MBL_SHH;MBL_WNT
brain_cns,818,818,tpm_clean,ENSG00000142025,DMRTC2,0,0.0,0,0.0,0,818,0.0,0,818,0.0,ATRT;GBM;LGG;MBL;MBL_G3;MBL_G4;MBL_SHH;MBL_WNT
brain_cns,818,818,tpm_clean,ENSG00000142698,C1orf94,0,0.0,0,0.0,0,818,0.0,0,818,0.0,ATRT;GBM;LGG;MBL;MBL_G3;MBL_G4;MBL_SHH;MBL_WNT
brain_cns,818,818,tpm_clean,ENSG00000143006,DMRTB1,0,0.0,0,0.0,0,818,0.0,0,818,0.0,ATRT;GBM;LGG;MBL;MBL_G3;MBL_G4;MBL_SHH;MBL_WNT
brain_cns,818,818,tpm_clean,ENSG00000143452,HORMAD1,0,0.0,0,0.0,0,818,0.0,0,818,0.0,ATRT;GBM;LGG;MBL;MBL_G3;MBL_G4;MBL_SHH;MBL_WNT
brain_cns,818,818,tpm_clean,ENSG00000144962,SPATA16,0,0.0,0,0.0,0,818,0.0,0,818,0.0,ATRT;GBM;LGG;MBL;MBL_G3;MBL_G4;MBL_SHH;MBL_WNT
brain_cns,818,818,tpm_clean,ENSG00000145309,CABS1,0,0.0,0,0.0,0,818,0.0,0,818,0.0,ATRT;GBM;LGG;MBL;MBL_G3;MBL_G4;MBL_SHH;MBL_WNT
brain_cns,818,818,tpm_clean,ENSG00000147081,AKAP4,0,0.0,0,0.0,0,818,0.0,0,818,0.0,ATRT;GBM;LGG;MBL;MBL_G3;MBL_G4;MBL_SHH;MBL_WNT
brain_cns,818,818,tpm_clean,ENSG00000147183,CPXCR1,0,0.0,0,0.0,0,818,0.0,0,818,0.0,ATRT;GBM;LGG;MBL;MBL_G3;MBL_G4;MBL_SHH;MBL_WNT
brain_cns,818,818,tpm_clean,ENSG00000147378,FATE1,0,0.0,0,0.0,0,818,0.0,0,818,0.0,ATRT;GBM;LGG;MBL;MBL_G3;MBL_G4;MBL_SHH;MBL_WNT
brain_cns,818,818,tpm_clean,ENSG00000147381,MAGEA4,1,0.12,1,0.12,1,818,0.12,1,818,0.12,ATRT;GBM;LGG;MBL;MBL_G3;MBL_G4;MBL_SHH;MBL_WNT
brain_cns,818,818,tpm_clean,ENSG00000148156,ACTL7B,0,0.0,0,0.0,0,818,0.0,0,818,0.0,ATRT;GBM;LGG;MBL;MBL_G3;MBL_G4;MBL_SHH;MBL_WNT
brain_cns,818,818,tpm_clean,ENSG00000150628,SPATA4,0,0.0,0,0.0,0,818,0.0,0,818,0.0,ATRT;GBM;LGG;MBL;MBL_G3;MBL_G4;MBL_SHH;MBL_WNT
brain_cns,818,818,tpm_clean,ENSG00000151962,RBM46,0,0.0,0,0.0,0,818,0.0,0,818,0.0,ATRT;GBM;LGG;MBL;MBL_G3;MBL_G4;MBL_SHH;MBL_WNT
brain_cns,818,818,tpm_clean,ENSG00000152430,BOLL,0,0.0,0,0.0,0,818,0.0,0,818,0.0,ATRT;GBM;LGG;MBL;MBL_G3;MBL_G4;MBL_SHH;MBL_WNT
brain_cns,818,818,tpm_clean,ENSG00000152670,DDX4,0,0.0,0,0.0,0,818,0.0,0,818,0.0,ATRT;GBM;LGG;MBL;MBL_G3;MBL_G4;MBL_SHH;MBL_WNT
brain_cns,818,818,tpm_clean,ENSG00000153060,TEKT5,0,0.0,0,0.0,0,818,0.0,0,818,0.0,ATRT;GBM;LGG;MBL;MBL_G3;MBL_G4;MBL_SHH;MBL_WNT
brain_cns,818,818,tpm_clean,ENSG00000153779,TGIF2LX,2,0.24,0,0.0,0,818,0.0,0,818,0.0,ATRT;GBM;LGG;MBL;MBL_G3;MBL_G4;MBL_SHH;MBL_WNT
brain_cns,818,818,tpm_clean,ENSG00000155087,ODF1,0,0.0,0,0.0,0,818,0.0,0,818,0.0,ATRT;GBM;LGG;MBL;MBL_G3;MBL_G4;MBL_SHH;MBL_WNT
brain_cns,818,818,tpm_clean,ENSG00000155495,MAGEC1,0,0.0,0,0.0,0,818,0.0,0,818,0.0,ATRT;GBM;LGG;MBL;MBL_G3;MBL_G4;MBL_SHH;MBL_WNT
brain_cns,818,818,tpm_clean,ENSG00000155622,XAGE2,0,0.0,0,0.0,0,818,0.0,0,818,0.0,ATRT;GBM;LGG;MBL;MBL_G3;MBL_G4;MBL_SHH;MBL_WNT
brain_cns,818,818,tpm_clean,ENSG00000156009,MAGEA8,0,0.0,0,0.0,0,818,0.0,0,818,0.0,ATRT;GBM;LGG;MBL;MBL_G3;MBL_G4;MBL_SHH;MBL_WNT
brain_cns,818,818,tpm_clean,ENSG00000156269,NAA11,0,0.0,0,0.0,0,818,0.0,0,818,0.0,ATRT;GBM;LGG;MBL;MBL_G3;MBL_G4;MBL_SHH;MBL_WNT
brain_cns,818,818,tpm_clean,ENSG00000158639,PAGE5,0,0.0,0,0.0,0,818,0.0,0,818,0.0,ATRT;GBM;LGG;MBL;MBL_G3;MBL_G4;MBL_SHH;MBL_WNT
brain_cns,818,818,tpm_clean,ENSG00000159289,GOLGA6A,0,0.0,0,0.0,0,818,0.0,0,818,0.0,ATRT;GBM;LGG;MBL;MBL_G3;MBL_G4;MBL_SHH;MBL_WNT
brain_cns,818,818,tpm_clean,ENSG00000159708,LRRC36,0,0.0,0,0.0,0,818,0.0,0,818,0.0,ATRT;GBM;LGG;MBL;MBL_G3;MBL_G4;MBL_SHH;MBL_WNT
brain_cns,818,818,tpm_clean,ENSG00000161860,SYCE2,4,0.49,0,0.0,0,818,0.0,0,818,0.0,ATRT;GBM;LGG;MBL;MBL_G3;MBL_G4;MBL_SHH;MBL_WNT
brain_cns,818,818,tpm_clean,ENSG00000161973,CCDC42,0,0.0,0,0.0,0,818,0.0,0,818,0.0,ATRT;GBM;LGG;MBL;MBL_G3;MBL_G4;MBL_SHH;MBL_WNT
brain_cns,818,818,tpm_clean,ENSG00000162039,MEIOB,1,0.12,0,0.0,0,818,0.0,0,818,0.0,ATRT;GBM;LGG;MBL;MBL_G3;MBL_G4;MBL_SHH;MBL_WNT
brain_cns,818,818,tpm_clean,ENSG00000162641,AKNAD1,0,0.0,0,0.0,0,818,0.0,0,818,0.0,ATRT;GBM;LGG;MBL;MBL_G3;MBL_G4;MBL_SHH;MBL_WNT
brain_cns,818,818,tpm_clean,ENSG00000162771,GARIN4,0,0.0,0,0.0,0,818,0.0,0,818,0.0,ATRT;GBM;LGG;MBL;MBL_G3;MBL_G4;MBL_SHH;MBL_WNT
brain_cns,818,818,tpm_clean,ENSG00000162843,WDR64,0,0.0,0,0.0,0,818,0.0,0,818,0.0,ATRT;GBM;LGG;MBL;MBL_G3;MBL_G4;MBL_SHH;MBL_WNT
brain_cns,818,818,tpm_clean,ENSG00000163114,PDHA2,0,0.0,0,0.0,0,818,0.0,0,818,0.0,ATRT;GBM;LGG;MBL;MBL_G3;MBL_G4;MBL_SHH;MBL_WNT
brain_cns,818,818,tpm_clean,ENSG00000163530,DPPA2,0,0.0,0,0.0,0,818,0.0,0,818,0.0,ATRT;GBM;LGG;MBL;MBL_G3;MBL_G4;MBL_SHH;MBL_WNT
brain_cns,818,818,tpm_clean,ENSG00000164113,ADAD1,0,0.0,0,0.0,0,818,0.0,0,818,0.0,ATRT;GBM;LGG;MBL;MBL_G3;MBL_G4;MBL_SHH;MBL_WNT
brain_cns,818,818,tpm_clean,ENSG00000164304,CAGE1,0,0.0,0,0.0,0,818,0.0,0,818,0.0,ATRT;GBM;LGG;MBL;MBL_G3;MBL_G4;MBL_SHH;MBL_WNT
brain_cns,818,818,tpm_clean,ENSG00000165583,SSX5,0,0.0,0,0.0,0,818,0.0,0,818,0.0,ATRT;GBM;LGG;MBL;MBL_G3;MBL_G4;MBL_SHH;MBL_WNT
brain_cns,818,818,tpm_clean,ENSG00000165584,SSX3,0,0.0,0,0.0,0,818,0.0,0,818,0.0,ATRT;GBM;LGG;MBL;MBL_G3;MBL_G4;MBL_SHH;MBL_WNT
brain_cns,818,818,tpm_clean,ENSG00000166049,PASD1,0,0.0,0,0.0,0,818,0.0,0,818,0.0,ATRT;GBM;LGG;MBL;MBL_G3;MBL_G4;MBL_SHH;MBL_WNT
brain_cns,818,818,tpm_clean,ENSG00000166069,TMCO5A,0,0.0,0,0.0,0,818,0.0,0,818,0.0,ATRT;GBM;LGG;MBL;MBL_G3;MBL_G4;MBL_SHH;MBL_WNT
brain_cns,818,818,tpm_clean,ENSG00000166118,SPATA19,0,0.0,0,0.0,0,818,0.0,0,818,0.0,ATRT;GBM;LGG;MBL;MBL_G3;MBL_G4;MBL_SHH;MBL_WNT
brain_cns,818,818,tpm_clean,ENSG00000166796,LDHC,0,0.0,0,0.0,0,818,0.0,0,818,0.0,ATRT;GBM;LGG;MBL;MBL_G3;MBL_G4;MBL_SHH;MBL_WNT
brain_cns,818,818,tpm_clean,ENSG00000167098,SUN5,0,0.0,0,0.0,0,818,0.0,0,818,0.0,ATRT;GBM;LGG;MBL;MBL_G3;MBL_G4;MBL_SHH;MBL_WNT
brain_cns,818,818,tpm_clean,ENSG00000168594,ADAM29,0,0.0,0,0.0,0,818,0.0,0,818,0.0,ATRT;GBM;LGG;MBL;MBL_G3;MBL_G4;MBL_SHH;MBL_WNT
brain_cns,818,818,tpm_clean,ENSG00000168757,TSPY2,0,0.0,0,0.0,0,818,0.0,0,818,0.0,ATRT;GBM;LGG;MBL;MBL_G3;MBL_G4;MBL_SHH;MBL_WNT
brain_cns,818,818,tpm_clean,ENSG00000169059,VCX3A,1,0.12,0,0.0,0,818,0.0,0,818,0.0,ATRT;GBM;LGG;MBL;MBL_G3;MBL_G4;MBL_SHH;MBL_WNT
brain_cns,818,818,tpm_clean,ENSG00000169551,CT55,0,0.0,0,0.0,0,818,0.0,0,818,0.0,ATRT;GBM;LGG;MBL;MBL_G3;MBL_G4;MBL_SHH;MBL_WNT
brain_cns,818,818,tpm_clean,ENSG00000169800,RBMY1F,0,0.0,0,0.0,0,818,0.0,0,818,0.0,ATRT;GBM;LGG;MBL;MBL_G3;MBL_G4;MBL_SHH;MBL_WNT
brain_cns,818,818,tpm_clean,ENSG00000170516,COX7B2,0,0.0,0,0.0,0,818,0.0,0,818,0.0,ATRT;GBM;LGG;MBL;MBL_G3;MBL_G4;MBL_SHH;MBL_WNT
brain_cns,818,818,tpm_clean,ENSG00000170748,RBMXL2,0,0.0,0,0.0,0,818,0.0,0,818,0.0,ATRT;GBM;LGG;MBL;MBL_G3;MBL_G4;MBL_SHH;MBL_WNT
brain_cns,818,818,tpm_clean,ENSG00000170848,PSG6,0,0.0,0,0.0,0,818,0.0,0,818,0.0,ATRT;GBM;LGG;MBL;MBL_G3;MBL_G4;MBL_SHH;MBL_WNT
brain_cns,818,818,tpm_clean,ENSG00000170950,PGK2,0,0.0,0,0.0,0,818,0.0,0,818,0.0,ATRT;GBM;LGG;MBL;MBL_G3;MBL_G4;MBL_SHH;MBL_WNT
brain_cns,818,818,tpm_clean,ENSG00000170965,PLAC1,0,0.0,0,0.0,0,818,0.0,0,818,0.0,ATRT;GBM;LGG;MBL;MBL_G3;MBL_G4;MBL_SHH;MBL_WNT
brain_cns,818,818,tpm_clean,ENSG00000171402,XAGE3,0,0.0,0,0.0,0,818,0.0,0,818,0.0,ATRT;GBM;LGG;MBL;MBL_G3;MBL_G4;MBL_SHH;MBL_WNT
brain_cns,818,818,tpm_clean,ENSG00000171405,XAGE5,0,0.0,0,0.0,0,818,0.0,0,818,0.0,ATRT;GBM;LGG;MBL;MBL_G3;MBL_G4;MBL_SHH;MBL_WNT
brain_cns,818,818,tpm_clean,ENSG00000171794,UTF1,0,0.0,0,0.0,0,818,0.0,0,818,0.0,ATRT;GBM;LGG;MBL;MBL_G3;MBL_G4;MBL_SHH;MBL_WNT
brain_cns,818,818,tpm_clean,ENSG00000172073,TEX37,0,0.0,0,0.0,0,818,0.0,0,818,0.0,ATRT;GBM;LGG;MBL;MBL_G3;MBL_G4;MBL_SHH;MBL_WNT
brain_cns,818,818,tpm_clean,ENSG00000172717,GARIN2,0,0.0,0,0.0,0,818,0.0,0,818,0.0,ATRT;GBM;LGG;MBL;MBL_G3;MBL_G4;MBL_SHH;MBL_WNT
brain_cns,818,818,tpm_clean,ENSG00000174015,CBY2,0,0.0,0,0.0,0,818,0.0,0,818,0.0,ATRT;GBM;LGG;MBL;MBL_G3;MBL_G4;MBL_SHH;MBL_WNT
brain_cns,818,818,tpm_clean,ENSG00000174016,TENT5D,0,0.0,0,0.0,0,818,0.0,0,818,0.0,ATRT;GBM;LGG;MBL;MBL_G3;MBL_G4;MBL_SHH;MBL_WNT
brain_cns,818,818,tpm_clean,ENSG00000174898,CATSPERD,0,0.0,0,0.0,0,818,0.0,0,818,0.0,ATRT;GBM;LGG;MBL;MBL_G3;MBL_G4;MBL_SHH;MBL_WNT
brain_cns,818,818,tpm_clean,ENSG00000175646,PRM1,0,0.0,0,0.0,0,818,0.0,0,818,0.0,ATRT;GBM;LGG;MBL;MBL_G3;MBL_G4;MBL_SHH;MBL_WNT
brain_cns,818,818,tpm_clean,ENSG00000175809,CBLL2,0,0.0,0,0.0,0,818,0.0,0,818,0.0,ATRT;GBM;LGG;MBL;MBL_G3;MBL_G4;MBL_SHH;MBL_WNT
brain_cns,818,818,tpm_clean,ENSG00000175820,CCDC168,0,0.0,0,0.0,0,818,0.0,0,818,0.0,ATRT;GBM;LGG;MBL;MBL_G3;MBL_G4;MBL_SHH;MBL_WNT
brain_cns,818,818,tpm_clean,ENSG00000175877,TMEM270,0,0.0,0,0.0,0,818,0.0,0,818,0.0,ATRT;GBM;LGG;MBL;MBL_G3;MBL_G4;MBL_SHH;MBL_WNT
brain_cns,818,818,tpm_clean,ENSG00000176256,HMGB4,0,0.0,0,0.0,0,818,0.0,0,818,0.0,ATRT;GBM;LGG;MBL;MBL_G3;MBL_G4;MBL_SHH;MBL_WNT
brain_cns,818,818,tpm_clean,ENSG00000176566,DCAF4L2,0,0.0,0,0.0,0,818,0.0,0,818,0.0,ATRT;GBM;LGG;MBL;MBL_G3;MBL_G4;MBL_SHH;MBL_WNT
brain_cns,818,818,tpm_clean,ENSG00000176635,HORMAD2,0,0.0,0,0.0,0,818,0.0,0,818,0.0,ATRT;GBM;LGG;MBL;MBL_G3;MBL_G4;MBL_SHH;MBL_WNT
brain_cns,818,818,tpm_clean,ENSG00000176746,MAGEB6,0,0.0,0,0.0,0,818,0.0,0,818,0.0,ATRT;GBM;LGG;MBL;MBL_G3;MBL_G4;MBL_SHH;MBL_WNT
brain_cns,818,818,tpm_clean,ENSG00000176774,MAGEB18,0,0.0,0,0.0,0,818,0.0,0,818,0.0,ATRT;GBM;LGG;MBL;MBL_G3;MBL_G4;MBL_SHH;MBL_WNT
brain_cns,818,818,tpm_clean,ENSG00000176988,FMR1NB,0,0.0,0,0.0,0,818,0.0,0,818,0.0,ATRT;GBM;LGG;MBL;MBL_G3;MBL_G4;MBL_SHH;MBL_WNT
brain_cns,818,818,tpm_clean,ENSG00000177294,FBXO39,0,0.0,0,0.0,0,818,0.0,0,818,0.0,ATRT;GBM;LGG;MBL;MBL_G3;MBL_G4;MBL_SHH;MBL_WNT
brain_cns,818,818,tpm_clean,ENSG00000177673,TEX44,0,0.0,0,0.0,0,818,0.0,0,818,0.0,ATRT;GBM;LGG;MBL;MBL_G3;MBL_G4;MBL_SHH;MBL_WNT
brain_cns,818,818,tpm_clean,ENSG00000177689,MAGEB10,0,0.0,0,0.0,0,818,0.0,0,818,0.0,ATRT;GBM;LGG;MBL;MBL_G3;MBL_G4;MBL_SHH;MBL_WNT
brain_cns,818,818,tpm_clean,ENSG00000177947,ODF3,0,0.0,0,0.0,0,818,0.0,0,818,0.0,ATRT;GBM;LGG;MBL;MBL_G3;MBL_G4;MBL_SHH;MBL_WNT
brain_cns,818,818,tpm_clean,ENSG00000177992,SPATA31E1,0,0.0,0,0.0,0,818,0.0,0,818,0.0,ATRT;GBM;LGG;MBL;MBL_G3;MBL_G4;MBL_SHH;MBL_WNT
brain_cns,818,818,tpm_clean,ENSG00000178021,TSPYL6,0,0.0,0,0.0,0,818,0.0,0,818,0.0,ATRT;GBM;LGG;MBL;MBL_G3;MBL_G4;MBL_SHH;MBL_WNT
brain_cns,818,818,tpm_clean,ENSG00000178257,PRM3,0,0.0,0,0.0,0,818,0.0,0,818,0.0,ATRT;GBM;LGG;MBL;MBL_G3;MBL_G4;MBL_SHH;MBL_WNT
brain_cns,818,818,tpm_clean,ENSG00000178279,TNP2,0,0.0,0,0.0,0,818,0.0,0,818,0.0,ATRT;GBM;LGG;MBL;MBL_G3;MBL_G4;MBL_SHH;MBL_WNT
brain_cns,818,818,tpm_clean,ENSG00000178997,EXD1,0,0.0,0,0.0,0,818,0.0,0,818,0.0,ATRT;GBM;LGG;MBL;MBL_G3;MBL_G4;MBL_SHH;MBL_WNT
brain_cns,818,818,tpm_clean,ENSG00000179046,TRIML2,0,0.0,0,0.0,0,818,0.0,0,818,0.0,ATRT;GBM;LGG;MBL;MBL_G3;MBL_G4;MBL_SHH;MBL_WNT
brain_cns,818,818,tpm_clean,ENSG00000179059,ZFP42,2,0.24,0,0.0,0,818,0.0,0,818,0.0,ATRT;GBM;LGG;MBL;MBL_G3;MBL_G4;MBL_SHH;MBL_WNT
brain_cns,818,818,tpm_clean,ENSG00000179088,C12orf42,0,0.0,0,0.0,0,818,0.0,0,818,0.0,ATRT;GBM;LGG;MBL;MBL_G3;MBL_G4;MBL_SHH;MBL_WNT
brain_cns,818,818,tpm_clean,ENSG00000179407,DNAJB8,0,0.0,0,0.0,0,818,0.0,0,818,0.0,ATRT;GBM;LGG;MBL;MBL_G3;MBL_G4;MBL_SHH;MBL_WNT
brain_cns,818,818,tpm_clean,ENSG00000180138,CSNK1A1L,0,0.0,0,0.0,0,818,0.0,0,818,0.0,ATRT;GBM;LGG;MBL;MBL_G3;MBL_G4;MBL_SHH;MBL_WNT
brain_cns,818,818,tpm_clean,ENSG00000180336,MEIOC,0,0.0,0,0.0,0,818,0.0,0,818,0.0,ATRT;GBM;LGG;MBL;MBL_G3;MBL_G4;MBL_SHH;MBL_WNT
brain_cns,818,818,tpm_clean,ENSG00000181323,SPEM1,0,0.0,0,0.0,0,818,0.0,0,818,0.0,ATRT;GBM;LGG;MBL;MBL_G3;MBL_G4;MBL_SHH;MBL_WNT
brain_cns,818,818,tpm_clean,ENSG00000181433,SAGE1,0,0.0,0,0.0,0,818,0.0,0,818,0.0,ATRT;GBM;LGG;MBL;MBL_G3;MBL_G4;MBL_SHH;MBL_WNT
brain_cns,818,818,tpm_clean,ENSG00000182308,DCAF4L1,0,0.0,0,0.0,0,818,0.0,0,818,0.0,ATRT;GBM;LGG;MBL;MBL_G3;MBL_G4;MBL_SHH;MBL_WNT
brain_cns,818,818,tpm_clean,ENSG00000182459,TEX19,0,0.0,0,0.0,0,818,0.0,0,818,0.0,ATRT;GBM;LGG;MBL;MBL_G3;MBL_G4;MBL_SHH;MBL_WNT
brain_cns,818,818,tpm_clean,ENSG00000182583,VCX,1,0.12,0,0.0,0,818,0.0,0,818,0.0,ATRT;GBM;LGG;MBL;MBL_G3;MBL_G4;MBL_SHH;MBL_WNT
brain_cns,818,818,tpm_clean,ENSG00000183206,POTEC,0,0.0,0,0.0,0,818,0.0,0,818,0.0,ATRT;GBM;LGG;MBL;MBL_G3;MBL_G4;MBL_SHH;MBL_WNT
brain_cns,818,818,tpm_clean,ENSG00000183305,MAGEA2/MAGEA2B,14,1.71,9,1.1,10,818,1.22,3,818,0.37,ATRT;GBM;LGG;MBL;MBL_G3;MBL_G4;MBL_SHH;MBL_WNT
brain_cns,818,818,tpm_clean,ENSG00000183434,TFDP3,0,0.0,0,0.0,0,818,0.0,0,818,0.0,ATRT;GBM;LGG;MBL;MBL_G3;MBL_G4;MBL_SHH;MBL_WNT
brain_cns,818,818,tpm_clean,ENSG00000183668,PSG9,0,0.0,0,0.0,0,818,0.0,0,818,0.0,ATRT;GBM;LGG;MBL;MBL_G3;MBL_G4;MBL_SHH;MBL_WNT
brain_cns,818,818,tpm_clean,ENSG00000184033,CTAG1A/B,4,0.49,4,0.49,4,818,0.49,3,818,0.37,ATRT;GBM;LGG;MBL;MBL_G3;MBL_G4;MBL_SHH;MBL_WNT
brain_cns,818,818,tpm_clean,ENSG00000184361,SPATA32,0,0.0,0,0.0,0,818,0.0,0,818,0.0,ATRT;GBM;LGG;MBL;MBL_G3;MBL_G4;MBL_SHH;MBL_WNT
brain_cns,818,818,tpm_clean,ENSG00000184507,NUTM1,0,0.0,0,0.0,0,818,0.0,0,818,0.0,ATRT;GBM;LGG;MBL;MBL_G3;MBL_G4;MBL_SHH;MBL_WNT
brain_cns,818,818,tpm_clean,ENSG00000184650,ODF4,0,0.0,0,0.0,0,818,0.0,0,818,0.0,ATRT;GBM;LGG;MBL;MBL_G3;MBL_G4;MBL_SHH;MBL_WNT
brain_cns,818,818,tpm_clean,ENSG00000184735,DDX53,0,0.0,0,0.0,0,818,0.0,0,818,0.0,ATRT;GBM;LGG;MBL;MBL_G3;MBL_G4;MBL_SHH;MBL_WNT
brain_cns,818,818,tpm_clean,ENSG00000185264,TEX33,0,0.0,0,0.0,0,818,0.0,0,818,0.0,ATRT;GBM;LGG;MBL;MBL_G3;MBL_G4;MBL_SHH;MBL_WNT
brain_cns,818,818,tpm_clean,ENSG00000185686,PRAME,69,8.44,54,6.6,57,818,6.97,39,818,4.77,ATRT;GBM;LGG;MBL;MBL_G3;MBL_G4;MBL_SHH;MBL_WNT
brain_cns,818,818,tpm_clean,ENSG00000185775,SPATA31A6,0,0.0,0,0.0,0,818,0.0,0,818,0.0,ATRT;GBM;LGG;MBL;MBL_G3;MBL_G4;MBL_SHH;MBL_WNT
brain_cns,818,818,tpm_clean,ENSG00000185792,NLRP9,0,0.0,0,0.0,0,818,0.0,0,818,0.0,ATRT;GBM;LGG;MBL;MBL_G3;MBL_G4;MBL_SHH;MBL_WNT
brain_cns,818,818,tpm_clean,ENSG00000185863,TMEM210,0,0.0,0,0.0,0,818,0.0,0,818,0.0,ATRT;GBM;LGG;MBL;MBL_G3;MBL_G4;MBL_SHH;MBL_WNT
brain_cns,818,818,tpm_clean,ENSG00000186075,ZPBP2,0,0.0,0,0.0,0,818,0.0,0,818,0.0,ATRT;GBM;LGG;MBL;MBL_G3;MBL_G4;MBL_SHH;MBL_WNT
brain_cns,818,818,tpm_clean,ENSG00000186118,TEX38,0,0.0,0,0.0,0,818,0.0,0,818,0.0,ATRT;GBM;LGG;MBL;MBL_G3;MBL_G4;MBL_SHH;MBL_WNT
brain_cns,818,818,tpm_clean,ENSG00000186451,SPATA12,0,0.0,0,0.0,0,818,0.0,0,818,0.0,ATRT;GBM;LGG;MBL;MBL_G3;MBL_G4;MBL_SHH;MBL_WNT
brain_cns,818,818,tpm_clean,ENSG00000186788,SPATA31D3,0,0.0,0,0.0,0,818,0.0,0,818,0.0,ATRT;GBM;LGG;MBL;MBL_G3;MBL_G4;MBL_SHH;MBL_WNT
brain_cns,818,818,tpm_clean,ENSG00000187003,ACTL7A,0,0.0,0,0.0,0,818,0.0,0,818,0.0,ATRT;GBM;LGG;MBL;MBL_G3;MBL_G4;MBL_SHH;MBL_WNT
brain_cns,818,818,tpm_clean,ENSG00000187191,DAZ3,1,0.12,1,0.12,1,818,0.12,0,818,0.0,ATRT;GBM;LGG;MBL;MBL_G3;MBL_G4;MBL_SHH;MBL_WNT
brain_cns,818,818,tpm_clean,ENSG00000187754,SSX7,0,0.0,0,0.0,0,818,0.0,0,818,0.0,ATRT;GBM;LGG;MBL;MBL_G3;MBL_G4;MBL_SHH;MBL_WNT
brain_cns,818,818,tpm_clean,ENSG00000187772,LIN28B,2,0.24,0,0.0,0,818,0.0,0,818,0.0,ATRT;GBM;LGG;MBL;MBL_G3;MBL_G4;MBL_SHH;MBL_WNT
brain_cns,818,818,tpm_clean,ENSG00000188120,DAZ1,8,0.98,4,0.49,6,818,0.73,3,818,0.37,ATRT;GBM;LGG;MBL;MBL_G3;MBL_G4;MBL_SHH;MBL_WNT
brain_cns,818,818,tpm_clean,ENSG00000188425,NANOS2,0,0.0,0,0.0,0,818,0.0,0,818,0.0,ATRT;GBM;LGG;MBL;MBL_G3;MBL_G4;MBL_SHH;MBL_WNT
brain_cns,818,818,tpm_clean,ENSG00000188782,CATSPER4,0,0.0,0,0.0,0,818,0.0,0,818,0.0,ATRT;GBM;LGG;MBL;MBL_G3;MBL_G4;MBL_SHH;MBL_WNT
brain_cns,818,818,tpm_clean,ENSG00000189023,MAGEB16,0,0.0,0,0.0,0,818,0.0,0,818,0.0,ATRT;GBM;LGG;MBL;MBL_G3;MBL_G4;MBL_SHH;MBL_WNT
brain_cns,818,818,tpm_clean,ENSG00000189052,CGB5/8,0,0.0,0,0.0,0,818,0.0,0,818,0.0,ATRT;GBM;LGG;MBL;MBL_G3;MBL_G4;MBL_SHH;MBL_WNT
brain_cns,818,818,tpm_clean,ENSG00000189064,GAGE2A,1,0.12,0,0.0,0,818,0.0,0,818,0.0,ATRT;GBM;LGG;MBL;MBL_G3;MBL_G4;MBL_SHH;MBL_WNT
brain_cns,818,818,tpm_clean,ENSG00000189186,DCAF8L2,0,0.0,0,0.0,0,818,0.0,0,818,0.0,ATRT;GBM;LGG;MBL;MBL_G3;MBL_G4;MBL_SHH;MBL_WNT
brain_cns,818,818,tpm_clean,ENSG00000189252,SPANXN3,0,0.0,0,0.0,0,818,0.0,0,818,0.0,ATRT;GBM;LGG;MBL;MBL_G3;MBL_G4;MBL_SHH;MBL_WNT
brain_cns,818,818,tpm_clean,ENSG00000189326,SPANXN4,0,0.0,0,0.0,0,818,0.0,0,818,0.0,ATRT;GBM;LGG;MBL;MBL_G3;MBL_G4;MBL_SHH;MBL_WNT
brain_cns,818,818,tpm_clean,ENSG00000189357,SPATA31D4,0,0.0,0,0.0,0,818,0.0,0,818,0.0,ATRT;GBM;LGG;MBL;MBL_G3;MBL_G4;MBL_SHH;MBL_WNT
brain_cns,818,818,tpm_clean,ENSG00000196350,ZNF729,0,0.0,0,0.0,0,818,0.0,0,818,0.0,ATRT;GBM;LGG;MBL;MBL_G3;MBL_G4;MBL_SHH;MBL_WNT
brain_cns,818,818,tpm_clean,ENSG00000196406,SPANXD,0,0.0,0,0.0,0,818,0.0,0,818,0.0,ATRT;GBM;LGG;MBL;MBL_G3;MBL_G4;MBL_SHH;MBL_WNT
brain_cns,818,818,tpm_clean,ENSG00000196553,CCDC196,0,0.0,0,0.0,0,818,0.0,0,818,0.0,ATRT;GBM;LGG;MBL;MBL_G3;MBL_G4;MBL_SHH;MBL_WNT
brain_cns,818,818,tpm_clean,ENSG00000196604,POTEF,5,0.61,3,0.37,3,818,0.37,1,818,0.12,ATRT;GBM;LGG;MBL;MBL_G3;MBL_G4;MBL_SHH;MBL_WNT
brain_cns,818,818,tpm_clean,ENSG00000196862,RGPD4,0,0.0,0,0.0,0,818,0.0,0,818,0.0,ATRT;GBM;LGG;MBL;MBL_G3;MBL_G4;MBL_SHH;MBL_WNT
brain_cns,818,818,tpm_clean,ENSG00000197172,MAGEA6,11,1.34,7,0.86,9,818,1.1,1,818,0.12,ATRT;GBM;LGG;MBL;MBL_G3;MBL_G4;MBL_SHH;MBL_WNT
brain_cns,818,818,tpm_clean,ENSG00000198021,SPANXA1/2,1,0.12,0,0.0,1,818,0.12,0,818,0.0,ATRT;GBM;LGG;MBL;MBL_G3;MBL_G4;MBL_SHH;MBL_WNT
brain_cns,818,818,tpm_clean,ENSG00000198573,SPANXC,1,0.12,0,0.0,0,818,0.0,0,818,0.0,ATRT;GBM;LGG;MBL;MBL_G3;MBL_G4;MBL_SHH;MBL_WNT
brain_cns,818,818,tpm_clean,ENSG00000198681,MAGEA1,0,0.0,0,0.0,0,818,0.0,0,818,0.0,ATRT;GBM;LGG;MBL;MBL_G3;MBL_G4;MBL_SHH;MBL_WNT
brain_cns,818,818,tpm_clean,ENSG00000198759,EGFL6,0,0.0,0,0.0,0,818,0.0,0,818,0.0,ATRT;GBM;LGG;MBL;MBL_G3;MBL_G4;MBL_SHH;MBL_WNT
brain_cns,818,818,tpm_clean,ENSG00000198765,SYCP1,7,0.86,4,0.49,4,818,0.49,0,818,0.0,ATRT;GBM;LGG;MBL;MBL_G3;MBL_G4;MBL_SHH;MBL_WNT
brain_cns,818,818,tpm_clean,ENSG00000198870,STKLD1,0,0.0,0,0.0,0,818,0.0,0,818,0.0,ATRT;GBM;LGG;MBL;MBL_G3;MBL_G4;MBL_SHH;MBL_WNT
brain_cns,818,818,tpm_clean,ENSG00000203909,DPPA5,0,0.0,0,0.0,0,818,0.0,0,818,0.0,ATRT;GBM;LGG;MBL;MBL_G3;MBL_G4;MBL_SHH;MBL_WNT
brain_cns,818,818,tpm_clean,ENSG00000203923,SPANXN1,0,0.0,0,0.0,0,818,0.0,0,818,0.0,ATRT;GBM;LGG;MBL;MBL_G3;MBL_G4;MBL_SHH;MBL_WNT
brain_cns,818,818,tpm_clean,ENSG00000204019,CT83,0,0.0,0,0.0,0,818,0.0,0,818,0.0,ATRT;GBM;LGG;MBL;MBL_G3;MBL_G4;MBL_SHH;MBL_WNT
brain_cns,818,818,tpm_clean,ENSG00000204279,PAGE3,0,0.0,0,0.0,0,818,0.0,0,818,0.0,ATRT;GBM;LGG;MBL;MBL_G3;MBL_G4;MBL_SHH;MBL_WNT
brain_cns,818,818,tpm_clean,ENSG00000204363,SPANXN5,0,0.0,0,0.0,0,818,0.0,0,818,0.0,ATRT;GBM;LGG;MBL;MBL_G3;MBL_G4;MBL_SHH;MBL_WNT
brain_cns,818,818,tpm_clean,ENSG00000204379,XAGE1A/B,3,0.37,3,0.37,3,818,0.37,2,818,0.24,ATRT;GBM;LGG;MBL;MBL_G3;MBL_G4;MBL_SHH;MBL_WNT
brain_cns,818,818,tpm_clean,ENSG00000204450,TRIM64,0,0.0,0,0.0,0,818,0.0,0,818,0.0,ATRT;GBM;LGG;MBL;MBL_G3;MBL_G4;MBL_SHH;MBL_WNT
brain_cns,818,818,tpm_clean,ENSG00000204849,SPATA31A1,0,0.0,0,0.0,0,818,0.0,0,818,0.0,ATRT;GBM;LGG;MBL;MBL_G3;MBL_G4;MBL_SHH;MBL_WNT
brain_cns,818,818,tpm_clean,ENSG00000204941,PSG5,0,0.0,0,0.0,0,818,0.0,0,818,0.0,ATRT;GBM;LGG;MBL;MBL_G3;MBL_G4;MBL_SHH;MBL_WNT
brain_cns,818,818,tpm_clean,ENSG00000204961,PCDHA9,2,0.24,1,0.12,0,818,0.0,0,818,0.0,ATRT;GBM;LGG;MBL;MBL_G3;MBL_G4;MBL_SHH;MBL_WNT
brain_cns,818,818,tpm_clean,ENSG00000205359,SLCO6A1,0,0.0,0,0.0,0,818,0.0,0,818,0.0,ATRT;GBM;LGG;MBL;MBL_G3;MBL_G4;MBL_SHH;MBL_WNT
brain_cns,818,818,tpm_clean,ENSG00000205642,VCX3B,0,0.0,0,0.0,0,818,0.0,0,818,0.0,ATRT;GBM;LGG;MBL;MBL_G3;MBL_G4;MBL_SHH;MBL_WNT
brain_cns,818,818,tpm_clean,ENSG00000205777,GAGE1,0,0.0,0,0.0,0,818,0.0,0,818,0.0,ATRT;GBM;LGG;MBL;MBL_G3;MBL_G4;MBL_SHH;MBL_WNT
brain_cns,818,818,tpm_clean,ENSG00000212710,CTAGE1,0,0.0,0,0.0,0,818,0.0,0,818,0.0,ATRT;GBM;LGG;MBL;MBL_G3;MBL_G4;MBL_SHH;MBL_WNT
brain_cns,818,818,tpm_clean,ENSG00000213218,CSH2,0,0.0,0,0.0,0,818,0.0,0,818,0.0,ATRT;GBM;LGG;MBL;MBL_G3;MBL_G4;MBL_SHH;MBL_WNT
brain_cns,818,818,tpm_clean,ENSG00000213401,MAGEA12,5,0.61,2,0.24,0,818,0.0,0,818,0.0,ATRT;GBM;LGG;MBL;MBL_G3;MBL_G4;MBL_SHH;MBL_WNT
brain_cns,818,818,tpm_clean,ENSG00000214107,MAGEB1,0,0.0,0,0.0,0,818,0.0,0,818,0.0,ATRT;GBM;LGG;MBL;MBL_G3;MBL_G4;MBL_SHH;MBL_WNT
brain_cns,818,818,tpm_clean,ENSG00000215113,CXorf49/CXorf49B,0,0.0,0,0.0,0,818,0.0,0,818,0.0,ATRT;GBM;LGG;MBL;MBL_G3;MBL_G4;MBL_SHH;MBL_WNT
brain_cns,818,818,tpm_clean,ENSG00000215269,GAGE12F/G,0,0.0,0,0.0,0,818,0.0,0,818,0.0,ATRT;GBM;LGG;MBL;MBL_G3;MBL_G4;MBL_SHH;MBL_WNT
brain_cns,818,818,tpm_clean,ENSG00000215274,GAGE10,0,0.0,0,0.0,0,818,0.0,0,818,0.0,ATRT;GBM;LGG;MBL;MBL_G3;MBL_G4;MBL_SHH;MBL_WNT
brain_cns,818,818,tpm_clean,ENSG00000215529,EFCAB8,0,0.0,0,0.0,0,818,0.0,0,818,0.0,ATRT;GBM;LGG;MBL;MBL_G3;MBL_G4;MBL_SHH;MBL_WNT
brain_cns,818,818,tpm_clean,ENSG00000215817,ZC3H11B,0,0.0,0,0.0,0,818,0.0,0,818,0.0,ATRT;GBM;LGG;MBL;MBL_G3;MBL_G4;MBL_SHH;MBL_WNT
brain_cns,818,818,tpm_clean,ENSG00000216649,GAGE12C/D/E,0,0.0,0,0.0,0,818,0.0,0,818,0.0,ATRT;GBM;LGG;MBL;MBL_G3;MBL_G4;MBL_SHH;MBL_WNT
brain_cns,818,818,tpm_clean,ENSG00000221826,PSG3,0,0.0,0,0.0,0,818,0.0,0,818,0.0,ATRT;GBM;LGG;MBL;MBL_G3;MBL_G4;MBL_SHH;MBL_WNT
brain_cns,818,818,tpm_clean,ENSG00000221867,MAGEA3,9,1.1,7,0.86,7,818,0.86,3,818,0.37,ATRT;GBM;LGG;MBL;MBL_G3;MBL_G4;MBL_SHH;MBL_WNT
brain_cns,818,818,tpm_clean,ENSG00000221878,PSG7,0,0.0,0,0.0,0,818,0.0,0,818,0.0,ATRT;GBM;LGG;MBL;MBL_G3;MBL_G4;MBL_SHH;MBL_WNT
brain_cns,818,818,tpm_clean,ENSG00000224089,CT47A1/2/3/4/5/6/7/8/9/10/11/12,0,0.0,0,0.0,0,818,0.0,0,818,0.0,ATRT;GBM;LGG;MBL;MBL_G3;MBL_G4;MBL_SHH;MBL_WNT
brain_cns,818,818,tpm_clean,ENSG00000224440,CXorf51A/B,0,0.0,0,0.0,0,818,0.0,0,818,0.0,ATRT;GBM;LGG;MBL;MBL_G3;MBL_G4;MBL_SHH;MBL_WNT
brain_cns,818,818,tpm_clean,ENSG00000224659,GAGE12J,0,0.0,0,0.0,0,818,0.0,0,818,0.0,ATRT;GBM;LGG;MBL;MBL_G3;MBL_G4;MBL_SHH;MBL_WNT
brain_cns,818,818,tpm_clean,ENSG00000224902,GAGE12H,0,0.0,0,0.0,0,818,0.0,0,818,0.0,ATRT;GBM;LGG;MBL;MBL_G3;MBL_G4;MBL_SHH;MBL_WNT
brain_cns,818,0,tpm_clean,ENSG00000224960,PPP4R3C,0,,0,,0,0,,0,0,,ATRT;GBM;LGG;MBL;MBL_G3;MBL_G4;MBL_SHH;MBL_WNT
brain_cns,818,818,tpm_clean,ENSG00000226650,KIF4B,0,0.0,0,0.0,0,818,0.0,0,818,0.0,ATRT;GBM;LGG;MBL;MBL_G3;MBL_G4;MBL_SHH;MBL_WNT
brain_cns,818,818,tpm_clean,ENSG00000227234,SPANXB1,1,0.12,1,0.12,1,818,0.12,0,818,0.0,ATRT;GBM;LGG;MBL;MBL_G3;MBL_G4;MBL_SHH;MBL_WNT
brain_cns,818,818,tpm_clean,ENSG00000228836,CT45A5/6/7,0,0.0,0,0.0,0,818,0.0,0,818,0.0,ATRT;GBM;LGG;MBL;MBL_G3;MBL_G4;MBL_SHH;MBL_WNT
brain_cns,818,818,tpm_clean,ENSG00000228927,TSPY3,0,0.0,0,0.0,0,818,0.0,0,818,0.0,ATRT;GBM;LGG;MBL;MBL_G3;MBL_G4;MBL_SHH;MBL_WNT
brain_cns,818,818,tpm_clean,ENSG00000229549,TSPY8,0,0.0,0,0.0,0,818,0.0,0,818,0.0,ATRT;GBM;LGG;MBL;MBL_G3;MBL_G4;MBL_SHH;MBL_WNT
brain_cns,818,0,tpm_clean,ENSG00000230601,TEX48,0,,0,,0,0,,0,0,,ATRT;GBM;LGG;MBL;MBL_G3;MBL_G4;MBL_SHH;MBL_WNT
brain_cns,818,818,tpm_clean,ENSG00000231924,PSG1,0,0.0,0,0.0,0,818,0.0,0,818,0.0,ATRT;GBM;LGG;MBL;MBL_G3;MBL_G4;MBL_SHH;MBL_WNT
brain_cns,818,818,tpm_clean,ENSG00000233056,ERVH48-1,0,0.0,0,0.0,0,818,0.0,0,818,0.0,ATRT;GBM;LGG;MBL;MBL_G3;MBL_G4;MBL_SHH;MBL_WNT
brain_cns,818,818,tpm_clean,ENSG00000233803,TSPY4,0,0.0,0,0.0,0,818,0.0,0,818,0.0,ATRT;GBM;LGG;MBL;MBL_G3;MBL_G4;MBL_SHH;MBL_WNT
brain_cns,818,818,tpm_clean,ENSG00000234068,PAGE2,0,0.0,0,0.0,0,818,0.0,0,818,0.0,ATRT;GBM;LGG;MBL;MBL_G3;MBL_G4;MBL_SHH;MBL_WNT
brain_cns,818,818,tpm_clean,ENSG00000234414,RBMY1A1,1,0.12,1,0.12,1,818,0.12,0,818,0.0,ATRT;GBM;LGG;MBL;MBL_G3;MBL_G4;MBL_SHH;MBL_WNT
brain_cns,818,818,tpm_clean,ENSG00000235631,RNF148,1,0.12,0,0.0,0,818,0.0,0,818,0.0,ATRT;GBM;LGG;MBL;MBL_G3;MBL_G4;MBL_SHH;MBL_WNT
brain_cns,818,818,tpm_clean,ENSG00000236424,TSPY10,0,0.0,0,0.0,0,818,0.0,0,818,0.0,ATRT;GBM;LGG;MBL;MBL_G3;MBL_G4;MBL_SHH;MBL_WNT
brain_cns,818,818,tpm_clean,ENSG00000236446,CT47B1,0,0.0,0,0.0,0,818,0.0,0,818,0.0,ATRT;GBM;LGG;MBL;MBL_G3;MBL_G4;MBL_SHH;MBL_WNT
brain_cns,818,818,tpm_clean,ENSG00000236761,CTAGE9,0,0.0,0,0.0,0,818,0.0,0,818,0.0,ATRT;GBM;LGG;MBL;MBL_G3;MBL_G4;MBL_SHH;MBL_WNT
brain_cns,818,818,tpm_clean,ENSG00000238269,PAGE2B,1,0.12,0,0.0,0,818,0.0,0,818,0.0,ATRT;GBM;LGG;MBL;MBL_G3;MBL_G4;MBL_SHH;MBL_WNT
brain_cns,818,818,tpm_clean,ENSG00000240021,TEX35,0,0.0,0,0.0,0,818,0.0,0,818,0.0,ATRT;GBM;LGG;MBL;MBL_G3;MBL_G4;MBL_SHH;MBL_WNT
brain_cns,818,0,tpm_clean,ENSG00000241149,ZNF722,0,,0,,0,0,,0,0,,ATRT;GBM;LGG;MBL;MBL_G3;MBL_G4;MBL_SHH;MBL_WNT
brain_cns,818,818,tpm_clean,ENSG00000241476,SSX2/SSX2B,0,0.0,0,0.0,0,818,0.0,0,818,0.0,ATRT;GBM;LGG;MBL;MBL_G3;MBL_G4;MBL_SHH;MBL_WNT
brain_cns,818,818,tpm_clean,ENSG00000242221,PSG2,0,0.0,0,0.0,0,818,0.0,0,818,0.0,ATRT;GBM;LGG;MBL;MBL_G3;MBL_G4;MBL_SHH;MBL_WNT
brain_cns,818,818,tpm_clean,ENSG00000242389,RBMY1E,0,0.0,0,0.0,0,818,0.0,0,818,0.0,ATRT;GBM;LGG;MBL;MBL_G3;MBL_G4;MBL_SHH;MBL_WNT
brain_cns,818,818,tpm_clean,ENSG00000242875,RBMY1B,0,0.0,0,0.0,0,818,0.0,0,818,0.0,ATRT;GBM;LGG;MBL;MBL_G3;MBL_G4;MBL_SHH;MBL_WNT
brain_cns,818,818,tpm_clean,ENSG00000243130,PSG11,0,0.0,0,0.0,0,818,0.0,0,818,0.0,ATRT;GBM;LGG;MBL;MBL_G3;MBL_G4;MBL_SHH;MBL_WNT
brain_cns,818,818,tpm_clean,ENSG00000244395,RBMY1D,0,0.0,0,0.0,0,818,0.0,0,818,0.0,ATRT;GBM;LGG;MBL;MBL_G3;MBL_G4;MBL_SHH;MBL_WNT
brain_cns,818,818,tpm_clean,ENSG00000244588,RAD21L1,0,0.0,0,0.0,0,818,0.0,0,818,0.0,ATRT;GBM;LGG;MBL;MBL_G3;MBL_G4;MBL_SHH;MBL_WNT
brain_cns,818,818,tpm_clean,ENSG00000249861,LGALS16,0,0.0,0,0.0,0,818,0.0,0,818,0.0,ATRT;GBM;LGG;MBL;MBL_G3;MBL_G4;MBL_SHH;MBL_WNT
brain_cns,818,818,tpm_clean,ENSG00000250741,NT5C1B-RDH14,0,0.0,0,0.0,0,818,0.0,0,818,0.0,ATRT;GBM;LGG;MBL;MBL_G3;MBL_G4;MBL_SHH;MBL_WNT
brain_cns,818,818,tpm_clean,ENSG00000251258,RFPL4B,1,0.12,0,0.0,0,818,0.0,0,818,0.0,ATRT;GBM;LGG;MBL;MBL_G3;MBL_G4;MBL_SHH;MBL_WNT
brain_cns,818,818,tpm_clean,ENSG00000258713,C20orf141,0,0.0,0,0.0,0,818,0.0,0,818,0.0,ATRT;GBM;LGG;MBL;MBL_G3;MBL_G4;MBL_SHH;MBL_WNT
brain_cns,818,818,tpm_clean,ENSG00000258992,TSPY1,0,0.0,0,0.0,0,818,0.0,0,818,0.0,ATRT;GBM;LGG;MBL;MBL_G3;MBL_G4;MBL_SHH;MBL_WNT
brain_cns,818,818,tpm_clean,ENSG00000261649,GOLGA6L7,0,0.0,0,0.0,0,818,0.0,0,818,0.0,ATRT;GBM;LGG;MBL;MBL_G3;MBL_G4;MBL_SHH;MBL_WNT
brain_cns,818,818,tpm_clean,ENSG00000261949,GFY,0,0.0,0,0.0,0,818,0.0,0,818,0.0,ATRT;GBM;LGG;MBL;MBL_G3;MBL_G4;MBL_SHH;MBL_WNT
brain_cns,818,818,tpm_clean,ENSG00000268009,SSX4/SSX4B,5,0.61,3,0.37,3,818,0.37,2,818,0.24,ATRT;GBM;LGG;MBL;MBL_G3;MBL_G4;MBL_SHH;MBL_WNT
brain_cns,818,818,tpm_clean,ENSG00000268629,TEX13A,0,0.0,0,0.0,0,818,0.0,0,818,0.0,ATRT;GBM;LGG;MBL;MBL_G3;MBL_G4;MBL_SHH;MBL_WNT
brain_cns,818,818,tpm_clean,ENSG00000268696,ZNF723,0,0.0,0,0.0,0,818,0.0,0,818,0.0,ATRT;GBM;LGG;MBL;MBL_G3;MBL_G4;MBL_SHH;MBL_WNT
brain_cns,818,818,tpm_clean,ENSG00000268964,ERVV-2,0,0.0,0,0.0,0,818,0.0,0,818,0.0,ATRT;GBM;LGG;MBL;MBL_G3;MBL_G4;MBL_SHH;MBL_WNT
brain_cns,818,818,tpm_clean,ENSG00000268988,SPANXN2,0,0.0,0,0.0,0,818,0.0,0,818,0.0,ATRT;GBM;LGG;MBL;MBL_G3;MBL_G4;MBL_SHH;MBL_WNT
brain_cns,818,818,tpm_clean,ENSG00000269058,CALR3,0,0.0,0,0.0,0,818,0.0,0,818,0.0,ATRT;GBM;LGG;MBL;MBL_G3;MBL_G4;MBL_SHH;MBL_WNT
brain_cns,818,818,tpm_clean,ENSG00000269586,CT45A10,0,0.0,0,0.0,0,818,0.0,0,818,0.0,ATRT;GBM;LGG;MBL;MBL_G3;MBL_G4;MBL_SHH;MBL_WNT
brain_cns,818,818,tpm_clean,ENSG00000270806,C17orf50,0,0.0,0,0.0,0,818,0.0,0,818,0.0,ATRT;GBM;LGG;MBL;MBL_G3;MBL_G4;MBL_SHH;MBL_WNT
brain_cns,818,818,tpm_clean,ENSG00000270946,CT45A2/8/9,0,0.0,0,0.0,0,818,0.0,0,818,0.0,ATRT;GBM;LGG;MBL;MBL_G3;MBL_G4;MBL_SHH;MBL_WNT
brain_cns,818,818,tpm_clean,ENSG00000271321,CTAGE6,0,0.0,0,0.0,0,818,0.0,0,818,0.0,ATRT;GBM;LGG;MBL;MBL_G3;MBL_G4;MBL_SHH;MBL_WNT
brain_cns,818,818,tpm_clean,ENSG00000274274,GAGE13,0,0.0,0,0.0,0,818,0.0,0,818,0.0,ATRT;GBM;LGG;MBL;MBL_G3;MBL_G4;MBL_SHH;MBL_WNT
brain_cns,818,818,tpm_clean,ENSG00000274391,TPTE,0,0.0,0,0.0,0,818,0.0,0,818,0.0,ATRT;GBM;LGG;MBL;MBL_G3;MBL_G4;MBL_SHH;MBL_WNT
brain_cns,818,818,tpm_clean,ENSG00000275793,RIMBP3,0,0.0,0,0.0,0,818,0.0,0,818,0.0,ATRT;GBM;LGG;MBL;MBL_G3;MBL_G4;MBL_SHH;MBL_WNT
brain_cns,818,818,tpm_clean,ENSG00000275969,SPATA31A3,0,0.0,0,0.0,0,818,0.0,0,818,0.0,ATRT;GBM;LGG;MBL;MBL_G3;MBL_G4;MBL_SHH;MBL_WNT
brain_cns,818,818,tpm_clean,ENSG00000276040,SPATA31A7,0,0.0,0,0.0,0,818,0.0,0,818,0.0,ATRT;GBM;LGG;MBL;MBL_G3;MBL_G4;MBL_SHH;MBL_WNT
brain_cns,818,818,tpm_clean,ENSG00000276581,SPATA31A5,0,0.0,0,0.0,0,818,0.0,0,818,0.0,ATRT;GBM;LGG;MBL;MBL_G3;MBL_G4;MBL_SHH;MBL_WNT
brain_cns,818,818,tpm_clean,ENSG00000277322,GOLGA6L6,0,0.0,0,0.0,0,818,0.0,0,818,0.0,ATRT;GBM;LGG;MBL;MBL_G3;MBL_G4;MBL_SHH;MBL_WNT
brain_cns,818,0,tpm_clean,ENSG00000282815,TEX13C,0,,0,,0,0,,0,0,,ATRT;GBM;LGG;MBL;MBL_G3;MBL_G4;MBL_SHH;MBL_WNT
bladder,407,407,tpm_clean,ENSG00000006047,YBX2,5,1.23,1,0.25,1,407,0.25,0,407,0.0,BLCA
bladder,407,407,tpm_clean,ENSG00000006659,LGALS14,0,0.0,0,0.0,0,407,0.0,0,407,0.0,BLCA
bladder,407,407,tpm_clean,ENSG00000007350,TKTL1,3,0.74,1,0.25,1,407,0.25,1,407,0.25,BLCA
bladder,407,407,tpm_clean,ENSG00000010318,PHF7,0,0.0,0,0.0,0,407,0.0,0,407,0.0,BLCA
bladder,407,407,tpm_clean,ENSG00000042813,ZPBP,0,0.0,0,0.0,0,407,0.0,0,407,0.0,BLCA
bladder,407,407,tpm_clean,ENSG00000046774,MAGEC2,17,4.18,9,2.21,13,407,3.19,3,407,0.74,BLCA
bladder,407,407,tpm_clean,ENSG00000054796,SPO11,0,0.0,0,0.0,0,407,0.0,0,407,0.0,BLCA
bladder,407,407,tpm_clean,ENSG00000068985,PAGE1,3,0.74,3,0.74,3,407,0.74,3,407,0.74,BLCA
bladder,407,407,tpm_clean,ENSG00000077800,FKBP6,0,0.0,0,0.0,0,407,0.0,0,407,0.0,BLCA
bladder,407,407,tpm_clean,ENSG00000077935,SMC1B,0,0.0,0,0.0,0,407,0.0,0,407,0.0,BLCA
bladder,407,407,tpm_clean,ENSG00000092345,DAZL,0,0.0,0,0.0,0,407,0.0,0,407,0.0,BLCA
bladder,407,407,tpm_clean,ENSG00000095627,TDRD1,0,0.0,0,0.0,0,407,0.0,0,407,0.0,BLCA
bladder,407,407,tpm_clean,ENSG00000099399,MAGEB2,11,2.7,7,1.72,9,407,2.21,2,407,0.49,BLCA
bladder,407,407,tpm_clean,ENSG00000102021,LUZP4,0,0.0,0,0.0,0,407,0.0,0,407,0.0,BLCA
bladder,407,407,tpm_clean,ENSG00000103023,PRSS54,0,0.0,0,0.0,0,407,0.0,0,407,0.0,BLCA
bladder,407,407,tpm_clean,ENSG00000104755,ADAM2,2,0.49,1,0.25,1,407,0.25,0,407,0.0,BLCA
bladder,407,407,tpm_clean,ENSG00000104804,TULP2,0,0.0,0,0.0,0,407,0.0,0,407,0.0,BLCA
bladder,407,407,tpm_clean,ENSG00000104818,CGB2,0,0.0,0,0.0,0,407,0.0,0,407,0.0,BLCA
bladder,407,407,tpm_clean,ENSG00000104901,DKKL1,0,0.0,0,0.0,0,407,0.0,0,407,0.0,BLCA
bladder,407,407,tpm_clean,ENSG00000105198,LGALS13,0,0.0,0,0.0,0,407,0.0,0,407,0.0,BLCA
bladder,407,407,tpm_clean,ENSG00000106013,ANKRD7,0,0.0,0,0.0,0,407,0.0,0,407,0.0,BLCA
bladder,407,407,tpm_clean,ENSG00000106304,SPAM1,0,0.0,0,0.0,0,407,0.0,0,407,0.0,BLCA
bladder,407,407,tpm_clean,ENSG00000114487,MORC1,0,0.0,0,0.0,0,407,0.0,0,407,0.0,BLCA
bladder,407,407,tpm_clean,ENSG00000117148,ACTL8,2,0.49,1,0.25,1,407,0.25,0,407,0.0,BLCA
bladder,407,407,tpm_clean,ENSG00000118434,SPACA1,0,0.0,0,0.0,0,407,0.0,0,407,0.0,BLCA
bladder,407,407,tpm_clean,ENSG00000118491,ZC2HC1B,0,0.0,0,0.0,0,407,0.0,0,407,0.0,BLCA
bladder,407,407,tpm_clean,ENSG00000121101,TEX14,0,0.0,0,0.0,0,407,0.0,0,407,0.0,BLCA
bladder,407,407,tpm_clean,ENSG00000122304,PRM2,0,0.0,0,0.0,0,407,0.0,0,407,0.0,BLCA
bladder,407,407,tpm_clean,ENSG00000123576,ESX1,0,0.0,0,0.0,0,407,0.0,0,407,0.0,BLCA
bladder,407,407,tpm_clean,ENSG00000123584,MAGEA9/MAGEA9B,119,29.24,71,17.44,95,407,23.34,18,407,4.42,BLCA
bladder,407,407,tpm_clean,ENSG00000124092,CTCFL,2,0.49,0,0.0,1,407,0.25,0,407,0.0,BLCA
bladder,407,407,tpm_clean,ENSG00000124227,ANKRD60,0,0.0,0,0.0,0,407,0.0,0,407,0.0,BLCA
bladder,407,407,tpm_clean,ENSG00000124260,MAGEA10,31,7.62,8,1.97,14,407,3.44,1,407,0.25,BLCA
bladder,407,407,tpm_clean,ENSG00000124467,PSG8,0,0.0,0,0.0,0,407,0.0,0,407,0.0,BLCA
bladder,407,407,tpm_clean,ENSG00000124490,CRISP2,0,0.0,0,0.0,0,407,0.0,0,407,0.0,BLCA
bladder,407,407,tpm_clean,ENSG00000125207,PIWIL1,0,0.0,0,0.0,0,407,0.0,0,407,0.0,BLCA
bladder,407,407,tpm_clean,ENSG00000125823,CSTL1,0,0.0,0,0.0,0,407,0.0,0,407,0.0,BLCA
bladder,407,407,tpm_clean,ENSG00000126467,TSKS,0,0.0,0,0.0,0,407,0.0,0,407,0.0,BLCA
bladder,407,407,tpm_clean,ENSG00000126752,SSX1,7,1.72,4,0.98,5,407,1.23,3,407,0.74,BLCA
bladder,407,407,tpm_clean,ENSG00000126856,PRDM7,0,0.0,0,0.0,0,407,0.0,0,407,0.0,BLCA
bladder,407,407,tpm_clean,ENSG00000129862,VCY/VCY1B,6,1.47,6,1.47,6,407,1.47,4,407,0.98,BLCA
bladder,407,407,tpm_clean,ENSG00000130950,NUTM2F,0,0.0,0,0.0,0,407,0.0,0,407,0.0,BLCA
bladder,407,407,tpm_clean,ENSG00000131126,TEX101,0,0.0,0,0.0,0,407,0.0,0,407,0.0,BLCA
bladder,407,407,tpm_clean,ENSG00000132446,FTHL17,6,1.47,3,0.74,3,407,0.74,0,407,0.0,BLCA
bladder,407,407,tpm_clean,ENSG00000135248,GARIN1B,0,0.0,0,0.0,0,407,0.0,0,407,0.0,BLCA
bladder,407,407,tpm_clean,ENSG00000137090,DMRT1,0,0.0,0,0.0,0,407,0.0,0,407,0.0,BLCA
bladder,407,407,tpm_clean,ENSG00000137948,BRDT,0,0.0,0,0.0,0,407,0.0,0,407,0.0,BLCA
bladder,407,407,tpm_clean,ENSG00000139351,SYCP3,0,0.0,0,0.0,0,407,0.0,0,407,0.0,BLCA
bladder,407,407,tpm_clean,ENSG00000140478,GOLGA6D,0,0.0,0,0.0,0,407,0.0,0,407,0.0,BLCA
bladder,407,407,tpm_clean,ENSG00000141096,DPEP3,1,0.25,1,0.25,1,407,0.25,1,407,0.25,BLCA
bladder,407,407,tpm_clean,ENSG00000141255,SPATA22,0,0.0,0,0.0,0,407,0.0,0,407,0.0,BLCA
bladder,407,407,tpm_clean,ENSG00000141316,SPACA3,0,0.0,0,0.0,0,407,0.0,0,407,0.0,BLCA
bladder,407,407,tpm_clean,ENSG00000141371,CHCT1,0,0.0,0,0.0,0,407,0.0,0,407,0.0,BLCA
bladder,407,407,tpm_clean,ENSG00000141437,SLC25A52,0,0.0,0,0.0,0,407,0.0,0,407,0.0,BLCA
bladder,407,407,tpm_clean,ENSG00000142025,DMRTC2,0,0.0,0,0.0,0,407,0.0,0,407,0.0,BLCA
bladder,407,407,tpm_clean,ENSG00000142698,C1orf94,0,0.0,0,0.0,0,407,0.0,0,407,0.0,BLCA
bladder,407,407,tpm_clean,ENSG00000143006,DMRTB1,0,0.0,0,0.0,0,407,0.0,0,407,0.0,BLCA
bladder,407,407,tpm_clean,ENSG00000143452,HORMAD1,1,0.25,0,0.0,0,407,0.0,0,407,0.0,BLCA
bladder,407,407,tpm_clean,ENSG00000144962,SPATA16,0,0.0,0,0.0,0,407,0.0,0,407,0.0,BLCA
bladder,407,407,tpm_clean,ENSG00000145309,CABS1,0,0.0,0,0.0,0,407,0.0,0,407,0.0,BLCA
bladder,407,407,tpm_clean,ENSG00000147081,AKAP4,0,0.0,0,0.0,0,407,0.0,0,407,0.0,BLCA
bladder,407,407,tpm_clean,ENSG00000147183,CPXCR1,0,0.0,0,0.0,0,407,0.0,0,407,0.0,BLCA
bladder,407,407,tpm_clean,ENSG00000147378,FATE1,0,0.0,0,0.0,0,407,0.0,0,407,0.0,BLCA
bladder,407,407,tpm_clean,ENSG00000147381,MAGEA4,71,17.44,42,10.32,51,407,12.53,34,407,8.35,BLCA
bladder,407,407,tpm_clean,ENSG00000148156,ACTL7B,0,0.0,0,0.0,0,407,0.0,0,407,0.0,BLCA
bladder,407,407,tpm_clean,ENSG00000150628,SPATA4,0,0.0,0,0.0,0,407,0.0,0,407,0.0,BLCA
bladder,407,407,tpm_clean,ENSG00000151962,RBM46,0,0.0,0,0.0,0,407,0.0,0,407,0.0,BLCA
bladder,407,407,tpm_clean,ENSG00000152430,BOLL,0,0.0,0,0.0,0,407,0.0,0,407,0.0,BLCA
bladder,407,407,tpm_clean,ENSG00000152670,DDX4,0,0.0,0,0.0,0,407,0.0,0,407,0.0,BLCA
bladder,407,407,tpm_clean,ENSG00000153060,TEKT5,6,1.47,1,0.25,2,407,0.49,1,407,0.25,BLCA
bladder,407,407,tpm_clean,ENSG00000153779,TGIF2LX,0,0.0,0,0.0,0,407,0.0,0,407,0.0,BLCA
bladder,407,407,tpm_clean,ENSG00000155087,ODF1,1,0.25,0,0.0,1,407,0.25,0,407,0.0,BLCA
bladder,407,407,tpm_clean,ENSG00000155495,MAGEC1,4,0.98,1,0.25,2,407,0.49,0,407,0.0,BLCA
bladder,407,407,tpm_clean,ENSG00000155622,XAGE2,12,2.95,8,1.97,10,407,2.46,6,407,1.47,BLCA
bladder,407,407,tpm_clean,ENSG00000156009,MAGEA8,9,2.21,4,0.98,4,407,0.98,0,407,0.0,BLCA
bladder,407,407,tpm_clean,ENSG00000156269,NAA11,3,0.74,0,0.0,0,407,0.0,0,407,0.0,BLCA
bladder,407,407,tpm_clean,ENSG00000158639,PAGE5,7,1.72,6,1.47,6,407,1.47,5,407,1.23,BLCA
bladder,407,407,tpm_clean,ENSG00000159289,GOLGA6A,0,0.0,0,0.0,0,407,0.0,0,407,0.0,BLCA
bladder,407,407,tpm_clean,ENSG00000159708,LRRC36,0,0.0,0,0.0,0,407,0.0,0,407,0.0,BLCA
bladder,407,407,tpm_clean,ENSG00000161860,SYCE2,0,0.0,0,0.0,0,407,0.0,0,407,0.0,BLCA
bladder,407,407,tpm_clean,ENSG00000161973,CCDC42,0,0.0,0,0.0,0,407,0.0,0,407,0.0,BLCA
bladder,407,407,tpm_clean,ENSG00000162039,MEIOB,0,0.0,0,0.0,0,407,0.0,0,407,0.0,BLCA
bladder,407,407,tpm_clean,ENSG00000162641,AKNAD1,2,0.49,2,0.49,2,407,0.49,1,407,0.25,BLCA
bladder,407,407,tpm_clean,ENSG00000162771,GARIN4,0,0.0,0,0.0,0,407,0.0,0,407,0.0,BLCA
bladder,407,407,tpm_clean,ENSG00000162843,WDR64,0,0.0,0,0.0,0,407,0.0,0,407,0.0,BLCA
bladder,407,407,tpm_clean,ENSG00000163114,PDHA2,0,0.0,0,0.0,0,407,0.0,0,407,0.0,BLCA
bladder,407,407,tpm_clean,ENSG00000163530,DPPA2,1,0.25,0,0.0,1,407,0.25,0,407,0.0,BLCA
bladder,407,407,tpm_clean,ENSG00000164113,ADAD1,0,0.0,0,0.0,0,407,0.0,0,407,0.0,BLCA
bladder,407,407,tpm_clean,ENSG00000164304,CAGE1,0,0.0,0,0.0,0,407,0.0,0,407,0.0,BLCA
bladder,407,407,tpm_clean,ENSG00000165583,SSX5,0,0.0,0,0.0,0,407,0.0,0,407,0.0,BLCA
bladder,407,407,tpm_clean,ENSG00000165584,SSX3,1,0.25,0,0.0,0,407,0.0,0,407,0.0,BLCA
bladder,407,407,tpm_clean,ENSG00000166049,PASD1,1,0.25,0,0.0,1,407,0.25,0,407,0.0,BLCA
bladder,407,407,tpm_clean,ENSG00000166069,TMCO5A,0,0.0,0,0.0,0,407,0.0,0,407,0.0,BLCA
bladder,407,407,tpm_clean,ENSG00000166118,SPATA19,0,0.0,0,0.0,0,407,0.0,0,407,0.0,BLCA
bladder,407,407,tpm_clean,ENSG00000166796,LDHC,0,0.0,0,0.0,0,407,0.0,0,407,0.0,BLCA
bladder,407,407,tpm_clean,ENSG00000167098,SUN5,0,0.0,0,0.0,0,407,0.0,0,407,0.0,BLCA
bladder,407,407,tpm_clean,ENSG00000168594,ADAM29,0,0.0,0,0.0,0,407,0.0,0,407,0.0,BLCA
bladder,407,407,tpm_clean,ENSG00000168757,TSPY2,4,0.98,2,0.49,4,407,0.98,2,407,0.49,BLCA
bladder,407,407,tpm_clean,ENSG00000169059,VCX3A,14,3.44,7,1.72,9,407,2.21,6,407,1.47,BLCA
bladder,407,407,tpm_clean,ENSG00000169551,CT55,0,0.0,0,0.0,0,407,0.0,0,407,0.0,BLCA
bladder,407,407,tpm_clean,ENSG00000169800,RBMY1F,0,0.0,0,0.0,0,407,0.0,0,407,0.0,BLCA
bladder,407,407,tpm_clean,ENSG00000170516,COX7B2,40,9.83,17,4.18,26,407,6.39,5,407,1.23,BLCA
bladder,407,407,tpm_clean,ENSG00000170748,RBMXL2,0,0.0,0,0.0,0,407,0.0,0,407,0.0,BLCA
bladder,407,407,tpm_clean,ENSG00000170848,PSG6,1,0.25,1,0.25,1,407,0.25,0,407,0.0,BLCA
bladder,407,407,tpm_clean,ENSG00000170950,PGK2,0,0.0,0,0.0,0,407,0.0,0,407,0.0,BLCA
bladder,407,407,tpm_clean,ENSG00000170965,PLAC1,7,1.72,0,0.0,2,407,0.49,0,407,0.0,BLCA
bladder,407,407,tpm_clean,ENSG00000171402,XAGE3,2,0.49,0,0.0,1,407,0.25,0,407,0.0,BLCA
bladder,407,407,tpm_clean,ENSG00000171405,XAGE5,1,0.25,0,0.0,0,407,0.0,0,407,0.0,BLCA
bladder,407,407,tpm_clean,ENSG00000171794,UTF1,0,0.0,0,0.0,0,407,0.0,0,407,0.0,BLCA
bladder,407,407,tpm_clean,ENSG00000172073,TEX37,0,0.0,0,0.0,0,407,0.0,0,407,0.0,BLCA
bladder,407,407,tpm_clean,ENSG00000172717,GARIN2,0,0.0,0,0.0,0,407,0.0,0,407,0.0,BLCA
bladder,407,407,tpm_clean,ENSG00000174015,CBY2,0,0.0,0,0.0,0,407,0.0,0,407,0.0,BLCA
bladder,407,407,tpm_clean,ENSG00000174016,TENT5D,0,0.0,0,0.0,0,407,0.0,0,407,0.0,BLCA
bladder,407,407,tpm_clean,ENSG00000174898,CATSPERD,0,0.0,0,0.0,0,407,0.0,0,407,0.0,BLCA
bladder,407,407,tpm_clean,ENSG00000175646,PRM1,0,0.0,0,0.0,0,407,0.0,0,407,0.0,BLCA
bladder,407,407,tpm_clean,ENSG00000175809,CBLL2,0,0.0,0,0.0,0,407,0.0,0,407,0.0,BLCA
bladder,407,407,tpm_clean,ENSG00000175820,CCDC168,0,0.0,0,0.0,0,407,0.0,0,407,0.0,BLCA
bladder,407,407,tpm_clean,ENSG00000175877,TMEM270,0,0.0,0,0.0,0,407,0.0,0,407,0.0,BLCA
bladder,407,407,tpm_clean,ENSG00000176256,HMGB4,0,0.0,0,0.0,0,407,0.0,0,407,0.0,BLCA
bladder,407,407,tpm_clean,ENSG00000176566,DCAF4L2,1,0.25,0,0.0,0,407,0.0,0,407,0.0,BLCA
bladder,407,407,tpm_clean,ENSG00000176635,HORMAD2,0,0.0,0,0.0,0,407,0.0,0,407,0.0,BLCA
bladder,407,407,tpm_clean,ENSG00000176746,MAGEB6,0,0.0,0,0.0,0,407,0.0,0,407,0.0,BLCA
bladder,407,407,tpm_clean,ENSG00000176774,MAGEB18,0,0.0,0,0.0,0,407,0.0,0,407,0.0,BLCA
bladder,407,407,tpm_clean,ENSG00000176988,FMR1NB,0,0.0,0,0.0,0,407,0.0,0,407,0.0,BLCA
bladder,407,407,tpm_clean,ENSG00000177294,FBXO39,0,0.0,0,0.0,0,407,0.0,0,407,0.0,BLCA
bladder,407,407,tpm_clean,ENSG00000177673,TEX44,0,0.0,0,0.0,0,407,0.0,0,407,0.0,BLCA
bladder,407,407,tpm_clean,ENSG00000177689,MAGEB10,0,0.0,0,0.0,0,407,0.0,0,407,0.0,BLCA
bladder,407,407,tpm_clean,ENSG00000177947,ODF3,0,0.0,0,0.0,0,407,0.0,0,407,0.0,BLCA
bladder,407,407,tpm_clean,ENSG00000177992,SPATA31E1,0,0.0,0,0.0,0,407,0.0,0,407,0.0,BLCA
bladder,407,407,tpm_clean,ENSG00000178021,TSPYL6,0,0.0,0,0.0,0,407,0.0,0,407,0.0,BLCA
bladder,407,407,tpm_clean,ENSG00000178257,PRM3,0,0.0,0,0.0,0,407,0.0,0,407,0.0,BLCA
bladder,407,407,tpm_clean,ENSG00000178279,TNP2,0,0.0,0,0.0,0,407,0.0,0,407,0.0,BLCA
bladder,407,407,tpm_clean,ENSG00000178997,EXD1,0,0.0,0,0.0,0,407,0.0,0,407,0.0,BLCA
bladder,407,407,tpm_clean,ENSG00000179046,TRIML2,1,0.25,0,0.0,1,407,0.25,0,407,0.0,BLCA
bladder,407,407,tpm_clean,ENSG00000179059,ZFP42,3,0.74,1,0.25,3,407,0.74,0,407,0.0,BLCA
bladder,407,407,tpm_clean,ENSG00000179088,C12orf42,0,0.0,0,0.0,0,407,0.0,0,407,0.0,BLCA
bladder,407,407,tpm_clean,ENSG00000179407,DNAJB8,0,0.0,0,0.0,0,407,0.0,0,407,0.0,BLCA
bladder,407,407,tpm_clean,ENSG00000180138,CSNK1A1L,0,0.0,0,0.0,0,407,0.0,0,407,0.0,BLCA
bladder,407,407,tpm_clean,ENSG00000180336,MEIOC,0,0.0,0,0.0,0,407,0.0,0,407,0.0,BLCA
bladder,407,407,tpm_clean,ENSG00000181323,SPEM1,0,0.0,0,0.0,0,407,0.0,0,407,0.0,BLCA
bladder,407,407,tpm_clean,ENSG00000181433,SAGE1,0,0.0,0,0.0,0,407,0.0,0,407,0.0,BLCA
bladder,407,407,tpm_clean,ENSG00000182308,DCAF4L1,0,0.0,0,0.0,0,407,0.0,0,407,0.0,BLCA
bladder,407,407,tpm_clean,ENSG00000182459,TEX19,0,0.0,0,0.0,0,407,0.0,0,407,0.0,BLCA
bladder,407,407,tpm_clean,ENSG00000182583,VCX,8,1.97,5,1.23,6,407,1.47,2,407,0.49,BLCA
bladder,407,407,tpm_clean,ENSG00000183206,POTEC,0,0.0,0,0.0,0,407,0.0,0,407,0.0,BLCA
bladder,407,407,tpm_clean,ENSG00000183305,MAGEA2/MAGEA2B,71,17.44,20,4.91,42,407,10.32,1,407,0.25,BLCA
bladder,407,407,tpm_clean,ENSG00000183434,TFDP3,0,0.0,0,0.0,0,407,0.0,0,407,0.0,BLCA
bladder,407,407,tpm_clean,ENSG00000183668,PSG9,0,0.0,0,0.0,0,407,0.0,0,407,0.0,BLCA
bladder,407,407,tpm_clean,ENSG00000184033,CTAG1A/B,52,12.78,44,10.81,46,407,11.3,34,407,8.35,BLCA
bladder,407,407,tpm_clean,ENSG00000184361,SPATA32,0,0.0,0,0.0,0,407,0.0,0,407,0.0,BLCA
bladder,407,407,tpm_clean,ENSG00000184507,NUTM1,0,0.0,0,0.0,0,407,0.0,0,407,0.0,BLCA
bladder,407,407,tpm_clean,ENSG00000184650,ODF4,0,0.0,0,0.0,0,407,0.0,0,407,0.0,BLCA
bladder,407,407,tpm_clean,ENSG00000184735,DDX53,0,0.0,0,0.0,0,407,0.0,0,407,0.0,BLCA
bladder,407,407,tpm_clean,ENSG00000185264,TEX33,0,0.0,0,0.0,0,407,0.0,0,407,0.0,BLCA
bladder,407,407,tpm_clean,ENSG00000185686,PRAME,38,9.34,14,3.44,23,407,5.65,12,407,2.95,BLCA
bladder,407,407,tpm_clean,ENSG00000185775,SPATA31A6,0,0.0,0,0.0,0,407,0.0,0,407,0.0,BLCA
bladder,407,407,tpm_clean,ENSG00000185792,NLRP9,0,0.0,0,0.0,0,407,0.0,0,407,0.0,BLCA
bladder,407,407,tpm_clean,ENSG00000185863,TMEM210,0,0.0,0,0.0,0,407,0.0,0,407,0.0,BLCA
bladder,407,407,tpm_clean,ENSG00000186075,ZPBP2,0,0.0,0,0.0,0,407,0.0,0,407,0.0,BLCA
bladder,407,407,tpm_clean,ENSG00000186118,TEX38,0,0.0,0,0.0,0,407,0.0,0,407,0.0,BLCA
bladder,407,407,tpm_clean,ENSG00000186451,SPATA12,0,0.0,0,0.0,0,407,0.0,0,407,0.0,BLCA
bladder,407,407,tpm_clean,ENSG00000186788,SPATA31D3,0,0.0,0,0.0,0,407,0.0,0,407,0.0,BLCA
bladder,407,407,tpm_clean,ENSG00000187003,ACTL7A,0,0.0,0,0.0,0,407,0.0,0,407,0.0,BLCA
bladder,407,407,tpm_clean,ENSG00000187191,DAZ3,0,0.0,0,0.0,0,407,0.0,0,407,0.0,BLCA
bladder,407,407,tpm_clean,ENSG00000187754,SSX7,0,0.0,0,0.0,0,407,0.0,0,407,0.0,BLCA
bladder,407,407,tpm_clean,ENSG00000187772,LIN28B,0,0.0,0,0.0,0,407,0.0,0,407,0.0,BLCA
bladder,407,407,tpm_clean,ENSG00000188120,DAZ1,2,0.49,2,0.49,2,407,0.49,2,407,0.49,BLCA
bladder,407,407,tpm_clean,ENSG00000188425,NANOS2,0,0.0,0,0.0,0,407,0.0,0,407,0.0,BLCA
bladder,407,407,tpm_clean,ENSG00000188782,CATSPER4,0,0.0,0,0.0,0,407,0.0,0,407,0.0,BLCA
bladder,407,407,tpm_clean,ENSG00000189023,MAGEB16,0,0.0,0,0.0,0,407,0.0,0,407,0.0,BLCA
bladder,407,407,tpm_clean,ENSG00000189052,CGB5/8,24,5.9,16,3.93,20,407,4.91,14,407,3.44,BLCA
bladder,407,407,tpm_clean,ENSG00000189064,GAGE2A,25,6.14,18,4.42,20,407,4.91,15,407,3.69,BLCA
bladder,407,407,tpm_clean,ENSG00000189186,DCAF8L2,0,0.0,0,0.0,0,407,0.0,0,407,0.0,BLCA
bladder,407,407,tpm_clean,ENSG00000189252,SPANXN3,0,0.0,0,0.0,0,407,0.0,0,407,0.0,BLCA
bladder,407,407,tpm_clean,ENSG00000189326,SPANXN4,0,0.0,0,0.0,0,407,0.0,0,407,0.0,BLCA
bladder,407,407,tpm_clean,ENSG00000189357,SPATA31D4,0,0.0,0,0.0,0,407,0.0,0,407,0.0,BLCA
bladder,407,407,tpm_clean,ENSG00000196350,ZNF729,0,0.0,0,0.0,0,407,0.0,0,407,0.0,BLCA
bladder,407,407,tpm_clean,ENSG00000196406,SPANXD,3,0.74,2,0.49,3,407,0.74,1,407,0.25,BLCA
bladder,407,407,tpm_clean,ENSG00000196553,CCDC196,0,0.0,0,0.0,0,407,0.0,0,407,0.0,BLCA
bladder,407,407,tpm_clean,ENSG00000196604,POTEF,0,0.0,0,0.0,0,407,0.0,0,407,0.0,BLCA
bladder,407,407,tpm_clean,ENSG00000196862,RGPD4,0,0.0,0,0.0,0,407,0.0,0,407,0.0,BLCA
bladder,407,407,tpm_clean,ENSG00000197172,MAGEA6,134,32.92,76,18.67,103,407,25.31,18,407,4.42,BLCA
bladder,407,407,tpm_clean,ENSG00000198021,SPANXA1/2,8,1.97,5,1.23,6,407,1.47,4,407,0.98,BLCA
bladder,407,407,tpm_clean,ENSG00000198573,SPANXC,4,0.98,3,0.74,3,407,0.74,3,407,0.74,BLCA
bladder,407,407,tpm_clean,ENSG00000198681,MAGEA1,25,6.14,7,1.72,12,407,2.95,1,407,0.25,BLCA
bladder,407,407,tpm_clean,ENSG00000198759,EGFL6,10,2.46,0,0.0,3,407,0.74,0,407,0.0,BLCA
bladder,407,407,tpm_clean,ENSG00000198765,SYCP1,0,0.0,0,0.0,0,407,0.0,0,407,0.0,BLCA
bladder,407,407,tpm_clean,ENSG00000198870,STKLD1,0,0.0,0,0.0,0,407,0.0,0,407,0.0,BLCA
bladder,407,407,tpm_clean,ENSG00000203909,DPPA5,0,0.0,0,0.0,0,407,0.0,0,407,0.0,BLCA
bladder,407,407,tpm_clean,ENSG00000203923,SPANXN1,0,0.0,0,0.0,0,407,0.0,0,407,0.0,BLCA
bladder,407,407,tpm_clean,ENSG00000204019,CT83,9,2.21,3,0.74,5,407,1.23,1,407,0.25,BLCA
bladder,407,407,tpm_clean,ENSG00000204279,PAGE3,0,0.0,0,0.0,0,407,0.0,0,407,0.0,BLCA
bladder,407,407,tpm_clean,ENSG00000204363,SPANXN5,0,0.0,0,0.0,0,407,0.0,0,407,0.0,BLCA
bladder,407,407,tpm_clean,ENSG00000204379,XAGE1A/B,39,9.58,36,8.85,37,407,9.09,33,407,8.11,BLCA
bladder,407,407,tpm_clean,ENSG00000204450,TRIM64,0,0.0,0,0.0,0,407,0.0,0,407,0.0,BLCA
bladder,407,407,tpm_clean,ENSG00000204849,SPATA31A1,0,0.0,0,0.0,0,407,0.0,0,407,0.0,BLCA
bladder,407,407,tpm_clean,ENSG00000204941,PSG5,9,2.21,3,0.74,4,407,0.98,2,407,0.49,BLCA
bladder,407,407,tpm_clean,ENSG00000204961,PCDHA9,0,0.0,0,0.0,0,407,0.0,0,407,0.0,BLCA
bladder,407,407,tpm_clean,ENSG00000205359,SLCO6A1,0,0.0,0,0.0,0,407,0.0,0,407,0.0,BLCA
bladder,407,407,tpm_clean,ENSG00000205642,VCX3B,12,2.95,7,1.72,7,407,1.72,4,407,0.98,BLCA
bladder,407,407,tpm_clean,ENSG00000205777,GAGE1,25,6.14,21,5.16,22,407,5.41,17,407,4.18,BLCA
bladder,407,407,tpm_clean,ENSG00000212710,CTAGE1,0,0.0,0,0.0,0,407,0.0,0,407,0.0,BLCA
bladder,407,407,tpm_clean,ENSG00000213218,CSH2,0,0.0,0,0.0,0,407,0.0,0,407,0.0,BLCA
bladder,407,407,tpm_clean,ENSG00000213401,MAGEA12,55,13.51,11,2.7,20,407,4.91,0,407,0.0,BLCA
bladder,407,407,tpm_clean,ENSG00000214107,MAGEB1,0,0.0,0,0.0,0,407,0.0,0,407,0.0,BLCA
bladder,407,407,tpm_clean,ENSG00000215113,CXorf49/CXorf49B,28,6.88,18,4.42,21,407,5.16,11,407,2.7,BLCA
bladder,407,407,tpm_clean,ENSG00000215269,GAGE12F/G,0,0.0,0,0.0,0,407,0.0,0,407,0.0,BLCA
bladder,407,407,tpm_clean,ENSG00000215274,GAGE10,5,1.23,3,0.74,4,407,0.98,1,407,0.25,BLCA
bladder,407,407,tpm_clean,ENSG00000215529,EFCAB8,0,0.0,0,0.0,0,407,0.0,0,407,0.0,BLCA
bladder,407,407,tpm_clean,ENSG00000215817,ZC3H11B,0,0.0,0,0.0,0,407,0.0,0,407,0.0,BLCA
bladder,407,407,tpm_clean,ENSG00000216649,GAGE12C/D/E,6,1.47,6,1.47,6,407,1.47,6,407,1.47,BLCA
bladder,407,407,tpm_clean,ENSG00000221826,PSG3,0,0.0,0,0.0,0,407,0.0,0,407,0.0,BLCA
bladder,407,407,tpm_clean,ENSG00000221867,MAGEA3,138,33.91,96,23.59,118,407,28.99,41,407,10.07,BLCA
bladder,407,407,tpm_clean,ENSG00000221878,PSG7,0,0.0,0,0.0,0,407,0.0,0,407,0.0,BLCA
bladder,407,407,tpm_clean,ENSG00000224089,CT47A1/2/3/4/5/6/7/8/9/10/11/12,0,0.0,0,0.0,0,407,0.0,0,407,0.0,BLCA
bladder,407,407,tpm_clean,ENSG00000224440,CXorf51A/B,0,0.0,0,0.0,0,407,0.0,0,407,0.0,BLCA
bladder,407,407,tpm_clean,ENSG00000224659,GAGE12J,12,2.95,9,2.21,9,407,2.21,6,407,1.47,BLCA
bladder,407,407,tpm_clean,ENSG00000224902,GAGE12H,3,0.74,2,0.49,2,407,0.49,1,407,0.25,BLCA
bladder,407,0,tpm_clean,ENSG00000224960,PPP4R3C,0,,0,,0,0,,0,0,,BLCA
bladder,407,407,tpm_clean,ENSG00000226650,KIF4B,0,0.0,0,0.0,0,407,0.0,0,407,0.0,BLCA
bladder,407,407,tpm_clean,ENSG00000227234,SPANXB1,9,2.21,5,1.23,7,407,1.72,3,407,0.74,BLCA
bladder,407,407,tpm_clean,ENSG00000228836,CT45A5/6/7,1,0.25,0,0.0,1,407,0.25,0,407,0.0,BLCA
bladder,407,407,tpm_clean,ENSG00000228927,TSPY3,2,0.49,1,0.25,2,407,0.49,1,407,0.25,BLCA
bladder,407,407,tpm_clean,ENSG00000229549,TSPY8,2,0.49,1,0.25,2,407,0.49,1,407,0.25,BLCA
bladder,407,0,tpm_clean,ENSG00000230601,TEX48,0,,0,,0,0,,0,0,,BLCA
bladder,407,407,tpm_clean,ENSG00000231924,PSG1,3,0.74,2,0.49,3,407,0.74,0,407,0.0,BLCA
bladder,407,407,tpm_clean,ENSG00000233056,ERVH48-1,26,6.39,13,3.19,17,407,4.18,9,407,2.21,BLCA
bladder,407,407,tpm_clean,ENSG00000233803,TSPY4,5,1.23,4,0.98,5,407,1.23,3,407,0.74,BLCA
bladder,407,407,tpm_clean,ENSG00000234068,PAGE2,24,5.9,21,5.16,23,407,5.65,19,407,4.67,BLCA
bladder,407,407,tpm_clean,ENSG00000234414,RBMY1A1,2,0.49,1,0.25,1,407,0.25,1,407,0.25,BLCA
bladder,407,407,tpm_clean,ENSG00000235631,RNF148,0,0.0,0,0.0,0,407,0.0,0,407,0.0,BLCA
bladder,407,407,tpm_clean,ENSG00000236424,TSPY10,3,0.74,1,0.25,1,407,0.25,0,407,0.0,BLCA
bladder,407,407,tpm_clean,ENSG00000236446,CT47B1,0,0.0,0,0.0,0,407,0.0,0,407,0.0,BLCA
bladder,407,407,tpm_clean,ENSG00000236761,CTAGE9,0,0.0,0,0.0,0,407,0.0,0,407,0.0,BLCA
bladder,407,407,tpm_clean,ENSG00000238269,PAGE2B,20,4.91,15,3.69,16,407,3.93,12,407,2.95,BLCA
bladder,407,407,tpm_clean,ENSG00000240021,TEX35,0,0.0,0,0.0,0,407,0.0,0,407,0.0,BLCA
bladder,407,0,tpm_clean,ENSG00000241149,ZNF722,0,,0,,0,0,,0,0,,BLCA
bladder,407,407,tpm_clean,ENSG00000241476,SSX2/SSX2B,14,3.44,9,2.21,10,407,2.46,4,407,0.98,BLCA
bladder,407,407,tpm_clean,ENSG00000242221,PSG2,0,0.0,0,0.0,0,407,0.0,0,407,0.0,BLCA
bladder,407,407,tpm_clean,ENSG00000242389,RBMY1E,0,0.0,0,0.0,0,407,0.0,0,407,0.0,BLCA
bladder,407,407,tpm_clean,ENSG00000242875,RBMY1B,0,0.0,0,0.0,0,407,0.0,0,407,0.0,BLCA
bladder,407,407,tpm_clean,ENSG00000243130,PSG11,0,0.0,0,0.0,0,407,0.0,0,407,0.0,BLCA
bladder,407,407,tpm_clean,ENSG00000244395,RBMY1D,0,0.0,0,0.0,0,407,0.0,0,407,0.0,BLCA
bladder,407,407,tpm_clean,ENSG00000244588,RAD21L1,0,0.0,0,0.0,0,407,0.0,0,407,0.0,BLCA
bladder,407,407,tpm_clean,ENSG00000249861,LGALS16,0,0.0,0,0.0,0,407,0.0,0,407,0.0,BLCA
bladder,407,407,tpm_clean,ENSG00000250741,NT5C1B-RDH14,0,0.0,0,0.0,0,407,0.0,0,407,0.0,BLCA
bladder,407,407,tpm_clean,ENSG00000251258,RFPL4B,0,0.0,0,0.0,0,407,0.0,0,407,0.0,BLCA
bladder,407,407,tpm_clean,ENSG00000258713,C20orf141,2,0.49,1,0.25,1,407,0.25,0,407,0.0,BLCA
bladder,407,407,tpm_clean,ENSG00000258992,TSPY1,2,0.49,2,0.49,2,407,0.49,1,407,0.25,BLCA
bladder,407,407,tpm_clean,ENSG00000261649,GOLGA6L7,1,0.25,0,0.0,0,407,0.0,0,407,0.0,BLCA
bladder,407,407,tpm_clean,ENSG00000261949,GFY,1,0.25,1,0.25,1,407,0.25,1,407,0.25,BLCA
bladder,407,407,tpm_clean,ENSG00000268009,SSX4/SSX4B,6,1.47,2,0.49,4,407,0.98,0,407,0.0,BLCA
bladder,407,407,tpm_clean,ENSG00000268629,TEX13A,0,0.0,0,0.0,0,407,0.0,0,407,0.0,BLCA
bladder,407,407,tpm_clean,ENSG00000268696,ZNF723,0,0.0,0,0.0,0,407,0.0,0,407,0.0,BLCA
bladder,407,407,tpm_clean,ENSG00000268964,ERVV-2,3,0.74,1,0.25,1,407,0.25,0,407,0.0,BLCA
bladder,407,407,tpm_clean,ENSG00000268988,SPANXN2,0,0.0,0,0.0,0,407,0.0,0,407,0.0,BLCA
bladder,407,407,tpm_clean,ENSG00000269058,CALR3,0,0.0,0,0.0,0,407,0.0,0,407,0.0,BLCA
bladder,407,407,tpm_clean,ENSG00000269586,CT45A10,16,3.93,3,0.74,6,407,1.47,1,407,0.25,BLCA
bladder,407,407,tpm_clean,ENSG00000270806,C17orf50,0,0.0,0,0.0,0,407,0.0,0,407,0.0,BLCA
bladder,407,407,tpm_clean,ENSG00000270946,CT45A2/8/9,0,0.0,0,0.0,0,407,0.0,0,407,0.0,BLCA
bladder,407,407,tpm_clean,ENSG00000271321,CTAGE6,0,0.0,0,0.0,0,407,0.0,0,407,0.0,BLCA
bladder,407,407,tpm_clean,ENSG00000274274,GAGE13,20,4.91,13,3.19,16,407,3.93,11,407,2.7,BLCA
bladder,407,407,tpm_clean,ENSG00000274391,TPTE,0,0.0,0,0.0,0,407,0.0,0,407,0.0,BLCA
bladder,407,407,tpm_clean,ENSG00000275793,RIMBP3,0,0.0,0,0.0,0,407,0.0,0,407,0.0,BLCA
bladder,407,407,tpm_clean,ENSG00000275969,SPATA31A3,0,0.0,0,0.0,0,407,0.0,0,407,0.0,BLCA
bladder,407,407,tpm_clean,ENSG00000276040,SPATA31A7,0,0.0,0,0.0,0,407,0.0,0,407,0.0,BLCA
bladder,407,407,tpm_clean,ENSG00000276581,SPATA31A5,0,0.0,0,0.0,0,407,0.0,0,407,0.0,BLCA
bladder,407,407,tpm_clean,ENSG00000277322,GOLGA6L6,0,0.0,0,0.0,0,407,0.0,0,407,0.0,BLCA
bladder,407,0,tpm_clean,ENSG00000282815,TEX13C,0,,0,,0,0,,0,0,,BLCA
breast,1099,1099,tpm_clean,ENSG00000006047,YBX2,60,5.46,8,0.73,13,1099,1.18,1,1099,0.09,BRCA;BRCA_Basal;BRCA_HER2;BRCA_LumA;BRCA_LumB;BRCA_Normal
breast,1099,1099,tpm_clean,ENSG00000006659,LGALS14,0,0.0,0,0.0,0,1099,0.0,0,1099,0.0,BRCA;BRCA_Basal;BRCA_HER2;BRCA_LumA;BRCA_LumB;BRCA_Normal
breast,1099,1099,tpm_clean,ENSG00000007350,TKTL1,1,0.09,0,0.0,0,1099,0.0,0,1099,0.0,BRCA;BRCA_Basal;BRCA_HER2;BRCA_LumA;BRCA_LumB;BRCA_Normal
breast,1099,1099,tpm_clean,ENSG00000010318,PHF7,1,0.09,0,0.0,0,1099,0.0,0,1099,0.0,BRCA;BRCA_Basal;BRCA_HER2;BRCA_LumA;BRCA_LumB;BRCA_Normal
breast,1099,1099,tpm_clean,ENSG00000042813,ZPBP,0,0.0,0,0.0,0,1099,0.0,0,1099,0.0,BRCA;BRCA_Basal;BRCA_HER2;BRCA_LumA;BRCA_LumB;BRCA_Normal
breast,1099,1099,tpm_clean,ENSG00000046774,MAGEC2,10,0.91,4,0.36,6,1099,0.55,2,1099,0.18,BRCA;BRCA_Basal;BRCA_HER2;BRCA_LumA;BRCA_LumB;BRCA_Normal
breast,1099,1099,tpm_clean,ENSG00000054796,SPO11,1,0.09,0,0.0,0,1099,0.0,0,1099,0.0,BRCA;BRCA_Basal;BRCA_HER2;BRCA_LumA;BRCA_LumB;BRCA_Normal
breast,1099,1099,tpm_clean,ENSG00000068985,PAGE1,4,0.36,4,0.36,4,1099,0.36,4,1099,0.36,BRCA;BRCA_Basal;BRCA_HER2;BRCA_LumA;BRCA_LumB;BRCA_Normal
breast,1099,1099,tpm_clean,ENSG00000077800,FKBP6,0,0.0,0,0.0,0,1099,0.0,0,1099,0.0,BRCA;BRCA_Basal;BRCA_HER2;BRCA_LumA;BRCA_LumB;BRCA_Normal
breast,1099,1099,tpm_clean,ENSG00000077935,SMC1B,0,0.0,0,0.0,0,1099,0.0,0,1099,0.0,BRCA;BRCA_Basal;BRCA_HER2;BRCA_LumA;BRCA_LumB;BRCA_Normal
breast,1099,1099,tpm_clean,ENSG00000092345,DAZL,0,0.0,0,0.0,0,1099,0.0,0,1099,0.0,BRCA;BRCA_Basal;BRCA_HER2;BRCA_LumA;BRCA_LumB;BRCA_Normal
breast,1099,1099,tpm_clean,ENSG00000095627,TDRD1,5,0.45,1,0.09,1,1099,0.09,0,1099,0.0,BRCA;BRCA_Basal;BRCA_HER2;BRCA_LumA;BRCA_LumB;BRCA_Normal
breast,1099,1099,tpm_clean,ENSG00000099399,MAGEB2,5,0.45,1,0.09,3,1099,0.27,0,1099,0.0,BRCA;BRCA_Basal;BRCA_HER2;BRCA_LumA;BRCA_LumB;BRCA_Normal
breast,1099,1099,tpm_clean,ENSG00000102021,LUZP4,0,0.0,0,0.0,0,1099,0.0,0,1099,0.0,BRCA;BRCA_Basal;BRCA_HER2;BRCA_LumA;BRCA_LumB;BRCA_Normal
breast,1099,1099,tpm_clean,ENSG00000103023,PRSS54,0,0.0,0,0.0,0,1099,0.0,0,1099,0.0,BRCA;BRCA_Basal;BRCA_HER2;BRCA_LumA;BRCA_LumB;BRCA_Normal
breast,1099,1099,tpm_clean,ENSG00000104755,ADAM2,3,0.27,1,0.09,1,1099,0.09,1,1099,0.09,BRCA;BRCA_Basal;BRCA_HER2;BRCA_LumA;BRCA_LumB;BRCA_Normal
breast,1099,1099,tpm_clean,ENSG00000104804,TULP2,0,0.0,0,0.0,0,1099,0.0,0,1099,0.0,BRCA;BRCA_Basal;BRCA_HER2;BRCA_LumA;BRCA_LumB;BRCA_Normal
breast,1099,1099,tpm_clean,ENSG00000104818,CGB2,0,0.0,0,0.0,0,1099,0.0,0,1099,0.0,BRCA;BRCA_Basal;BRCA_HER2;BRCA_LumA;BRCA_LumB;BRCA_Normal
breast,1099,1099,tpm_clean,ENSG00000104901,DKKL1,1,0.09,1,0.09,1,1099,0.09,0,1099,0.0,BRCA;BRCA_Basal;BRCA_HER2;BRCA_LumA;BRCA_LumB;BRCA_Normal
breast,1099,1099,tpm_clean,ENSG00000105198,LGALS13,0,0.0,0,0.0,0,1099,0.0,0,1099,0.0,BRCA;BRCA_Basal;BRCA_HER2;BRCA_LumA;BRCA_LumB;BRCA_Normal
breast,1099,1099,tpm_clean,ENSG00000106013,ANKRD7,1,0.09,0,0.0,0,1099,0.0,0,1099,0.0,BRCA;BRCA_Basal;BRCA_HER2;BRCA_LumA;BRCA_LumB;BRCA_Normal
breast,1099,1099,tpm_clean,ENSG00000106304,SPAM1,0,0.0,0,0.0,0,1099,0.0,0,1099,0.0,BRCA;BRCA_Basal;BRCA_HER2;BRCA_LumA;BRCA_LumB;BRCA_Normal
breast,1099,1099,tpm_clean,ENSG00000114487,MORC1,0,0.0,0,0.0,0,1099,0.0,0,1099,0.0,BRCA;BRCA_Basal;BRCA_HER2;BRCA_LumA;BRCA_LumB;BRCA_Normal
breast,1099,1099,tpm_clean,ENSG00000117148,ACTL8,39,3.55,28,2.55,32,1099,2.91,16,1099,1.46,BRCA;BRCA_Basal;BRCA_HER2;BRCA_LumA;BRCA_LumB;BRCA_Normal
breast,1099,1099,tpm_clean,ENSG00000118434,SPACA1,0,0.0,0,0.0,0,1099,0.0,0,1099,0.0,BRCA;BRCA_Basal;BRCA_HER2;BRCA_LumA;BRCA_LumB;BRCA_Normal
breast,1099,1099,tpm_clean,ENSG00000118491,ZC2HC1B,0,0.0,0,0.0,0,1099,0.0,0,1099,0.0,BRCA;BRCA_Basal;BRCA_HER2;BRCA_LumA;BRCA_LumB;BRCA_Normal
breast,1099,1099,tpm_clean,ENSG00000121101,TEX14,5,0.45,3,0.27,4,1099,0.36,3,1099,0.27,BRCA;BRCA_Basal;BRCA_HER2;BRCA_LumA;BRCA_LumB;BRCA_Normal
breast,1099,1099,tpm_clean,ENSG00000122304,PRM2,0,0.0,0,0.0,0,1099,0.0,0,1099,0.0,BRCA;BRCA_Basal;BRCA_HER2;BRCA_LumA;BRCA_LumB;BRCA_Normal
breast,1099,1099,tpm_clean,ENSG00000123576,ESX1,0,0.0,0,0.0,0,1099,0.0,0,1099,0.0,BRCA;BRCA_Basal;BRCA_HER2;BRCA_LumA;BRCA_LumB;BRCA_Normal
breast,1099,1099,tpm_clean,ENSG00000123584,MAGEA9/MAGEA9B,20,1.82,11,1.0,14,1099,1.27,2,1099,0.18,BRCA;BRCA_Basal;BRCA_HER2;BRCA_LumA;BRCA_LumB;BRCA_Normal
breast,1099,1099,tpm_clean,ENSG00000124092,CTCFL,0,0.0,0,0.0,0,1099,0.0,0,1099,0.0,BRCA;BRCA_Basal;BRCA_HER2;BRCA_LumA;BRCA_LumB;BRCA_Normal
breast,1099,1099,tpm_clean,ENSG00000124227,ANKRD60,0,0.0,0,0.0,0,1099,0.0,0,1099,0.0,BRCA;BRCA_Basal;BRCA_HER2;BRCA_LumA;BRCA_LumB;BRCA_Normal
breast,1099,1099,tpm_clean,ENSG00000124260,MAGEA10,4,0.36,1,0.09,1,1099,0.09,0,1099,0.0,BRCA;BRCA_Basal;BRCA_HER2;BRCA_LumA;BRCA_LumB;BRCA_Normal
breast,1099,1099,tpm_clean,ENSG00000124467,PSG8,0,0.0,0,0.0,0,1099,0.0,0,1099,0.0,BRCA;BRCA_Basal;BRCA_HER2;BRCA_LumA;BRCA_LumB;BRCA_Normal
breast,1099,1099,tpm_clean,ENSG00000124490,CRISP2,5,0.45,0,0.0,1,1099,0.09,0,1099,0.0,BRCA;BRCA_Basal;BRCA_HER2;BRCA_LumA;BRCA_LumB;BRCA_Normal
breast,1099,1099,tpm_clean,ENSG00000125207,PIWIL1,0,0.0,0,0.0,0,1099,0.0,0,1099,0.0,BRCA;BRCA_Basal;BRCA_HER2;BRCA_LumA;BRCA_LumB;BRCA_Normal
breast,1099,1099,tpm_clean,ENSG00000125823,CSTL1,0,0.0,0,0.0,0,1099,0.0,0,1099,0.0,BRCA;BRCA_Basal;BRCA_HER2;BRCA_LumA;BRCA_LumB;BRCA_Normal
breast,1099,1099,tpm_clean,ENSG00000126467,TSKS,0,0.0,0,0.0,0,1099,0.0,0,1099,0.0,BRCA;BRCA_Basal;BRCA_HER2;BRCA_LumA;BRCA_LumB;BRCA_Normal
breast,1099,1099,tpm_clean,ENSG00000126752,SSX1,10,0.91,2,0.18,5,1099,0.45,1,1099,0.09,BRCA;BRCA_Basal;BRCA_HER2;BRCA_LumA;BRCA_LumB;BRCA_Normal
breast,1099,1099,tpm_clean,ENSG00000126856,PRDM7,0,0.0,0,0.0,0,1099,0.0,0,1099,0.0,BRCA;BRCA_Basal;BRCA_HER2;BRCA_LumA;BRCA_LumB;BRCA_Normal
breast,1099,1099,tpm_clean,ENSG00000129862,VCY/VCY1B,0,0.0,0,0.0,0,1099,0.0,0,1099,0.0,BRCA;BRCA_Basal;BRCA_HER2;BRCA_LumA;BRCA_LumB;BRCA_Normal
breast,1099,1099,tpm_clean,ENSG00000130950,NUTM2F,0,0.0,0,0.0,0,1099,0.0,0,1099,0.0,BRCA;BRCA_Basal;BRCA_HER2;BRCA_LumA;BRCA_LumB;BRCA_Normal
breast,1099,1099,tpm_clean,ENSG00000131126,TEX101,1,0.09,1,0.09,1,1099,0.09,0,1099,0.0,BRCA;BRCA_Basal;BRCA_HER2;BRCA_LumA;BRCA_LumB;BRCA_Normal
breast,1099,1099,tpm_clean,ENSG00000132446,FTHL17,13,1.18,4,0.36,6,1099,0.55,2,1099,0.18,BRCA;BRCA_Basal;BRCA_HER2;BRCA_LumA;BRCA_LumB;BRCA_Normal
breast,1099,1099,tpm_clean,ENSG00000135248,GARIN1B,0,0.0,0,0.0,0,1099,0.0,0,1099,0.0,BRCA;BRCA_Basal;BRCA_HER2;BRCA_LumA;BRCA_LumB;BRCA_Normal
breast,1099,1099,tpm_clean,ENSG00000137090,DMRT1,0,0.0,0,0.0,0,1099,0.0,0,1099,0.0,BRCA;BRCA_Basal;BRCA_HER2;BRCA_LumA;BRCA_LumB;BRCA_Normal
breast,1099,1099,tpm_clean,ENSG00000137948,BRDT,0,0.0,0,0.0,0,1099,0.0,0,1099,0.0,BRCA;BRCA_Basal;BRCA_HER2;BRCA_LumA;BRCA_LumB;BRCA_Normal
breast,1099,1099,tpm_clean,ENSG00000139351,SYCP3,0,0.0,0,0.0,0,1099,0.0,0,1099,0.0,BRCA;BRCA_Basal;BRCA_HER2;BRCA_LumA;BRCA_LumB;BRCA_Normal
breast,1099,1099,tpm_clean,ENSG00000140478,GOLGA6D,0,0.0,0,0.0,0,1099,0.0,0,1099,0.0,BRCA;BRCA_Basal;BRCA_HER2;BRCA_LumA;BRCA_LumB;BRCA_Normal
breast,1099,1099,tpm_clean,ENSG00000141096,DPEP3,0,0.0,0,0.0,0,1099,0.0,0,1099,0.0,BRCA;BRCA_Basal;BRCA_HER2;BRCA_LumA;BRCA_LumB;BRCA_Normal
breast,1099,1099,tpm_clean,ENSG00000141255,SPATA22,0,0.0,0,0.0,0,1099,0.0,0,1099,0.0,BRCA;BRCA_Basal;BRCA_HER2;BRCA_LumA;BRCA_LumB;BRCA_Normal
breast,1099,1099,tpm_clean,ENSG00000141316,SPACA3,0,0.0,0,0.0,0,1099,0.0,0,1099,0.0,BRCA;BRCA_Basal;BRCA_HER2;BRCA_LumA;BRCA_LumB;BRCA_Normal
breast,1099,1099,tpm_clean,ENSG00000141371,CHCT1,3,0.27,0,0.0,1,1099,0.09,0,1099,0.0,BRCA;BRCA_Basal;BRCA_HER2;BRCA_LumA;BRCA_LumB;BRCA_Normal
breast,1099,1099,tpm_clean,ENSG00000141437,SLC25A52,0,0.0,0,0.0,0,1099,0.0,0,1099,0.0,BRCA;BRCA_Basal;BRCA_HER2;BRCA_LumA;BRCA_LumB;BRCA_Normal
breast,1099,1099,tpm_clean,ENSG00000142025,DMRTC2,2,0.18,1,0.09,1,1099,0.09,0,1099,0.0,BRCA;BRCA_Basal;BRCA_HER2;BRCA_LumA;BRCA_LumB;BRCA_Normal
breast,1099,1099,tpm_clean,ENSG00000142698,C1orf94,0,0.0,0,0.0,0,1099,0.0,0,1099,0.0,BRCA;BRCA_Basal;BRCA_HER2;BRCA_LumA;BRCA_LumB;BRCA_Normal
breast,1099,1099,tpm_clean,ENSG00000143006,DMRTB1,0,0.0,0,0.0,0,1099,0.0,0,1099,0.0,BRCA;BRCA_Basal;BRCA_HER2;BRCA_LumA;BRCA_LumB;BRCA_Normal
breast,1099,1099,tpm_clean,ENSG00000143452,HORMAD1,53,4.82,17,1.55,24,1099,2.18,4,1099,0.36,BRCA;BRCA_Basal;BRCA_HER2;BRCA_LumA;BRCA_LumB;BRCA_Normal
breast,1099,1099,tpm_clean,ENSG00000144962,SPATA16,0,0.0,0,0.0,0,1099,0.0,0,1099,0.0,BRCA;BRCA_Basal;BRCA_HER2;BRCA_LumA;BRCA_LumB;BRCA_Normal
breast,1099,1099,tpm_clean,ENSG00000145309,CABS1,0,0.0,0,0.0,0,1099,0.0,0,1099,0.0,BRCA;BRCA_Basal;BRCA_HER2;BRCA_LumA;BRCA_LumB;BRCA_Normal
breast,1099,1099,tpm_clean,ENSG00000147081,AKAP4,0,0.0,0,0.0,0,1099,0.0,0,1099,0.0,BRCA;BRCA_Basal;BRCA_HER2;BRCA_LumA;BRCA_LumB;BRCA_Normal
breast,1099,1099,tpm_clean,ENSG00000147183,CPXCR1,0,0.0,0,0.0,0,1099,0.0,0,1099,0.0,BRCA;BRCA_Basal;BRCA_HER2;BRCA_LumA;BRCA_LumB;BRCA_Normal
breast,1099,1099,tpm_clean,ENSG00000147378,FATE1,2,0.18,2,0.18,2,1099,0.18,1,1099,0.09,BRCA;BRCA_Basal;BRCA_HER2;BRCA_LumA;BRCA_LumB;BRCA_Normal
breast,1099,1099,tpm_clean,ENSG00000147381,MAGEA4,37,3.37,29,2.64,33,1099,3.0,21,1099,1.91,BRCA;BRCA_Basal;BRCA_HER2;BRCA_LumA;BRCA_LumB;BRCA_Normal
breast,1099,1099,tpm_clean,ENSG00000148156,ACTL7B,0,0.0,0,0.0,0,1099,0.0,0,1099,0.0,BRCA;BRCA_Basal;BRCA_HER2;BRCA_LumA;BRCA_LumB;BRCA_Normal
breast,1099,1099,tpm_clean,ENSG00000150628,SPATA4,0,0.0,0,0.0,0,1099,0.0,0,1099,0.0,BRCA;BRCA_Basal;BRCA_HER2;BRCA_LumA;BRCA_LumB;BRCA_Normal
breast,1099,1099,tpm_clean,ENSG00000151962,RBM46,0,0.0,0,0.0,0,1099,0.0,0,1099,0.0,BRCA;BRCA_Basal;BRCA_HER2;BRCA_LumA;BRCA_LumB;BRCA_Normal
breast,1099,1099,tpm_clean,ENSG00000152430,BOLL,0,0.0,0,0.0,0,1099,0.0,0,1099,0.0,BRCA;BRCA_Basal;BRCA_HER2;BRCA_LumA;BRCA_LumB;BRCA_Normal
breast,1099,1099,tpm_clean,ENSG00000152670,DDX4,0,0.0,0,0.0,0,1099,0.0,0,1099,0.0,BRCA;BRCA_Basal;BRCA_HER2;BRCA_LumA;BRCA_LumB;BRCA_Normal
breast,1099,1099,tpm_clean,ENSG00000153060,TEKT5,0,0.0,0,0.0,0,1099,0.0,0,1099,0.0,BRCA;BRCA_Basal;BRCA_HER2;BRCA_LumA;BRCA_LumB;BRCA_Normal
breast,1099,1099,tpm_clean,ENSG00000153779,TGIF2LX,0,0.0,0,0.0,0,1099,0.0,0,1099,0.0,BRCA;BRCA_Basal;BRCA_HER2;BRCA_LumA;BRCA_LumB;BRCA_Normal
breast,1099,1099,tpm_clean,ENSG00000155087,ODF1,0,0.0,0,0.0,0,1099,0.0,0,1099,0.0,BRCA;BRCA_Basal;BRCA_HER2;BRCA_LumA;BRCA_LumB;BRCA_Normal
breast,1099,1099,tpm_clean,ENSG00000155495,MAGEC1,2,0.18,1,0.09,1,1099,0.09,0,1099,0.0,BRCA;BRCA_Basal;BRCA_HER2;BRCA_LumA;BRCA_LumB;BRCA_Normal
breast,1099,1099,tpm_clean,ENSG00000155622,XAGE2,21,1.91,13,1.18,17,1099,1.55,9,1099,0.82,BRCA;BRCA_Basal;BRCA_HER2;BRCA_LumA;BRCA_LumB;BRCA_Normal
breast,1099,1099,tpm_clean,ENSG00000156009,MAGEA8,6,0.55,4,0.36,5,1099,0.45,1,1099,0.09,BRCA;BRCA_Basal;BRCA_HER2;BRCA_LumA;BRCA_LumB;BRCA_Normal
breast,1099,1099,tpm_clean,ENSG00000156269,NAA11,0,0.0,0,0.0,0,1099,0.0,0,1099,0.0,BRCA;BRCA_Basal;BRCA_HER2;BRCA_LumA;BRCA_LumB;BRCA_Normal
breast,1099,1099,tpm_clean,ENSG00000158639,PAGE5,9,0.82,7,0.64,8,1099,0.73,6,1099,0.55,BRCA;BRCA_Basal;BRCA_HER2;BRCA_LumA;BRCA_LumB;BRCA_Normal
breast,1099,1099,tpm_clean,ENSG00000159289,GOLGA6A,0,0.0,0,0.0,0,1099,0.0,0,1099,0.0,BRCA;BRCA_Basal;BRCA_HER2;BRCA_LumA;BRCA_LumB;BRCA_Normal
breast,1099,1099,tpm_clean,ENSG00000159708,LRRC36,1,0.09,0,0.0,0,1099,0.0,0,1099,0.0,BRCA;BRCA_Basal;BRCA_HER2;BRCA_LumA;BRCA_LumB;BRCA_Normal
breast,1099,1099,tpm_clean,ENSG00000161860,SYCE2,0,0.0,0,0.0,0,1099,0.0,0,1099,0.0,BRCA;BRCA_Basal;BRCA_HER2;BRCA_LumA;BRCA_LumB;BRCA_Normal
breast,1099,1099,tpm_clean,ENSG00000161973,CCDC42,0,0.0,0,0.0,0,1099,0.0,0,1099,0.0,BRCA;BRCA_Basal;BRCA_HER2;BRCA_LumA;BRCA_LumB;BRCA_Normal
breast,1099,1099,tpm_clean,ENSG00000162039,MEIOB,0,0.0,0,0.0,0,1099,0.0,0,1099,0.0,BRCA;BRCA_Basal;BRCA_HER2;BRCA_LumA;BRCA_LumB;BRCA_Normal
breast,1099,1099,tpm_clean,ENSG00000162641,AKNAD1,0,0.0,0,0.0,0,1099,0.0,0,1099,0.0,BRCA;BRCA_Basal;BRCA_HER2;BRCA_LumA;BRCA_LumB;BRCA_Normal
breast,1099,1099,tpm_clean,ENSG00000162771,GARIN4,0,0.0,0,0.0,0,1099,0.0,0,1099,0.0,BRCA;BRCA_Basal;BRCA_HER2;BRCA_LumA;BRCA_LumB;BRCA_Normal
breast,1099,1099,tpm_clean,ENSG00000162843,WDR64,0,0.0,0,0.0,0,1099,0.0,0,1099,0.0,BRCA;BRCA_Basal;BRCA_HER2;BRCA_LumA;BRCA_LumB;BRCA_Normal
breast,1099,1099,tpm_clean,ENSG00000163114,PDHA2,0,0.0,0,0.0,0,1099,0.0,0,1099,0.0,BRCA;BRCA_Basal;BRCA_HER2;BRCA_LumA;BRCA_LumB;BRCA_Normal
breast,1099,1099,tpm_clean,ENSG00000163530,DPPA2,0,0.0,0,0.0,0,1099,0.0,0,1099,0.0,BRCA;BRCA_Basal;BRCA_HER2;BRCA_LumA;BRCA_LumB;BRCA_Normal
breast,1099,1099,tpm_clean,ENSG00000164113,ADAD1,0,0.0,0,0.0,0,1099,0.0,0,1099,0.0,BRCA;BRCA_Basal;BRCA_HER2;BRCA_LumA;BRCA_LumB;BRCA_Normal
breast,1099,1099,tpm_clean,ENSG00000164304,CAGE1,0,0.0,0,0.0,0,1099,0.0,0,1099,0.0,BRCA;BRCA_Basal;BRCA_HER2;BRCA_LumA;BRCA_LumB;BRCA_Normal
breast,1099,1099,tpm_clean,ENSG00000165583,SSX5,0,0.0,0,0.0,0,1099,0.0,0,1099,0.0,BRCA;BRCA_Basal;BRCA_HER2;BRCA_LumA;BRCA_LumB;BRCA_Normal
breast,1099,1099,tpm_clean,ENSG00000165584,SSX3,1,0.09,1,0.09,1,1099,0.09,1,1099,0.09,BRCA;BRCA_Basal;BRCA_HER2;BRCA_LumA;BRCA_LumB;BRCA_Normal
breast,1099,1099,tpm_clean,ENSG00000166049,PASD1,0,0.0,0,0.0,0,1099,0.0,0,1099,0.0,BRCA;BRCA_Basal;BRCA_HER2;BRCA_LumA;BRCA_LumB;BRCA_Normal
breast,1099,1099,tpm_clean,ENSG00000166069,TMCO5A,0,0.0,0,0.0,0,1099,0.0,0,1099,0.0,BRCA;BRCA_Basal;BRCA_HER2;BRCA_LumA;BRCA_LumB;BRCA_Normal
breast,1099,1099,tpm_clean,ENSG00000166118,SPATA19,0,0.0,0,0.0,0,1099,0.0,0,1099,0.0,BRCA;BRCA_Basal;BRCA_HER2;BRCA_LumA;BRCA_LumB;BRCA_Normal
breast,1099,1099,tpm_clean,ENSG00000166796,LDHC,1,0.09,0,0.0,0,1099,0.0,0,1099,0.0,BRCA;BRCA_Basal;BRCA_HER2;BRCA_LumA;BRCA_LumB;BRCA_Normal
breast,1099,1099,tpm_clean,ENSG00000167098,SUN5,0,0.0,0,0.0,0,1099,0.0,0,1099,0.0,BRCA;BRCA_Basal;BRCA_HER2;BRCA_LumA;BRCA_LumB;BRCA_Normal
breast,1099,1099,tpm_clean,ENSG00000168594,ADAM29,3,0.27,0,0.0,0,1099,0.0,0,1099,0.0,BRCA;BRCA_Basal;BRCA_HER2;BRCA_LumA;BRCA_LumB;BRCA_Normal
breast,1099,1099,tpm_clean,ENSG00000168757,TSPY2,0,0.0,0,0.0,0,1099,0.0,0,1099,0.0,BRCA;BRCA_Basal;BRCA_HER2;BRCA_LumA;BRCA_LumB;BRCA_Normal
breast,1099,1099,tpm_clean,ENSG00000169059,VCX3A,4,0.36,3,0.27,4,1099,0.36,2,1099,0.18,BRCA;BRCA_Basal;BRCA_HER2;BRCA_LumA;BRCA_LumB;BRCA_Normal
breast,1099,1099,tpm_clean,ENSG00000169551,CT55,0,0.0,0,0.0,0,1099,0.0,0,1099,0.0,BRCA;BRCA_Basal;BRCA_HER2;BRCA_LumA;BRCA_LumB;BRCA_Normal
breast,1099,1099,tpm_clean,ENSG00000169800,RBMY1F,0,0.0,0,0.0,0,1099,0.0,0,1099,0.0,BRCA;BRCA_Basal;BRCA_HER2;BRCA_LumA;BRCA_LumB;BRCA_Normal
breast,1099,1099,tpm_clean,ENSG00000170516,COX7B2,8,0.73,2,0.18,4,1099,0.36,0,1099,0.0,BRCA;BRCA_Basal;BRCA_HER2;BRCA_LumA;BRCA_LumB;BRCA_Normal
breast,1099,1099,tpm_clean,ENSG00000170748,RBMXL2,1,0.09,0,0.0,1,1099,0.09,0,1099,0.0,BRCA;BRCA_Basal;BRCA_HER2;BRCA_LumA;BRCA_LumB;BRCA_Normal
breast,1099,1099,tpm_clean,ENSG00000170848,PSG6,0,0.0,0,0.0,0,1099,0.0,0,1099,0.0,BRCA;BRCA_Basal;BRCA_HER2;BRCA_LumA;BRCA_LumB;BRCA_Normal
breast,1099,1099,tpm_clean,ENSG00000170950,PGK2,0,0.0,0,0.0,0,1099,0.0,0,1099,0.0,BRCA;BRCA_Basal;BRCA_HER2;BRCA_LumA;BRCA_LumB;BRCA_Normal
breast,1099,1099,tpm_clean,ENSG00000170965,PLAC1,7,0.64,3,0.27,4,1099,0.36,1,1099,0.09,BRCA;BRCA_Basal;BRCA_HER2;BRCA_LumA;BRCA_LumB;BRCA_Normal
breast,1099,1099,tpm_clean,ENSG00000171402,XAGE3,4,0.36,2,0.18,4,1099,0.36,1,1099,0.09,BRCA;BRCA_Basal;BRCA_HER2;BRCA_LumA;BRCA_LumB;BRCA_Normal
breast,1099,1099,tpm_clean,ENSG00000171405,XAGE5,2,0.18,2,0.18,2,1099,0.18,1,1099,0.09,BRCA;BRCA_Basal;BRCA_HER2;BRCA_LumA;BRCA_LumB;BRCA_Normal
breast,1099,1099,tpm_clean,ENSG00000171794,UTF1,0,0.0,0,0.0,0,1099,0.0,0,1099,0.0,BRCA;BRCA_Basal;BRCA_HER2;BRCA_LumA;BRCA_LumB;BRCA_Normal
breast,1099,1099,tpm_clean,ENSG00000172073,TEX37,0,0.0,0,0.0,0,1099,0.0,0,1099,0.0,BRCA;BRCA_Basal;BRCA_HER2;BRCA_LumA;BRCA_LumB;BRCA_Normal
breast,1099,1099,tpm_clean,ENSG00000172717,GARIN2,0,0.0,0,0.0,0,1099,0.0,0,1099,0.0,BRCA;BRCA_Basal;BRCA_HER2;BRCA_LumA;BRCA_LumB;BRCA_Normal
breast,1099,1099,tpm_clean,ENSG00000174015,CBY2,0,0.0,0,0.0,0,1099,0.0,0,1099,0.0,BRCA;BRCA_Basal;BRCA_HER2;BRCA_LumA;BRCA_LumB;BRCA_Normal
breast,1099,1099,tpm_clean,ENSG00000174016,TENT5D,0,0.0,0,0.0,0,1099,0.0,0,1099,0.0,BRCA;BRCA_Basal;BRCA_HER2;BRCA_LumA;BRCA_LumB;BRCA_Normal
breast,1099,1099,tpm_clean,ENSG00000174898,CATSPERD,0,0.0,0,0.0,0,1099,0.0,0,1099,0.0,BRCA;BRCA_Basal;BRCA_HER2;BRCA_LumA;BRCA_LumB;BRCA_Normal
breast,1099,1099,tpm_clean,ENSG00000175646,PRM1,1,0.09,1,0.09,1,1099,0.09,1,1099,0.09,BRCA;BRCA_Basal;BRCA_HER2;BRCA_LumA;BRCA_LumB;BRCA_Normal
breast,1099,1099,tpm_clean,ENSG00000175809,CBLL2,0,0.0,0,0.0,0,1099,0.0,0,1099,0.0,BRCA;BRCA_Basal;BRCA_HER2;BRCA_LumA;BRCA_LumB;BRCA_Normal
breast,1099,1099,tpm_clean,ENSG00000175820,CCDC168,0,0.0,0,0.0,0,1099,0.0,0,1099,0.0,BRCA;BRCA_Basal;BRCA_HER2;BRCA_LumA;BRCA_LumB;BRCA_Normal
breast,1099,1099,tpm_clean,ENSG00000175877,TMEM270,0,0.0,0,0.0,0,1099,0.0,0,1099,0.0,BRCA;BRCA_Basal;BRCA_HER2;BRCA_LumA;BRCA_LumB;BRCA_Normal
breast,1099,1099,tpm_clean,ENSG00000176256,HMGB4,0,0.0,0,0.0,0,1099,0.0,0,1099,0.0,BRCA;BRCA_Basal;BRCA_HER2;BRCA_LumA;BRCA_LumB;BRCA_Normal
breast,1099,1099,tpm_clean,ENSG00000176566,DCAF4L2,0,0.0,0,0.0,0,1099,0.0,0,1099,0.0,BRCA;BRCA_Basal;BRCA_HER2;BRCA_LumA;BRCA_LumB;BRCA_Normal
breast,1099,1099,tpm_clean,ENSG00000176635,HORMAD2,0,0.0,0,0.0,0,1099,0.0,0,1099,0.0,BRCA;BRCA_Basal;BRCA_HER2;BRCA_LumA;BRCA_LumB;BRCA_Normal
breast,1099,1099,tpm_clean,ENSG00000176746,MAGEB6,0,0.0,0,0.0,0,1099,0.0,0,1099,0.0,BRCA;BRCA_Basal;BRCA_HER2;BRCA_LumA;BRCA_LumB;BRCA_Normal
breast,1099,1099,tpm_clean,ENSG00000176774,MAGEB18,0,0.0,0,0.0,0,1099,0.0,0,1099,0.0,BRCA;BRCA_Basal;BRCA_HER2;BRCA_LumA;BRCA_LumB;BRCA_Normal
breast,1099,1099,tpm_clean,ENSG00000176988,FMR1NB,3,0.27,3,0.27,3,1099,0.27,1,1099,0.09,BRCA;BRCA_Basal;BRCA_HER2;BRCA_LumA;BRCA_LumB;BRCA_Normal
breast,1099,1099,tpm_clean,ENSG00000177294,FBXO39,0,0.0,0,0.0,0,1099,0.0,0,1099,0.0,BRCA;BRCA_Basal;BRCA_HER2;BRCA_LumA;BRCA_LumB;BRCA_Normal
breast,1099,1099,tpm_clean,ENSG00000177673,TEX44,0,0.0,0,0.0,0,1099,0.0,0,1099,0.0,BRCA;BRCA_Basal;BRCA_HER2;BRCA_LumA;BRCA_LumB;BRCA_Normal
breast,1099,1099,tpm_clean,ENSG00000177689,MAGEB10,0,0.0,0,0.0,0,1099,0.0,0,1099,0.0,BRCA;BRCA_Basal;BRCA_HER2;BRCA_LumA;BRCA_LumB;BRCA_Normal
breast,1099,1099,tpm_clean,ENSG00000177947,ODF3,0,0.0,0,0.0,0,1099,0.0,0,1099,0.0,BRCA;BRCA_Basal;BRCA_HER2;BRCA_LumA;BRCA_LumB;BRCA_Normal
breast,1099,1099,tpm_clean,ENSG00000177992,SPATA31E1,0,0.0,0,0.0,0,1099,0.0,0,1099,0.0,BRCA;BRCA_Basal;BRCA_HER2;BRCA_LumA;BRCA_LumB;BRCA_Normal
breast,1099,1099,tpm_clean,ENSG00000178021,TSPYL6,0,0.0,0,0.0,0,1099,0.0,0,1099,0.0,BRCA;BRCA_Basal;BRCA_HER2;BRCA_LumA;BRCA_LumB;BRCA_Normal
breast,1099,1099,tpm_clean,ENSG00000178257,PRM3,0,0.0,0,0.0,0,1099,0.0,0,1099,0.0,BRCA;BRCA_Basal;BRCA_HER2;BRCA_LumA;BRCA_LumB;BRCA_Normal
breast,1099,1099,tpm_clean,ENSG00000178279,TNP2,0,0.0,0,0.0,0,1099,0.0,0,1099,0.0,BRCA;BRCA_Basal;BRCA_HER2;BRCA_LumA;BRCA_LumB;BRCA_Normal
breast,1099,1099,tpm_clean,ENSG00000178997,EXD1,0,0.0,0,0.0,0,1099,0.0,0,1099,0.0,BRCA;BRCA_Basal;BRCA_HER2;BRCA_LumA;BRCA_LumB;BRCA_Normal
breast,1099,1099,tpm_clean,ENSG00000179046,TRIML2,1,0.09,0,0.0,1,1099,0.09,0,1099,0.0,BRCA;BRCA_Basal;BRCA_HER2;BRCA_LumA;BRCA_LumB;BRCA_Normal
breast,1099,1099,tpm_clean,ENSG00000179059,ZFP42,9,0.82,1,0.09,3,1099,0.27,0,1099,0.0,BRCA;BRCA_Basal;BRCA_HER2;BRCA_LumA;BRCA_LumB;BRCA_Normal
breast,1099,1099,tpm_clean,ENSG00000179088,C12orf42,0,0.0,0,0.0,0,1099,0.0,0,1099,0.0,BRCA;BRCA_Basal;BRCA_HER2;BRCA_LumA;BRCA_LumB;BRCA_Normal
breast,1099,1099,tpm_clean,ENSG00000179407,DNAJB8,0,0.0,0,0.0,0,1099,0.0,0,1099,0.0,BRCA;BRCA_Basal;BRCA_HER2;BRCA_LumA;BRCA_LumB;BRCA_Normal
breast,1099,1099,tpm_clean,ENSG00000180138,CSNK1A1L,0,0.0,0,0.0,0,1099,0.0,0,1099,0.0,BRCA;BRCA_Basal;BRCA_HER2;BRCA_LumA;BRCA_LumB;BRCA_Normal
breast,1099,1099,tpm_clean,ENSG00000180336,MEIOC,1,0.09,0,0.0,0,1099,0.0,0,1099,0.0,BRCA;BRCA_Basal;BRCA_HER2;BRCA_LumA;BRCA_LumB;BRCA_Normal
breast,1099,1099,tpm_clean,ENSG00000181323,SPEM1,0,0.0,0,0.0,0,1099,0.0,0,1099,0.0,BRCA;BRCA_Basal;BRCA_HER2;BRCA_LumA;BRCA_LumB;BRCA_Normal
breast,1099,1099,tpm_clean,ENSG00000181433,SAGE1,0,0.0,0,0.0,0,1099,0.0,0,1099,0.0,BRCA;BRCA_Basal;BRCA_HER2;BRCA_LumA;BRCA_LumB;BRCA_Normal
breast,1099,1099,tpm_clean,ENSG00000182308,DCAF4L1,0,0.0,0,0.0,0,1099,0.0,0,1099,0.0,BRCA;BRCA_Basal;BRCA_HER2;BRCA_LumA;BRCA_LumB;BRCA_Normal
breast,1099,1099,tpm_clean,ENSG00000182459,TEX19,3,0.27,1,0.09,2,1099,0.18,1,1099,0.09,BRCA;BRCA_Basal;BRCA_HER2;BRCA_LumA;BRCA_LumB;BRCA_Normal
breast,1099,1099,tpm_clean,ENSG00000182583,VCX,5,0.45,2,0.18,3,1099,0.27,0,1099,0.0,BRCA;BRCA_Basal;BRCA_HER2;BRCA_LumA;BRCA_LumB;BRCA_Normal
breast,1099,1099,tpm_clean,ENSG00000183206,POTEC,1,0.09,0,0.0,0,1099,0.0,0,1099,0.0,BRCA;BRCA_Basal;BRCA_HER2;BRCA_LumA;BRCA_LumB;BRCA_Normal
breast,1099,1099,tpm_clean,ENSG00000183305,MAGEA2/MAGEA2B,41,3.73,8,0.73,21,1099,1.91,2,1099,0.18,BRCA;BRCA_Basal;BRCA_HER2;BRCA_LumA;BRCA_LumB;BRCA_Normal
breast,1099,1099,tpm_clean,ENSG00000183434,TFDP3,0,0.0,0,0.0,0,1099,0.0,0,1099,0.0,BRCA;BRCA_Basal;BRCA_HER2;BRCA_LumA;BRCA_LumB;BRCA_Normal
breast,1099,1099,tpm_clean,ENSG00000183668,PSG9,2,0.18,1,0.09,2,1099,0.18,0,1099,0.0,BRCA;BRCA_Basal;BRCA_HER2;BRCA_LumA;BRCA_LumB;BRCA_Normal
breast,1099,1099,tpm_clean,ENSG00000184033,CTAG1A/B,28,2.55,25,2.27,27,1099,2.46,20,1099,1.82,BRCA;BRCA_Basal;BRCA_HER2;BRCA_LumA;BRCA_LumB;BRCA_Normal
breast,1099,1099,tpm_clean,ENSG00000184361,SPATA32,0,0.0,0,0.0,0,1099,0.0,0,1099,0.0,BRCA;BRCA_Basal;BRCA_HER2;BRCA_LumA;BRCA_LumB;BRCA_Normal
breast,1099,1099,tpm_clean,ENSG00000184507,NUTM1,0,0.0,0,0.0,0,1099,0.0,0,1099,0.0,BRCA;BRCA_Basal;BRCA_HER2;BRCA_LumA;BRCA_LumB;BRCA_Normal
breast,1099,1099,tpm_clean,ENSG00000184650,ODF4,0,0.0,0,0.0,0,1099,0.0,0,1099,0.0,BRCA;BRCA_Basal;BRCA_HER2;BRCA_LumA;BRCA_LumB;BRCA_Normal
breast,1099,1099,tpm_clean,ENSG00000184735,DDX53,0,0.0,0,0.0,0,1099,0.0,0,1099,0.0,BRCA;BRCA_Basal;BRCA_HER2;BRCA_LumA;BRCA_LumB;BRCA_Normal
breast,1099,1099,tpm_clean,ENSG00000185264,TEX33,0,0.0,0,0.0,0,1099,0.0,0,1099,0.0,BRCA;BRCA_Basal;BRCA_HER2;BRCA_LumA;BRCA_LumB;BRCA_Normal
breast,1099,1099,tpm_clean,ENSG00000185686,PRAME,224,20.38,140,12.74,161,1099,14.65,77,1099,7.01,BRCA;BRCA_Basal;BRCA_HER2;BRCA_LumA;BRCA_LumB;BRCA_Normal
breast,1099,1099,tpm_clean,ENSG00000185775,SPATA31A6,0,0.0,0,0.0,0,1099,0.0,0,1099,0.0,BRCA;BRCA_Basal;BRCA_HER2;BRCA_LumA;BRCA_LumB;BRCA_Normal
breast,1099,1099,tpm_clean,ENSG00000185792,NLRP9,0,0.0,0,0.0,0,1099,0.0,0,1099,0.0,BRCA;BRCA_Basal;BRCA_HER2;BRCA_LumA;BRCA_LumB;BRCA_Normal
breast,1099,1099,tpm_clean,ENSG00000185863,TMEM210,0,0.0,0,0.0,0,1099,0.0,0,1099,0.0,BRCA;BRCA_Basal;BRCA_HER2;BRCA_LumA;BRCA_LumB;BRCA_Normal
breast,1099,1099,tpm_clean,ENSG00000186075,ZPBP2,1,0.09,0,0.0,0,1099,0.0,0,1099,0.0,BRCA;BRCA_Basal;BRCA_HER2;BRCA_LumA;BRCA_LumB;BRCA_Normal
breast,1099,1099,tpm_clean,ENSG00000186118,TEX38,0,0.0,0,0.0,0,1099,0.0,0,1099,0.0,BRCA;BRCA_Basal;BRCA_HER2;BRCA_LumA;BRCA_LumB;BRCA_Normal
breast,1099,1099,tpm_clean,ENSG00000186451,SPATA12,0,0.0,0,0.0,0,1099,0.0,0,1099,0.0,BRCA;BRCA_Basal;BRCA_HER2;BRCA_LumA;BRCA_LumB;BRCA_Normal
breast,1099,1099,tpm_clean,ENSG00000186788,SPATA31D3,0,0.0,0,0.0,0,1099,0.0,0,1099,0.0,BRCA;BRCA_Basal;BRCA_HER2;BRCA_LumA;BRCA_LumB;BRCA_Normal
breast,1099,1099,tpm_clean,ENSG00000187003,ACTL7A,0,0.0,0,0.0,0,1099,0.0,0,1099,0.0,BRCA;BRCA_Basal;BRCA_HER2;BRCA_LumA;BRCA_LumB;BRCA_Normal
breast,1099,1099,tpm_clean,ENSG00000187191,DAZ3,0,0.0,0,0.0,0,1099,0.0,0,1099,0.0,BRCA;BRCA_Basal;BRCA_HER2;BRCA_LumA;BRCA_LumB;BRCA_Normal
breast,1099,1099,tpm_clean,ENSG00000187754,SSX7,0,0.0,0,0.0,0,1099,0.0,0,1099,0.0,BRCA;BRCA_Basal;BRCA_HER2;BRCA_LumA;BRCA_LumB;BRCA_Normal
breast,1099,1099,tpm_clean,ENSG00000187772,LIN28B,0,0.0,0,0.0,0,1099,0.0,0,1099,0.0,BRCA;BRCA_Basal;BRCA_HER2;BRCA_LumA;BRCA_LumB;BRCA_Normal
breast,1099,1099,tpm_clean,ENSG00000188120,DAZ1,0,0.0,0,0.0,0,1099,0.0,0,1099,0.0,BRCA;BRCA_Basal;BRCA_HER2;BRCA_LumA;BRCA_LumB;BRCA_Normal
breast,1099,1099,tpm_clean,ENSG00000188425,NANOS2,0,0.0,0,0.0,0,1099,0.0,0,1099,0.0,BRCA;BRCA_Basal;BRCA_HER2;BRCA_LumA;BRCA_LumB;BRCA_Normal
breast,1099,1099,tpm_clean,ENSG00000188782,CATSPER4,0,0.0,0,0.0,0,1099,0.0,0,1099,0.0,BRCA;BRCA_Basal;BRCA_HER2;BRCA_LumA;BRCA_LumB;BRCA_Normal
breast,1099,1099,tpm_clean,ENSG00000189023,MAGEB16,1,0.09,1,0.09,1,1099,0.09,0,1099,0.0,BRCA;BRCA_Basal;BRCA_HER2;BRCA_LumA;BRCA_LumB;BRCA_Normal
breast,1099,1099,tpm_clean,ENSG00000189052,CGB5/8,1,0.09,1,0.09,1,1099,0.09,1,1099,0.09,BRCA;BRCA_Basal;BRCA_HER2;BRCA_LumA;BRCA_LumB;BRCA_Normal
breast,1099,1099,tpm_clean,ENSG00000189064,GAGE2A,14,1.27,11,1.0,12,1099,1.09,7,1099,0.64,BRCA;BRCA_Basal;BRCA_HER2;BRCA_LumA;BRCA_LumB;BRCA_Normal
breast,1099,1099,tpm_clean,ENSG00000189186,DCAF8L2,0,0.0,0,0.0,0,1099,0.0,0,1099,0.0,BRCA;BRCA_Basal;BRCA_HER2;BRCA_LumA;BRCA_LumB;BRCA_Normal
breast,1099,1099,tpm_clean,ENSG00000189252,SPANXN3,0,0.0,0,0.0,0,1099,0.0,0,1099,0.0,BRCA;BRCA_Basal;BRCA_HER2;BRCA_LumA;BRCA_LumB;BRCA_Normal
breast,1099,1099,tpm_clean,ENSG00000189326,SPANXN4,0,0.0,0,0.0,0,1099,0.0,0,1099,0.0,BRCA;BRCA_Basal;BRCA_HER2;BRCA_LumA;BRCA_LumB;BRCA_Normal
breast,1099,1099,tpm_clean,ENSG00000189357,SPATA31D4,0,0.0,0,0.0,0,1099,0.0,0,1099,0.0,BRCA;BRCA_Basal;BRCA_HER2;BRCA_LumA;BRCA_LumB;BRCA_Normal
breast,1099,1099,tpm_clean,ENSG00000196350,ZNF729,0,0.0,0,0.0,0,1099,0.0,0,1099,0.0,BRCA;BRCA_Basal;BRCA_HER2;BRCA_LumA;BRCA_LumB;BRCA_Normal
breast,1099,1099,tpm_clean,ENSG00000196406,SPANXD,1,0.09,1,0.09,1,1099,0.09,1,1099,0.09,BRCA;BRCA_Basal;BRCA_HER2;BRCA_LumA;BRCA_LumB;BRCA_Normal
breast,1099,1099,tpm_clean,ENSG00000196553,CCDC196,3,0.27,1,0.09,1,1099,0.09,0,1099,0.0,BRCA;BRCA_Basal;BRCA_HER2;BRCA_LumA;BRCA_LumB;BRCA_Normal
breast,1099,1099,tpm_clean,ENSG00000196604,POTEF,1,0.09,0,0.0,0,1099,0.0,0,1099,0.0,BRCA;BRCA_Basal;BRCA_HER2;BRCA_LumA;BRCA_LumB;BRCA_Normal
breast,1099,1099,tpm_clean,ENSG00000196862,RGPD4,0,0.0,0,0.0,0,1099,0.0,0,1099,0.0,BRCA;BRCA_Basal;BRCA_HER2;BRCA_LumA;BRCA_LumB;BRCA_Normal
breast,1099,1099,tpm_clean,ENSG00000197172,MAGEA6,62,5.64,40,3.64,51,1099,4.64,22,1099,2.0,BRCA;BRCA_Basal;BRCA_HER2;BRCA_LumA;BRCA_LumB;BRCA_Normal
breast,1099,1099,tpm_clean,ENSG00000198021,SPANXA1/2,14,1.27,12,1.09,12,1099,1.09,11,1099,1.0,BRCA;BRCA_Basal;BRCA_HER2;BRCA_LumA;BRCA_LumB;BRCA_Normal
breast,1099,1099,tpm_clean,ENSG00000198573,SPANXC,3,0.27,3,0.27,3,1099,0.27,2,1099,0.18,BRCA;BRCA_Basal;BRCA_HER2;BRCA_LumA;BRCA_LumB;BRCA_Normal
breast,1099,1099,tpm_clean,ENSG00000198681,MAGEA1,32,2.91,13,1.18,19,1099,1.73,1,1099,0.09,BRCA;BRCA_Basal;BRCA_HER2;BRCA_LumA;BRCA_LumB;BRCA_Normal
breast,1099,1099,tpm_clean,ENSG00000198759,EGFL6,7,0.64,3,0.27,4,1099,0.36,1,1099,0.09,BRCA;BRCA_Basal;BRCA_HER2;BRCA_LumA;BRCA_LumB;BRCA_Normal
breast,1099,1099,tpm_clean,ENSG00000198765,SYCP1,1,0.09,0,0.0,0,1099,0.0,0,1099,0.0,BRCA;BRCA_Basal;BRCA_HER2;BRCA_LumA;BRCA_LumB;BRCA_Normal
breast,1099,1099,tpm_clean,ENSG00000198870,STKLD1,0,0.0,0,0.0,0,1099,0.0,0,1099,0.0,BRCA;BRCA_Basal;BRCA_HER2;BRCA_LumA;BRCA_LumB;BRCA_Normal
breast,1099,1099,tpm_clean,ENSG00000203909,DPPA5,0,0.0,0,0.0,0,1099,0.0,0,1099,0.0,BRCA;BRCA_Basal;BRCA_HER2;BRCA_LumA;BRCA_LumB;BRCA_Normal
breast,1099,1099,tpm_clean,ENSG00000203923,SPANXN1,0,0.0,0,0.0,0,1099,0.0,0,1099,0.0,BRCA;BRCA_Basal;BRCA_HER2;BRCA_LumA;BRCA_LumB;BRCA_Normal
breast,1099,1099,tpm_clean,ENSG00000204019,CT83,73,6.64,21,1.91,31,1099,2.82,4,1099,0.36,BRCA;BRCA_Basal;BRCA_HER2;BRCA_LumA;BRCA_LumB;BRCA_Normal
breast,1099,1099,tpm_clean,ENSG00000204279,PAGE3,0,0.0,0,0.0,0,1099,0.0,0,1099,0.0,BRCA;BRCA_Basal;BRCA_HER2;BRCA_LumA;BRCA_LumB;BRCA_Normal
breast,1099,1099,tpm_clean,ENSG00000204363,SPANXN5,0,0.0,0,0.0,0,1099,0.0,0,1099,0.0,BRCA;BRCA_Basal;BRCA_HER2;BRCA_LumA;BRCA_LumB;BRCA_Normal
breast,1099,1099,tpm_clean,ENSG00000204379,XAGE1A/B,56,5.1,42,3.82,47,1099,4.28,36,1099,3.28,BRCA;BRCA_Basal;BRCA_HER2;BRCA_LumA;BRCA_LumB;BRCA_Normal
breast,1099,1099,tpm_clean,ENSG00000204450,TRIM64,0,0.0,0,0.0,0,1099,0.0,0,1099,0.0,BRCA;BRCA_Basal;BRCA_HER2;BRCA_LumA;BRCA_LumB;BRCA_Normal
breast,1099,1099,tpm_clean,ENSG00000204849,SPATA31A1,0,0.0,0,0.0,0,1099,0.0,0,1099,0.0,BRCA;BRCA_Basal;BRCA_HER2;BRCA_LumA;BRCA_LumB;BRCA_Normal
breast,1099,1099,tpm_clean,ENSG00000204941,PSG5,1,0.09,0,0.0,0,1099,0.0,0,1099,0.0,BRCA;BRCA_Basal;BRCA_HER2;BRCA_LumA;BRCA_LumB;BRCA_Normal
breast,1099,1099,tpm_clean,ENSG00000204961,PCDHA9,0,0.0,0,0.0,0,1099,0.0,0,1099,0.0,BRCA;BRCA_Basal;BRCA_HER2;BRCA_LumA;BRCA_LumB;BRCA_Normal
breast,1099,1099,tpm_clean,ENSG00000205359,SLCO6A1,0,0.0,0,0.0,0,1099,0.0,0,1099,0.0,BRCA;BRCA_Basal;BRCA_HER2;BRCA_LumA;BRCA_LumB;BRCA_Normal
breast,1099,1099,tpm_clean,ENSG00000205642,VCX3B,3,0.27,2,0.18,3,1099,0.27,2,1099,0.18,BRCA;BRCA_Basal;BRCA_HER2;BRCA_LumA;BRCA_LumB;BRCA_Normal
breast,1099,1099,tpm_clean,ENSG00000205777,GAGE1,20,1.82,12,1.09,14,1099,1.27,6,1099,0.55,BRCA;BRCA_Basal;BRCA_HER2;BRCA_LumA;BRCA_LumB;BRCA_Normal
breast,1099,1099,tpm_clean,ENSG00000212710,CTAGE1,0,0.0,0,0.0,0,1099,0.0,0,1099,0.0,BRCA;BRCA_Basal;BRCA_HER2;BRCA_LumA;BRCA_LumB;BRCA_Normal
breast,1099,1099,tpm_clean,ENSG00000213218,CSH2,2,0.18,1,0.09,1,1099,0.09,0,1099,0.0,BRCA;BRCA_Basal;BRCA_HER2;BRCA_LumA;BRCA_LumB;BRCA_Normal
breast,1099,1099,tpm_clean,ENSG00000213401,MAGEA12,29,2.64,8,0.73,16,1099,1.46,2,1099,0.18,BRCA;BRCA_Basal;BRCA_HER2;BRCA_LumA;BRCA_LumB;BRCA_Normal
breast,1099,1099,tpm_clean,ENSG00000214107,MAGEB1,0,0.0,0,0.0,0,1099,0.0,0,1099,0.0,BRCA;BRCA_Basal;BRCA_HER2;BRCA_LumA;BRCA_LumB;BRCA_Normal
breast,1099,1099,tpm_clean,ENSG00000215113,CXorf49/CXorf49B,35,3.18,20,1.82,25,1099,2.27,17,1099,1.55,BRCA;BRCA_Basal;BRCA_HER2;BRCA_LumA;BRCA_LumB;BRCA_Normal
breast,1099,1099,tpm_clean,ENSG00000215269,GAGE12F/G,0,0.0,0,0.0,0,1099,0.0,0,1099,0.0,BRCA;BRCA_Basal;BRCA_HER2;BRCA_LumA;BRCA_LumB;BRCA_Normal
breast,1099,1099,tpm_clean,ENSG00000215274,GAGE10,3,0.27,1,0.09,3,1099,0.27,0,1099,0.0,BRCA;BRCA_Basal;BRCA_HER2;BRCA_LumA;BRCA_LumB;BRCA_Normal
breast,1099,1099,tpm_clean,ENSG00000215529,EFCAB8,0,0.0,0,0.0,0,1099,0.0,0,1099,0.0,BRCA;BRCA_Basal;BRCA_HER2;BRCA_LumA;BRCA_LumB;BRCA_Normal
breast,1099,1099,tpm_clean,ENSG00000215817,ZC3H11B,0,0.0,0,0.0,0,1099,0.0,0,1099,0.0,BRCA;BRCA_Basal;BRCA_HER2;BRCA_LumA;BRCA_LumB;BRCA_Normal
breast,1099,1099,tpm_clean,ENSG00000216649,GAGE12C/D/E,7,0.64,4,0.36,5,1099,0.45,3,1099,0.27,BRCA;BRCA_Basal;BRCA_HER2;BRCA_LumA;BRCA_LumB;BRCA_Normal
breast,1099,1099,tpm_clean,ENSG00000221826,PSG3,0,0.0,0,0.0,0,1099,0.0,0,1099,0.0,BRCA;BRCA_Basal;BRCA_HER2;BRCA_LumA;BRCA_LumB;BRCA_Normal
breast,1099,1099,tpm_clean,ENSG00000221867,MAGEA3,69,6.28,46,4.19,55,1099,5.0,25,1099,2.27,BRCA;BRCA_Basal;BRCA_HER2;BRCA_LumA;BRCA_LumB;BRCA_Normal
breast,1099,1099,tpm_clean,ENSG00000221878,PSG7,0,0.0,0,0.0,0,1099,0.0,0,1099,0.0,BRCA;BRCA_Basal;BRCA_HER2;BRCA_LumA;BRCA_LumB;BRCA_Normal
breast,1099,1099,tpm_clean,ENSG00000224089,CT47A1/2/3/4/5/6/7/8/9/10/11/12,0,0.0,0,0.0,0,1099,0.0,0,1099,0.0,BRCA;BRCA_Basal;BRCA_HER2;BRCA_LumA;BRCA_LumB;BRCA_Normal
breast,1099,1099,tpm_clean,ENSG00000224440,CXorf51A/B,0,0.0,0,0.0,0,1099,0.0,0,1099,0.0,BRCA;BRCA_Basal;BRCA_HER2;BRCA_LumA;BRCA_LumB;BRCA_Normal
breast,1099,1099,tpm_clean,ENSG00000224659,GAGE12J,3,0.27,2,0.18,3,1099,0.27,2,1099,0.18,BRCA;BRCA_Basal;BRCA_HER2;BRCA_LumA;BRCA_LumB;BRCA_Normal
breast,1099,1099,tpm_clean,ENSG00000224902,GAGE12H,4,0.36,3,0.27,3,1099,0.27,2,1099,0.18,BRCA;BRCA_Basal;BRCA_HER2;BRCA_LumA;BRCA_LumB;BRCA_Normal
breast,1099,0,tpm_clean,ENSG00000224960,PPP4R3C,0,,0,,0,0,,0,0,,BRCA;BRCA_Basal;BRCA_HER2;BRCA_LumA;BRCA_LumB;BRCA_Normal
breast,1099,1099,tpm_clean,ENSG00000226650,KIF4B,0,0.0,0,0.0,0,1099,0.0,0,1099,0.0,BRCA;BRCA_Basal;BRCA_HER2;BRCA_LumA;BRCA_LumB;BRCA_Normal
breast,1099,1099,tpm_clean,ENSG00000227234,SPANXB1,18,1.64,9,0.82,10,1099,0.91,7,1099,0.64,BRCA;BRCA_Basal;BRCA_HER2;BRCA_LumA;BRCA_LumB;BRCA_Normal
breast,1099,1099,tpm_clean,ENSG00000228836,CT45A5/6/7,9,0.82,2,0.18,4,1099,0.36,0,1099,0.0,BRCA;BRCA_Basal;BRCA_HER2;BRCA_LumA;BRCA_LumB;BRCA_Normal
breast,1099,1099,tpm_clean,ENSG00000228927,TSPY3,0,0.0,0,0.0,0,1099,0.0,0,1099,0.0,BRCA;BRCA_Basal;BRCA_HER2;BRCA_LumA;BRCA_LumB;BRCA_Normal
breast,1099,1099,tpm_clean,ENSG00000229549,TSPY8,0,0.0,0,0.0,0,1099,0.0,0,1099,0.0,BRCA;BRCA_Basal;BRCA_HER2;BRCA_LumA;BRCA_LumB;BRCA_Normal
breast,1099,0,tpm_clean,ENSG00000230601,TEX48,0,,0,,0,0,,0,0,,BRCA;BRCA_Basal;BRCA_HER2;BRCA_LumA;BRCA_LumB;BRCA_Normal
breast,1099,1099,tpm_clean,ENSG00000231924,PSG1,0,0.0,0,0.0,0,1099,0.0,0,1099,0.0,BRCA;BRCA_Basal;BRCA_HER2;BRCA_LumA;BRCA_LumB;BRCA_Normal
breast,1099,1099,tpm_clean,ENSG00000233056,ERVH48-1,1,0.09,0,0.0,0,1099,0.0,0,1099,0.0,BRCA;BRCA_Basal;BRCA_HER2;BRCA_LumA;BRCA_LumB;BRCA_Normal
breast,1099,1099,tpm_clean,ENSG00000233803,TSPY4,0,0.0,0,0.0,0,1099,0.0,0,1099,0.0,BRCA;BRCA_Basal;BRCA_HER2;BRCA_LumA;BRCA_LumB;BRCA_Normal
breast,1099,1099,tpm_clean,ENSG00000234068,PAGE2,22,2.0,13,1.18,17,1099,1.55,8,1099,0.73,BRCA;BRCA_Basal;BRCA_HER2;BRCA_LumA;BRCA_LumB;BRCA_Normal
breast,1099,1099,tpm_clean,ENSG00000234414,RBMY1A1,0,0.0,0,0.0,0,1099,0.0,0,1099,0.0,BRCA;BRCA_Basal;BRCA_HER2;BRCA_LumA;BRCA_LumB;BRCA_Normal
breast,1099,1099,tpm_clean,ENSG00000235631,RNF148,0,0.0,0,0.0,0,1099,0.0,0,1099,0.0,BRCA;BRCA_Basal;BRCA_HER2;BRCA_LumA;BRCA_LumB;BRCA_Normal
breast,1099,1099,tpm_clean,ENSG00000236424,TSPY10,0,0.0,0,0.0,0,1099,0.0,0,1099,0.0,BRCA;BRCA_Basal;BRCA_HER2;BRCA_LumA;BRCA_LumB;BRCA_Normal
breast,1099,1099,tpm_clean,ENSG00000236446,CT47B1,0,0.0,0,0.0,0,1099,0.0,0,1099,0.0,BRCA;BRCA_Basal;BRCA_HER2;BRCA_LumA;BRCA_LumB;BRCA_Normal
breast,1099,1099,tpm_clean,ENSG00000236761,CTAGE9,0,0.0,0,0.0,0,1099,0.0,0,1099,0.0,BRCA;BRCA_Basal;BRCA_HER2;BRCA_LumA;BRCA_LumB;BRCA_Normal
breast,1099,1099,tpm_clean,ENSG00000238269,PAGE2B,18,1.64,13,1.18,15,1099,1.36,10,1099,0.91,BRCA;BRCA_Basal;BRCA_HER2;BRCA_LumA;BRCA_LumB;BRCA_Normal
breast,1099,1099,tpm_clean,ENSG00000240021,TEX35,0,0.0,0,0.0,0,1099,0.0,0,1099,0.0,BRCA;BRCA_Basal;BRCA_HER2;BRCA_LumA;BRCA_LumB;BRCA_Normal
breast,1099,0,tpm_clean,ENSG00000241149,ZNF722,0,,0,,0,0,,0,0,,BRCA;BRCA_Basal;BRCA_HER2;BRCA_LumA;BRCA_LumB;BRCA_Normal
breast,1099,1099,tpm_clean,ENSG00000241476,SSX2/SSX2B,4,0.36,1,0.09,3,1099,0.27,0,1099,0.0,BRCA;BRCA_Basal;BRCA_HER2;BRCA_LumA;BRCA_LumB;BRCA_Normal
breast,1099,1099,tpm_clean,ENSG00000242221,PSG2,0,0.0,0,0.0,0,1099,0.0,0,1099,0.0,BRCA;BRCA_Basal;BRCA_HER2;BRCA_LumA;BRCA_LumB;BRCA_Normal
breast,1099,1099,tpm_clean,ENSG00000242389,RBMY1E,0,0.0,0,0.0,0,1099,0.0,0,1099,0.0,BRCA;BRCA_Basal;BRCA_HER2;BRCA_LumA;BRCA_LumB;BRCA_Normal
breast,1099,1099,tpm_clean,ENSG00000242875,RBMY1B,0,0.0,0,0.0,0,1099,0.0,0,1099,0.0,BRCA;BRCA_Basal;BRCA_HER2;BRCA_LumA;BRCA_LumB;BRCA_Normal
breast,1099,1099,tpm_clean,ENSG00000243130,PSG11,1,0.09,1,0.09,1,1099,0.09,1,1099,0.09,BRCA;BRCA_Basal;BRCA_HER2;BRCA_LumA;BRCA_LumB;BRCA_Normal
breast,1099,1099,tpm_clean,ENSG00000244395,RBMY1D,0,0.0,0,0.0,0,1099,0.0,0,1099,0.0,BRCA;BRCA_Basal;BRCA_HER2;BRCA_LumA;BRCA_LumB;BRCA_Normal
breast,1099,1099,tpm_clean,ENSG00000244588,RAD21L1,1,0.09,1,0.09,1,1099,0.09,0,1099,0.0,BRCA;BRCA_Basal;BRCA_HER2;BRCA_LumA;BRCA_LumB;BRCA_Normal
breast,1099,1099,tpm_clean,ENSG00000249861,LGALS16,0,0.0,0,0.0,0,1099,0.0,0,1099,0.0,BRCA;BRCA_Basal;BRCA_HER2;BRCA_LumA;BRCA_LumB;BRCA_Normal
breast,1099,1099,tpm_clean,ENSG00000250741,NT5C1B-RDH14,0,0.0,0,0.0,0,1099,0.0,0,1099,0.0,BRCA;BRCA_Basal;BRCA_HER2;BRCA_LumA;BRCA_LumB;BRCA_Normal
breast,1099,1099,tpm_clean,ENSG00000251258,RFPL4B,1,0.09,0,0.0,0,1099,0.0,0,1099,0.0,BRCA;BRCA_Basal;BRCA_HER2;BRCA_LumA;BRCA_LumB;BRCA_Normal
breast,1099,1099,tpm_clean,ENSG00000258713,C20orf141,0,0.0,0,0.0,0,1099,0.0,0,1099,0.0,BRCA;BRCA_Basal;BRCA_HER2;BRCA_LumA;BRCA_LumB;BRCA_Normal
breast,1099,1099,tpm_clean,ENSG00000258992,TSPY1,0,0.0,0,0.0,0,1099,0.0,0,1099,0.0,BRCA;BRCA_Basal;BRCA_HER2;BRCA_LumA;BRCA_LumB;BRCA_Normal
breast,1099,1099,tpm_clean,ENSG00000261649,GOLGA6L7,0,0.0,0,0.0,0,1099,0.0,0,1099,0.0,BRCA;BRCA_Basal;BRCA_HER2;BRCA_LumA;BRCA_LumB;BRCA_Normal
breast,1099,1099,tpm_clean,ENSG00000261949,GFY,0,0.0,0,0.0,0,1099,0.0,0,1099,0.0,BRCA;BRCA_Basal;BRCA_HER2;BRCA_LumA;BRCA_LumB;BRCA_Normal
breast,1099,1099,tpm_clean,ENSG00000268009,SSX4/SSX4B,2,0.18,1,0.09,2,1099,0.18,0,1099,0.0,BRCA;BRCA_Basal;BRCA_HER2;BRCA_LumA;BRCA_LumB;BRCA_Normal
breast,1099,1099,tpm_clean,ENSG00000268629,TEX13A,0,0.0,0,0.0,0,1099,0.0,0,1099,0.0,BRCA;BRCA_Basal;BRCA_HER2;BRCA_LumA;BRCA_LumB;BRCA_Normal
breast,1099,1099,tpm_clean,ENSG00000268696,ZNF723,0,0.0,0,0.0,0,1099,0.0,0,1099,0.0,BRCA;BRCA_Basal;BRCA_HER2;BRCA_LumA;BRCA_LumB;BRCA_Normal
breast,1099,1099,tpm_clean,ENSG00000268964,ERVV-2,1,0.09,0,0.0,0,1099,0.0,0,1099,0.0,BRCA;BRCA_Basal;BRCA_HER2;BRCA_LumA;BRCA_LumB;BRCA_Normal
breast,1099,1099,tpm_clean,ENSG00000268988,SPANXN2,0,0.0,0,0.0,0,1099,0.0,0,1099,0.0,BRCA;BRCA_Basal;BRCA_HER2;BRCA_LumA;BRCA_LumB;BRCA_Normal
breast,1099,1099,tpm_clean,ENSG00000269058,CALR3,0,0.0,0,0.0,0,1099,0.0,0,1099,0.0,BRCA;BRCA_Basal;BRCA_HER2;BRCA_LumA;BRCA_LumB;BRCA_Normal
breast,1099,1099,tpm_clean,ENSG00000269586,CT45A10,9,0.82,2,0.18,5,1099,0.45,1,1099,0.09,BRCA;BRCA_Basal;BRCA_HER2;BRCA_LumA;BRCA_LumB;BRCA_Normal
breast,1099,1099,tpm_clean,ENSG00000270806,C17orf50,0,0.0,0,0.0,0,1099,0.0,0,1099,0.0,BRCA;BRCA_Basal;BRCA_HER2;BRCA_LumA;BRCA_LumB;BRCA_Normal
breast,1099,1099,tpm_clean,ENSG00000270946,CT45A2/8/9,4,0.36,4,0.36,4,1099,0.36,0,1099,0.0,BRCA;BRCA_Basal;BRCA_HER2;BRCA_LumA;BRCA_LumB;BRCA_Normal
breast,1099,1099,tpm_clean,ENSG00000271321,CTAGE6,0,0.0,0,0.0,0,1099,0.0,0,1099,0.0,BRCA;BRCA_Basal;BRCA_HER2;BRCA_LumA;BRCA_LumB;BRCA_Normal
breast,1099,1099,tpm_clean,ENSG00000274274,GAGE13,11,1.0,8,0.73,9,1099,0.82,7,1099,0.64,BRCA;BRCA_Basal;BRCA_HER2;BRCA_LumA;BRCA_LumB;BRCA_Normal
breast,1099,1099,tpm_clean,ENSG00000274391,TPTE,0,0.0,0,0.0,0,1099,0.0,0,1099,0.0,BRCA;BRCA_Basal;BRCA_HER2;BRCA_LumA;BRCA_LumB;BRCA_Normal
breast,1099,1099,tpm_clean,ENSG00000275793,RIMBP3,0,0.0,0,0.0,0,1099,0.0,0,1099,0.0,BRCA;BRCA_Basal;BRCA_HER2;BRCA_LumA;BRCA_LumB;BRCA_Normal
breast,1099,1099,tpm_clean,ENSG00000275969,SPATA31A3,0,0.0,0,0.0,0,1099,0.0,0,1099,0.0,BRCA;BRCA_Basal;BRCA_HER2;BRCA_LumA;BRCA_LumB;BRCA_Normal
breast,1099,1099,tpm_clean,ENSG00000276040,SPATA31A7,0,0.0,0,0.0,0,1099,0.0,0,1099,0.0,BRCA;BRCA_Basal;BRCA_HER2;BRCA_LumA;BRCA_LumB;BRCA_Normal
breast,1099,1099,tpm_clean,ENSG00000276581,SPATA31A5,0,0.0,0,0.0,0,1099,0.0,0,1099,0.0,BRCA;BRCA_Basal;BRCA_HER2;BRCA_LumA;BRCA_LumB;BRCA_Normal
breast,1099,1099,tpm_clean,ENSG00000277322,GOLGA6L6,0,0.0,0,0.0,0,1099,0.0,0,1099,0.0,BRCA;BRCA_Basal;BRCA_HER2;BRCA_LumA;BRCA_LumB;BRCA_Normal
breast,1099,0,tpm_clean,ENSG00000282815,TEX13C,0,,0,,0,0,,0,0,,BRCA;BRCA_Basal;BRCA_HER2;BRCA_LumA;BRCA_LumB;BRCA_Normal
cervix,306,306,tpm_clean,ENSG00000006047,YBX2,62,20.26,10,3.27,23,306,7.52,3,306,0.98,CESC
cervix,306,306,tpm_clean,ENSG00000006659,LGALS14,0,0.0,0,0.0,0,306,0.0,0,306,0.0,CESC
cervix,306,306,tpm_clean,ENSG00000007350,TKTL1,9,2.94,4,1.31,5,306,1.63,2,306,0.65,CESC
cervix,306,306,tpm_clean,ENSG00000010318,PHF7,0,0.0,0,0.0,0,306,0.0,0,306,0.0,CESC
cervix,306,306,tpm_clean,ENSG00000042813,ZPBP,0,0.0,0,0.0,0,306,0.0,0,306,0.0,CESC
cervix,306,306,tpm_clean,ENSG00000046774,MAGEC2,2,0.65,1,0.33,2,306,0.65,1,306,0.33,CESC
cervix,306,306,tpm_clean,ENSG00000054796,SPO11,0,0.0,0,0.0,0,306,0.0,0,306,0.0,CESC
cervix,306,306,tpm_clean,ENSG00000068985,PAGE1,1,0.33,0,0.0,1,306,0.33,0,306,0.0,CESC
cervix,306,306,tpm_clean,ENSG00000077800,FKBP6,0,0.0,0,0.0,0,306,0.0,0,306,0.0,CESC
cervix,306,306,tpm_clean,ENSG00000077935,SMC1B,0,0.0,0,0.0,0,306,0.0,0,306,0.0,CESC
cervix,306,306,tpm_clean,ENSG00000092345,DAZL,0,0.0,0,0.0,0,306,0.0,0,306,0.0,CESC
cervix,306,306,tpm_clean,ENSG00000095627,TDRD1,0,0.0,0,0.0,0,306,0.0,0,306,0.0,CESC
cervix,306,306,tpm_clean,ENSG00000099399,MAGEB2,1,0.33,0,0.0,1,306,0.33,0,306,0.0,CESC
cervix,306,306,tpm_clean,ENSG00000102021,LUZP4,0,0.0,0,0.0,0,306,0.0,0,306,0.0,CESC
cervix,306,306,tpm_clean,ENSG00000103023,PRSS54,0,0.0,0,0.0,0,306,0.0,0,306,0.0,CESC
cervix,306,306,tpm_clean,ENSG00000104755,ADAM2,0,0.0,0,0.0,0,306,0.0,0,306,0.0,CESC
cervix,306,306,tpm_clean,ENSG00000104804,TULP2,0,0.0,0,0.0,0,306,0.0,0,306,0.0,CESC
cervix,306,306,tpm_clean,ENSG00000104818,CGB2,0,0.0,0,0.0,0,306,0.0,0,306,0.0,CESC
cervix,306,306,tpm_clean,ENSG00000104901,DKKL1,0,0.0,0,0.0,0,306,0.0,0,306,0.0,CESC
cervix,306,306,tpm_clean,ENSG00000105198,LGALS13,0,0.0,0,0.0,0,306,0.0,0,306,0.0,CESC
cervix,306,306,tpm_clean,ENSG00000106013,ANKRD7,0,0.0,0,0.0,0,306,0.0,0,306,0.0,CESC
cervix,306,306,tpm_clean,ENSG00000106304,SPAM1,0,0.0,0,0.0,0,306,0.0,0,306,0.0,CESC
cervix,306,306,tpm_clean,ENSG00000114487,MORC1,0,0.0,0,0.0,0,306,0.0,0,306,0.0,CESC
cervix,306,306,tpm_clean,ENSG00000117148,ACTL8,10,3.27,7,2.29,8,306,2.61,6,306,1.96,CESC
cervix,306,306,tpm_clean,ENSG00000118434,SPACA1,0,0.0,0,0.0,0,306,0.0,0,306,0.0,CESC
cervix,306,306,tpm_clean,ENSG00000118491,ZC2HC1B,0,0.0,0,0.0,0,306,0.0,0,306,0.0,CESC
cervix,306,306,tpm_clean,ENSG00000121101,TEX14,0,0.0,0,0.0,0,306,0.0,0,306,0.0,CESC
cervix,306,306,tpm_clean,ENSG00000122304,PRM2,0,0.0,0,0.0,0,306,0.0,0,306,0.0,CESC
cervix,306,306,tpm_clean,ENSG00000123576,ESX1,0,0.0,0,0.0,0,306,0.0,0,306,0.0,CESC
cervix,306,306,tpm_clean,ENSG00000123584,MAGEA9/MAGEA9B,5,1.63,1,0.33,2,306,0.65,1,306,0.33,CESC
cervix,306,306,tpm_clean,ENSG00000124092,CTCFL,30,9.8,7,2.29,13,306,4.25,0,306,0.0,CESC
cervix,306,306,tpm_clean,ENSG00000124227,ANKRD60,0,0.0,0,0.0,0,306,0.0,0,306,0.0,CESC
cervix,306,306,tpm_clean,ENSG00000124260,MAGEA10,4,1.31,2,0.65,3,306,0.98,0,306,0.0,CESC
cervix,306,306,tpm_clean,ENSG00000124467,PSG8,0,0.0,0,0.0,0,306,0.0,0,306,0.0,CESC
cervix,306,306,tpm_clean,ENSG00000124490,CRISP2,0,0.0,0,0.0,0,306,0.0,0,306,0.0,CESC
cervix,306,306,tpm_clean,ENSG00000125207,PIWIL1,0,0.0,0,0.0,0,306,0.0,0,306,0.0,CESC
cervix,306,306,tpm_clean,ENSG00000125823,CSTL1,0,0.0,0,0.0,0,306,0.0,0,306,0.0,CESC
cervix,306,306,tpm_clean,ENSG00000126467,TSKS,1,0.33,0,0.0,0,306,0.0,0,306,0.0,CESC
cervix,306,306,tpm_clean,ENSG00000126752,SSX1,1,0.33,1,0.33,1,306,0.33,0,306,0.0,CESC
cervix,306,306,tpm_clean,ENSG00000126856,PRDM7,0,0.0,0,0.0,0,306,0.0,0,306,0.0,CESC
cervix,306,306,tpm_clean,ENSG00000129862,VCY/VCY1B,0,0.0,0,0.0,0,306,0.0,0,306,0.0,CESC
cervix,306,306,tpm_clean,ENSG00000130950,NUTM2F,0,0.0,0,0.0,0,306,0.0,0,306,0.0,CESC
cervix,306,306,tpm_clean,ENSG00000131126,TEX101,1,0.33,0,0.0,0,306,0.0,0,306,0.0,CESC
cervix,306,306,tpm_clean,ENSG00000132446,FTHL17,3,0.98,0,0.0,1,306,0.33,0,306,0.0,CESC
cervix,306,306,tpm_clean,ENSG00000135248,GARIN1B,0,0.0,0,0.0,0,306,0.0,0,306,0.0,CESC
cervix,306,306,tpm_clean,ENSG00000137090,DMRT1,0,0.0,0,0.0,0,306,0.0,0,306,0.0,CESC
cervix,306,306,tpm_clean,ENSG00000137948,BRDT,0,0.0,0,0.0,0,306,0.0,0,306,0.0,CESC
cervix,306,306,tpm_clean,ENSG00000139351,SYCP3,0,0.0,0,0.0,0,306,0.0,0,306,0.0,CESC
cervix,306,306,tpm_clean,ENSG00000140478,GOLGA6D,0,0.0,0,0.0,0,306,0.0,0,306,0.0,CESC
cervix,306,306,tpm_clean,ENSG00000141096,DPEP3,2,0.65,1,0.33,1,306,0.33,0,306,0.0,CESC
cervix,306,306,tpm_clean,ENSG00000141255,SPATA22,0,0.0,0,0.0,0,306,0.0,0,306,0.0,CESC
cervix,306,306,tpm_clean,ENSG00000141316,SPACA3,0,0.0,0,0.0,0,306,0.0,0,306,0.0,CESC
cervix,306,306,tpm_clean,ENSG00000141371,CHCT1,1,0.33,0,0.0,0,306,0.0,0,306,0.0,CESC
cervix,306,306,tpm_clean,ENSG00000141437,SLC25A52,0,0.0,0,0.0,0,306,0.0,0,306,0.0,CESC
cervix,306,306,tpm_clean,ENSG00000142025,DMRTC2,0,0.0,0,0.0,0,306,0.0,0,306,0.0,CESC
cervix,306,306,tpm_clean,ENSG00000142698,C1orf94,0,0.0,0,0.0,0,306,0.0,0,306,0.0,CESC
cervix,306,306,tpm_clean,ENSG00000143006,DMRTB1,0,0.0,0,0.0,0,306,0.0,0,306,0.0,CESC
cervix,306,306,tpm_clean,ENSG00000143452,HORMAD1,3,0.98,0,0.0,0,306,0.0,0,306,0.0,CESC
cervix,306,306,tpm_clean,ENSG00000144962,SPATA16,0,0.0,0,0.0,0,306,0.0,0,306,0.0,CESC
cervix,306,306,tpm_clean,ENSG00000145309,CABS1,0,0.0,0,0.0,0,306,0.0,0,306,0.0,CESC
cervix,306,306,tpm_clean,ENSG00000147081,AKAP4,0,0.0,0,0.0,0,306,0.0,0,306,0.0,CESC
cervix,306,306,tpm_clean,ENSG00000147183,CPXCR1,0,0.0,0,0.0,0,306,0.0,0,306,0.0,CESC
cervix,306,306,tpm_clean,ENSG00000147378,FATE1,1,0.33,0,0.0,0,306,0.0,0,306,0.0,CESC
cervix,306,306,tpm_clean,ENSG00000147381,MAGEA4,33,10.78,22,7.19,27,306,8.82,16,306,5.23,CESC
cervix,306,306,tpm_clean,ENSG00000148156,ACTL7B,0,0.0,0,0.0,0,306,0.0,0,306,0.0,CESC
cervix,306,306,tpm_clean,ENSG00000150628,SPATA4,0,0.0,0,0.0,0,306,0.0,0,306,0.0,CESC
cervix,306,306,tpm_clean,ENSG00000151962,RBM46,0,0.0,0,0.0,0,306,0.0,0,306,0.0,CESC
cervix,306,306,tpm_clean,ENSG00000152430,BOLL,0,0.0,0,0.0,0,306,0.0,0,306,0.0,CESC
cervix,306,306,tpm_clean,ENSG00000152670,DDX4,0,0.0,0,0.0,0,306,0.0,0,306,0.0,CESC
cervix,306,306,tpm_clean,ENSG00000153060,TEKT5,0,0.0,0,0.0,0,306,0.0,0,306,0.0,CESC
cervix,306,306,tpm_clean,ENSG00000153779,TGIF2LX,0,0.0,0,0.0,0,306,0.0,0,306,0.0,CESC
cervix,306,306,tpm_clean,ENSG00000155087,ODF1,0,0.0,0,0.0,0,306,0.0,0,306,0.0,CESC
cervix,306,306,tpm_clean,ENSG00000155495,MAGEC1,0,0.0,0,0.0,0,306,0.0,0,306,0.0,CESC
cervix,306,306,tpm_clean,ENSG00000155622,XAGE2,2,0.65,1,0.33,1,306,0.33,1,306,0.33,CESC
cervix,306,306,tpm_clean,ENSG00000156009,MAGEA8,1,0.33,1,0.33,1,306,0.33,1,306,0.33,CESC
cervix,306,306,tpm_clean,ENSG00000156269,NAA11,0,0.0,0,0.0,0,306,0.0,0,306,0.0,CESC
cervix,306,306,tpm_clean,ENSG00000158639,PAGE5,2,0.65,0,0.0,0,306,0.0,0,306,0.0,CESC
cervix,306,306,tpm_clean,ENSG00000159289,GOLGA6A,0,0.0,0,0.0,0,306,0.0,0,306,0.0,CESC
cervix,306,306,tpm_clean,ENSG00000159708,LRRC36,0,0.0,0,0.0,0,306,0.0,0,306,0.0,CESC
cervix,306,306,tpm_clean,ENSG00000161860,SYCE2,6,1.96,0,0.0,1,306,0.33,0,306,0.0,CESC
cervix,306,306,tpm_clean,ENSG00000161973,CCDC42,0,0.0,0,0.0,0,306,0.0,0,306,0.0,CESC
cervix,306,306,tpm_clean,ENSG00000162039,MEIOB,4,1.31,0,0.0,0,306,0.0,0,306,0.0,CESC
cervix,306,306,tpm_clean,ENSG00000162641,AKNAD1,0,0.0,0,0.0,0,306,0.0,0,306,0.0,CESC
cervix,306,306,tpm_clean,ENSG00000162771,GARIN4,0,0.0,0,0.0,0,306,0.0,0,306,0.0,CESC
cervix,306,306,tpm_clean,ENSG00000162843,WDR64,0,0.0,0,0.0,0,306,0.0,0,306,0.0,CESC
cervix,306,306,tpm_clean,ENSG00000163114,PDHA2,0,0.0,0,0.0,0,306,0.0,0,306,0.0,CESC
cervix,306,306,tpm_clean,ENSG00000163530,DPPA2,0,0.0,0,0.0,0,306,0.0,0,306,0.0,CESC
cervix,306,306,tpm_clean,ENSG00000164113,ADAD1,0,0.0,0,0.0,0,306,0.0,0,306,0.0,CESC
cervix,306,306,tpm_clean,ENSG00000164304,CAGE1,0,0.0,0,0.0,0,306,0.0,0,306,0.0,CESC
cervix,306,306,tpm_clean,ENSG00000165583,SSX5,0,0.0,0,0.0,0,306,0.0,0,306,0.0,CESC
cervix,306,306,tpm_clean,ENSG00000165584,SSX3,0,0.0,0,0.0,0,306,0.0,0,306,0.0,CESC
cervix,306,306,tpm_clean,ENSG00000166049,PASD1,0,0.0,0,0.0,0,306,0.0,0,306,0.0,CESC
cervix,306,306,tpm_clean,ENSG00000166069,TMCO5A,0,0.0,0,0.0,0,306,0.0,0,306,0.0,CESC
cervix,306,306,tpm_clean,ENSG00000166118,SPATA19,0,0.0,0,0.0,0,306,0.0,0,306,0.0,CESC
cervix,306,306,tpm_clean,ENSG00000166796,LDHC,0,0.0,0,0.0,0,306,0.0,0,306,0.0,CESC
cervix,306,306,tpm_clean,ENSG00000167098,SUN5,0,0.0,0,0.0,0,306,0.0,0,306,0.0,CESC
cervix,306,306,tpm_clean,ENSG00000168594,ADAM29,0,0.0,0,0.0,0,306,0.0,0,306,0.0,CESC
cervix,306,306,tpm_clean,ENSG00000168757,TSPY2,0,0.0,0,0.0,0,306,0.0,0,306,0.0,CESC
cervix,306,306,tpm_clean,ENSG00000169059,VCX3A,0,0.0,0,0.0,0,306,0.0,0,306,0.0,CESC
cervix,306,306,tpm_clean,ENSG00000169551,CT55,0,0.0,0,0.0,0,306,0.0,0,306,0.0,CESC
cervix,306,306,tpm_clean,ENSG00000169800,RBMY1F,0,0.0,0,0.0,0,306,0.0,0,306,0.0,CESC
cervix,306,306,tpm_clean,ENSG00000170516,COX7B2,0,0.0,0,0.0,0,306,0.0,0,306,0.0,CESC
cervix,306,306,tpm_clean,ENSG00000170748,RBMXL2,0,0.0,0,0.0,0,306,0.0,0,306,0.0,CESC
cervix,306,306,tpm_clean,ENSG00000170848,PSG6,1,0.33,1,0.33,1,306,0.33,1,306,0.33,CESC
cervix,306,306,tpm_clean,ENSG00000170950,PGK2,0,0.0,0,0.0,0,306,0.0,0,306,0.0,CESC
cervix,306,306,tpm_clean,ENSG00000170965,PLAC1,1,0.33,0,0.0,0,306,0.0,0,306,0.0,CESC
cervix,306,306,tpm_clean,ENSG00000171402,XAGE3,1,0.33,1,0.33,1,306,0.33,1,306,0.33,CESC
cervix,306,306,tpm_clean,ENSG00000171405,XAGE5,0,0.0,0,0.0,0,306,0.0,0,306,0.0,CESC
cervix,306,306,tpm_clean,ENSG00000171794,UTF1,0,0.0,0,0.0,0,306,0.0,0,306,0.0,CESC
cervix,306,306,tpm_clean,ENSG00000172073,TEX37,0,0.0,0,0.0,0,306,0.0,0,306,0.0,CESC
cervix,306,306,tpm_clean,ENSG00000172717,GARIN2,0,0.0,0,0.0,0,306,0.0,0,306,0.0,CESC
cervix,306,306,tpm_clean,ENSG00000174015,CBY2,0,0.0,0,0.0,0,306,0.0,0,306,0.0,CESC
cervix,306,306,tpm_clean,ENSG00000174016,TENT5D,0,0.0,0,0.0,0,306,0.0,0,306,0.0,CESC
cervix,306,306,tpm_clean,ENSG00000174898,CATSPERD,0,0.0,0,0.0,0,306,0.0,0,306,0.0,CESC
cervix,306,306,tpm_clean,ENSG00000175646,PRM1,0,0.0,0,0.0,0,306,0.0,0,306,0.0,CESC
cervix,306,306,tpm_clean,ENSG00000175809,CBLL2,0,0.0,0,0.0,0,306,0.0,0,306,0.0,CESC
cervix,306,306,tpm_clean,ENSG00000175820,CCDC168,0,0.0,0,0.0,0,306,0.0,0,306,0.0,CESC
cervix,306,306,tpm_clean,ENSG00000175877,TMEM270,0,0.0,0,0.0,0,306,0.0,0,306,0.0,CESC
cervix,306,306,tpm_clean,ENSG00000176256,HMGB4,0,0.0,0,0.0,0,306,0.0,0,306,0.0,CESC
cervix,306,306,tpm_clean,ENSG00000176566,DCAF4L2,0,0.0,0,0.0,0,306,0.0,0,306,0.0,CESC
cervix,306,306,tpm_clean,ENSG00000176635,HORMAD2,0,0.0,0,0.0,0,306,0.0,0,306,0.0,CESC
cervix,306,306,tpm_clean,ENSG00000176746,MAGEB6,0,0.0,0,0.0,0,306,0.0,0,306,0.0,CESC
cervix,306,306,tpm_clean,ENSG00000176774,MAGEB18,0,0.0,0,0.0,0,306,0.0,0,306,0.0,CESC
cervix,306,306,tpm_clean,ENSG00000176988,FMR1NB,0,0.0,0,0.0,0,306,0.0,0,306,0.0,CESC
cervix,306,306,tpm_clean,ENSG00000177294,FBXO39,1,0.33,0,0.0,0,306,0.0,0,306,0.0,CESC
cervix,306,306,tpm_clean,ENSG00000177673,TEX44,0,0.0,0,0.0,0,306,0.0,0,306,0.0,CESC
cervix,306,306,tpm_clean,ENSG00000177689,MAGEB10,0,0.0,0,0.0,0,306,0.0,0,306,0.0,CESC
cervix,306,306,tpm_clean,ENSG00000177947,ODF3,0,0.0,0,0.0,0,306,0.0,0,306,0.0,CESC
cervix,306,306,tpm_clean,ENSG00000177992,SPATA31E1,0,0.0,0,0.0,0,306,0.0,0,306,0.0,CESC
cervix,306,306,tpm_clean,ENSG00000178021,TSPYL6,0,0.0,0,0.0,0,306,0.0,0,306,0.0,CESC
cervix,306,306,tpm_clean,ENSG00000178257,PRM3,0,0.0,0,0.0,0,306,0.0,0,306,0.0,CESC
cervix,306,306,tpm_clean,ENSG00000178279,TNP2,0,0.0,0,0.0,0,306,0.0,0,306,0.0,CESC
cervix,306,306,tpm_clean,ENSG00000178997,EXD1,0,0.0,0,0.0,0,306,0.0,0,306,0.0,CESC
cervix,306,306,tpm_clean,ENSG00000179046,TRIML2,2,0.65,0,0.0,1,306,0.33,0,306,0.0,CESC
cervix,306,306,tpm_clean,ENSG00000179059,ZFP42,0,0.0,0,0.0,0,306,0.0,0,306,0.0,CESC
cervix,306,306,tpm_clean,ENSG00000179088,C12orf42,0,0.0,0,0.0,0,306,0.0,0,306,0.0,CESC
cervix,306,306,tpm_clean,ENSG00000179407,DNAJB8,0,0.0,0,0.0,0,306,0.0,0,306,0.0,CESC
cervix,306,306,tpm_clean,ENSG00000180138,CSNK1A1L,0,0.0,0,0.0,0,306,0.0,0,306,0.0,CESC
cervix,306,306,tpm_clean,ENSG00000180336,MEIOC,0,0.0,0,0.0,0,306,0.0,0,306,0.0,CESC
cervix,306,306,tpm_clean,ENSG00000181323,SPEM1,0,0.0,0,0.0,0,306,0.0,0,306,0.0,CESC
cervix,306,306,tpm_clean,ENSG00000181433,SAGE1,0,0.0,0,0.0,0,306,0.0,0,306,0.0,CESC
cervix,306,306,tpm_clean,ENSG00000182308,DCAF4L1,0,0.0,0,0.0,0,306,0.0,0,306,0.0,CESC
cervix,306,306,tpm_clean,ENSG00000182459,TEX19,0,0.0,0,0.0,0,306,0.0,0,306,0.0,CESC
cervix,306,306,tpm_clean,ENSG00000182583,VCX,1,0.33,0,0.0,0,306,0.0,0,306,0.0,CESC
cervix,306,306,tpm_clean,ENSG00000183206,POTEC,0,0.0,0,0.0,0,306,0.0,0,306,0.0,CESC
cervix,306,306,tpm_clean,ENSG00000183305,MAGEA2/MAGEA2B,8,2.61,5,1.63,8,306,2.61,2,306,0.65,CESC
cervix,306,306,tpm_clean,ENSG00000183434,TFDP3,0,0.0,0,0.0,0,306,0.0,0,306,0.0,CESC
cervix,306,306,tpm_clean,ENSG00000183668,PSG9,0,0.0,0,0.0,0,306,0.0,0,306,0.0,CESC
cervix,306,306,tpm_clean,ENSG00000184033,CTAG1A/B,4,1.31,3,0.98,3,306,0.98,0,306,0.0,CESC
cervix,306,306,tpm_clean,ENSG00000184361,SPATA32,0,0.0,0,0.0,0,306,0.0,0,306,0.0,CESC
cervix,306,306,tpm_clean,ENSG00000184507,NUTM1,0,0.0,0,0.0,0,306,0.0,0,306,0.0,CESC
cervix,306,306,tpm_clean,ENSG00000184650,ODF4,0,0.0,0,0.0,0,306,0.0,0,306,0.0,CESC
cervix,306,306,tpm_clean,ENSG00000184735,DDX53,0,0.0,0,0.0,0,306,0.0,0,306,0.0,CESC
cervix,306,306,tpm_clean,ENSG00000185264,TEX33,0,0.0,0,0.0,0,306,0.0,0,306,0.0,CESC
cervix,306,306,tpm_clean,ENSG00000185686,PRAME,40,13.07,17,5.56,21,306,6.86,11,306,3.59,CESC
cervix,306,306,tpm_clean,ENSG00000185775,SPATA31A6,0,0.0,0,0.0,0,306,0.0,0,306,0.0,CESC
cervix,306,306,tpm_clean,ENSG00000185792,NLRP9,0,0.0,0,0.0,0,306,0.0,0,306,0.0,CESC
cervix,306,306,tpm_clean,ENSG00000185863,TMEM210,0,0.0,0,0.0,0,306,0.0,0,306,0.0,CESC
cervix,306,306,tpm_clean,ENSG00000186075,ZPBP2,0,0.0,0,0.0,0,306,0.0,0,306,0.0,CESC
cervix,306,306,tpm_clean,ENSG00000186118,TEX38,0,0.0,0,0.0,0,306,0.0,0,306,0.0,CESC
cervix,306,306,tpm_clean,ENSG00000186451,SPATA12,0,0.0,0,0.0,0,306,0.0,0,306,0.0,CESC
cervix,306,306,tpm_clean,ENSG00000186788,SPATA31D3,0,0.0,0,0.0,0,306,0.0,0,306,0.0,CESC
cervix,306,306,tpm_clean,ENSG00000187003,ACTL7A,0,0.0,0,0.0,0,306,0.0,0,306,0.0,CESC
cervix,306,306,tpm_clean,ENSG00000187191,DAZ3,0,0.0,0,0.0,0,306,0.0,0,306,0.0,CESC
cervix,306,306,tpm_clean,ENSG00000187754,SSX7,0,0.0,0,0.0,0,306,0.0,0,306,0.0,CESC
cervix,306,306,tpm_clean,ENSG00000187772,LIN28B,0,0.0,0,0.0,0,306,0.0,0,306,0.0,CESC
cervix,306,306,tpm_clean,ENSG00000188120,DAZ1,0,0.0,0,0.0,0,306,0.0,0,306,0.0,CESC
cervix,306,306,tpm_clean,ENSG00000188425,NANOS2,0,0.0,0,0.0,0,306,0.0,0,306,0.0,CESC
cervix,306,306,tpm_clean,ENSG00000188782,CATSPER4,0,0.0,0,0.0,0,306,0.0,0,306,0.0,CESC
cervix,306,306,tpm_clean,ENSG00000189023,MAGEB16,0,0.0,0,0.0,0,306,0.0,0,306,0.0,CESC
cervix,306,306,tpm_clean,ENSG00000189052,CGB5/8,8,2.61,3,0.98,6,306,1.96,2,306,0.65,CESC
cervix,306,306,tpm_clean,ENSG00000189064,GAGE2A,10,3.27,9,2.94,10,306,3.27,7,306,2.29,CESC
cervix,306,306,tpm_clean,ENSG00000189186,DCAF8L2,0,0.0,0,0.0,0,306,0.0,0,306,0.0,CESC
cervix,306,306,tpm_clean,ENSG00000189252,SPANXN3,0,0.0,0,0.0,0,306,0.0,0,306,0.0,CESC
cervix,306,306,tpm_clean,ENSG00000189326,SPANXN4,0,0.0,0,0.0,0,306,0.0,0,306,0.0,CESC
cervix,306,306,tpm_clean,ENSG00000189357,SPATA31D4,0,0.0,0,0.0,0,306,0.0,0,306,0.0,CESC
cervix,306,306,tpm_clean,ENSG00000196350,ZNF729,0,0.0,0,0.0,0,306,0.0,0,306,0.0,CESC
cervix,306,306,tpm_clean,ENSG00000196406,SPANXD,0,0.0,0,0.0,0,306,0.0,0,306,0.0,CESC
cervix,306,306,tpm_clean,ENSG00000196553,CCDC196,0,0.0,0,0.0,0,306,0.0,0,306,0.0,CESC
cervix,306,306,tpm_clean,ENSG00000196604,POTEF,0,0.0,0,0.0,0,306,0.0,0,306,0.0,CESC
cervix,306,306,tpm_clean,ENSG00000196862,RGPD4,0,0.0,0,0.0,0,306,0.0,0,306,0.0,CESC
cervix,306,306,tpm_clean,ENSG00000197172,MAGEA6,22,7.19,18,5.88,18,306,5.88,11,306,3.59,CESC
cervix,306,306,tpm_clean,ENSG00000198021,SPANXA1/2,0,0.0,0,0.0,0,306,0.0,0,306,0.0,CESC
cervix,306,306,tpm_clean,ENSG00000198573,SPANXC,0,0.0,0,0.0,0,306,0.0,0,306,0.0,CESC
cervix,306,306,tpm_clean,ENSG00000198681,MAGEA1,16,5.23,6,1.96,13,306,4.25,3,306,0.98,CESC
cervix,306,306,tpm_clean,ENSG00000198759,EGFL6,10,3.27,2,0.65,4,306,1.31,1,306,0.33,CESC
cervix,306,306,tpm_clean,ENSG00000198765,SYCP1,0,0.0,0,0.0,0,306,0.0,0,306,0.0,CESC
cervix,306,306,tpm_clean,ENSG00000198870,STKLD1,0,0.0,0,0.0,0,306,0.0,0,306,0.0,CESC
cervix,306,306,tpm_clean,ENSG00000203909,DPPA5,0,0.0,0,0.0,0,306,0.0,0,306,0.0,CESC
cervix,306,306,tpm_clean,ENSG00000203923,SPANXN1,0,0.0,0,0.0,0,306,0.0,0,306,0.0,CESC
cervix,306,306,tpm_clean,ENSG00000204019,CT83,29,9.48,15,4.9,21,306,6.86,10,306,3.27,CESC
cervix,306,306,tpm_clean,ENSG00000204279,PAGE3,0,0.0,0,0.0,0,306,0.0,0,306,0.0,CESC
cervix,306,306,tpm_clean,ENSG00000204363,SPANXN5,0,0.0,0,0.0,0,306,0.0,0,306,0.0,CESC
cervix,306,306,tpm_clean,ENSG00000204379,XAGE1A/B,3,0.98,3,0.98,3,306,0.98,3,306,0.98,CESC
cervix,306,306,tpm_clean,ENSG00000204450,TRIM64,0,0.0,0,0.0,0,306,0.0,0,306,0.0,CESC
cervix,306,306,tpm_clean,ENSG00000204849,SPATA31A1,0,0.0,0,0.0,0,306,0.0,0,306,0.0,CESC
cervix,306,306,tpm_clean,ENSG00000204941,PSG5,4,1.31,3,0.98,3,306,0.98,2,306,0.65,CESC
cervix,306,306,tpm_clean,ENSG00000204961,PCDHA9,0,0.0,0,0.0,0,306,0.0,0,306,0.0,CESC
cervix,306,306,tpm_clean,ENSG00000205359,SLCO6A1,0,0.0,0,0.0,0,306,0.0,0,306,0.0,CESC
cervix,306,306,tpm_clean,ENSG00000205642,VCX3B,0,0.0,0,0.0,0,306,0.0,0,306,0.0,CESC
cervix,306,306,tpm_clean,ENSG00000205777,GAGE1,7,2.29,6,1.96,6,306,1.96,4,306,1.31,CESC
cervix,306,306,tpm_clean,ENSG00000212710,CTAGE1,0,0.0,0,0.0,0,306,0.0,0,306,0.0,CESC
cervix,306,306,tpm_clean,ENSG00000213218,CSH2,0,0.0,0,0.0,0,306,0.0,0,306,0.0,CESC
cervix,306,306,tpm_clean,ENSG00000213401,MAGEA12,8,2.61,7,2.29,8,306,2.61,1,306,0.33,CESC
cervix,306,306,tpm_clean,ENSG00000214107,MAGEB1,0,0.0,0,0.0,0,306,0.0,0,306,0.0,CESC
cervix,306,306,tpm_clean,ENSG00000215113,CXorf49/CXorf49B,21,6.86,13,4.25,14,306,4.58,4,306,1.31,CESC
cervix,306,306,tpm_clean,ENSG00000215269,GAGE12F/G,0,0.0,0,0.0,0,306,0.0,0,306,0.0,CESC
cervix,306,306,tpm_clean,ENSG00000215274,GAGE10,2,0.65,0,0.0,1,306,0.33,0,306,0.0,CESC
cervix,306,306,tpm_clean,ENSG00000215529,EFCAB8,0,0.0,0,0.0,0,306,0.0,0,306,0.0,CESC
cervix,306,306,tpm_clean,ENSG00000215817,ZC3H11B,0,0.0,0,0.0,0,306,0.0,0,306,0.0,CESC
cervix,306,306,tpm_clean,ENSG00000216649,GAGE12C/D/E,4,1.31,4,1.31,3,306,0.98,3,306,0.98,CESC
cervix,306,306,tpm_clean,ENSG00000221826,PSG3,0,0.0,0,0.0,0,306,0.0,0,306,0.0,CESC
cervix,306,306,tpm_clean,ENSG00000221867,MAGEA3,25,8.17,20,6.54,22,306,7.19,14,306,4.58,CESC
cervix,306,306,tpm_clean,ENSG00000221878,PSG7,0,0.0,0,0.0,0,306,0.0,0,306,0.0,CESC
cervix,306,306,tpm_clean,ENSG00000224089,CT47A1/2/3/4/5/6/7/8/9/10/11/12,0,0.0,0,0.0,0,306,0.0,0,306,0.0,CESC
cervix,306,306,tpm_clean,ENSG00000224440,CXorf51A/B,0,0.0,0,0.0,0,306,0.0,0,306,0.0,CESC
cervix,306,306,tpm_clean,ENSG00000224659,GAGE12J,4,1.31,3,0.98,3,306,0.98,3,306,0.98,CESC
cervix,306,306,tpm_clean,ENSG00000224902,GAGE12H,3,0.98,3,0.98,3,306,0.98,3,306,0.98,CESC
cervix,306,0,tpm_clean,ENSG00000224960,PPP4R3C,0,,0,,0,0,,0,0,,CESC
cervix,306,306,tpm_clean,ENSG00000226650,KIF4B,0,0.0,0,0.0,0,306,0.0,0,306,0.0,CESC
cervix,306,306,tpm_clean,ENSG00000227234,SPANXB1,2,0.65,1,0.33,2,306,0.65,1,306,0.33,CESC
cervix,306,306,tpm_clean,ENSG00000228836,CT45A5/6/7,2,0.65,1,0.33,1,306,0.33,0,306,0.0,CESC
cervix,306,306,tpm_clean,ENSG00000228927,TSPY3,0,0.0,0,0.0,0,306,0.0,0,306,0.0,CESC
cervix,306,306,tpm_clean,ENSG00000229549,TSPY8,0,0.0,0,0.0,0,306,0.0,0,306,0.0,CESC
cervix,306,0,tpm_clean,ENSG00000230601,TEX48,0,,0,,0,0,,0,0,,CESC
cervix,306,306,tpm_clean,ENSG00000231924,PSG1,0,0.0,0,0.0,0,306,0.0,0,306,0.0,CESC
cervix,306,306,tpm_clean,ENSG00000233056,ERVH48-1,1,0.33,0,0.0,1,306,0.33,0,306,0.0,CESC
cervix,306,306,tpm_clean,ENSG00000233803,TSPY4,0,0.0,0,0.0,0,306,0.0,0,306,0.0,CESC
cervix,306,306,tpm_clean,ENSG00000234068,PAGE2,3,0.98,2,0.65,3,306,0.98,1,306,0.33,CESC
cervix,306,306,tpm_clean,ENSG00000234414,RBMY1A1,0,0.0,0,0.0,0,306,0.0,0,306,0.0,CESC
cervix,306,306,tpm_clean,ENSG00000235631,RNF148,0,0.0,0,0.0,0,306,0.0,0,306,0.0,CESC
cervix,306,306,tpm_clean,ENSG00000236424,TSPY10,0,0.0,0,0.0,0,306,0.0,0,306,0.0,CESC
cervix,306,306,tpm_clean,ENSG00000236446,CT47B1,0,0.0,0,0.0,0,306,0.0,0,306,0.0,CESC
cervix,306,306,tpm_clean,ENSG00000236761,CTAGE9,0,0.0,0,0.0,0,306,0.0,0,306,0.0,CESC
cervix,306,306,tpm_clean,ENSG00000238269,PAGE2B,3,0.98,3,0.98,3,306,0.98,2,306,0.65,CESC
cervix,306,306,tpm_clean,ENSG00000240021,TEX35,0,0.0,0,0.0,0,306,0.0,0,306,0.0,CESC
cervix,306,0,tpm_clean,ENSG00000241149,ZNF722,0,,0,,0,0,,0,0,,CESC
cervix,306,306,tpm_clean,ENSG00000241476,SSX2/SSX2B,1,0.33,1,0.33,1,306,0.33,0,306,0.0,CESC
cervix,306,306,tpm_clean,ENSG00000242221,PSG2,0,0.0,0,0.0,0,306,0.0,0,306,0.0,CESC
cervix,306,306,tpm_clean,ENSG00000242389,RBMY1E,0,0.0,0,0.0,0,306,0.0,0,306,0.0,CESC
cervix,306,306,tpm_clean,ENSG00000242875,RBMY1B,0,0.0,0,0.0,0,306,0.0,0,306,0.0,CESC
cervix,306,306,tpm_clean,ENSG00000243130,PSG11,0,0.0,0,0.0,0,306,0.0,0,306,0.0,CESC
cervix,306,306,tpm_clean,ENSG00000244395,RBMY1D,0,0.0,0,0.0,0,306,0.0,0,306,0.0,CESC
cervix,306,306,tpm_clean,ENSG00000244588,RAD21L1,0,0.0,0,0.0,0,306,0.0,0,306,0.0,CESC
cervix,306,306,tpm_clean,ENSG00000249861,LGALS16,0,0.0,0,0.0,0,306,0.0,0,306,0.0,CESC
cervix,306,306,tpm_clean,ENSG00000250741,NT5C1B-RDH14,0,0.0,0,0.0,0,306,0.0,0,306,0.0,CESC
cervix,306,306,tpm_clean,ENSG00000251258,RFPL4B,0,0.0,0,0.0,0,306,0.0,0,306,0.0,CESC
cervix,306,306,tpm_clean,ENSG00000258713,C20orf141,1,0.33,1,0.33,1,306,0.33,0,306,0.0,CESC
cervix,306,306,tpm_clean,ENSG00000258992,TSPY1,0,0.0,0,0.0,0,306,0.0,0,306,0.0,CESC
cervix,306,306,tpm_clean,ENSG00000261649,GOLGA6L7,0,0.0,0,0.0,0,306,0.0,0,306,0.0,CESC
cervix,306,306,tpm_clean,ENSG00000261949,GFY,2,0.65,2,0.65,2,306,0.65,0,306,0.0,CESC
cervix,306,306,tpm_clean,ENSG00000268009,SSX4/SSX4B,2,0.65,1,0.33,1,306,0.33,1,306,0.33,CESC
cervix,306,306,tpm_clean,ENSG00000268629,TEX13A,0,0.0,0,0.0,0,306,0.0,0,306,0.0,CESC
cervix,306,306,tpm_clean,ENSG00000268696,ZNF723,0,0.0,0,0.0,0,306,0.0,0,306,0.0,CESC
cervix,306,306,tpm_clean,ENSG00000268964,ERVV-2,0,0.0,0,0.0,0,306,0.0,0,306,0.0,CESC
cervix,306,306,tpm_clean,ENSG00000268988,SPANXN2,0,0.0,0,0.0,0,306,0.0,0,306,0.0,CESC
cervix,306,306,tpm_clean,ENSG00000269058,CALR3,0,0.0,0,0.0,0,306,0.0,0,306,0.0,CESC
cervix,306,306,tpm_clean,ENSG00000269586,CT45A10,3,0.98,2,0.65,2,306,0.65,0,306,0.0,CESC
cervix,306,306,tpm_clean,ENSG00000270806,C17orf50,0,0.0,0,0.0,0,306,0.0,0,306,0.0,CESC
cervix,306,306,tpm_clean,ENSG00000270946,CT45A2/8/9,0,0.0,0,0.0,0,306,0.0,0,306,0.0,CESC
cervix,306,306,tpm_clean,ENSG00000271321,CTAGE6,0,0.0,0,0.0,0,306,0.0,0,306,0.0,CESC
cervix,306,306,tpm_clean,ENSG00000274274,GAGE13,7,2.29,4,1.31,4,306,1.31,3,306,0.98,CESC
cervix,306,306,tpm_clean,ENSG00000274391,TPTE,0,0.0,0,0.0,0,306,0.0,0,306,0.0,CESC
cervix,306,306,tpm_clean,ENSG00000275793,RIMBP3,0,0.0,0,0.0,0,306,0.0,0,306,0.0,CESC
cervix,306,306,tpm_clean,ENSG00000275969,SPATA31A3,0,0.0,0,0.0,0,306,0.0,0,306,0.0,CESC
cervix,306,306,tpm_clean,ENSG00000276040,SPATA31A7,0,0.0,0,0.0,0,306,0.0,0,306,0.0,CESC
cervix,306,306,tpm_clean,ENSG00000276581,SPATA31A5,0,0.0,0,0.0,0,306,0.0,0,306,0.0,CESC
cervix,306,306,tpm_clean,ENSG00000277322,GOLGA6L6,0,0.0,0,0.0,0,306,0.0,0,306,0.0,CESC
cervix,306,0,tpm_clean,ENSG00000282815,TEX13C,0,,0,,0,0,,0,0,,CESC
gallbladder_biliary,36,36,tpm_clean,ENSG00000006047,YBX2,1,2.78,0,0.0,1,36,2.78,0,36,0.0,CHOL
gallbladder_biliary,36,36,tpm_clean,ENSG00000006659,LGALS14,0,0.0,0,0.0,0,36,0.0,0,36,0.0,CHOL
gallbladder_biliary,36,36,tpm_clean,ENSG00000007350,TKTL1,0,0.0,0,0.0,0,36,0.0,0,36,0.0,CHOL
gallbladder_biliary,36,36,tpm_clean,ENSG00000010318,PHF7,0,0.0,0,0.0,0,36,0.0,0,36,0.0,CHOL
gallbladder_biliary,36,36,tpm_clean,ENSG00000042813,ZPBP,0,0.0,0,0.0,0,36,0.0,0,36,0.0,CHOL
gallbladder_biliary,36,36,tpm_clean,ENSG00000046774,MAGEC2,0,0.0,0,0.0,0,36,0.0,0,36,0.0,CHOL
gallbladder_biliary,36,36,tpm_clean,ENSG00000054796,SPO11,0,0.0,0,0.0,0,36,0.0,0,36,0.0,CHOL
gallbladder_biliary,36,36,tpm_clean,ENSG00000068985,PAGE1,0,0.0,0,0.0,0,36,0.0,0,36,0.0,CHOL
gallbladder_biliary,36,36,tpm_clean,ENSG00000077800,FKBP6,0,0.0,0,0.0,0,36,0.0,0,36,0.0,CHOL
gallbladder_biliary,36,36,tpm_clean,ENSG00000077935,SMC1B,0,0.0,0,0.0,0,36,0.0,0,36,0.0,CHOL
gallbladder_biliary,36,36,tpm_clean,ENSG00000092345,DAZL,0,0.0,0,0.0,0,36,0.0,0,36,0.0,CHOL
gallbladder_biliary,36,36,tpm_clean,ENSG00000095627,TDRD1,0,0.0,0,0.0,0,36,0.0,0,36,0.0,CHOL
gallbladder_biliary,36,36,tpm_clean,ENSG00000099399,MAGEB2,0,0.0,0,0.0,0,36,0.0,0,36,0.0,CHOL
gallbladder_biliary,36,36,tpm_clean,ENSG00000102021,LUZP4,0,0.0,0,0.0,0,36,0.0,0,36,0.0,CHOL
gallbladder_biliary,36,36,tpm_clean,ENSG00000103023,PRSS54,0,0.0,0,0.0,0,36,0.0,0,36,0.0,CHOL
gallbladder_biliary,36,36,tpm_clean,ENSG00000104755,ADAM2,0,0.0,0,0.0,0,36,0.0,0,36,0.0,CHOL
gallbladder_biliary,36,36,tpm_clean,ENSG00000104804,TULP2,0,0.0,0,0.0,0,36,0.0,0,36,0.0,CHOL
gallbladder_biliary,36,36,tpm_clean,ENSG00000104818,CGB2,0,0.0,0,0.0,0,36,0.0,0,36,0.0,CHOL
gallbladder_biliary,36,36,tpm_clean,ENSG00000104901,DKKL1,0,0.0,0,0.0,0,36,0.0,0,36,0.0,CHOL
gallbladder_biliary,36,36,tpm_clean,ENSG00000105198,LGALS13,0,0.0,0,0.0,0,36,0.0,0,36,0.0,CHOL
gallbladder_biliary,36,36,tpm_clean,ENSG00000106013,ANKRD7,0,0.0,0,0.0,0,36,0.0,0,36,0.0,CHOL
gallbladder_biliary,36,36,tpm_clean,ENSG00000106304,SPAM1,0,0.0,0,0.0,0,36,0.0,0,36,0.0,CHOL
gallbladder_biliary,36,36,tpm_clean,ENSG00000114487,MORC1,0,0.0,0,0.0,0,36,0.0,0,36,0.0,CHOL
gallbladder_biliary,36,36,tpm_clean,ENSG00000117148,ACTL8,0,0.0,0,0.0,0,36,0.0,0,36,0.0,CHOL
gallbladder_biliary,36,36,tpm_clean,ENSG00000118434,SPACA1,0,0.0,0,0.0,0,36,0.0,0,36,0.0,CHOL
gallbladder_biliary,36,36,tpm_clean,ENSG00000118491,ZC2HC1B,0,0.0,0,0.0,0,36,0.0,0,36,0.0,CHOL
gallbladder_biliary,36,36,tpm_clean,ENSG00000121101,TEX14,0,0.0,0,0.0,0,36,0.0,0,36,0.0,CHOL
gallbladder_biliary,36,36,tpm_clean,ENSG00000122304,PRM2,0,0.0,0,0.0,0,36,0.0,0,36,0.0,CHOL
gallbladder_biliary,36,36,tpm_clean,ENSG00000123576,ESX1,0,0.0,0,0.0,0,36,0.0,0,36,0.0,CHOL
gallbladder_biliary,36,36,tpm_clean,ENSG00000123584,MAGEA9/MAGEA9B,0,0.0,0,0.0,0,36,0.0,0,36,0.0,CHOL
gallbladder_biliary,36,36,tpm_clean,ENSG00000124092,CTCFL,0,0.0,0,0.0,0,36,0.0,0,36,0.0,CHOL
gallbladder_biliary,36,36,tpm_clean,ENSG00000124227,ANKRD60,0,0.0,0,0.0,0,36,0.0,0,36,0.0,CHOL
gallbladder_biliary,36,36,tpm_clean,ENSG00000124260,MAGEA10,0,0.0,0,0.0,0,36,0.0,0,36,0.0,CHOL
gallbladder_biliary,36,36,tpm_clean,ENSG00000124467,PSG8,1,2.78,1,2.78,1,36,2.78,0,36,0.0,CHOL
gallbladder_biliary,36,36,tpm_clean,ENSG00000124490,CRISP2,0,0.0,0,0.0,0,36,0.0,0,36,0.0,CHOL
gallbladder_biliary,36,36,tpm_clean,ENSG00000125207,PIWIL1,0,0.0,0,0.0,0,36,0.0,0,36,0.0,CHOL
gallbladder_biliary,36,36,tpm_clean,ENSG00000125823,CSTL1,0,0.0,0,0.0,0,36,0.0,0,36,0.0,CHOL
gallbladder_biliary,36,36,tpm_clean,ENSG00000126467,TSKS,0,0.0,0,0.0,0,36,0.0,0,36,0.0,CHOL
gallbladder_biliary,36,36,tpm_clean,ENSG00000126752,SSX1,1,2.78,0,0.0,0,36,0.0,0,36,0.0,CHOL
gallbladder_biliary,36,36,tpm_clean,ENSG00000126856,PRDM7,0,0.0,0,0.0,0,36,0.0,0,36,0.0,CHOL
gallbladder_biliary,36,36,tpm_clean,ENSG00000129862,VCY/VCY1B,0,0.0,0,0.0,0,36,0.0,0,36,0.0,CHOL
gallbladder_biliary,36,36,tpm_clean,ENSG00000130950,NUTM2F,0,0.0,0,0.0,0,36,0.0,0,36,0.0,CHOL
gallbladder_biliary,36,36,tpm_clean,ENSG00000131126,TEX101,0,0.0,0,0.0,0,36,0.0,0,36,0.0,CHOL
gallbladder_biliary,36,36,tpm_clean,ENSG00000132446,FTHL17,0,0.0,0,0.0,0,36,0.0,0,36,0.0,CHOL
gallbladder_biliary,36,36,tpm_clean,ENSG00000135248,GARIN1B,0,0.0,0,0.0,0,36,0.0,0,36,0.0,CHOL
gallbladder_biliary,36,36,tpm_clean,ENSG00000137090,DMRT1,0,0.0,0,0.0,0,36,0.0,0,36,0.0,CHOL
gallbladder_biliary,36,36,tpm_clean,ENSG00000137948,BRDT,0,0.0,0,0.0,0,36,0.0,0,36,0.0,CHOL
gallbladder_biliary,36,36,tpm_clean,ENSG00000139351,SYCP3,0,0.0,0,0.0,0,36,0.0,0,36,0.0,CHOL
gallbladder_biliary,36,36,tpm_clean,ENSG00000140478,GOLGA6D,0,0.0,0,0.0,0,36,0.0,0,36,0.0,CHOL
gallbladder_biliary,36,36,tpm_clean,ENSG00000141096,DPEP3,0,0.0,0,0.0,0,36,0.0,0,36,0.0,CHOL
gallbladder_biliary,36,36,tpm_clean,ENSG00000141255,SPATA22,0,0.0,0,0.0,0,36,0.0,0,36,0.0,CHOL
gallbladder_biliary,36,36,tpm_clean,ENSG00000141316,SPACA3,0,0.0,0,0.0,0,36,0.0,0,36,0.0,CHOL
gallbladder_biliary,36,36,tpm_clean,ENSG00000141371,CHCT1,0,0.0,0,0.0,0,36,0.0,0,36,0.0,CHOL
gallbladder_biliary,36,36,tpm_clean,ENSG00000141437,SLC25A52,0,0.0,0,0.0,0,36,0.0,0,36,0.0,CHOL
gallbladder_biliary,36,36,tpm_clean,ENSG00000142025,DMRTC2,0,0.0,0,0.0,0,36,0.0,0,36,0.0,CHOL
gallbladder_biliary,36,36,tpm_clean,ENSG00000142698,C1orf94,1,2.78,0,0.0,0,36,0.0,0,36,0.0,CHOL
gallbladder_biliary,36,36,tpm_clean,ENSG00000143006,DMRTB1,0,0.0,0,0.0,0,36,0.0,0,36,0.0,CHOL
gallbladder_biliary,36,36,tpm_clean,ENSG00000143452,HORMAD1,0,0.0,0,0.0,0,36,0.0,0,36,0.0,CHOL
gallbladder_biliary,36,36,tpm_clean,ENSG00000144962,SPATA16,0,0.0,0,0.0,0,36,0.0,0,36,0.0,CHOL
gallbladder_biliary,36,36,tpm_clean,ENSG00000145309,CABS1,0,0.0,0,0.0,0,36,0.0,0,36,0.0,CHOL
gallbladder_biliary,36,36,tpm_clean,ENSG00000147081,AKAP4,0,0.0,0,0.0,0,36,0.0,0,36,0.0,CHOL
gallbladder_biliary,36,36,tpm_clean,ENSG00000147183,CPXCR1,0,0.0,0,0.0,0,36,0.0,0,36,0.0,CHOL
gallbladder_biliary,36,36,tpm_clean,ENSG00000147378,FATE1,0,0.0,0,0.0,0,36,0.0,0,36,0.0,CHOL
gallbladder_biliary,36,36,tpm_clean,ENSG00000147381,MAGEA4,0,0.0,0,0.0,0,36,0.0,0,36,0.0,CHOL
gallbladder_biliary,36,36,tpm_clean,ENSG00000148156,ACTL7B,0,0.0,0,0.0,0,36,0.0,0,36,0.0,CHOL
gallbladder_biliary,36,36,tpm_clean,ENSG00000150628,SPATA4,0,0.0,0,0.0,0,36,0.0,0,36,0.0,CHOL
gallbladder_biliary,36,36,tpm_clean,ENSG00000151962,RBM46,0,0.0,0,0.0,0,36,0.0,0,36,0.0,CHOL
gallbladder_biliary,36,36,tpm_clean,ENSG00000152430,BOLL,0,0.0,0,0.0,0,36,0.0,0,36,0.0,CHOL
gallbladder_biliary,36,36,tpm_clean,ENSG00000152670,DDX4,0,0.0,0,0.0,0,36,0.0,0,36,0.0,CHOL
gallbladder_biliary,36,36,tpm_clean,ENSG00000153060,TEKT5,0,0.0,0,0.0,0,36,0.0,0,36,0.0,CHOL
gallbladder_biliary,36,36,tpm_clean,ENSG00000153779,TGIF2LX,0,0.0,0,0.0,0,36,0.0,0,36,0.0,CHOL
gallbladder_biliary,36,36,tpm_clean,ENSG00000155087,ODF1,0,0.0,0,0.0,0,36,0.0,0,36,0.0,CHOL
gallbladder_biliary,36,36,tpm_clean,ENSG00000155495,MAGEC1,0,0.0,0,0.0,0,36,0.0,0,36,0.0,CHOL
gallbladder_biliary,36,36,tpm_clean,ENSG00000155622,XAGE2,1,2.78,1,2.78,1,36,2.78,1,36,2.78,CHOL
gallbladder_biliary,36,36,tpm_clean,ENSG00000156009,MAGEA8,0,0.0,0,0.0,0,36,0.0,0,36,0.0,CHOL
gallbladder_biliary,36,36,tpm_clean,ENSG00000156269,NAA11,0,0.0,0,0.0,0,36,0.0,0,36,0.0,CHOL
gallbladder_biliary,36,36,tpm_clean,ENSG00000158639,PAGE5,1,2.78,0,0.0,1,36,2.78,0,36,0.0,CHOL
gallbladder_biliary,36,36,tpm_clean,ENSG00000159289,GOLGA6A,0,0.0,0,0.0,0,36,0.0,0,36,0.0,CHOL
gallbladder_biliary,36,36,tpm_clean,ENSG00000159708,LRRC36,0,0.0,0,0.0,0,36,0.0,0,36,0.0,CHOL
gallbladder_biliary,36,36,tpm_clean,ENSG00000161860,SYCE2,0,0.0,0,0.0,0,36,0.0,0,36,0.0,CHOL
gallbladder_biliary,36,36,tpm_clean,ENSG00000161973,CCDC42,0,0.0,0,0.0,0,36,0.0,0,36,0.0,CHOL
gallbladder_biliary,36,36,tpm_clean,ENSG00000162039,MEIOB,0,0.0,0,0.0,0,36,0.0,0,36,0.0,CHOL
gallbladder_biliary,36,36,tpm_clean,ENSG00000162641,AKNAD1,0,0.0,0,0.0,0,36,0.0,0,36,0.0,CHOL
gallbladder_biliary,36,36,tpm_clean,ENSG00000162771,GARIN4,0,0.0,0,0.0,0,36,0.0,0,36,0.0,CHOL
gallbladder_biliary,36,36,tpm_clean,ENSG00000162843,WDR64,0,0.0,0,0.0,0,36,0.0,0,36,0.0,CHOL
gallbladder_biliary,36,36,tpm_clean,ENSG00000163114,PDHA2,0,0.0,0,0.0,0,36,0.0,0,36,0.0,CHOL
gallbladder_biliary,36,36,tpm_clean,ENSG00000163530,DPPA2,0,0.0,0,0.0,0,36,0.0,0,36,0.0,CHOL
gallbladder_biliary,36,36,tpm_clean,ENSG00000164113,ADAD1,0,0.0,0,0.0,0,36,0.0,0,36,0.0,CHOL
gallbladder_biliary,36,36,tpm_clean,ENSG00000164304,CAGE1,0,0.0,0,0.0,0,36,0.0,0,36,0.0,CHOL
gallbladder_biliary,36,36,tpm_clean,ENSG00000165583,SSX5,0,0.0,0,0.0,0,36,0.0,0,36,0.0,CHOL
gallbladder_biliary,36,36,tpm_clean,ENSG00000165584,SSX3,0,0.0,0,0.0,0,36,0.0,0,36,0.0,CHOL
gallbladder_biliary,36,36,tpm_clean,ENSG00000166049,PASD1,0,0.0,0,0.0,0,36,0.0,0,36,0.0,CHOL
gallbladder_biliary,36,36,tpm_clean,ENSG00000166069,TMCO5A,0,0.0,0,0.0,0,36,0.0,0,36,0.0,CHOL
gallbladder_biliary,36,36,tpm_clean,ENSG00000166118,SPATA19,0,0.0,0,0.0,0,36,0.0,0,36,0.0,CHOL
gallbladder_biliary,36,36,tpm_clean,ENSG00000166796,LDHC,0,0.0,0,0.0,0,36,0.0,0,36,0.0,CHOL
gallbladder_biliary,36,36,tpm_clean,ENSG00000167098,SUN5,0,0.0,0,0.0,0,36,0.0,0,36,0.0,CHOL
gallbladder_biliary,36,36,tpm_clean,ENSG00000168594,ADAM29,0,0.0,0,0.0,0,36,0.0,0,36,0.0,CHOL
gallbladder_biliary,36,36,tpm_clean,ENSG00000168757,TSPY2,0,0.0,0,0.0,0,36,0.0,0,36,0.0,CHOL
gallbladder_biliary,36,36,tpm_clean,ENSG00000169059,VCX3A,0,0.0,0,0.0,0,36,0.0,0,36,0.0,CHOL
gallbladder_biliary,36,36,tpm_clean,ENSG00000169551,CT55,0,0.0,0,0.0,0,36,0.0,0,36,0.0,CHOL
gallbladder_biliary,36,36,tpm_clean,ENSG00000169800,RBMY1F,0,0.0,0,0.0,0,36,0.0,0,36,0.0,CHOL
gallbladder_biliary,36,36,tpm_clean,ENSG00000170516,COX7B2,0,0.0,0,0.0,0,36,0.0,0,36,0.0,CHOL
gallbladder_biliary,36,36,tpm_clean,ENSG00000170748,RBMXL2,0,0.0,0,0.0,0,36,0.0,0,36,0.0,CHOL
gallbladder_biliary,36,36,tpm_clean,ENSG00000170848,PSG6,0,0.0,0,0.0,0,36,0.0,0,36,0.0,CHOL
gallbladder_biliary,36,36,tpm_clean,ENSG00000170950,PGK2,0,0.0,0,0.0,0,36,0.0,0,36,0.0,CHOL
gallbladder_biliary,36,36,tpm_clean,ENSG00000170965,PLAC1,0,0.0,0,0.0,0,36,0.0,0,36,0.0,CHOL
gallbladder_biliary,36,36,tpm_clean,ENSG00000171402,XAGE3,0,0.0,0,0.0,0,36,0.0,0,36,0.0,CHOL
gallbladder_biliary,36,36,tpm_clean,ENSG00000171405,XAGE5,0,0.0,0,0.0,0,36,0.0,0,36,0.0,CHOL
gallbladder_biliary,36,36,tpm_clean,ENSG00000171794,UTF1,0,0.0,0,0.0,0,36,0.0,0,36,0.0,CHOL
gallbladder_biliary,36,36,tpm_clean,ENSG00000172073,TEX37,0,0.0,0,0.0,0,36,0.0,0,36,0.0,CHOL
gallbladder_biliary,36,36,tpm_clean,ENSG00000172717,GARIN2,0,0.0,0,0.0,0,36,0.0,0,36,0.0,CHOL
gallbladder_biliary,36,36,tpm_clean,ENSG00000174015,CBY2,0,0.0,0,0.0,0,36,0.0,0,36,0.0,CHOL
gallbladder_biliary,36,36,tpm_clean,ENSG00000174016,TENT5D,0,0.0,0,0.0,0,36,0.0,0,36,0.0,CHOL
gallbladder_biliary,36,36,tpm_clean,ENSG00000174898,CATSPERD,0,0.0,0,0.0,0,36,0.0,0,36,0.0,CHOL
gallbladder_biliary,36,36,tpm_clean,ENSG00000175646,PRM1,0,0.0,0,0.0,0,36,0.0,0,36,0.0,CHOL
gallbladder_biliary,36,36,tpm_clean,ENSG00000175809,CBLL2,0,0.0,0,0.0,0,36,0.0,0,36,0.0,CHOL
gallbladder_biliary,36,36,tpm_clean,ENSG00000175820,CCDC168,0,0.0,0,0.0,0,36,0.0,0,36,0.0,CHOL
gallbladder_biliary,36,36,tpm_clean,ENSG00000175877,TMEM270,0,0.0,0,0.0,0,36,0.0,0,36,0.0,CHOL
gallbladder_biliary,36,36,tpm_clean,ENSG00000176256,HMGB4,0,0.0,0,0.0,0,36,0.0,0,36,0.0,CHOL
gallbladder_biliary,36,36,tpm_clean,ENSG00000176566,DCAF4L2,0,0.0,0,0.0,0,36,0.0,0,36,0.0,CHOL
gallbladder_biliary,36,36,tpm_clean,ENSG00000176635,HORMAD2,0,0.0,0,0.0,0,36,0.0,0,36,0.0,CHOL
gallbladder_biliary,36,36,tpm_clean,ENSG00000176746,MAGEB6,0,0.0,0,0.0,0,36,0.0,0,36,0.0,CHOL
gallbladder_biliary,36,36,tpm_clean,ENSG00000176774,MAGEB18,0,0.0,0,0.0,0,36,0.0,0,36,0.0,CHOL
gallbladder_biliary,36,36,tpm_clean,ENSG00000176988,FMR1NB,0,0.0,0,0.0,0,36,0.0,0,36,0.0,CHOL
gallbladder_biliary,36,36,tpm_clean,ENSG00000177294,FBXO39,0,0.0,0,0.0,0,36,0.0,0,36,0.0,CHOL
gallbladder_biliary,36,36,tpm_clean,ENSG00000177673,TEX44,0,0.0,0,0.0,0,36,0.0,0,36,0.0,CHOL
gallbladder_biliary,36,36,tpm_clean,ENSG00000177689,MAGEB10,0,0.0,0,0.0,0,36,0.0,0,36,0.0,CHOL
gallbladder_biliary,36,36,tpm_clean,ENSG00000177947,ODF3,0,0.0,0,0.0,0,36,0.0,0,36,0.0,CHOL
gallbladder_biliary,36,36,tpm_clean,ENSG00000177992,SPATA31E1,0,0.0,0,0.0,0,36,0.0,0,36,0.0,CHOL
gallbladder_biliary,36,36,tpm_clean,ENSG00000178021,TSPYL6,0,0.0,0,0.0,0,36,0.0,0,36,0.0,CHOL
gallbladder_biliary,36,36,tpm_clean,ENSG00000178257,PRM3,0,0.0,0,0.0,0,36,0.0,0,36,0.0,CHOL
gallbladder_biliary,36,36,tpm_clean,ENSG00000178279,TNP2,0,0.0,0,0.0,0,36,0.0,0,36,0.0,CHOL
gallbladder_biliary,36,36,tpm_clean,ENSG00000178997,EXD1,0,0.0,0,0.0,0,36,0.0,0,36,0.0,CHOL
gallbladder_biliary,36,36,tpm_clean,ENSG00000179046,TRIML2,0,0.0,0,0.0,0,36,0.0,0,36,0.0,CHOL
gallbladder_biliary,36,36,tpm_clean,ENSG00000179059,ZFP42,0,0.0,0,0.0,0,36,0.0,0,36,0.0,CHOL
gallbladder_biliary,36,36,tpm_clean,ENSG00000179088,C12orf42,0,0.0,0,0.0,0,36,0.0,0,36,0.0,CHOL
gallbladder_biliary,36,36,tpm_clean,ENSG00000179407,DNAJB8,0,0.0,0,0.0,0,36,0.0,0,36,0.0,CHOL
gallbladder_biliary,36,36,tpm_clean,ENSG00000180138,CSNK1A1L,0,0.0,0,0.0,0,36,0.0,0,36,0.0,CHOL
gallbladder_biliary,36,36,tpm_clean,ENSG00000180336,MEIOC,0,0.0,0,0.0,0,36,0.0,0,36,0.0,CHOL
gallbladder_biliary,36,36,tpm_clean,ENSG00000181323,SPEM1,0,0.0,0,0.0,0,36,0.0,0,36,0.0,CHOL
gallbladder_biliary,36,36,tpm_clean,ENSG00000181433,SAGE1,0,0.0,0,0.0,0,36,0.0,0,36,0.0,CHOL
gallbladder_biliary,36,36,tpm_clean,ENSG00000182308,DCAF4L1,0,0.0,0,0.0,0,36,0.0,0,36,0.0,CHOL
gallbladder_biliary,36,36,tpm_clean,ENSG00000182459,TEX19,0,0.0,0,0.0,0,36,0.0,0,36,0.0,CHOL
gallbladder_biliary,36,36,tpm_clean,ENSG00000182583,VCX,0,0.0,0,0.0,0,36,0.0,0,36,0.0,CHOL
gallbladder_biliary,36,36,tpm_clean,ENSG00000183206,POTEC,0,0.0,0,0.0,0,36,0.0,0,36,0.0,CHOL
gallbladder_biliary,36,36,tpm_clean,ENSG00000183305,MAGEA2/MAGEA2B,1,2.78,0,0.0,0,36,0.0,0,36,0.0,CHOL
gallbladder_biliary,36,36,tpm_clean,ENSG00000183434,TFDP3,0,0.0,0,0.0,0,36,0.0,0,36,0.0,CHOL
gallbladder_biliary,36,36,tpm_clean,ENSG00000183668,PSG9,0,0.0,0,0.0,0,36,0.0,0,36,0.0,CHOL
gallbladder_biliary,36,36,tpm_clean,ENSG00000184033,CTAG1A/B,0,0.0,0,0.0,0,36,0.0,0,36,0.0,CHOL
gallbladder_biliary,36,36,tpm_clean,ENSG00000184361,SPATA32,0,0.0,0,0.0,0,36,0.0,0,36,0.0,CHOL
gallbladder_biliary,36,36,tpm_clean,ENSG00000184507,NUTM1,0,0.0,0,0.0,0,36,0.0,0,36,0.0,CHOL
gallbladder_biliary,36,36,tpm_clean,ENSG00000184650,ODF4,0,0.0,0,0.0,0,36,0.0,0,36,0.0,CHOL
gallbladder_biliary,36,36,tpm_clean,ENSG00000184735,DDX53,0,0.0,0,0.0,0,36,0.0,0,36,0.0,CHOL
gallbladder_biliary,36,36,tpm_clean,ENSG00000185264,TEX33,0,0.0,0,0.0,0,36,0.0,0,36,0.0,CHOL
gallbladder_biliary,36,36,tpm_clean,ENSG00000185686,PRAME,6,16.67,3,8.33,3,36,8.33,2,36,5.56,CHOL
gallbladder_biliary,36,36,tpm_clean,ENSG00000185775,SPATA31A6,0,0.0,0,0.0,0,36,0.0,0,36,0.0,CHOL
gallbladder_biliary,36,36,tpm_clean,ENSG00000185792,NLRP9,0,0.0,0,0.0,0,36,0.0,0,36,0.0,CHOL
gallbladder_biliary,36,36,tpm_clean,ENSG00000185863,TMEM210,0,0.0,0,0.0,0,36,0.0,0,36,0.0,CHOL
gallbladder_biliary,36,36,tpm_clean,ENSG00000186075,ZPBP2,0,0.0,0,0.0,0,36,0.0,0,36,0.0,CHOL
gallbladder_biliary,36,36,tpm_clean,ENSG00000186118,TEX38,0,0.0,0,0.0,0,36,0.0,0,36,0.0,CHOL
gallbladder_biliary,36,36,tpm_clean,ENSG00000186451,SPATA12,0,0.0,0,0.0,0,36,0.0,0,36,0.0,CHOL
gallbladder_biliary,36,36,tpm_clean,ENSG00000186788,SPATA31D3,0,0.0,0,0.0,0,36,0.0,0,36,0.0,CHOL
gallbladder_biliary,36,36,tpm_clean,ENSG00000187003,ACTL7A,0,0.0,0,0.0,0,36,0.0,0,36,0.0,CHOL
gallbladder_biliary,36,36,tpm_clean,ENSG00000187191,DAZ3,0,0.0,0,0.0,0,36,0.0,0,36,0.0,CHOL
gallbladder_biliary,36,36,tpm_clean,ENSG00000187754,SSX7,0,0.0,0,0.0,0,36,0.0,0,36,0.0,CHOL
gallbladder_biliary,36,36,tpm_clean,ENSG00000187772,LIN28B,0,0.0,0,0.0,0,36,0.0,0,36,0.0,CHOL
gallbladder_biliary,36,36,tpm_clean,ENSG00000188120,DAZ1,0,0.0,0,0.0,0,36,0.0,0,36,0.0,CHOL
gallbladder_biliary,36,36,tpm_clean,ENSG00000188425,NANOS2,0,0.0,0,0.0,0,36,0.0,0,36,0.0,CHOL
gallbladder_biliary,36,36,tpm_clean,ENSG00000188782,CATSPER4,0,0.0,0,0.0,0,36,0.0,0,36,0.0,CHOL
gallbladder_biliary,36,36,tpm_clean,ENSG00000189023,MAGEB16,0,0.0,0,0.0,0,36,0.0,0,36,0.0,CHOL
gallbladder_biliary,36,36,tpm_clean,ENSG00000189052,CGB5/8,1,2.78,0,0.0,0,36,0.0,0,36,0.0,CHOL
gallbladder_biliary,36,36,tpm_clean,ENSG00000189064,GAGE2A,0,0.0,0,0.0,0,36,0.0,0,36,0.0,CHOL
gallbladder_biliary,36,36,tpm_clean,ENSG00000189186,DCAF8L2,0,0.0,0,0.0,0,36,0.0,0,36,0.0,CHOL
gallbladder_biliary,36,36,tpm_clean,ENSG00000189252,SPANXN3,0,0.0,0,0.0,0,36,0.0,0,36,0.0,CHOL
gallbladder_biliary,36,36,tpm_clean,ENSG00000189326,SPANXN4,0,0.0,0,0.0,0,36,0.0,0,36,0.0,CHOL
gallbladder_biliary,36,36,tpm_clean,ENSG00000189357,SPATA31D4,0,0.0,0,0.0,0,36,0.0,0,36,0.0,CHOL
gallbladder_biliary,36,36,tpm_clean,ENSG00000196350,ZNF729,0,0.0,0,0.0,0,36,0.0,0,36,0.0,CHOL
gallbladder_biliary,36,36,tpm_clean,ENSG00000196406,SPANXD,0,0.0,0,0.0,0,36,0.0,0,36,0.0,CHOL
gallbladder_biliary,36,36,tpm_clean,ENSG00000196553,CCDC196,0,0.0,0,0.0,0,36,0.0,0,36,0.0,CHOL
gallbladder_biliary,36,36,tpm_clean,ENSG00000196604,POTEF,0,0.0,0,0.0,0,36,0.0,0,36,0.0,CHOL
gallbladder_biliary,36,36,tpm_clean,ENSG00000196862,RGPD4,0,0.0,0,0.0,0,36,0.0,0,36,0.0,CHOL
gallbladder_biliary,36,36,tpm_clean,ENSG00000197172,MAGEA6,1,2.78,0,0.0,0,36,0.0,0,36,0.0,CHOL
gallbladder_biliary,36,36,tpm_clean,ENSG00000198021,SPANXA1/2,0,0.0,0,0.0,0,36,0.0,0,36,0.0,CHOL
gallbladder_biliary,36,36,tpm_clean,ENSG00000198573,SPANXC,1,2.78,1,2.78,1,36,2.78,0,36,0.0,CHOL
gallbladder_biliary,36,36,tpm_clean,ENSG00000198681,MAGEA1,0,0.0,0,0.0,0,36,0.0,0,36,0.0,CHOL
gallbladder_biliary,36,36,tpm_clean,ENSG00000198759,EGFL6,0,0.0,0,0.0,0,36,0.0,0,36,0.0,CHOL
gallbladder_biliary,36,36,tpm_clean,ENSG00000198765,SYCP1,0,0.0,0,0.0,0,36,0.0,0,36,0.0,CHOL
gallbladder_biliary,36,36,tpm_clean,ENSG00000198870,STKLD1,0,0.0,0,0.0,0,36,0.0,0,36,0.0,CHOL
gallbladder_biliary,36,36,tpm_clean,ENSG00000203909,DPPA5,0,0.0,0,0.0,0,36,0.0,0,36,0.0,CHOL
gallbladder_biliary,36,36,tpm_clean,ENSG00000203923,SPANXN1,0,0.0,0,0.0,0,36,0.0,0,36,0.0,CHOL
gallbladder_biliary,36,36,tpm_clean,ENSG00000204019,CT83,0,0.0,0,0.0,0,36,0.0,0,36,0.0,CHOL
gallbladder_biliary,36,36,tpm_clean,ENSG00000204279,PAGE3,0,0.0,0,0.0,0,36,0.0,0,36,0.0,CHOL
gallbladder_biliary,36,36,tpm_clean,ENSG00000204363,SPANXN5,0,0.0,0,0.0,0,36,0.0,0,36,0.0,CHOL
gallbladder_biliary,36,36,tpm_clean,ENSG00000204379,XAGE1A/B,0,0.0,0,0.0,0,36,0.0,0,36,0.0,CHOL
gallbladder_biliary,36,36,tpm_clean,ENSG00000204450,TRIM64,0,0.0,0,0.0,0,36,0.0,0,36,0.0,CHOL
gallbladder_biliary,36,36,tpm_clean,ENSG00000204849,SPATA31A1,0,0.0,0,0.0,0,36,0.0,0,36,0.0,CHOL
gallbladder_biliary,36,36,tpm_clean,ENSG00000204941,PSG5,0,0.0,0,0.0,0,36,0.0,0,36,0.0,CHOL
gallbladder_biliary,36,36,tpm_clean,ENSG00000204961,PCDHA9,0,0.0,0,0.0,0,36,0.0,0,36,0.0,CHOL
gallbladder_biliary,36,36,tpm_clean,ENSG00000205359,SLCO6A1,0,0.0,0,0.0,0,36,0.0,0,36,0.0,CHOL
gallbladder_biliary,36,36,tpm_clean,ENSG00000205642,VCX3B,0,0.0,0,0.0,0,36,0.0,0,36,0.0,CHOL
gallbladder_biliary,36,36,tpm_clean,ENSG00000205777,GAGE1,0,0.0,0,0.0,0,36,0.0,0,36,0.0,CHOL
gallbladder_biliary,36,36,tpm_clean,ENSG00000212710,CTAGE1,0,0.0,0,0.0,0,36,0.0,0,36,0.0,CHOL
gallbladder_biliary,36,36,tpm_clean,ENSG00000213218,CSH2,0,0.0,0,0.0,0,36,0.0,0,36,0.0,CHOL
gallbladder_biliary,36,36,tpm_clean,ENSG00000213401,MAGEA12,1,2.78,0,0.0,0,36,0.0,0,36,0.0,CHOL
gallbladder_biliary,36,36,tpm_clean,ENSG00000214107,MAGEB1,0,0.0,0,0.0,0,36,0.0,0,36,0.0,CHOL
gallbladder_biliary,36,36,tpm_clean,ENSG00000215113,CXorf49/CXorf49B,0,0.0,0,0.0,0,36,0.0,0,36,0.0,CHOL
gallbladder_biliary,36,36,tpm_clean,ENSG00000215269,GAGE12F/G,0,0.0,0,0.0,0,36,0.0,0,36,0.0,CHOL
gallbladder_biliary,36,36,tpm_clean,ENSG00000215274,GAGE10,0,0.0,0,0.0,0,36,0.0,0,36,0.0,CHOL
gallbladder_biliary,36,36,tpm_clean,ENSG00000215529,EFCAB8,0,0.0,0,0.0,0,36,0.0,0,36,0.0,CHOL
gallbladder_biliary,36,36,tpm_clean,ENSG00000215817,ZC3H11B,0,0.0,0,0.0,0,36,0.0,0,36,0.0,CHOL
gallbladder_biliary,36,36,tpm_clean,ENSG00000216649,GAGE12C/D/E,0,0.0,0,0.0,0,36,0.0,0,36,0.0,CHOL
gallbladder_biliary,36,36,tpm_clean,ENSG00000221826,PSG3,0,0.0,0,0.0,0,36,0.0,0,36,0.0,CHOL
gallbladder_biliary,36,36,tpm_clean,ENSG00000221867,MAGEA3,1,2.78,1,2.78,1,36,2.78,0,36,0.0,CHOL
gallbladder_biliary,36,36,tpm_clean,ENSG00000221878,PSG7,0,0.0,0,0.0,0,36,0.0,0,36,0.0,CHOL
gallbladder_biliary,36,36,tpm_clean,ENSG00000224089,CT47A1/2/3/4/5/6/7/8/9/10/11/12,0,0.0,0,0.0,0,36,0.0,0,36,0.0,CHOL
gallbladder_biliary,36,36,tpm_clean,ENSG00000224440,CXorf51A/B,0,0.0,0,0.0,0,36,0.0,0,36,0.0,CHOL
gallbladder_biliary,36,36,tpm_clean,ENSG00000224659,GAGE12J,0,0.0,0,0.0,0,36,0.0,0,36,0.0,CHOL
gallbladder_biliary,36,36,tpm_clean,ENSG00000224902,GAGE12H,0,0.0,0,0.0,0,36,0.0,0,36,0.0,CHOL
gallbladder_biliary,36,0,tpm_clean,ENSG00000224960,PPP4R3C,0,,0,,0,0,,0,0,,CHOL
gallbladder_biliary,36,36,tpm_clean,ENSG00000226650,KIF4B,0,0.0,0,0.0,0,36,0.0,0,36,0.0,CHOL
gallbladder_biliary,36,36,tpm_clean,ENSG00000227234,SPANXB1,0,0.0,0,0.0,0,36,0.0,0,36,0.0,CHOL
gallbladder_biliary,36,36,tpm_clean,ENSG00000228836,CT45A5/6/7,0,0.0,0,0.0,0,36,0.0,0,36,0.0,CHOL
gallbladder_biliary,36,36,tpm_clean,ENSG00000228927,TSPY3,0,0.0,0,0.0,0,36,0.0,0,36,0.0,CHOL
gallbladder_biliary,36,36,tpm_clean,ENSG00000229549,TSPY8,0,0.0,0,0.0,0,36,0.0,0,36,0.0,CHOL
gallbladder_biliary,36,0,tpm_clean,ENSG00000230601,TEX48,0,,0,,0,0,,0,0,,CHOL
gallbladder_biliary,36,36,tpm_clean,ENSG00000231924,PSG1,0,0.0,0,0.0,0,36,0.0,0,36,0.0,CHOL
gallbladder_biliary,36,36,tpm_clean,ENSG00000233056,ERVH48-1,0,0.0,0,0.0,0,36,0.0,0,36,0.0,CHOL
gallbladder_biliary,36,36,tpm_clean,ENSG00000233803,TSPY4,0,0.0,0,0.0,0,36,0.0,0,36,0.0,CHOL
gallbladder_biliary,36,36,tpm_clean,ENSG00000234068,PAGE2,0,0.0,0,0.0,0,36,0.0,0,36,0.0,CHOL
gallbladder_biliary,36,36,tpm_clean,ENSG00000234414,RBMY1A1,0,0.0,0,0.0,0,36,0.0,0,36,0.0,CHOL
gallbladder_biliary,36,36,tpm_clean,ENSG00000235631,RNF148,0,0.0,0,0.0,0,36,0.0,0,36,0.0,CHOL
gallbladder_biliary,36,36,tpm_clean,ENSG00000236424,TSPY10,0,0.0,0,0.0,0,36,0.0,0,36,0.0,CHOL
gallbladder_biliary,36,36,tpm_clean,ENSG00000236446,CT47B1,0,0.0,0,0.0,0,36,0.0,0,36,0.0,CHOL
gallbladder_biliary,36,36,tpm_clean,ENSG00000236761,CTAGE9,0,0.0,0,0.0,0,36,0.0,0,36,0.0,CHOL
gallbladder_biliary,36,36,tpm_clean,ENSG00000238269,PAGE2B,0,0.0,0,0.0,0,36,0.0,0,36,0.0,CHOL
gallbladder_biliary,36,36,tpm_clean,ENSG00000240021,TEX35,0,0.0,0,0.0,0,36,0.0,0,36,0.0,CHOL
gallbladder_biliary,36,0,tpm_clean,ENSG00000241149,ZNF722,0,,0,,0,0,,0,0,,CHOL
gallbladder_biliary,36,36,tpm_clean,ENSG00000241476,SSX2/SSX2B,0,0.0,0,0.0,0,36,0.0,0,36,0.0,CHOL
gallbladder_biliary,36,36,tpm_clean,ENSG00000242221,PSG2,0,0.0,0,0.0,0,36,0.0,0,36,0.0,CHOL
gallbladder_biliary,36,36,tpm_clean,ENSG00000242389,RBMY1E,0,0.0,0,0.0,0,36,0.0,0,36,0.0,CHOL
gallbladder_biliary,36,36,tpm_clean,ENSG00000242875,RBMY1B,0,0.0,0,0.0,0,36,0.0,0,36,0.0,CHOL
gallbladder_biliary,36,36,tpm_clean,ENSG00000243130,PSG11,0,0.0,0,0.0,0,36,0.0,0,36,0.0,CHOL
gallbladder_biliary,36,36,tpm_clean,ENSG00000244395,RBMY1D,0,0.0,0,0.0,0,36,0.0,0,36,0.0,CHOL
gallbladder_biliary,36,36,tpm_clean,ENSG00000244588,RAD21L1,0,0.0,0,0.0,0,36,0.0,0,36,0.0,CHOL
gallbladder_biliary,36,36,tpm_clean,ENSG00000249861,LGALS16,0,0.0,0,0.0,0,36,0.0,0,36,0.0,CHOL
gallbladder_biliary,36,36,tpm_clean,ENSG00000250741,NT5C1B-RDH14,0,0.0,0,0.0,0,36,0.0,0,36,0.0,CHOL
gallbladder_biliary,36,36,tpm_clean,ENSG00000251258,RFPL4B,0,0.0,0,0.0,0,36,0.0,0,36,0.0,CHOL
gallbladder_biliary,36,36,tpm_clean,ENSG00000258713,C20orf141,0,0.0,0,0.0,0,36,0.0,0,36,0.0,CHOL
gallbladder_biliary,36,36,tpm_clean,ENSG00000258992,TSPY1,0,0.0,0,0.0,0,36,0.0,0,36,0.0,CHOL
gallbladder_biliary,36,36,tpm_clean,ENSG00000261649,GOLGA6L7,0,0.0,0,0.0,0,36,0.0,0,36,0.0,CHOL
gallbladder_biliary,36,36,tpm_clean,ENSG00000261949,GFY,0,0.0,0,0.0,0,36,0.0,0,36,0.0,CHOL
gallbladder_biliary,36,36,tpm_clean,ENSG00000268009,SSX4/SSX4B,0,0.0,0,0.0,0,36,0.0,0,36,0.0,CHOL
gallbladder_biliary,36,36,tpm_clean,ENSG00000268629,TEX13A,0,0.0,0,0.0,0,36,0.0,0,36,0.0,CHOL
gallbladder_biliary,36,36,tpm_clean,ENSG00000268696,ZNF723,0,0.0,0,0.0,0,36,0.0,0,36,0.0,CHOL
gallbladder_biliary,36,36,tpm_clean,ENSG00000268964,ERVV-2,0,0.0,0,0.0,0,36,0.0,0,36,0.0,CHOL
gallbladder_biliary,36,36,tpm_clean,ENSG00000268988,SPANXN2,0,0.0,0,0.0,0,36,0.0,0,36,0.0,CHOL
gallbladder_biliary,36,36,tpm_clean,ENSG00000269058,CALR3,0,0.0,0,0.0,0,36,0.0,0,36,0.0,CHOL
gallbladder_biliary,36,36,tpm_clean,ENSG00000269586,CT45A10,0,0.0,0,0.0,0,36,0.0,0,36,0.0,CHOL
gallbladder_biliary,36,36,tpm_clean,ENSG00000270806,C17orf50,0,0.0,0,0.0,0,36,0.0,0,36,0.0,CHOL
gallbladder_biliary,36,36,tpm_clean,ENSG00000270946,CT45A2/8/9,0,0.0,0,0.0,0,36,0.0,0,36,0.0,CHOL
gallbladder_biliary,36,36,tpm_clean,ENSG00000271321,CTAGE6,0,0.0,0,0.0,0,36,0.0,0,36,0.0,CHOL
gallbladder_biliary,36,36,tpm_clean,ENSG00000274274,GAGE13,0,0.0,0,0.0,0,36,0.0,0,36,0.0,CHOL
gallbladder_biliary,36,36,tpm_clean,ENSG00000274391,TPTE,0,0.0,0,0.0,0,36,0.0,0,36,0.0,CHOL
gallbladder_biliary,36,36,tpm_clean,ENSG00000275793,RIMBP3,0,0.0,0,0.0,0,36,0.0,0,36,0.0,CHOL
gallbladder_biliary,36,36,tpm_clean,ENSG00000275969,SPATA31A3,0,0.0,0,0.0,0,36,0.0,0,36,0.0,CHOL
gallbladder_biliary,36,36,tpm_clean,ENSG00000276040,SPATA31A7,0,0.0,0,0.0,0,36,0.0,0,36,0.0,CHOL
gallbladder_biliary,36,36,tpm_clean,ENSG00000276581,SPATA31A5,0,0.0,0,0.0,0,36,0.0,0,36,0.0,CHOL
gallbladder_biliary,36,36,tpm_clean,ENSG00000277322,GOLGA6L6,0,0.0,0,0.0,0,36,0.0,0,36,0.0,CHOL
gallbladder_biliary,36,0,tpm_clean,ENSG00000282815,TEX13C,0,,0,,0,0,,0,0,,CHOL
colorectal,383,383,tpm_clean,ENSG00000006047,YBX2,65,16.97,6,1.57,11,383,2.87,0,383,0.0,COAD;COAD_MSI;COAD_MSS;READ;READ_MSI;READ_MSS
colorectal,383,383,tpm_clean,ENSG00000006659,LGALS14,0,0.0,0,0.0,0,383,0.0,0,383,0.0,COAD;COAD_MSI;COAD_MSS;READ;READ_MSI;READ_MSS
colorectal,383,383,tpm_clean,ENSG00000007350,TKTL1,2,0.52,1,0.26,2,383,0.52,0,383,0.0,COAD;COAD_MSI;COAD_MSS;READ;READ_MSI;READ_MSS
colorectal,383,383,tpm_clean,ENSG00000010318,PHF7,0,0.0,0,0.0,0,383,0.0,0,383,0.0,COAD;COAD_MSI;COAD_MSS;READ;READ_MSI;READ_MSS
colorectal,383,383,tpm_clean,ENSG00000042813,ZPBP,0,0.0,0,0.0,0,383,0.0,0,383,0.0,COAD;COAD_MSI;COAD_MSS;READ;READ_MSI;READ_MSS
colorectal,383,383,tpm_clean,ENSG00000046774,MAGEC2,3,0.78,2,0.52,2,383,0.52,0,383,0.0,COAD;COAD_MSI;COAD_MSS;READ;READ_MSI;READ_MSS
colorectal,383,383,tpm_clean,ENSG00000054796,SPO11,0,0.0,0,0.0,0,383,0.0,0,383,0.0,COAD;COAD_MSI;COAD_MSS;READ;READ_MSI;READ_MSS
colorectal,383,383,tpm_clean,ENSG00000068985,PAGE1,3,0.78,1,0.26,2,383,0.52,1,383,0.26,COAD;COAD_MSI;COAD_MSS;READ;READ_MSI;READ_MSS
colorectal,383,383,tpm_clean,ENSG00000077800,FKBP6,0,0.0,0,0.0,0,383,0.0,0,383,0.0,COAD;COAD_MSI;COAD_MSS;READ;READ_MSI;READ_MSS
colorectal,383,383,tpm_clean,ENSG00000077935,SMC1B,0,0.0,0,0.0,0,383,0.0,0,383,0.0,COAD;COAD_MSI;COAD_MSS;READ;READ_MSI;READ_MSS
colorectal,383,383,tpm_clean,ENSG00000092345,DAZL,0,0.0,0,0.0,0,383,0.0,0,383,0.0,COAD;COAD_MSI;COAD_MSS;READ;READ_MSI;READ_MSS
colorectal,383,383,tpm_clean,ENSG00000095627,TDRD1,0,0.0,0,0.0,0,383,0.0,0,383,0.0,COAD;COAD_MSI;COAD_MSS;READ;READ_MSI;READ_MSS
colorectal,383,383,tpm_clean,ENSG00000099399,MAGEB2,3,0.78,2,0.52,2,383,0.52,1,383,0.26,COAD;COAD_MSI;COAD_MSS;READ;READ_MSI;READ_MSS
colorectal,383,383,tpm_clean,ENSG00000102021,LUZP4,0,0.0,0,0.0,0,383,0.0,0,383,0.0,COAD;COAD_MSI;COAD_MSS;READ;READ_MSI;READ_MSS
colorectal,383,383,tpm_clean,ENSG00000103023,PRSS54,0,0.0,0,0.0,0,383,0.0,0,383,0.0,COAD;COAD_MSI;COAD_MSS;READ;READ_MSI;READ_MSS
colorectal,383,383,tpm_clean,ENSG00000104755,ADAM2,0,0.0,0,0.0,0,383,0.0,0,383,0.0,COAD;COAD_MSI;COAD_MSS;READ;READ_MSI;READ_MSS
colorectal,383,383,tpm_clean,ENSG00000104804,TULP2,0,0.0,0,0.0,0,383,0.0,0,383,0.0,COAD;COAD_MSI;COAD_MSS;READ;READ_MSI;READ_MSS
colorectal,383,383,tpm_clean,ENSG00000104818,CGB2,0,0.0,0,0.0,0,383,0.0,0,383,0.0,COAD;COAD_MSI;COAD_MSS;READ;READ_MSI;READ_MSS
colorectal,383,383,tpm_clean,ENSG00000104901,DKKL1,0,0.0,0,0.0,0,383,0.0,0,383,0.0,COAD;COAD_MSI;COAD_MSS;READ;READ_MSI;READ_MSS
colorectal,383,383,tpm_clean,ENSG00000105198,LGALS13,0,0.0,0,0.0,0,383,0.0,0,383,0.0,COAD;COAD_MSI;COAD_MSS;READ;READ_MSI;READ_MSS
colorectal,383,383,tpm_clean,ENSG00000106013,ANKRD7,0,0.0,0,0.0,0,383,0.0,0,383,0.0,COAD;COAD_MSI;COAD_MSS;READ;READ_MSI;READ_MSS
colorectal,383,383,tpm_clean,ENSG00000106304,SPAM1,0,0.0,0,0.0,0,383,0.0,0,383,0.0,COAD;COAD_MSI;COAD_MSS;READ;READ_MSI;READ_MSS
colorectal,383,383,tpm_clean,ENSG00000114487,MORC1,0,0.0,0,0.0,0,383,0.0,0,383,0.0,COAD;COAD_MSI;COAD_MSS;READ;READ_MSI;READ_MSS
colorectal,383,383,tpm_clean,ENSG00000117148,ACTL8,8,2.09,5,1.31,6,383,1.57,3,383,0.78,COAD;COAD_MSI;COAD_MSS;READ;READ_MSI;READ_MSS
colorectal,383,383,tpm_clean,ENSG00000118434,SPACA1,0,0.0,0,0.0,0,383,0.0,0,383,0.0,COAD;COAD_MSI;COAD_MSS;READ;READ_MSI;READ_MSS
colorectal,383,383,tpm_clean,ENSG00000118491,ZC2HC1B,0,0.0,0,0.0,0,383,0.0,0,383,0.0,COAD;COAD_MSI;COAD_MSS;READ;READ_MSI;READ_MSS
colorectal,383,383,tpm_clean,ENSG00000121101,TEX14,0,0.0,0,0.0,0,383,0.0,0,383,0.0,COAD;COAD_MSI;COAD_MSS;READ;READ_MSI;READ_MSS
colorectal,383,383,tpm_clean,ENSG00000122304,PRM2,0,0.0,0,0.0,0,383,0.0,0,383,0.0,COAD;COAD_MSI;COAD_MSS;READ;READ_MSI;READ_MSS
colorectal,383,383,tpm_clean,ENSG00000123576,ESX1,0,0.0,0,0.0,0,383,0.0,0,383,0.0,COAD;COAD_MSI;COAD_MSS;READ;READ_MSI;READ_MSS
colorectal,383,383,tpm_clean,ENSG00000123584,MAGEA9/MAGEA9B,7,1.83,4,1.04,5,383,1.31,0,383,0.0,COAD;COAD_MSI;COAD_MSS;READ;READ_MSI;READ_MSS
colorectal,383,383,tpm_clean,ENSG00000124092,CTCFL,1,0.26,0,0.0,0,383,0.0,0,383,0.0,COAD;COAD_MSI;COAD_MSS;READ;READ_MSI;READ_MSS
colorectal,383,383,tpm_clean,ENSG00000124227,ANKRD60,0,0.0,0,0.0,0,383,0.0,0,383,0.0,COAD;COAD_MSI;COAD_MSS;READ;READ_MSI;READ_MSS
colorectal,383,383,tpm_clean,ENSG00000124260,MAGEA10,2,0.52,0,0.0,0,383,0.0,0,383,0.0,COAD;COAD_MSI;COAD_MSS;READ;READ_MSI;READ_MSS
colorectal,383,383,tpm_clean,ENSG00000124467,PSG8,0,0.0,0,0.0,0,383,0.0,0,383,0.0,COAD;COAD_MSI;COAD_MSS;READ;READ_MSI;READ_MSS
colorectal,383,383,tpm_clean,ENSG00000124490,CRISP2,0,0.0,0,0.0,0,383,0.0,0,383,0.0,COAD;COAD_MSI;COAD_MSS;READ;READ_MSI;READ_MSS
colorectal,383,383,tpm_clean,ENSG00000125207,PIWIL1,7,1.83,1,0.26,1,383,0.26,0,383,0.0,COAD;COAD_MSI;COAD_MSS;READ;READ_MSI;READ_MSS
colorectal,383,383,tpm_clean,ENSG00000125823,CSTL1,0,0.0,0,0.0,0,383,0.0,0,383,0.0,COAD;COAD_MSI;COAD_MSS;READ;READ_MSI;READ_MSS
colorectal,383,383,tpm_clean,ENSG00000126467,TSKS,0,0.0,0,0.0,0,383,0.0,0,383,0.0,COAD;COAD_MSI;COAD_MSS;READ;READ_MSI;READ_MSS
colorectal,383,383,tpm_clean,ENSG00000126752,SSX1,0,0.0,0,0.0,0,383,0.0,0,383,0.0,COAD;COAD_MSI;COAD_MSS;READ;READ_MSI;READ_MSS
colorectal,383,383,tpm_clean,ENSG00000126856,PRDM7,0,0.0,0,0.0,0,383,0.0,0,383,0.0,COAD;COAD_MSI;COAD_MSS;READ;READ_MSI;READ_MSS
colorectal,383,383,tpm_clean,ENSG00000129862,VCY/VCY1B,1,0.26,1,0.26,1,383,0.26,1,383,0.26,COAD;COAD_MSI;COAD_MSS;READ;READ_MSI;READ_MSS
colorectal,383,383,tpm_clean,ENSG00000130950,NUTM2F,0,0.0,0,0.0,0,383,0.0,0,383,0.0,COAD;COAD_MSI;COAD_MSS;READ;READ_MSI;READ_MSS
colorectal,383,383,tpm_clean,ENSG00000131126,TEX101,0,0.0,0,0.0,0,383,0.0,0,383,0.0,COAD;COAD_MSI;COAD_MSS;READ;READ_MSI;READ_MSS
colorectal,383,383,tpm_clean,ENSG00000132446,FTHL17,0,0.0,0,0.0,0,383,0.0,0,383,0.0,COAD;COAD_MSI;COAD_MSS;READ;READ_MSI;READ_MSS
colorectal,383,383,tpm_clean,ENSG00000135248,GARIN1B,0,0.0,0,0.0,0,383,0.0,0,383,0.0,COAD;COAD_MSI;COAD_MSS;READ;READ_MSI;READ_MSS
colorectal,383,383,tpm_clean,ENSG00000137090,DMRT1,0,0.0,0,0.0,0,383,0.0,0,383,0.0,COAD;COAD_MSI;COAD_MSS;READ;READ_MSI;READ_MSS
colorectal,383,383,tpm_clean,ENSG00000137948,BRDT,0,0.0,0,0.0,0,383,0.0,0,383,0.0,COAD;COAD_MSI;COAD_MSS;READ;READ_MSI;READ_MSS
colorectal,383,383,tpm_clean,ENSG00000139351,SYCP3,0,0.0,0,0.0,0,383,0.0,0,383,0.0,COAD;COAD_MSI;COAD_MSS;READ;READ_MSI;READ_MSS
colorectal,383,383,tpm_clean,ENSG00000140478,GOLGA6D,0,0.0,0,0.0,0,383,0.0,0,383,0.0,COAD;COAD_MSI;COAD_MSS;READ;READ_MSI;READ_MSS
colorectal,383,383,tpm_clean,ENSG00000141096,DPEP3,0,0.0,0,0.0,0,383,0.0,0,383,0.0,COAD;COAD_MSI;COAD_MSS;READ;READ_MSI;READ_MSS
colorectal,383,383,tpm_clean,ENSG00000141255,SPATA22,0,0.0,0,0.0,0,383,0.0,0,383,0.0,COAD;COAD_MSI;COAD_MSS;READ;READ_MSI;READ_MSS
colorectal,383,383,tpm_clean,ENSG00000141316,SPACA3,0,0.0,0,0.0,0,383,0.0,0,383,0.0,COAD;COAD_MSI;COAD_MSS;READ;READ_MSI;READ_MSS
colorectal,383,383,tpm_clean,ENSG00000141371,CHCT1,0,0.0,0,0.0,0,383,0.0,0,383,0.0,COAD;COAD_MSI;COAD_MSS;READ;READ_MSI;READ_MSS
colorectal,383,383,tpm_clean,ENSG00000141437,SLC25A52,0,0.0,0,0.0,0,383,0.0,0,383,0.0,COAD;COAD_MSI;COAD_MSS;READ;READ_MSI;READ_MSS
colorectal,383,383,tpm_clean,ENSG00000142025,DMRTC2,0,0.0,0,0.0,0,383,0.0,0,383,0.0,COAD;COAD_MSI;COAD_MSS;READ;READ_MSI;READ_MSS
colorectal,383,383,tpm_clean,ENSG00000142698,C1orf94,0,0.0,0,0.0,0,383,0.0,0,383,0.0,COAD;COAD_MSI;COAD_MSS;READ;READ_MSI;READ_MSS
colorectal,383,383,tpm_clean,ENSG00000143006,DMRTB1,0,0.0,0,0.0,0,383,0.0,0,383,0.0,COAD;COAD_MSI;COAD_MSS;READ;READ_MSI;READ_MSS
colorectal,383,383,tpm_clean,ENSG00000143452,HORMAD1,0,0.0,0,0.0,0,383,0.0,0,383,0.0,COAD;COAD_MSI;COAD_MSS;READ;READ_MSI;READ_MSS
colorectal,383,383,tpm_clean,ENSG00000144962,SPATA16,0,0.0,0,0.0,0,383,0.0,0,383,0.0,COAD;COAD_MSI;COAD_MSS;READ;READ_MSI;READ_MSS
colorectal,383,383,tpm_clean,ENSG00000145309,CABS1,0,0.0,0,0.0,0,383,0.0,0,383,0.0,COAD;COAD_MSI;COAD_MSS;READ;READ_MSI;READ_MSS
colorectal,383,383,tpm_clean,ENSG00000147081,AKAP4,0,0.0,0,0.0,0,383,0.0,0,383,0.0,COAD;COAD_MSI;COAD_MSS;READ;READ_MSI;READ_MSS
colorectal,383,383,tpm_clean,ENSG00000147183,CPXCR1,0,0.0,0,0.0,0,383,0.0,0,383,0.0,COAD;COAD_MSI;COAD_MSS;READ;READ_MSI;READ_MSS
colorectal,383,383,tpm_clean,ENSG00000147378,FATE1,0,0.0,0,0.0,0,383,0.0,0,383,0.0,COAD;COAD_MSI;COAD_MSS;READ;READ_MSI;READ_MSS
colorectal,383,383,tpm_clean,ENSG00000147381,MAGEA4,1,0.26,0,0.0,1,383,0.26,0,383,0.0,COAD;COAD_MSI;COAD_MSS;READ;READ_MSI;READ_MSS
colorectal,383,383,tpm_clean,ENSG00000148156,ACTL7B,0,0.0,0,0.0,0,383,0.0,0,383,0.0,COAD;COAD_MSI;COAD_MSS;READ;READ_MSI;READ_MSS
colorectal,383,383,tpm_clean,ENSG00000150628,SPATA4,0,0.0,0,0.0,0,383,0.0,0,383,0.0,COAD;COAD_MSI;COAD_MSS;READ;READ_MSI;READ_MSS
colorectal,383,383,tpm_clean,ENSG00000151962,RBM46,0,0.0,0,0.0,0,383,0.0,0,383,0.0,COAD;COAD_MSI;COAD_MSS;READ;READ_MSI;READ_MSS
colorectal,383,383,tpm_clean,ENSG00000152430,BOLL,0,0.0,0,0.0,0,383,0.0,0,383,0.0,COAD;COAD_MSI;COAD_MSS;READ;READ_MSI;READ_MSS
colorectal,383,383,tpm_clean,ENSG00000152670,DDX4,0,0.0,0,0.0,0,383,0.0,0,383,0.0,COAD;COAD_MSI;COAD_MSS;READ;READ_MSI;READ_MSS
colorectal,383,383,tpm_clean,ENSG00000153060,TEKT5,0,0.0,0,0.0,0,383,0.0,0,383,0.0,COAD;COAD_MSI;COAD_MSS;READ;READ_MSI;READ_MSS
colorectal,383,383,tpm_clean,ENSG00000153779,TGIF2LX,0,0.0,0,0.0,0,383,0.0,0,383,0.0,COAD;COAD_MSI;COAD_MSS;READ;READ_MSI;READ_MSS
colorectal,383,383,tpm_clean,ENSG00000155087,ODF1,0,0.0,0,0.0,0,383,0.0,0,383,0.0,COAD;COAD_MSI;COAD_MSS;READ;READ_MSI;READ_MSS
colorectal,383,383,tpm_clean,ENSG00000155495,MAGEC1,0,0.0,0,0.0,0,383,0.0,0,383,0.0,COAD;COAD_MSI;COAD_MSS;READ;READ_MSI;READ_MSS
colorectal,383,383,tpm_clean,ENSG00000155622,XAGE2,1,0.26,1,0.26,1,383,0.26,1,383,0.26,COAD;COAD_MSI;COAD_MSS;READ;READ_MSI;READ_MSS
colorectal,383,383,tpm_clean,ENSG00000156009,MAGEA8,0,0.0,0,0.0,0,383,0.0,0,383,0.0,COAD;COAD_MSI;COAD_MSS;READ;READ_MSI;READ_MSS
colorectal,383,383,tpm_clean,ENSG00000156269,NAA11,0,0.0,0,0.0,0,383,0.0,0,383,0.0,COAD;COAD_MSI;COAD_MSS;READ;READ_MSI;READ_MSS
colorectal,383,383,tpm_clean,ENSG00000158639,PAGE5,0,0.0,0,0.0,0,383,0.0,0,383,0.0,COAD;COAD_MSI;COAD_MSS;READ;READ_MSI;READ_MSS
colorectal,383,383,tpm_clean,ENSG00000159289,GOLGA6A,0,0.0,0,0.0,0,383,0.0,0,383,0.0,COAD;COAD_MSI;COAD_MSS;READ;READ_MSI;READ_MSS
colorectal,383,383,tpm_clean,ENSG00000159708,LRRC36,6,1.57,1,0.26,1,383,0.26,0,383,0.0,COAD;COAD_MSI;COAD_MSS;READ;READ_MSI;READ_MSS
colorectal,383,383,tpm_clean,ENSG00000161860,SYCE2,0,0.0,0,0.0,0,383,0.0,0,383,0.0,COAD;COAD_MSI;COAD_MSS;READ;READ_MSI;READ_MSS
colorectal,383,383,tpm_clean,ENSG00000161973,CCDC42,0,0.0,0,0.0,0,383,0.0,0,383,0.0,COAD;COAD_MSI;COAD_MSS;READ;READ_MSI;READ_MSS
colorectal,383,383,tpm_clean,ENSG00000162039,MEIOB,0,0.0,0,0.0,0,383,0.0,0,383,0.0,COAD;COAD_MSI;COAD_MSS;READ;READ_MSI;READ_MSS
colorectal,383,383,tpm_clean,ENSG00000162641,AKNAD1,0,0.0,0,0.0,0,383,0.0,0,383,0.0,COAD;COAD_MSI;COAD_MSS;READ;READ_MSI;READ_MSS
colorectal,383,383,tpm_clean,ENSG00000162771,GARIN4,0,0.0,0,0.0,0,383,0.0,0,383,0.0,COAD;COAD_MSI;COAD_MSS;READ;READ_MSI;READ_MSS
colorectal,383,383,tpm_clean,ENSG00000162843,WDR64,0,0.0,0,0.0,0,383,0.0,0,383,0.0,COAD;COAD_MSI;COAD_MSS;READ;READ_MSI;READ_MSS
colorectal,383,383,tpm_clean,ENSG00000163114,PDHA2,0,0.0,0,0.0,0,383,0.0,0,383,0.0,COAD;COAD_MSI;COAD_MSS;READ;READ_MSI;READ_MSS
colorectal,383,383,tpm_clean,ENSG00000163530,DPPA2,0,0.0,0,0.0,0,383,0.0,0,383,0.0,COAD;COAD_MSI;COAD_MSS;READ;READ_MSI;READ_MSS
colorectal,383,383,tpm_clean,ENSG00000164113,ADAD1,0,0.0,0,0.0,0,383,0.0,0,383,0.0,COAD;COAD_MSI;COAD_MSS;READ;READ_MSI;READ_MSS
colorectal,383,383,tpm_clean,ENSG00000164304,CAGE1,0,0.0,0,0.0,0,383,0.0,0,383,0.0,COAD;COAD_MSI;COAD_MSS;READ;READ_MSI;READ_MSS
colorectal,383,383,tpm_clean,ENSG00000165583,SSX5,0,0.0,0,0.0,0,383,0.0,0,383,0.0,COAD;COAD_MSI;COAD_MSS;READ;READ_MSI;READ_MSS
colorectal,383,383,tpm_clean,ENSG00000165584,SSX3,0,0.0,0,0.0,0,383,0.0,0,383,0.0,COAD;COAD_MSI;COAD_MSS;READ;READ_MSI;READ_MSS
colorectal,383,383,tpm_clean,ENSG00000166049,PASD1,0,0.0,0,0.0,0,383,0.0,0,383,0.0,COAD;COAD_MSI;COAD_MSS;READ;READ_MSI;READ_MSS
colorectal,383,383,tpm_clean,ENSG00000166069,TMCO5A,0,0.0,0,0.0,0,383,0.0,0,383,0.0,COAD;COAD_MSI;COAD_MSS;READ;READ_MSI;READ_MSS
colorectal,383,383,tpm_clean,ENSG00000166118,SPATA19,0,0.0,0,0.0,0,383,0.0,0,383,0.0,COAD;COAD_MSI;COAD_MSS;READ;READ_MSI;READ_MSS
colorectal,383,383,tpm_clean,ENSG00000166796,LDHC,0,0.0,0,0.0,0,383,0.0,0,383,0.0,COAD;COAD_MSI;COAD_MSS;READ;READ_MSI;READ_MSS
colorectal,383,383,tpm_clean,ENSG00000167098,SUN5,0,0.0,0,0.0,0,383,0.0,0,383,0.0,COAD;COAD_MSI;COAD_MSS;READ;READ_MSI;READ_MSS
colorectal,383,383,tpm_clean,ENSG00000168594,ADAM29,0,0.0,0,0.0,0,383,0.0,0,383,0.0,COAD;COAD_MSI;COAD_MSS;READ;READ_MSI;READ_MSS
colorectal,383,383,tpm_clean,ENSG00000168757,TSPY2,0,0.0,0,0.0,0,383,0.0,0,383,0.0,COAD;COAD_MSI;COAD_MSS;READ;READ_MSI;READ_MSS
colorectal,383,383,tpm_clean,ENSG00000169059,VCX3A,0,0.0,0,0.0,0,383,0.0,0,383,0.0,COAD;COAD_MSI;COAD_MSS;READ;READ_MSI;READ_MSS
colorectal,383,383,tpm_clean,ENSG00000169551,CT55,0,0.0,0,0.0,0,383,0.0,0,383,0.0,COAD;COAD_MSI;COAD_MSS;READ;READ_MSI;READ_MSS
colorectal,383,383,tpm_clean,ENSG00000169800,RBMY1F,0,0.0,0,0.0,0,383,0.0,0,383,0.0,COAD;COAD_MSI;COAD_MSS;READ;READ_MSI;READ_MSS
colorectal,383,383,tpm_clean,ENSG00000170516,COX7B2,3,0.78,0,0.0,0,383,0.0,0,383,0.0,COAD;COAD_MSI;COAD_MSS;READ;READ_MSI;READ_MSS
colorectal,383,383,tpm_clean,ENSG00000170748,RBMXL2,0,0.0,0,0.0,0,383,0.0,0,383,0.0,COAD;COAD_MSI;COAD_MSS;READ;READ_MSI;READ_MSS
colorectal,383,383,tpm_clean,ENSG00000170848,PSG6,0,0.0,0,0.0,0,383,0.0,0,383,0.0,COAD;COAD_MSI;COAD_MSS;READ;READ_MSI;READ_MSS
colorectal,383,383,tpm_clean,ENSG00000170950,PGK2,0,0.0,0,0.0,0,383,0.0,0,383,0.0,COAD;COAD_MSI;COAD_MSS;READ;READ_MSI;READ_MSS
colorectal,383,383,tpm_clean,ENSG00000170965,PLAC1,0,0.0,0,0.0,0,383,0.0,0,383,0.0,COAD;COAD_MSI;COAD_MSS;READ;READ_MSI;READ_MSS
colorectal,383,383,tpm_clean,ENSG00000171402,XAGE3,0,0.0,0,0.0,0,383,0.0,0,383,0.0,COAD;COAD_MSI;COAD_MSS;READ;READ_MSI;READ_MSS
colorectal,383,383,tpm_clean,ENSG00000171405,XAGE5,0,0.0,0,0.0,0,383,0.0,0,383,0.0,COAD;COAD_MSI;COAD_MSS;READ;READ_MSI;READ_MSS
colorectal,383,383,tpm_clean,ENSG00000171794,UTF1,0,0.0,0,0.0,0,383,0.0,0,383,0.0,COAD;COAD_MSI;COAD_MSS;READ;READ_MSI;READ_MSS
colorectal,383,383,tpm_clean,ENSG00000172073,TEX37,0,0.0,0,0.0,0,383,0.0,0,383,0.0,COAD;COAD_MSI;COAD_MSS;READ;READ_MSI;READ_MSS
colorectal,383,383,tpm_clean,ENSG00000172717,GARIN2,0,0.0,0,0.0,0,383,0.0,0,383,0.0,COAD;COAD_MSI;COAD_MSS;READ;READ_MSI;READ_MSS
colorectal,383,383,tpm_clean,ENSG00000174015,CBY2,0,0.0,0,0.0,0,383,0.0,0,383,0.0,COAD;COAD_MSI;COAD_MSS;READ;READ_MSI;READ_MSS
colorectal,383,383,tpm_clean,ENSG00000174016,TENT5D,0,0.0,0,0.0,0,383,0.0,0,383,0.0,COAD;COAD_MSI;COAD_MSS;READ;READ_MSI;READ_MSS
colorectal,383,383,tpm_clean,ENSG00000174898,CATSPERD,0,0.0,0,0.0,0,383,0.0,0,383,0.0,COAD;COAD_MSI;COAD_MSS;READ;READ_MSI;READ_MSS
colorectal,383,383,tpm_clean,ENSG00000175646,PRM1,0,0.0,0,0.0,0,383,0.0,0,383,0.0,COAD;COAD_MSI;COAD_MSS;READ;READ_MSI;READ_MSS
colorectal,383,383,tpm_clean,ENSG00000175809,CBLL2,0,0.0,0,0.0,0,383,0.0,0,383,0.0,COAD;COAD_MSI;COAD_MSS;READ;READ_MSI;READ_MSS
colorectal,383,383,tpm_clean,ENSG00000175820,CCDC168,0,0.0,0,0.0,0,383,0.0,0,383,0.0,COAD;COAD_MSI;COAD_MSS;READ;READ_MSI;READ_MSS
colorectal,383,383,tpm_clean,ENSG00000175877,TMEM270,0,0.0,0,0.0,0,383,0.0,0,383,0.0,COAD;COAD_MSI;COAD_MSS;READ;READ_MSI;READ_MSS
colorectal,383,383,tpm_clean,ENSG00000176256,HMGB4,0,0.0,0,0.0,0,383,0.0,0,383,0.0,COAD;COAD_MSI;COAD_MSS;READ;READ_MSI;READ_MSS
colorectal,383,383,tpm_clean,ENSG00000176566,DCAF4L2,0,0.0,0,0.0,0,383,0.0,0,383,0.0,COAD;COAD_MSI;COAD_MSS;READ;READ_MSI;READ_MSS
colorectal,383,383,tpm_clean,ENSG00000176635,HORMAD2,0,0.0,0,0.0,0,383,0.0,0,383,0.0,COAD;COAD_MSI;COAD_MSS;READ;READ_MSI;READ_MSS
colorectal,383,383,tpm_clean,ENSG00000176746,MAGEB6,0,0.0,0,0.0,0,383,0.0,0,383,0.0,COAD;COAD_MSI;COAD_MSS;READ;READ_MSI;READ_MSS
colorectal,383,383,tpm_clean,ENSG00000176774,MAGEB18,0,0.0,0,0.0,0,383,0.0,0,383,0.0,COAD;COAD_MSI;COAD_MSS;READ;READ_MSI;READ_MSS
colorectal,383,383,tpm_clean,ENSG00000176988,FMR1NB,0,0.0,0,0.0,0,383,0.0,0,383,0.0,COAD;COAD_MSI;COAD_MSS;READ;READ_MSI;READ_MSS
colorectal,383,383,tpm_clean,ENSG00000177294,FBXO39,0,0.0,0,0.0,0,383,0.0,0,383,0.0,COAD;COAD_MSI;COAD_MSS;READ;READ_MSI;READ_MSS
colorectal,383,383,tpm_clean,ENSG00000177673,TEX44,0,0.0,0,0.0,0,383,0.0,0,383,0.0,COAD;COAD_MSI;COAD_MSS;READ;READ_MSI;READ_MSS
colorectal,383,383,tpm_clean,ENSG00000177689,MAGEB10,0,0.0,0,0.0,0,383,0.0,0,383,0.0,COAD;COAD_MSI;COAD_MSS;READ;READ_MSI;READ_MSS
colorectal,383,383,tpm_clean,ENSG00000177947,ODF3,0,0.0,0,0.0,0,383,0.0,0,383,0.0,COAD;COAD_MSI;COAD_MSS;READ;READ_MSI;READ_MSS
colorectal,383,383,tpm_clean,ENSG00000177992,SPATA31E1,0,0.0,0,0.0,0,383,0.0,0,383,0.0,COAD;COAD_MSI;COAD_MSS;READ;READ_MSI;READ_MSS
colorectal,383,383,tpm_clean,ENSG00000178021,TSPYL6,0,0.0,0,0.0,0,383,0.0,0,383,0.0,COAD;COAD_MSI;COAD_MSS;READ;READ_MSI;READ_MSS
colorectal,383,383,tpm_clean,ENSG00000178257,PRM3,0,0.0,0,0.0,0,383,0.0,0,383,0.0,COAD;COAD_MSI;COAD_MSS;READ;READ_MSI;READ_MSS
colorectal,383,383,tpm_clean,ENSG00000178279,TNP2,0,0.0,0,0.0,0,383,0.0,0,383,0.0,COAD;COAD_MSI;COAD_MSS;READ;READ_MSI;READ_MSS
colorectal,383,383,tpm_clean,ENSG00000178997,EXD1,0,0.0,0,0.0,0,383,0.0,0,383,0.0,COAD;COAD_MSI;COAD_MSS;READ;READ_MSI;READ_MSS
colorectal,383,383,tpm_clean,ENSG00000179046,TRIML2,0,0.0,0,0.0,0,383,0.0,0,383,0.0,COAD;COAD_MSI;COAD_MSS;READ;READ_MSI;READ_MSS
colorectal,383,383,tpm_clean,ENSG00000179059,ZFP42,0,0.0,0,0.0,0,383,0.0,0,383,0.0,COAD;COAD_MSI;COAD_MSS;READ;READ_MSI;READ_MSS
colorectal,383,383,tpm_clean,ENSG00000179088,C12orf42,0,0.0,0,0.0,0,383,0.0,0,383,0.0,COAD;COAD_MSI;COAD_MSS;READ;READ_MSI;READ_MSS
colorectal,383,383,tpm_clean,ENSG00000179407,DNAJB8,0,0.0,0,0.0,0,383,0.0,0,383,0.0,COAD;COAD_MSI;COAD_MSS;READ;READ_MSI;READ_MSS
colorectal,383,383,tpm_clean,ENSG00000180138,CSNK1A1L,0,0.0,0,0.0,0,383,0.0,0,383,0.0,COAD;COAD_MSI;COAD_MSS;READ;READ_MSI;READ_MSS
colorectal,383,383,tpm_clean,ENSG00000180336,MEIOC,0,0.0,0,0.0,0,383,0.0,0,383,0.0,COAD;COAD_MSI;COAD_MSS;READ;READ_MSI;READ_MSS
colorectal,383,383,tpm_clean,ENSG00000181323,SPEM1,0,0.0,0,0.0,0,383,0.0,0,383,0.0,COAD;COAD_MSI;COAD_MSS;READ;READ_MSI;READ_MSS
colorectal,383,383,tpm_clean,ENSG00000181433,SAGE1,0,0.0,0,0.0,0,383,0.0,0,383,0.0,COAD;COAD_MSI;COAD_MSS;READ;READ_MSI;READ_MSS
colorectal,383,383,tpm_clean,ENSG00000182308,DCAF4L1,0,0.0,0,0.0,0,383,0.0,0,383,0.0,COAD;COAD_MSI;COAD_MSS;READ;READ_MSI;READ_MSS
colorectal,383,383,tpm_clean,ENSG00000182459,TEX19,0,0.0,0,0.0,0,383,0.0,0,383,0.0,COAD;COAD_MSI;COAD_MSS;READ;READ_MSI;READ_MSS
colorectal,383,383,tpm_clean,ENSG00000182583,VCX,0,0.0,0,0.0,0,383,0.0,0,383,0.0,COAD;COAD_MSI;COAD_MSS;READ;READ_MSI;READ_MSS
colorectal,383,383,tpm_clean,ENSG00000183206,POTEC,0,0.0,0,0.0,0,383,0.0,0,383,0.0,COAD;COAD_MSI;COAD_MSS;READ;READ_MSI;READ_MSS
colorectal,383,383,tpm_clean,ENSG00000183305,MAGEA2/MAGEA2B,19,4.96,9,2.35,12,383,3.13,4,383,1.04,COAD;COAD_MSI;COAD_MSS;READ;READ_MSI;READ_MSS
colorectal,383,383,tpm_clean,ENSG00000183434,TFDP3,0,0.0,0,0.0,0,383,0.0,0,383,0.0,COAD;COAD_MSI;COAD_MSS;READ;READ_MSI;READ_MSS
colorectal,383,383,tpm_clean,ENSG00000183668,PSG9,0,0.0,0,0.0,0,383,0.0,0,383,0.0,COAD;COAD_MSI;COAD_MSS;READ;READ_MSI;READ_MSS
colorectal,383,383,tpm_clean,ENSG00000184033,CTAG1A/B,1,0.26,1,0.26,1,383,0.26,1,383,0.26,COAD;COAD_MSI;COAD_MSS;READ;READ_MSI;READ_MSS
colorectal,383,383,tpm_clean,ENSG00000184361,SPATA32,0,0.0,0,0.0,0,383,0.0,0,383,0.0,COAD;COAD_MSI;COAD_MSS;READ;READ_MSI;READ_MSS
colorectal,383,383,tpm_clean,ENSG00000184507,NUTM1,0,0.0,0,0.0,0,383,0.0,0,383,0.0,COAD;COAD_MSI;COAD_MSS;READ;READ_MSI;READ_MSS
colorectal,383,383,tpm_clean,ENSG00000184650,ODF4,0,0.0,0,0.0,0,383,0.0,0,383,0.0,COAD;COAD_MSI;COAD_MSS;READ;READ_MSI;READ_MSS
colorectal,383,383,tpm_clean,ENSG00000184735,DDX53,0,0.0,0,0.0,0,383,0.0,0,383,0.0,COAD;COAD_MSI;COAD_MSS;READ;READ_MSI;READ_MSS
colorectal,383,383,tpm_clean,ENSG00000185264,TEX33,0,0.0,0,0.0,0,383,0.0,0,383,0.0,COAD;COAD_MSI;COAD_MSS;READ;READ_MSI;READ_MSS
colorectal,383,383,tpm_clean,ENSG00000185686,PRAME,3,0.78,1,0.26,1,383,0.26,0,383,0.0,COAD;COAD_MSI;COAD_MSS;READ;READ_MSI;READ_MSS
colorectal,383,383,tpm_clean,ENSG00000185775,SPATA31A6,0,0.0,0,0.0,0,383,0.0,0,383,0.0,COAD;COAD_MSI;COAD_MSS;READ;READ_MSI;READ_MSS
colorectal,383,383,tpm_clean,ENSG00000185792,NLRP9,0,0.0,0,0.0,0,383,0.0,0,383,0.0,COAD;COAD_MSI;COAD_MSS;READ;READ_MSI;READ_MSS
colorectal,383,383,tpm_clean,ENSG00000185863,TMEM210,0,0.0,0,0.0,0,383,0.0,0,383,0.0,COAD;COAD_MSI;COAD_MSS;READ;READ_MSI;READ_MSS
colorectal,383,383,tpm_clean,ENSG00000186075,ZPBP2,0,0.0,0,0.0,0,383,0.0,0,383,0.0,COAD;COAD_MSI;COAD_MSS;READ;READ_MSI;READ_MSS
colorectal,383,383,tpm_clean,ENSG00000186118,TEX38,0,0.0,0,0.0,0,383,0.0,0,383,0.0,COAD;COAD_MSI;COAD_MSS;READ;READ_MSI;READ_MSS
colorectal,383,383,tpm_clean,ENSG00000186451,SPATA12,0,0.0,0,0.0,0,383,0.0,0,383,0.0,COAD;COAD_MSI;COAD_MSS;READ;READ_MSI;READ_MSS
colorectal,383,383,tpm_clean,ENSG00000186788,SPATA31D3,0,0.0,0,0.0,0,383,0.0,0,383,0.0,COAD;COAD_MSI;COAD_MSS;READ;READ_MSI;READ_MSS
colorectal,383,383,tpm_clean,ENSG00000187003,ACTL7A,0,0.0,0,0.0,0,383,0.0,0,383,0.0,COAD;COAD_MSI;COAD_MSS;READ;READ_MSI;READ_MSS
colorectal,383,383,tpm_clean,ENSG00000187191,DAZ3,2,0.52,2,0.52,2,383,0.52,2,383,0.52,COAD;COAD_MSI;COAD_MSS;READ;READ_MSI;READ_MSS
colorectal,383,383,tpm_clean,ENSG00000187754,SSX7,0,0.0,0,0.0,0,383,0.0,0,383,0.0,COAD;COAD_MSI;COAD_MSS;READ;READ_MSI;READ_MSS
colorectal,383,383,tpm_clean,ENSG00000187772,LIN28B,0,0.0,0,0.0,0,383,0.0,0,383,0.0,COAD;COAD_MSI;COAD_MSS;READ;READ_MSI;READ_MSS
colorectal,383,383,tpm_clean,ENSG00000188120,DAZ1,7,1.83,7,1.83,7,383,1.83,4,383,1.04,COAD;COAD_MSI;COAD_MSS;READ;READ_MSI;READ_MSS
colorectal,383,383,tpm_clean,ENSG00000188425,NANOS2,0,0.0,0,0.0,0,383,0.0,0,383,0.0,COAD;COAD_MSI;COAD_MSS;READ;READ_MSI;READ_MSS
colorectal,383,383,tpm_clean,ENSG00000188782,CATSPER4,0,0.0,0,0.0,0,383,0.0,0,383,0.0,COAD;COAD_MSI;COAD_MSS;READ;READ_MSI;READ_MSS
colorectal,383,383,tpm_clean,ENSG00000189023,MAGEB16,0,0.0,0,0.0,0,383,0.0,0,383,0.0,COAD;COAD_MSI;COAD_MSS;READ;READ_MSI;READ_MSS
colorectal,383,383,tpm_clean,ENSG00000189052,CGB5/8,3,0.78,0,0.0,2,383,0.52,0,383,0.0,COAD;COAD_MSI;COAD_MSS;READ;READ_MSI;READ_MSS
colorectal,383,383,tpm_clean,ENSG00000189064,GAGE2A,0,0.0,0,0.0,0,383,0.0,0,383,0.0,COAD;COAD_MSI;COAD_MSS;READ;READ_MSI;READ_MSS
colorectal,383,383,tpm_clean,ENSG00000189186,DCAF8L2,0,0.0,0,0.0,0,383,0.0,0,383,0.0,COAD;COAD_MSI;COAD_MSS;READ;READ_MSI;READ_MSS
colorectal,383,383,tpm_clean,ENSG00000189252,SPANXN3,0,0.0,0,0.0,0,383,0.0,0,383,0.0,COAD;COAD_MSI;COAD_MSS;READ;READ_MSI;READ_MSS
colorectal,383,383,tpm_clean,ENSG00000189326,SPANXN4,0,0.0,0,0.0,0,383,0.0,0,383,0.0,COAD;COAD_MSI;COAD_MSS;READ;READ_MSI;READ_MSS
colorectal,383,383,tpm_clean,ENSG00000189357,SPATA31D4,0,0.0,0,0.0,0,383,0.0,0,383,0.0,COAD;COAD_MSI;COAD_MSS;READ;READ_MSI;READ_MSS
colorectal,383,383,tpm_clean,ENSG00000196350,ZNF729,0,0.0,0,0.0,0,383,0.0,0,383,0.0,COAD;COAD_MSI;COAD_MSS;READ;READ_MSI;READ_MSS
colorectal,383,383,tpm_clean,ENSG00000196406,SPANXD,0,0.0,0,0.0,0,383,0.0,0,383,0.0,COAD;COAD_MSI;COAD_MSS;READ;READ_MSI;READ_MSS
colorectal,383,383,tpm_clean,ENSG00000196553,CCDC196,2,0.52,0,0.0,0,383,0.0,0,383,0.0,COAD;COAD_MSI;COAD_MSS;READ;READ_MSI;READ_MSS
colorectal,383,383,tpm_clean,ENSG00000196604,POTEF,1,0.26,0,0.0,0,383,0.0,0,383,0.0,COAD;COAD_MSI;COAD_MSS;READ;READ_MSI;READ_MSS
colorectal,383,383,tpm_clean,ENSG00000196862,RGPD4,0,0.0,0,0.0,0,383,0.0,0,383,0.0,COAD;COAD_MSI;COAD_MSS;READ;READ_MSI;READ_MSS
colorectal,383,383,tpm_clean,ENSG00000197172,MAGEA6,30,7.83,23,6.01,23,383,6.01,12,383,3.13,COAD;COAD_MSI;COAD_MSS;READ;READ_MSI;READ_MSS
colorectal,383,383,tpm_clean,ENSG00000198021,SPANXA1/2,0,0.0,0,0.0,0,383,0.0,0,383,0.0,COAD;COAD_MSI;COAD_MSS;READ;READ_MSI;READ_MSS
colorectal,383,383,tpm_clean,ENSG00000198573,SPANXC,0,0.0,0,0.0,0,383,0.0,0,383,0.0,COAD;COAD_MSI;COAD_MSS;READ;READ_MSI;READ_MSS
colorectal,383,383,tpm_clean,ENSG00000198681,MAGEA1,4,1.04,1,0.26,1,383,0.26,1,383,0.26,COAD;COAD_MSI;COAD_MSS;READ;READ_MSI;READ_MSS
colorectal,383,383,tpm_clean,ENSG00000198759,EGFL6,0,0.0,0,0.0,0,383,0.0,0,383,0.0,COAD;COAD_MSI;COAD_MSS;READ;READ_MSI;READ_MSS
colorectal,383,383,tpm_clean,ENSG00000198765,SYCP1,0,0.0,0,0.0,0,383,0.0,0,383,0.0,COAD;COAD_MSI;COAD_MSS;READ;READ_MSI;READ_MSS
colorectal,383,383,tpm_clean,ENSG00000198870,STKLD1,0,0.0,0,0.0,0,383,0.0,0,383,0.0,COAD;COAD_MSI;COAD_MSS;READ;READ_MSI;READ_MSS
colorectal,383,383,tpm_clean,ENSG00000203909,DPPA5,0,0.0,0,0.0,0,383,0.0,0,383,0.0,COAD;COAD_MSI;COAD_MSS;READ;READ_MSI;READ_MSS
colorectal,383,383,tpm_clean,ENSG00000203923,SPANXN1,0,0.0,0,0.0,0,383,0.0,0,383,0.0,COAD;COAD_MSI;COAD_MSS;READ;READ_MSI;READ_MSS
colorectal,383,383,tpm_clean,ENSG00000204019,CT83,6,1.57,1,0.26,1,383,0.26,1,383,0.26,COAD;COAD_MSI;COAD_MSS;READ;READ_MSI;READ_MSS
colorectal,383,383,tpm_clean,ENSG00000204279,PAGE3,0,0.0,0,0.0,0,383,0.0,0,383,0.0,COAD;COAD_MSI;COAD_MSS;READ;READ_MSI;READ_MSS
colorectal,383,383,tpm_clean,ENSG00000204363,SPANXN5,0,0.0,0,0.0,0,383,0.0,0,383,0.0,COAD;COAD_MSI;COAD_MSS;READ;READ_MSI;READ_MSS
colorectal,383,383,tpm_clean,ENSG00000204379,XAGE1A/B,4,1.04,4,1.04,4,383,1.04,3,383,0.78,COAD;COAD_MSI;COAD_MSS;READ;READ_MSI;READ_MSS
colorectal,383,383,tpm_clean,ENSG00000204450,TRIM64,0,0.0,0,0.0,0,383,0.0,0,383,0.0,COAD;COAD_MSI;COAD_MSS;READ;READ_MSI;READ_MSS
colorectal,383,383,tpm_clean,ENSG00000204849,SPATA31A1,0,0.0,0,0.0,0,383,0.0,0,383,0.0,COAD;COAD_MSI;COAD_MSS;READ;READ_MSI;READ_MSS
colorectal,383,383,tpm_clean,ENSG00000204941,PSG5,0,0.0,0,0.0,0,383,0.0,0,383,0.0,COAD;COAD_MSI;COAD_MSS;READ;READ_MSI;READ_MSS
colorectal,383,383,tpm_clean,ENSG00000204961,PCDHA9,0,0.0,0,0.0,0,383,0.0,0,383,0.0,COAD;COAD_MSI;COAD_MSS;READ;READ_MSI;READ_MSS
colorectal,383,383,tpm_clean,ENSG00000205359,SLCO6A1,0,0.0,0,0.0,0,383,0.0,0,383,0.0,COAD;COAD_MSI;COAD_MSS;READ;READ_MSI;READ_MSS
colorectal,383,383,tpm_clean,ENSG00000205642,VCX3B,0,0.0,0,0.0,0,383,0.0,0,383,0.0,COAD;COAD_MSI;COAD_MSS;READ;READ_MSI;READ_MSS
colorectal,383,383,tpm_clean,ENSG00000205777,GAGE1,1,0.26,0,0.0,0,383,0.0,0,383,0.0,COAD;COAD_MSI;COAD_MSS;READ;READ_MSI;READ_MSS
colorectal,383,383,tpm_clean,ENSG00000212710,CTAGE1,0,0.0,0,0.0,0,383,0.0,0,383,0.0,COAD;COAD_MSI;COAD_MSS;READ;READ_MSI;READ_MSS
colorectal,383,383,tpm_clean,ENSG00000213218,CSH2,0,0.0,0,0.0,0,383,0.0,0,383,0.0,COAD;COAD_MSI;COAD_MSS;READ;READ_MSI;READ_MSS
colorectal,383,383,tpm_clean,ENSG00000213401,MAGEA12,18,4.7,8,2.09,10,383,2.61,3,383,0.78,COAD;COAD_MSI;COAD_MSS;READ;READ_MSI;READ_MSS
colorectal,383,383,tpm_clean,ENSG00000214107,MAGEB1,0,0.0,0,0.0,0,383,0.0,0,383,0.0,COAD;COAD_MSI;COAD_MSS;READ;READ_MSI;READ_MSS
colorectal,383,383,tpm_clean,ENSG00000215113,CXorf49/CXorf49B,1,0.26,1,0.26,1,383,0.26,1,383,0.26,COAD;COAD_MSI;COAD_MSS;READ;READ_MSI;READ_MSS
colorectal,383,383,tpm_clean,ENSG00000215269,GAGE12F/G,0,0.0,0,0.0,0,383,0.0,0,383,0.0,COAD;COAD_MSI;COAD_MSS;READ;READ_MSI;READ_MSS
colorectal,383,383,tpm_clean,ENSG00000215274,GAGE10,0,0.0,0,0.0,0,383,0.0,0,383,0.0,COAD;COAD_MSI;COAD_MSS;READ;READ_MSI;READ_MSS
colorectal,383,383,tpm_clean,ENSG00000215529,EFCAB8,0,0.0,0,0.0,0,383,0.0,0,383,0.0,COAD;COAD_MSI;COAD_MSS;READ;READ_MSI;READ_MSS
colorectal,383,383,tpm_clean,ENSG00000215817,ZC3H11B,0,0.0,0,0.0,0,383,0.0,0,383,0.0,COAD;COAD_MSI;COAD_MSS;READ;READ_MSI;READ_MSS
colorectal,383,383,tpm_clean,ENSG00000216649,GAGE12C/D/E,0,0.0,0,0.0,0,383,0.0,0,383,0.0,COAD;COAD_MSI;COAD_MSS;READ;READ_MSI;READ_MSS
colorectal,383,383,tpm_clean,ENSG00000221826,PSG3,0,0.0,0,0.0,0,383,0.0,0,383,0.0,COAD;COAD_MSI;COAD_MSS;READ;READ_MSI;READ_MSS
colorectal,383,383,tpm_clean,ENSG00000221867,MAGEA3,29,7.57,26,6.79,28,383,7.31,19,383,4.96,COAD;COAD_MSI;COAD_MSS;READ;READ_MSI;READ_MSS
colorectal,383,383,tpm_clean,ENSG00000221878,PSG7,0,0.0,0,0.0,0,383,0.0,0,383,0.0,COAD;COAD_MSI;COAD_MSS;READ;READ_MSI;READ_MSS
colorectal,383,383,tpm_clean,ENSG00000224089,CT47A1/2/3/4/5/6/7/8/9/10/11/12,0,0.0,0,0.0,0,383,0.0,0,383,0.0,COAD;COAD_MSI;COAD_MSS;READ;READ_MSI;READ_MSS
colorectal,383,383,tpm_clean,ENSG00000224440,CXorf51A/B,0,0.0,0,0.0,0,383,0.0,0,383,0.0,COAD;COAD_MSI;COAD_MSS;READ;READ_MSI;READ_MSS
colorectal,383,383,tpm_clean,ENSG00000224659,GAGE12J,1,0.26,1,0.26,1,383,0.26,1,383,0.26,COAD;COAD_MSI;COAD_MSS;READ;READ_MSI;READ_MSS
colorectal,383,383,tpm_clean,ENSG00000224902,GAGE12H,0,0.0,0,0.0,0,383,0.0,0,383,0.0,COAD;COAD_MSI;COAD_MSS;READ;READ_MSI;READ_MSS
colorectal,383,0,tpm_clean,ENSG00000224960,PPP4R3C,0,,0,,0,0,,0,0,,COAD;COAD_MSI;COAD_MSS;READ;READ_MSI;READ_MSS
colorectal,383,383,tpm_clean,ENSG00000226650,KIF4B,0,0.0,0,0.0,0,383,0.0,0,383,0.0,COAD;COAD_MSI;COAD_MSS;READ;READ_MSI;READ_MSS
colorectal,383,383,tpm_clean,ENSG00000227234,SPANXB1,0,0.0,0,0.0,0,383,0.0,0,383,0.0,COAD;COAD_MSI;COAD_MSS;READ;READ_MSI;READ_MSS
colorectal,383,383,tpm_clean,ENSG00000228836,CT45A5/6/7,2,0.52,0,0.0,0,383,0.0,0,383,0.0,COAD;COAD_MSI;COAD_MSS;READ;READ_MSI;READ_MSS
colorectal,383,383,tpm_clean,ENSG00000228927,TSPY3,0,0.0,0,0.0,0,383,0.0,0,383,0.0,COAD;COAD_MSI;COAD_MSS;READ;READ_MSI;READ_MSS
colorectal,383,383,tpm_clean,ENSG00000229549,TSPY8,0,0.0,0,0.0,0,383,0.0,0,383,0.0,COAD;COAD_MSI;COAD_MSS;READ;READ_MSI;READ_MSS
colorectal,383,0,tpm_clean,ENSG00000230601,TEX48,0,,0,,0,0,,0,0,,COAD;COAD_MSI;COAD_MSS;READ;READ_MSI;READ_MSS
colorectal,383,383,tpm_clean,ENSG00000231924,PSG1,1,0.26,0,0.0,0,383,0.0,0,383,0.0,COAD;COAD_MSI;COAD_MSS;READ;READ_MSI;READ_MSS
colorectal,383,383,tpm_clean,ENSG00000233056,ERVH48-1,0,0.0,0,0.0,0,383,0.0,0,383,0.0,COAD;COAD_MSI;COAD_MSS;READ;READ_MSI;READ_MSS
colorectal,383,383,tpm_clean,ENSG00000233803,TSPY4,1,0.26,0,0.0,1,383,0.26,0,383,0.0,COAD;COAD_MSI;COAD_MSS;READ;READ_MSI;READ_MSS
colorectal,383,383,tpm_clean,ENSG00000234068,PAGE2,3,0.78,1,0.26,1,383,0.26,0,383,0.0,COAD;COAD_MSI;COAD_MSS;READ;READ_MSI;READ_MSS
colorectal,383,383,tpm_clean,ENSG00000234414,RBMY1A1,0,0.0,0,0.0,0,383,0.0,0,383,0.0,COAD;COAD_MSI;COAD_MSS;READ;READ_MSI;READ_MSS
colorectal,383,383,tpm_clean,ENSG00000235631,RNF148,0,0.0,0,0.0,0,383,0.0,0,383,0.0,COAD;COAD_MSI;COAD_MSS;READ;READ_MSI;READ_MSS
colorectal,383,383,tpm_clean,ENSG00000236424,TSPY10,0,0.0,0,0.0,0,383,0.0,0,383,0.0,COAD;COAD_MSI;COAD_MSS;READ;READ_MSI;READ_MSS
colorectal,383,383,tpm_clean,ENSG00000236446,CT47B1,0,0.0,0,0.0,0,383,0.0,0,383,0.0,COAD;COAD_MSI;COAD_MSS;READ;READ_MSI;READ_MSS
colorectal,383,383,tpm_clean,ENSG00000236761,CTAGE9,0,0.0,0,0.0,0,383,0.0,0,383,0.0,COAD;COAD_MSI;COAD_MSS;READ;READ_MSI;READ_MSS
colorectal,383,383,tpm_clean,ENSG00000238269,PAGE2B,1,0.26,0,0.0,0,383,0.0,0,383,0.0,COAD;COAD_MSI;COAD_MSS;READ;READ_MSI;READ_MSS
colorectal,383,383,tpm_clean,ENSG00000240021,TEX35,0,0.0,0,0.0,0,383,0.0,0,383,0.0,COAD;COAD_MSI;COAD_MSS;READ;READ_MSI;READ_MSS
colorectal,383,0,tpm_clean,ENSG00000241149,ZNF722,0,,0,,0,0,,0,0,,COAD;COAD_MSI;COAD_MSS;READ;READ_MSI;READ_MSS
colorectal,383,383,tpm_clean,ENSG00000241476,SSX2/SSX2B,0,0.0,0,0.0,0,383,0.0,0,383,0.0,COAD;COAD_MSI;COAD_MSS;READ;READ_MSI;READ_MSS
colorectal,383,383,tpm_clean,ENSG00000242221,PSG2,0,0.0,0,0.0,0,383,0.0,0,383,0.0,COAD;COAD_MSI;COAD_MSS;READ;READ_MSI;READ_MSS
colorectal,383,383,tpm_clean,ENSG00000242389,RBMY1E,0,0.0,0,0.0,0,383,0.0,0,383,0.0,COAD;COAD_MSI;COAD_MSS;READ;READ_MSI;READ_MSS
colorectal,383,383,tpm_clean,ENSG00000242875,RBMY1B,0,0.0,0,0.0,0,383,0.0,0,383,0.0,COAD;COAD_MSI;COAD_MSS;READ;READ_MSI;READ_MSS
colorectal,383,383,tpm_clean,ENSG00000243130,PSG11,0,0.0,0,0.0,0,383,0.0,0,383,0.0,COAD;COAD_MSI;COAD_MSS;READ;READ_MSI;READ_MSS
colorectal,383,383,tpm_clean,ENSG00000244395,RBMY1D,0,0.0,0,0.0,0,383,0.0,0,383,0.0,COAD;COAD_MSI;COAD_MSS;READ;READ_MSI;READ_MSS
colorectal,383,383,tpm_clean,ENSG00000244588,RAD21L1,0,0.0,0,0.0,0,383,0.0,0,383,0.0,COAD;COAD_MSI;COAD_MSS;READ;READ_MSI;READ_MSS
colorectal,383,383,tpm_clean,ENSG00000249861,LGALS16,0,0.0,0,0.0,0,383,0.0,0,383,0.0,COAD;COAD_MSI;COAD_MSS;READ;READ_MSI;READ_MSS
colorectal,383,383,tpm_clean,ENSG00000250741,NT5C1B-RDH14,0,0.0,0,0.0,0,383,0.0,0,383,0.0,COAD;COAD_MSI;COAD_MSS;READ;READ_MSI;READ_MSS
colorectal,383,383,tpm_clean,ENSG00000251258,RFPL4B,0,0.0,0,0.0,0,383,0.0,0,383,0.0,COAD;COAD_MSI;COAD_MSS;READ;READ_MSI;READ_MSS
colorectal,383,383,tpm_clean,ENSG00000258713,C20orf141,0,0.0,0,0.0,0,383,0.0,0,383,0.0,COAD;COAD_MSI;COAD_MSS;READ;READ_MSI;READ_MSS
colorectal,383,383,tpm_clean,ENSG00000258992,TSPY1,0,0.0,0,0.0,0,383,0.0,0,383,0.0,COAD;COAD_MSI;COAD_MSS;READ;READ_MSI;READ_MSS
colorectal,383,383,tpm_clean,ENSG00000261649,GOLGA6L7,0,0.0,0,0.0,0,383,0.0,0,383,0.0,COAD;COAD_MSI;COAD_MSS;READ;READ_MSI;READ_MSS
colorectal,383,383,tpm_clean,ENSG00000261949,GFY,0,0.0,0,0.0,0,383,0.0,0,383,0.0,COAD;COAD_MSI;COAD_MSS;READ;READ_MSI;READ_MSS
colorectal,383,383,tpm_clean,ENSG00000268009,SSX4/SSX4B,0,0.0,0,0.0,0,383,0.0,0,383,0.0,COAD;COAD_MSI;COAD_MSS;READ;READ_MSI;READ_MSS
colorectal,383,383,tpm_clean,ENSG00000268629,TEX13A,0,0.0,0,0.0,0,383,0.0,0,383,0.0,COAD;COAD_MSI;COAD_MSS;READ;READ_MSI;READ_MSS
colorectal,383,383,tpm_clean,ENSG00000268696,ZNF723,0,0.0,0,0.0,0,383,0.0,0,383,0.0,COAD;COAD_MSI;COAD_MSS;READ;READ_MSI;READ_MSS
colorectal,383,383,tpm_clean,ENSG00000268964,ERVV-2,0,0.0,0,0.0,0,383,0.0,0,383,0.0,COAD;COAD_MSI;COAD_MSS;READ;READ_MSI;READ_MSS
colorectal,383,383,tpm_clean,ENSG00000268988,SPANXN2,0,0.0,0,0.0,0,383,0.0,0,383,0.0,COAD;COAD_MSI;COAD_MSS;READ;READ_MSI;READ_MSS
colorectal,383,383,tpm_clean,ENSG00000269058,CALR3,0,0.0,0,0.0,0,383,0.0,0,383,0.0,COAD;COAD_MSI;COAD_MSS;READ;READ_MSI;READ_MSS
colorectal,383,383,tpm_clean,ENSG00000269586,CT45A10,4,1.04,1,0.26,1,383,0.26,0,383,0.0,COAD;COAD_MSI;COAD_MSS;READ;READ_MSI;READ_MSS
colorectal,383,383,tpm_clean,ENSG00000270806,C17orf50,0,0.0,0,0.0,0,383,0.0,0,383,0.0,COAD;COAD_MSI;COAD_MSS;READ;READ_MSI;READ_MSS
colorectal,383,383,tpm_clean,ENSG00000270946,CT45A2/8/9,0,0.0,0,0.0,0,383,0.0,0,383,0.0,COAD;COAD_MSI;COAD_MSS;READ;READ_MSI;READ_MSS
colorectal,383,383,tpm_clean,ENSG00000271321,CTAGE6,0,0.0,0,0.0,0,383,0.0,0,383,0.0,COAD;COAD_MSI;COAD_MSS;READ;READ_MSI;READ_MSS
colorectal,383,383,tpm_clean,ENSG00000274274,GAGE13,0,0.0,0,0.0,0,383,0.0,0,383,0.0,COAD;COAD_MSI;COAD_MSS;READ;READ_MSI;READ_MSS
colorectal,383,383,tpm_clean,ENSG00000274391,TPTE,0,0.0,0,0.0,0,383,0.0,0,383,0.0,COAD;COAD_MSI;COAD_MSS;READ;READ_MSI;READ_MSS
colorectal,383,383,tpm_clean,ENSG00000275793,RIMBP3,0,0.0,0,0.0,0,383,0.0,0,383,0.0,COAD;COAD_MSI;COAD_MSS;READ;READ_MSI;READ_MSS
colorectal,383,383,tpm_clean,ENSG00000275969,SPATA31A3,0,0.0,0,0.0,0,383,0.0,0,383,0.0,COAD;COAD_MSI;COAD_MSS;READ;READ_MSI;READ_MSS
colorectal,383,383,tpm_clean,ENSG00000276040,SPATA31A7,0,0.0,0,0.0,0,383,0.0,0,383,0.0,COAD;COAD_MSI;COAD_MSS;READ;READ_MSI;READ_MSS
colorectal,383,383,tpm_clean,ENSG00000276581,SPATA31A5,0,0.0,0,0.0,0,383,0.0,0,383,0.0,COAD;COAD_MSI;COAD_MSS;READ;READ_MSI;READ_MSS
colorectal,383,383,tpm_clean,ENSG00000277322,GOLGA6L6,0,0.0,0,0.0,0,383,0.0,0,383,0.0,COAD;COAD_MSI;COAD_MSS;READ;READ_MSI;READ_MSS
colorectal,383,0,tpm_clean,ENSG00000282815,TEX13C,0,,0,,0,0,,0,0,,COAD;COAD_MSI;COAD_MSS;READ;READ_MSI;READ_MSS
non_hodgkin_lymphoma,47,47,tpm_clean,ENSG00000006047,YBX2,0,0.0,0,0.0,0,47,0.0,0,47,0.0,DLBC
non_hodgkin_lymphoma,47,47,tpm_clean,ENSG00000006659,LGALS14,0,0.0,0,0.0,0,47,0.0,0,47,0.0,DLBC
non_hodgkin_lymphoma,47,47,tpm_clean,ENSG00000007350,TKTL1,1,2.13,1,2.13,1,47,2.13,1,47,2.13,DLBC
non_hodgkin_lymphoma,47,47,tpm_clean,ENSG00000010318,PHF7,0,0.0,0,0.0,0,47,0.0,0,47,0.0,DLBC
non_hodgkin_lymphoma,47,47,tpm_clean,ENSG00000042813,ZPBP,0,0.0,0,0.0,0,47,0.0,0,47,0.0,DLBC
non_hodgkin_lymphoma,47,47,tpm_clean,ENSG00000046774,MAGEC2,0,0.0,0,0.0,0,47,0.0,0,47,0.0,DLBC
non_hodgkin_lymphoma,47,47,tpm_clean,ENSG00000054796,SPO11,0,0.0,0,0.0,0,47,0.0,0,47,0.0,DLBC
non_hodgkin_lymphoma,47,47,tpm_clean,ENSG00000068985,PAGE1,0,0.0,0,0.0,0,47,0.0,0,47,0.0,DLBC
non_hodgkin_lymphoma,47,47,tpm_clean,ENSG00000077800,FKBP6,0,0.0,0,0.0,0,47,0.0,0,47,0.0,DLBC
non_hodgkin_lymphoma,47,47,tpm_clean,ENSG00000077935,SMC1B,0,0.0,0,0.0,0,47,0.0,0,47,0.0,DLBC
non_hodgkin_lymphoma,47,47,tpm_clean,ENSG00000092345,DAZL,0,0.0,0,0.0,0,47,0.0,0,47,0.0,DLBC
non_hodgkin_lymphoma,47,47,tpm_clean,ENSG00000095627,TDRD1,0,0.0,0,0.0,0,47,0.0,0,47,0.0,DLBC
non_hodgkin_lymphoma,47,47,tpm_clean,ENSG00000099399,MAGEB2,5,10.64,4,8.51,4,47,8.51,0,47,0.0,DLBC
non_hodgkin_lymphoma,47,47,tpm_clean,ENSG00000102021,LUZP4,0,0.0,0,0.0,0,47,0.0,0,47,0.0,DLBC
non_hodgkin_lymphoma,47,47,tpm_clean,ENSG00000103023,PRSS54,0,0.0,0,0.0,0,47,0.0,0,47,0.0,DLBC
non_hodgkin_lymphoma,47,47,tpm_clean,ENSG00000104755,ADAM2,0,0.0,0,0.0,0,47,0.0,0,47,0.0,DLBC
non_hodgkin_lymphoma,47,47,tpm_clean,ENSG00000104804,TULP2,0,0.0,0,0.0,0,47,0.0,0,47,0.0,DLBC
non_hodgkin_lymphoma,47,47,tpm_clean,ENSG00000104818,CGB2,0,0.0,0,0.0,0,47,0.0,0,47,0.0,DLBC
non_hodgkin_lymphoma,47,47,tpm_clean,ENSG00000104901,DKKL1,0,0.0,0,0.0,0,47,0.0,0,47,0.0,DLBC
non_hodgkin_lymphoma,47,47,tpm_clean,ENSG00000105198,LGALS13,0,0.0,0,0.0,0,47,0.0,0,47,0.0,DLBC
non_hodgkin_lymphoma,47,47,tpm_clean,ENSG00000106013,ANKRD7,0,0.0,0,0.0,0,47,0.0,0,47,0.0,DLBC
non_hodgkin_lymphoma,47,47,tpm_clean,ENSG00000106304,SPAM1,0,0.0,0,0.0,0,47,0.0,0,47,0.0,DLBC
non_hodgkin_lymphoma,47,47,tpm_clean,ENSG00000114487,MORC1,0,0.0,0,0.0,0,47,0.0,0,47,0.0,DLBC
non_hodgkin_lymphoma,47,47,tpm_clean,ENSG00000117148,ACTL8,1,2.13,0,0.0,0,47,0.0,0,47,0.0,DLBC
non_hodgkin_lymphoma,47,47,tpm_clean,ENSG00000118434,SPACA1,0,0.0,0,0.0,0,47,0.0,0,47,0.0,DLBC
non_hodgkin_lymphoma,47,47,tpm_clean,ENSG00000118491,ZC2HC1B,0,0.0,0,0.0,0,47,0.0,0,47,0.0,DLBC
non_hodgkin_lymphoma,47,47,tpm_clean,ENSG00000121101,TEX14,0,0.0,0,0.0,0,47,0.0,0,47,0.0,DLBC
non_hodgkin_lymphoma,47,47,tpm_clean,ENSG00000122304,PRM2,0,0.0,0,0.0,0,47,0.0,0,47,0.0,DLBC
non_hodgkin_lymphoma,47,47,tpm_clean,ENSG00000123576,ESX1,0,0.0,0,0.0,0,47,0.0,0,47,0.0,DLBC
non_hodgkin_lymphoma,47,47,tpm_clean,ENSG00000123584,MAGEA9/MAGEA9B,15,31.91,12,25.53,15,47,31.91,8,47,17.02,DLBC
non_hodgkin_lymphoma,47,47,tpm_clean,ENSG00000124092,CTCFL,0,0.0,0,0.0,0,47,0.0,0,47,0.0,DLBC
non_hodgkin_lymphoma,47,47,tpm_clean,ENSG00000124227,ANKRD60,0,0.0,0,0.0,0,47,0.0,0,47,0.0,DLBC
non_hodgkin_lymphoma,47,47,tpm_clean,ENSG00000124260,MAGEA10,0,0.0,0,0.0,0,47,0.0,0,47,0.0,DLBC
non_hodgkin_lymphoma,47,47,tpm_clean,ENSG00000124467,PSG8,0,0.0,0,0.0,0,47,0.0,0,47,0.0,DLBC
non_hodgkin_lymphoma,47,47,tpm_clean,ENSG00000124490,CRISP2,0,0.0,0,0.0,0,47,0.0,0,47,0.0,DLBC
non_hodgkin_lymphoma,47,47,tpm_clean,ENSG00000125207,PIWIL1,0,0.0,0,0.0,0,47,0.0,0,47,0.0,DLBC
non_hodgkin_lymphoma,47,47,tpm_clean,ENSG00000125823,CSTL1,0,0.0,0,0.0,0,47,0.0,0,47,0.0,DLBC
non_hodgkin_lymphoma,47,47,tpm_clean,ENSG00000126467,TSKS,0,0.0,0,0.0,0,47,0.0,0,47,0.0,DLBC
non_hodgkin_lymphoma,47,47,tpm_clean,ENSG00000126752,SSX1,0,0.0,0,0.0,0,47,0.0,0,47,0.0,DLBC
non_hodgkin_lymphoma,47,47,tpm_clean,ENSG00000126856,PRDM7,0,0.0,0,0.0,0,47,0.0,0,47,0.0,DLBC
non_hodgkin_lymphoma,47,47,tpm_clean,ENSG00000129862,VCY/VCY1B,0,0.0,0,0.0,0,47,0.0,0,47,0.0,DLBC
non_hodgkin_lymphoma,47,47,tpm_clean,ENSG00000130950,NUTM2F,0,0.0,0,0.0,0,47,0.0,0,47,0.0,DLBC
non_hodgkin_lymphoma,47,47,tpm_clean,ENSG00000131126,TEX101,0,0.0,0,0.0,0,47,0.0,0,47,0.0,DLBC
non_hodgkin_lymphoma,47,47,tpm_clean,ENSG00000132446,FTHL17,0,0.0,0,0.0,0,47,0.0,0,47,0.0,DLBC
non_hodgkin_lymphoma,47,47,tpm_clean,ENSG00000135248,GARIN1B,0,0.0,0,0.0,0,47,0.0,0,47,0.0,DLBC
non_hodgkin_lymphoma,47,47,tpm_clean,ENSG00000137090,DMRT1,1,2.13,0,0.0,0,47,0.0,0,47,0.0,DLBC
non_hodgkin_lymphoma,47,47,tpm_clean,ENSG00000137948,BRDT,0,0.0,0,0.0,0,47,0.0,0,47,0.0,DLBC
non_hodgkin_lymphoma,47,47,tpm_clean,ENSG00000139351,SYCP3,0,0.0,0,0.0,0,47,0.0,0,47,0.0,DLBC
non_hodgkin_lymphoma,47,47,tpm_clean,ENSG00000140478,GOLGA6D,0,0.0,0,0.0,0,47,0.0,0,47,0.0,DLBC
non_hodgkin_lymphoma,47,47,tpm_clean,ENSG00000141096,DPEP3,0,0.0,0,0.0,0,47,0.0,0,47,0.0,DLBC
non_hodgkin_lymphoma,47,47,tpm_clean,ENSG00000141255,SPATA22,0,0.0,0,0.0,0,47,0.0,0,47,0.0,DLBC
non_hodgkin_lymphoma,47,47,tpm_clean,ENSG00000141316,SPACA3,0,0.0,0,0.0,0,47,0.0,0,47,0.0,DLBC
non_hodgkin_lymphoma,47,47,tpm_clean,ENSG00000141371,CHCT1,0,0.0,0,0.0,0,47,0.0,0,47,0.0,DLBC
non_hodgkin_lymphoma,47,47,tpm_clean,ENSG00000141437,SLC25A52,0,0.0,0,0.0,0,47,0.0,0,47,0.0,DLBC
non_hodgkin_lymphoma,47,47,tpm_clean,ENSG00000142025,DMRTC2,0,0.0,0,0.0,0,47,0.0,0,47,0.0,DLBC
non_hodgkin_lymphoma,47,47,tpm_clean,ENSG00000142698,C1orf94,0,0.0,0,0.0,0,47,0.0,0,47,0.0,DLBC
non_hodgkin_lymphoma,47,47,tpm_clean,ENSG00000143006,DMRTB1,0,0.0,0,0.0,0,47,0.0,0,47,0.0,DLBC
non_hodgkin_lymphoma,47,47,tpm_clean,ENSG00000143452,HORMAD1,0,0.0,0,0.0,0,47,0.0,0,47,0.0,DLBC
non_hodgkin_lymphoma,47,47,tpm_clean,ENSG00000144962,SPATA16,0,0.0,0,0.0,0,47,0.0,0,47,0.0,DLBC
non_hodgkin_lymphoma,47,47,tpm_clean,ENSG00000145309,CABS1,0,0.0,0,0.0,0,47,0.0,0,47,0.0,DLBC
non_hodgkin_lymphoma,47,47,tpm_clean,ENSG00000147081,AKAP4,0,0.0,0,0.0,0,47,0.0,0,47,0.0,DLBC
non_hodgkin_lymphoma,47,47,tpm_clean,ENSG00000147183,CPXCR1,0,0.0,0,0.0,0,47,0.0,0,47,0.0,DLBC
non_hodgkin_lymphoma,47,47,tpm_clean,ENSG00000147378,FATE1,0,0.0,0,0.0,0,47,0.0,0,47,0.0,DLBC
non_hodgkin_lymphoma,47,47,tpm_clean,ENSG00000147381,MAGEA4,2,4.26,1,2.13,1,47,2.13,1,47,2.13,DLBC
non_hodgkin_lymphoma,47,47,tpm_clean,ENSG00000148156,ACTL7B,0,0.0,0,0.0,0,47,0.0,0,47,0.0,DLBC
non_hodgkin_lymphoma,47,47,tpm_clean,ENSG00000150628,SPATA4,0,0.0,0,0.0,0,47,0.0,0,47,0.0,DLBC
non_hodgkin_lymphoma,47,47,tpm_clean,ENSG00000151962,RBM46,0,0.0,0,0.0,0,47,0.0,0,47,0.0,DLBC
non_hodgkin_lymphoma,47,47,tpm_clean,ENSG00000152430,BOLL,0,0.0,0,0.0,0,47,0.0,0,47,0.0,DLBC
non_hodgkin_lymphoma,47,47,tpm_clean,ENSG00000152670,DDX4,0,0.0,0,0.0,0,47,0.0,0,47,0.0,DLBC
non_hodgkin_lymphoma,47,47,tpm_clean,ENSG00000153060,TEKT5,0,0.0,0,0.0,0,47,0.0,0,47,0.0,DLBC
non_hodgkin_lymphoma,47,47,tpm_clean,ENSG00000153779,TGIF2LX,0,0.0,0,0.0,0,47,0.0,0,47,0.0,DLBC
non_hodgkin_lymphoma,47,47,tpm_clean,ENSG00000155087,ODF1,0,0.0,0,0.0,0,47,0.0,0,47,0.0,DLBC
non_hodgkin_lymphoma,47,47,tpm_clean,ENSG00000155495,MAGEC1,1,2.13,1,2.13,1,47,2.13,0,47,0.0,DLBC
non_hodgkin_lymphoma,47,47,tpm_clean,ENSG00000155622,XAGE2,0,0.0,0,0.0,0,47,0.0,0,47,0.0,DLBC
non_hodgkin_lymphoma,47,47,tpm_clean,ENSG00000156009,MAGEA8,0,0.0,0,0.0,0,47,0.0,0,47,0.0,DLBC
non_hodgkin_lymphoma,47,47,tpm_clean,ENSG00000156269,NAA11,0,0.0,0,0.0,0,47,0.0,0,47,0.0,DLBC
non_hodgkin_lymphoma,47,47,tpm_clean,ENSG00000158639,PAGE5,0,0.0,0,0.0,0,47,0.0,0,47,0.0,DLBC
non_hodgkin_lymphoma,47,47,tpm_clean,ENSG00000159289,GOLGA6A,0,0.0,0,0.0,0,47,0.0,0,47,0.0,DLBC
non_hodgkin_lymphoma,47,47,tpm_clean,ENSG00000159708,LRRC36,0,0.0,0,0.0,0,47,0.0,0,47,0.0,DLBC
non_hodgkin_lymphoma,47,47,tpm_clean,ENSG00000161860,SYCE2,0,0.0,0,0.0,0,47,0.0,0,47,0.0,DLBC
non_hodgkin_lymphoma,47,47,tpm_clean,ENSG00000161973,CCDC42,0,0.0,0,0.0,0,47,0.0,0,47,0.0,DLBC
non_hodgkin_lymphoma,47,47,tpm_clean,ENSG00000162039,MEIOB,0,0.0,0,0.0,0,47,0.0,0,47,0.0,DLBC
non_hodgkin_lymphoma,47,47,tpm_clean,ENSG00000162641,AKNAD1,0,0.0,0,0.0,0,47,0.0,0,47,0.0,DLBC
non_hodgkin_lymphoma,47,47,tpm_clean,ENSG00000162771,GARIN4,0,0.0,0,0.0,0,47,0.0,0,47,0.0,DLBC
non_hodgkin_lymphoma,47,47,tpm_clean,ENSG00000162843,WDR64,0,0.0,0,0.0,0,47,0.0,0,47,0.0,DLBC
non_hodgkin_lymphoma,47,47,tpm_clean,ENSG00000163114,PDHA2,0,0.0,0,0.0,0,47,0.0,0,47,0.0,DLBC
non_hodgkin_lymphoma,47,47,tpm_clean,ENSG00000163530,DPPA2,0,0.0,0,0.0,0,47,0.0,0,47,0.0,DLBC
non_hodgkin_lymphoma,47,47,tpm_clean,ENSG00000164113,ADAD1,0,0.0,0,0.0,0,47,0.0,0,47,0.0,DLBC
non_hodgkin_lymphoma,47,47,tpm_clean,ENSG00000164304,CAGE1,0,0.0,0,0.0,0,47,0.0,0,47,0.0,DLBC
non_hodgkin_lymphoma,47,47,tpm_clean,ENSG00000165583,SSX5,0,0.0,0,0.0,0,47,0.0,0,47,0.0,DLBC
non_hodgkin_lymphoma,47,47,tpm_clean,ENSG00000165584,SSX3,0,0.0,0,0.0,0,47,0.0,0,47,0.0,DLBC
non_hodgkin_lymphoma,47,47,tpm_clean,ENSG00000166049,PASD1,0,0.0,0,0.0,0,47,0.0,0,47,0.0,DLBC
non_hodgkin_lymphoma,47,47,tpm_clean,ENSG00000166069,TMCO5A,0,0.0,0,0.0,0,47,0.0,0,47,0.0,DLBC
non_hodgkin_lymphoma,47,47,tpm_clean,ENSG00000166118,SPATA19,0,0.0,0,0.0,0,47,0.0,0,47,0.0,DLBC
non_hodgkin_lymphoma,47,47,tpm_clean,ENSG00000166796,LDHC,0,0.0,0,0.0,0,47,0.0,0,47,0.0,DLBC
non_hodgkin_lymphoma,47,47,tpm_clean,ENSG00000167098,SUN5,0,0.0,0,0.0,0,47,0.0,0,47,0.0,DLBC
non_hodgkin_lymphoma,47,47,tpm_clean,ENSG00000168594,ADAM29,0,0.0,0,0.0,0,47,0.0,0,47,0.0,DLBC
non_hodgkin_lymphoma,47,47,tpm_clean,ENSG00000168757,TSPY2,0,0.0,0,0.0,0,47,0.0,0,47,0.0,DLBC
non_hodgkin_lymphoma,47,47,tpm_clean,ENSG00000169059,VCX3A,0,0.0,0,0.0,0,47,0.0,0,47,0.0,DLBC
non_hodgkin_lymphoma,47,47,tpm_clean,ENSG00000169551,CT55,0,0.0,0,0.0,0,47,0.0,0,47,0.0,DLBC
non_hodgkin_lymphoma,47,47,tpm_clean,ENSG00000169800,RBMY1F,0,0.0,0,0.0,0,47,0.0,0,47,0.0,DLBC
non_hodgkin_lymphoma,47,47,tpm_clean,ENSG00000170516,COX7B2,0,0.0,0,0.0,0,47,0.0,0,47,0.0,DLBC
non_hodgkin_lymphoma,47,47,tpm_clean,ENSG00000170748,RBMXL2,0,0.0,0,0.0,0,47,0.0,0,47,0.0,DLBC
non_hodgkin_lymphoma,47,47,tpm_clean,ENSG00000170848,PSG6,0,0.0,0,0.0,0,47,0.0,0,47,0.0,DLBC
non_hodgkin_lymphoma,47,47,tpm_clean,ENSG00000170950,PGK2,0,0.0,0,0.0,0,47,0.0,0,47,0.0,DLBC
non_hodgkin_lymphoma,47,47,tpm_clean,ENSG00000170965,PLAC1,0,0.0,0,0.0,0,47,0.0,0,47,0.0,DLBC
non_hodgkin_lymphoma,47,47,tpm_clean,ENSG00000171402,XAGE3,0,0.0,0,0.0,0,47,0.0,0,47,0.0,DLBC
non_hodgkin_lymphoma,47,47,tpm_clean,ENSG00000171405,XAGE5,0,0.0,0,0.0,0,47,0.0,0,47,0.0,DLBC
non_hodgkin_lymphoma,47,47,tpm_clean,ENSG00000171794,UTF1,0,0.0,0,0.0,0,47,0.0,0,47,0.0,DLBC
non_hodgkin_lymphoma,47,47,tpm_clean,ENSG00000172073,TEX37,0,0.0,0,0.0,0,47,0.0,0,47,0.0,DLBC
non_hodgkin_lymphoma,47,47,tpm_clean,ENSG00000172717,GARIN2,0,0.0,0,0.0,0,47,0.0,0,47,0.0,DLBC
non_hodgkin_lymphoma,47,47,tpm_clean,ENSG00000174015,CBY2,0,0.0,0,0.0,0,47,0.0,0,47,0.0,DLBC
non_hodgkin_lymphoma,47,47,tpm_clean,ENSG00000174016,TENT5D,0,0.0,0,0.0,0,47,0.0,0,47,0.0,DLBC
non_hodgkin_lymphoma,47,47,tpm_clean,ENSG00000174898,CATSPERD,0,0.0,0,0.0,0,47,0.0,0,47,0.0,DLBC
non_hodgkin_lymphoma,47,47,tpm_clean,ENSG00000175646,PRM1,0,0.0,0,0.0,0,47,0.0,0,47,0.0,DLBC
non_hodgkin_lymphoma,47,47,tpm_clean,ENSG00000175809,CBLL2,0,0.0,0,0.0,0,47,0.0,0,47,0.0,DLBC
non_hodgkin_lymphoma,47,47,tpm_clean,ENSG00000175820,CCDC168,0,0.0,0,0.0,0,47,0.0,0,47,0.0,DLBC
non_hodgkin_lymphoma,47,47,tpm_clean,ENSG00000175877,TMEM270,0,0.0,0,0.0,0,47,0.0,0,47,0.0,DLBC
non_hodgkin_lymphoma,47,47,tpm_clean,ENSG00000176256,HMGB4,0,0.0,0,0.0,0,47,0.0,0,47,0.0,DLBC
non_hodgkin_lymphoma,47,47,tpm_clean,ENSG00000176566,DCAF4L2,0,0.0,0,0.0,0,47,0.0,0,47,0.0,DLBC
non_hodgkin_lymphoma,47,47,tpm_clean,ENSG00000176635,HORMAD2,0,0.0,0,0.0,0,47,0.0,0,47,0.0,DLBC
non_hodgkin_lymphoma,47,47,tpm_clean,ENSG00000176746,MAGEB6,0,0.0,0,0.0,0,47,0.0,0,47,0.0,DLBC
non_hodgkin_lymphoma,47,47,tpm_clean,ENSG00000176774,MAGEB18,0,0.0,0,0.0,0,47,0.0,0,47,0.0,DLBC
non_hodgkin_lymphoma,47,47,tpm_clean,ENSG00000176988,FMR1NB,0,0.0,0,0.0,0,47,0.0,0,47,0.0,DLBC
non_hodgkin_lymphoma,47,47,tpm_clean,ENSG00000177294,FBXO39,0,0.0,0,0.0,0,47,0.0,0,47,0.0,DLBC
non_hodgkin_lymphoma,47,47,tpm_clean,ENSG00000177673,TEX44,0,0.0,0,0.0,0,47,0.0,0,47,0.0,DLBC
non_hodgkin_lymphoma,47,47,tpm_clean,ENSG00000177689,MAGEB10,0,0.0,0,0.0,0,47,0.0,0,47,0.0,DLBC
non_hodgkin_lymphoma,47,47,tpm_clean,ENSG00000177947,ODF3,0,0.0,0,0.0,0,47,0.0,0,47,0.0,DLBC
non_hodgkin_lymphoma,47,47,tpm_clean,ENSG00000177992,SPATA31E1,0,0.0,0,0.0,0,47,0.0,0,47,0.0,DLBC
non_hodgkin_lymphoma,47,47,tpm_clean,ENSG00000178021,TSPYL6,0,0.0,0,0.0,0,47,0.0,0,47,0.0,DLBC
non_hodgkin_lymphoma,47,47,tpm_clean,ENSG00000178257,PRM3,0,0.0,0,0.0,0,47,0.0,0,47,0.0,DLBC
non_hodgkin_lymphoma,47,47,tpm_clean,ENSG00000178279,TNP2,0,0.0,0,0.0,0,47,0.0,0,47,0.0,DLBC
non_hodgkin_lymphoma,47,47,tpm_clean,ENSG00000178997,EXD1,0,0.0,0,0.0,0,47,0.0,0,47,0.0,DLBC
non_hodgkin_lymphoma,47,47,tpm_clean,ENSG00000179046,TRIML2,0,0.0,0,0.0,0,47,0.0,0,47,0.0,DLBC
non_hodgkin_lymphoma,47,47,tpm_clean,ENSG00000179059,ZFP42,0,0.0,0,0.0,0,47,0.0,0,47,0.0,DLBC
non_hodgkin_lymphoma,47,47,tpm_clean,ENSG00000179088,C12orf42,0,0.0,0,0.0,0,47,0.0,0,47,0.0,DLBC
non_hodgkin_lymphoma,47,47,tpm_clean,ENSG00000179407,DNAJB8,0,0.0,0,0.0,0,47,0.0,0,47,0.0,DLBC
non_hodgkin_lymphoma,47,47,tpm_clean,ENSG00000180138,CSNK1A1L,0,0.0,0,0.0,0,47,0.0,0,47,0.0,DLBC
non_hodgkin_lymphoma,47,47,tpm_clean,ENSG00000180336,MEIOC,0,0.0,0,0.0,0,47,0.0,0,47,0.0,DLBC
non_hodgkin_lymphoma,47,47,tpm_clean,ENSG00000181323,SPEM1,0,0.0,0,0.0,0,47,0.0,0,47,0.0,DLBC
non_hodgkin_lymphoma,47,47,tpm_clean,ENSG00000181433,SAGE1,0,0.0,0,0.0,0,47,0.0,0,47,0.0,DLBC
non_hodgkin_lymphoma,47,47,tpm_clean,ENSG00000182308,DCAF4L1,0,0.0,0,0.0,0,47,0.0,0,47,0.0,DLBC
non_hodgkin_lymphoma,47,47,tpm_clean,ENSG00000182459,TEX19,0,0.0,0,0.0,0,47,0.0,0,47,0.0,DLBC
non_hodgkin_lymphoma,47,47,tpm_clean,ENSG00000182583,VCX,0,0.0,0,0.0,0,47,0.0,0,47,0.0,DLBC
non_hodgkin_lymphoma,47,47,tpm_clean,ENSG00000183206,POTEC,0,0.0,0,0.0,0,47,0.0,0,47,0.0,DLBC
non_hodgkin_lymphoma,47,47,tpm_clean,ENSG00000183305,MAGEA2/MAGEA2B,0,0.0,0,0.0,0,47,0.0,0,47,0.0,DLBC
non_hodgkin_lymphoma,47,47,tpm_clean,ENSG00000183434,TFDP3,0,0.0,0,0.0,0,47,0.0,0,47,0.0,DLBC
non_hodgkin_lymphoma,47,47,tpm_clean,ENSG00000183668,PSG9,0,0.0,0,0.0,0,47,0.0,0,47,0.0,DLBC
non_hodgkin_lymphoma,47,47,tpm_clean,ENSG00000184033,CTAG1A/B,1,2.13,1,2.13,1,47,2.13,1,47,2.13,DLBC
non_hodgkin_lymphoma,47,47,tpm_clean,ENSG00000184361,SPATA32,0,0.0,0,0.0,0,47,0.0,0,47,0.0,DLBC
non_hodgkin_lymphoma,47,47,tpm_clean,ENSG00000184507,NUTM1,0,0.0,0,0.0,0,47,0.0,0,47,0.0,DLBC
non_hodgkin_lymphoma,47,47,tpm_clean,ENSG00000184650,ODF4,0,0.0,0,0.0,0,47,0.0,0,47,0.0,DLBC
non_hodgkin_lymphoma,47,47,tpm_clean,ENSG00000184735,DDX53,0,0.0,0,0.0,0,47,0.0,0,47,0.0,DLBC
non_hodgkin_lymphoma,47,47,tpm_clean,ENSG00000185264,TEX33,0,0.0,0,0.0,0,47,0.0,0,47,0.0,DLBC
non_hodgkin_lymphoma,47,47,tpm_clean,ENSG00000185686,PRAME,7,14.89,5,10.64,6,47,12.77,1,47,2.13,DLBC
non_hodgkin_lymphoma,47,47,tpm_clean,ENSG00000185775,SPATA31A6,0,0.0,0,0.0,0,47,0.0,0,47,0.0,DLBC
non_hodgkin_lymphoma,47,47,tpm_clean,ENSG00000185792,NLRP9,0,0.0,0,0.0,0,47,0.0,0,47,0.0,DLBC
non_hodgkin_lymphoma,47,47,tpm_clean,ENSG00000185863,TMEM210,0,0.0,0,0.0,0,47,0.0,0,47,0.0,DLBC
non_hodgkin_lymphoma,47,47,tpm_clean,ENSG00000186075,ZPBP2,0,0.0,0,0.0,0,47,0.0,0,47,0.0,DLBC
non_hodgkin_lymphoma,47,47,tpm_clean,ENSG00000186118,TEX38,0,0.0,0,0.0,0,47,0.0,0,47,0.0,DLBC
non_hodgkin_lymphoma,47,47,tpm_clean,ENSG00000186451,SPATA12,0,0.0,0,0.0,0,47,0.0,0,47,0.0,DLBC
non_hodgkin_lymphoma,47,47,tpm_clean,ENSG00000186788,SPATA31D3,0,0.0,0,0.0,0,47,0.0,0,47,0.0,DLBC
non_hodgkin_lymphoma,47,47,tpm_clean,ENSG00000187003,ACTL7A,0,0.0,0,0.0,0,47,0.0,0,47,0.0,DLBC
non_hodgkin_lymphoma,47,47,tpm_clean,ENSG00000187191,DAZ3,0,0.0,0,0.0,0,47,0.0,0,47,0.0,DLBC
non_hodgkin_lymphoma,47,47,tpm_clean,ENSG00000187754,SSX7,0,0.0,0,0.0,0,47,0.0,0,47,0.0,DLBC
non_hodgkin_lymphoma,47,47,tpm_clean,ENSG00000187772,LIN28B,0,0.0,0,0.0,0,47,0.0,0,47,0.0,DLBC
non_hodgkin_lymphoma,47,47,tpm_clean,ENSG00000188120,DAZ1,0,0.0,0,0.0,0,47,0.0,0,47,0.0,DLBC
non_hodgkin_lymphoma,47,47,tpm_clean,ENSG00000188425,NANOS2,0,0.0,0,0.0,0,47,0.0,0,47,0.0,DLBC
non_hodgkin_lymphoma,47,47,tpm_clean,ENSG00000188782,CATSPER4,0,0.0,0,0.0,0,47,0.0,0,47,0.0,DLBC
non_hodgkin_lymphoma,47,47,tpm_clean,ENSG00000189023,MAGEB16,0,0.0,0,0.0,0,47,0.0,0,47,0.0,DLBC
non_hodgkin_lymphoma,47,47,tpm_clean,ENSG00000189052,CGB5/8,0,0.0,0,0.0,0,47,0.0,0,47,0.0,DLBC
non_hodgkin_lymphoma,47,47,tpm_clean,ENSG00000189064,GAGE2A,0,0.0,0,0.0,0,47,0.0,0,47,0.0,DLBC
non_hodgkin_lymphoma,47,47,tpm_clean,ENSG00000189186,DCAF8L2,0,0.0,0,0.0,0,47,0.0,0,47,0.0,DLBC
non_hodgkin_lymphoma,47,47,tpm_clean,ENSG00000189252,SPANXN3,0,0.0,0,0.0,0,47,0.0,0,47,0.0,DLBC
non_hodgkin_lymphoma,47,47,tpm_clean,ENSG00000189326,SPANXN4,0,0.0,0,0.0,0,47,0.0,0,47,0.0,DLBC
non_hodgkin_lymphoma,47,47,tpm_clean,ENSG00000189357,SPATA31D4,0,0.0,0,0.0,0,47,0.0,0,47,0.0,DLBC
non_hodgkin_lymphoma,47,47,tpm_clean,ENSG00000196350,ZNF729,0,0.0,0,0.0,0,47,0.0,0,47,0.0,DLBC
non_hodgkin_lymphoma,47,47,tpm_clean,ENSG00000196406,SPANXD,0,0.0,0,0.0,0,47,0.0,0,47,0.0,DLBC
non_hodgkin_lymphoma,47,47,tpm_clean,ENSG00000196553,CCDC196,0,0.0,0,0.0,0,47,0.0,0,47,0.0,DLBC
non_hodgkin_lymphoma,47,47,tpm_clean,ENSG00000196604,POTEF,0,0.0,0,0.0,0,47,0.0,0,47,0.0,DLBC
non_hodgkin_lymphoma,47,47,tpm_clean,ENSG00000196862,RGPD4,0,0.0,0,0.0,0,47,0.0,0,47,0.0,DLBC
non_hodgkin_lymphoma,47,47,tpm_clean,ENSG00000197172,MAGEA6,0,0.0,0,0.0,0,47,0.0,0,47,0.0,DLBC
non_hodgkin_lymphoma,47,47,tpm_clean,ENSG00000198021,SPANXA1/2,0,0.0,0,0.0,0,47,0.0,0,47,0.0,DLBC
non_hodgkin_lymphoma,47,47,tpm_clean,ENSG00000198573,SPANXC,0,0.0,0,0.0,0,47,0.0,0,47,0.0,DLBC
non_hodgkin_lymphoma,47,47,tpm_clean,ENSG00000198681,MAGEA1,2,4.26,0,0.0,1,47,2.13,0,47,0.0,DLBC
non_hodgkin_lymphoma,47,47,tpm_clean,ENSG00000198759,EGFL6,1,2.13,0,0.0,0,47,0.0,0,47,0.0,DLBC
non_hodgkin_lymphoma,47,47,tpm_clean,ENSG00000198765,SYCP1,0,0.0,0,0.0,0,47,0.0,0,47,0.0,DLBC
non_hodgkin_lymphoma,47,47,tpm_clean,ENSG00000198870,STKLD1,0,0.0,0,0.0,0,47,0.0,0,47,0.0,DLBC
non_hodgkin_lymphoma,47,47,tpm_clean,ENSG00000203909,DPPA5,0,0.0,0,0.0,0,47,0.0,0,47,0.0,DLBC
non_hodgkin_lymphoma,47,47,tpm_clean,ENSG00000203923,SPANXN1,0,0.0,0,0.0,0,47,0.0,0,47,0.0,DLBC
non_hodgkin_lymphoma,47,47,tpm_clean,ENSG00000204019,CT83,0,0.0,0,0.0,0,47,0.0,0,47,0.0,DLBC
non_hodgkin_lymphoma,47,47,tpm_clean,ENSG00000204279,PAGE3,0,0.0,0,0.0,0,47,0.0,0,47,0.0,DLBC
non_hodgkin_lymphoma,47,47,tpm_clean,ENSG00000204363,SPANXN5,0,0.0,0,0.0,0,47,0.0,0,47,0.0,DLBC
non_hodgkin_lymphoma,47,47,tpm_clean,ENSG00000204379,XAGE1A/B,0,0.0,0,0.0,0,47,0.0,0,47,0.0,DLBC
non_hodgkin_lymphoma,47,47,tpm_clean,ENSG00000204450,TRIM64,0,0.0,0,0.0,0,47,0.0,0,47,0.0,DLBC
non_hodgkin_lymphoma,47,47,tpm_clean,ENSG00000204849,SPATA31A1,0,0.0,0,0.0,0,47,0.0,0,47,0.0,DLBC
non_hodgkin_lymphoma,47,47,tpm_clean,ENSG00000204941,PSG5,0,0.0,0,0.0,0,47,0.0,0,47,0.0,DLBC
non_hodgkin_lymphoma,47,47,tpm_clean,ENSG00000204961,PCDHA9,0,0.0,0,0.0,0,47,0.0,0,47,0.0,DLBC
non_hodgkin_lymphoma,47,47,tpm_clean,ENSG00000205359,SLCO6A1,0,0.0,0,0.0,0,47,0.0,0,47,0.0,DLBC
non_hodgkin_lymphoma,47,47,tpm_clean,ENSG00000205642,VCX3B,0,0.0,0,0.0,0,47,0.0,0,47,0.0,DLBC
non_hodgkin_lymphoma,47,47,tpm_clean,ENSG00000205777,GAGE1,0,0.0,0,0.0,0,47,0.0,0,47,0.0,DLBC
non_hodgkin_lymphoma,47,47,tpm_clean,ENSG00000212710,CTAGE1,0,0.0,0,0.0,0,47,0.0,0,47,0.0,DLBC
non_hodgkin_lymphoma,47,47,tpm_clean,ENSG00000213218,CSH2,0,0.0,0,0.0,0,47,0.0,0,47,0.0,DLBC
non_hodgkin_lymphoma,47,47,tpm_clean,ENSG00000213401,MAGEA12,0,0.0,0,0.0,0,47,0.0,0,47,0.0,DLBC
non_hodgkin_lymphoma,47,47,tpm_clean,ENSG00000214107,MAGEB1,1,2.13,0,0.0,1,47,2.13,0,47,0.0,DLBC
non_hodgkin_lymphoma,47,47,tpm_clean,ENSG00000215113,CXorf49/CXorf49B,0,0.0,0,0.0,0,47,0.0,0,47,0.0,DLBC
non_hodgkin_lymphoma,47,47,tpm_clean,ENSG00000215269,GAGE12F/G,0,0.0,0,0.0,0,47,0.0,0,47,0.0,DLBC
non_hodgkin_lymphoma,47,47,tpm_clean,ENSG00000215274,GAGE10,0,0.0,0,0.0,0,47,0.0,0,47,0.0,DLBC
non_hodgkin_lymphoma,47,47,tpm_clean,ENSG00000215529,EFCAB8,0,0.0,0,0.0,0,47,0.0,0,47,0.0,DLBC
non_hodgkin_lymphoma,47,47,tpm_clean,ENSG00000215817,ZC3H11B,0,0.0,0,0.0,0,47,0.0,0,47,0.0,DLBC
non_hodgkin_lymphoma,47,47,tpm_clean,ENSG00000216649,GAGE12C/D/E,0,0.0,0,0.0,0,47,0.0,0,47,0.0,DLBC
non_hodgkin_lymphoma,47,47,tpm_clean,ENSG00000221826,PSG3,0,0.0,0,0.0,0,47,0.0,0,47,0.0,DLBC
non_hodgkin_lymphoma,47,47,tpm_clean,ENSG00000221867,MAGEA3,0,0.0,0,0.0,0,47,0.0,0,47,0.0,DLBC
non_hodgkin_lymphoma,47,47,tpm_clean,ENSG00000221878,PSG7,0,0.0,0,0.0,0,47,0.0,0,47,0.0,DLBC
non_hodgkin_lymphoma,47,47,tpm_clean,ENSG00000224089,CT47A1/2/3/4/5/6/7/8/9/10/11/12,0,0.0,0,0.0,0,47,0.0,0,47,0.0,DLBC
non_hodgkin_lymphoma,47,47,tpm_clean,ENSG00000224440,CXorf51A/B,0,0.0,0,0.0,0,47,0.0,0,47,0.0,DLBC
non_hodgkin_lymphoma,47,47,tpm_clean,ENSG00000224659,GAGE12J,0,0.0,0,0.0,0,47,0.0,0,47,0.0,DLBC
non_hodgkin_lymphoma,47,47,tpm_clean,ENSG00000224902,GAGE12H,0,0.0,0,0.0,0,47,0.0,0,47,0.0,DLBC
non_hodgkin_lymphoma,47,0,tpm_clean,ENSG00000224960,PPP4R3C,0,,0,,0,0,,0,0,,DLBC
non_hodgkin_lymphoma,47,47,tpm_clean,ENSG00000226650,KIF4B,0,0.0,0,0.0,0,47,0.0,0,47,0.0,DLBC
non_hodgkin_lymphoma,47,47,tpm_clean,ENSG00000227234,SPANXB1,0,0.0,0,0.0,0,47,0.0,0,47,0.0,DLBC
non_hodgkin_lymphoma,47,47,tpm_clean,ENSG00000228836,CT45A5/6/7,1,2.13,0,0.0,0,47,0.0,0,47,0.0,DLBC
non_hodgkin_lymphoma,47,47,tpm_clean,ENSG00000228927,TSPY3,0,0.0,0,0.0,0,47,0.0,0,47,0.0,DLBC
non_hodgkin_lymphoma,47,47,tpm_clean,ENSG00000229549,TSPY8,0,0.0,0,0.0,0,47,0.0,0,47,0.0,DLBC
non_hodgkin_lymphoma,47,0,tpm_clean,ENSG00000230601,TEX48,0,,0,,0,0,,0,0,,DLBC
non_hodgkin_lymphoma,47,47,tpm_clean,ENSG00000231924,PSG1,0,0.0,0,0.0,0,47,0.0,0,47,0.0,DLBC
non_hodgkin_lymphoma,47,47,tpm_clean,ENSG00000233056,ERVH48-1,0,0.0,0,0.0,0,47,0.0,0,47,0.0,DLBC
non_hodgkin_lymphoma,47,47,tpm_clean,ENSG00000233803,TSPY4,0,0.0,0,0.0,0,47,0.0,0,47,0.0,DLBC
non_hodgkin_lymphoma,47,47,tpm_clean,ENSG00000234068,PAGE2,1,2.13,1,2.13,1,47,2.13,1,47,2.13,DLBC
non_hodgkin_lymphoma,47,47,tpm_clean,ENSG00000234414,RBMY1A1,0,0.0,0,0.0,0,47,0.0,0,47,0.0,DLBC
non_hodgkin_lymphoma,47,47,tpm_clean,ENSG00000235631,RNF148,0,0.0,0,0.0,0,47,0.0,0,47,0.0,DLBC
non_hodgkin_lymphoma,47,47,tpm_clean,ENSG00000236424,TSPY10,0,0.0,0,0.0,0,47,0.0,0,47,0.0,DLBC
non_hodgkin_lymphoma,47,47,tpm_clean,ENSG00000236446,CT47B1,0,0.0,0,0.0,0,47,0.0,0,47,0.0,DLBC
non_hodgkin_lymphoma,47,47,tpm_clean,ENSG00000236761,CTAGE9,0,0.0,0,0.0,0,47,0.0,0,47,0.0,DLBC
non_hodgkin_lymphoma,47,47,tpm_clean,ENSG00000238269,PAGE2B,1,2.13,1,2.13,1,47,2.13,1,47,2.13,DLBC
non_hodgkin_lymphoma,47,47,tpm_clean,ENSG00000240021,TEX35,0,0.0,0,0.0,0,47,0.0,0,47,0.0,DLBC
non_hodgkin_lymphoma,47,0,tpm_clean,ENSG00000241149,ZNF722,0,,0,,0,0,,0,0,,DLBC
non_hodgkin_lymphoma,47,47,tpm_clean,ENSG00000241476,SSX2/SSX2B,0,0.0,0,0.0,0,47,0.0,0,47,0.0,DLBC
non_hodgkin_lymphoma,47,47,tpm_clean,ENSG00000242221,PSG2,0,0.0,0,0.0,0,47,0.0,0,47,0.0,DLBC
non_hodgkin_lymphoma,47,47,tpm_clean,ENSG00000242389,RBMY1E,0,0.0,0,0.0,0,47,0.0,0,47,0.0,DLBC
non_hodgkin_lymphoma,47,47,tpm_clean,ENSG00000242875,RBMY1B,0,0.0,0,0.0,0,47,0.0,0,47,0.0,DLBC
non_hodgkin_lymphoma,47,47,tpm_clean,ENSG00000243130,PSG11,0,0.0,0,0.0,0,47,0.0,0,47,0.0,DLBC
non_hodgkin_lymphoma,47,47,tpm_clean,ENSG00000244395,RBMY1D,0,0.0,0,0.0,0,47,0.0,0,47,0.0,DLBC
non_hodgkin_lymphoma,47,47,tpm_clean,ENSG00000244588,RAD21L1,0,0.0,0,0.0,0,47,0.0,0,47,0.0,DLBC
non_hodgkin_lymphoma,47,47,tpm_clean,ENSG00000249861,LGALS16,0,0.0,0,0.0,0,47,0.0,0,47,0.0,DLBC
non_hodgkin_lymphoma,47,47,tpm_clean,ENSG00000250741,NT5C1B-RDH14,0,0.0,0,0.0,0,47,0.0,0,47,0.0,DLBC
non_hodgkin_lymphoma,47,47,tpm_clean,ENSG00000251258,RFPL4B,0,0.0,0,0.0,0,47,0.0,0,47,0.0,DLBC
non_hodgkin_lymphoma,47,47,tpm_clean,ENSG00000258713,C20orf141,0,0.0,0,0.0,0,47,0.0,0,47,0.0,DLBC
non_hodgkin_lymphoma,47,47,tpm_clean,ENSG00000258992,TSPY1,0,0.0,0,0.0,0,47,0.0,0,47,0.0,DLBC
non_hodgkin_lymphoma,47,47,tpm_clean,ENSG00000261649,GOLGA6L7,0,0.0,0,0.0,0,47,0.0,0,47,0.0,DLBC
non_hodgkin_lymphoma,47,47,tpm_clean,ENSG00000261949,GFY,0,0.0,0,0.0,0,47,0.0,0,47,0.0,DLBC
non_hodgkin_lymphoma,47,47,tpm_clean,ENSG00000268009,SSX4/SSX4B,0,0.0,0,0.0,0,47,0.0,0,47,0.0,DLBC
non_hodgkin_lymphoma,47,47,tpm_clean,ENSG00000268629,TEX13A,0,0.0,0,0.0,0,47,0.0,0,47,0.0,DLBC
non_hodgkin_lymphoma,47,47,tpm_clean,ENSG00000268696,ZNF723,0,0.0,0,0.0,0,47,0.0,0,47,0.0,DLBC
non_hodgkin_lymphoma,47,47,tpm_clean,ENSG00000268964,ERVV-2,0,0.0,0,0.0,0,47,0.0,0,47,0.0,DLBC
non_hodgkin_lymphoma,47,47,tpm_clean,ENSG00000268988,SPANXN2,0,0.0,0,0.0,0,47,0.0,0,47,0.0,DLBC
non_hodgkin_lymphoma,47,47,tpm_clean,ENSG00000269058,CALR3,0,0.0,0,0.0,0,47,0.0,0,47,0.0,DLBC
non_hodgkin_lymphoma,47,47,tpm_clean,ENSG00000269586,CT45A10,4,8.51,2,4.26,2,47,4.26,1,47,2.13,DLBC
non_hodgkin_lymphoma,47,47,tpm_clean,ENSG00000270806,C17orf50,0,0.0,0,0.0,0,47,0.0,0,47,0.0,DLBC
non_hodgkin_lymphoma,47,47,tpm_clean,ENSG00000270946,CT45A2/8/9,2,4.26,1,2.13,1,47,2.13,0,47,0.0,DLBC
non_hodgkin_lymphoma,47,47,tpm_clean,ENSG00000271321,CTAGE6,0,0.0,0,0.0,0,47,0.0,0,47,0.0,DLBC
non_hodgkin_lymphoma,47,47,tpm_clean,ENSG00000274274,GAGE13,0,0.0,0,0.0,0,47,0.0,0,47,0.0,DLBC
non_hodgkin_lymphoma,47,47,tpm_clean,ENSG00000274391,TPTE,0,0.0,0,0.0,0,47,0.0,0,47,0.0,DLBC
non_hodgkin_lymphoma,47,47,tpm_clean,ENSG00000275793,RIMBP3,0,0.0,0,0.0,0,47,0.0,0,47,0.0,DLBC
non_hodgkin_lymphoma,47,47,tpm_clean,ENSG00000275969,SPATA31A3,0,0.0,0,0.0,0,47,0.0,0,47,0.0,DLBC
non_hodgkin_lymphoma,47,47,tpm_clean,ENSG00000276040,SPATA31A7,0,0.0,0,0.0,0,47,0.0,0,47,0.0,DLBC
non_hodgkin_lymphoma,47,47,tpm_clean,ENSG00000276581,SPATA31A5,0,0.0,0,0.0,0,47,0.0,0,47,0.0,DLBC
non_hodgkin_lymphoma,47,47,tpm_clean,ENSG00000277322,GOLGA6L6,0,0.0,0,0.0,0,47,0.0,0,47,0.0,DLBC
non_hodgkin_lymphoma,47,0,tpm_clean,ENSG00000282815,TEX13C,0,,0,,0,0,,0,0,,DLBC
esophagus,182,182,tpm_clean,ENSG00000006047,YBX2,19,10.44,4,2.2,5,182,2.75,0,182,0.0,ESCA
esophagus,182,182,tpm_clean,ENSG00000006659,LGALS14,0,0.0,0,0.0,0,182,0.0,0,182,0.0,ESCA
esophagus,182,182,tpm_clean,ENSG00000007350,TKTL1,6,3.3,4,2.2,4,182,2.2,3,182,1.65,ESCA
esophagus,182,182,tpm_clean,ENSG00000010318,PHF7,0,0.0,0,0.0,0,182,0.0,0,182,0.0,ESCA
esophagus,182,182,tpm_clean,ENSG00000042813,ZPBP,0,0.0,0,0.0,0,182,0.0,0,182,0.0,ESCA
esophagus,182,182,tpm_clean,ENSG00000046774,MAGEC2,9,4.95,5,2.75,7,182,3.85,1,182,0.55,ESCA
esophagus,182,182,tpm_clean,ENSG00000054796,SPO11,0,0.0,0,0.0,0,182,0.0,0,182,0.0,ESCA
esophagus,182,182,tpm_clean,ENSG00000068985,PAGE1,0,0.0,0,0.0,0,182,0.0,0,182,0.0,ESCA
esophagus,182,182,tpm_clean,ENSG00000077800,FKBP6,0,0.0,0,0.0,0,182,0.0,0,182,0.0,ESCA
esophagus,182,182,tpm_clean,ENSG00000077935,SMC1B,0,0.0,0,0.0,0,182,0.0,0,182,0.0,ESCA
esophagus,182,182,tpm_clean,ENSG00000092345,DAZL,0,0.0,0,0.0,0,182,0.0,0,182,0.0,ESCA
esophagus,182,182,tpm_clean,ENSG00000095627,TDRD1,0,0.0,0,0.0,0,182,0.0,0,182,0.0,ESCA
esophagus,182,182,tpm_clean,ENSG00000099399,MAGEB2,12,6.59,5,2.75,6,182,3.3,2,182,1.1,ESCA
esophagus,182,182,tpm_clean,ENSG00000102021,LUZP4,0,0.0,0,0.0,0,182,0.0,0,182,0.0,ESCA
esophagus,182,182,tpm_clean,ENSG00000103023,PRSS54,0,0.0,0,0.0,0,182,0.0,0,182,0.0,ESCA
esophagus,182,182,tpm_clean,ENSG00000104755,ADAM2,0,0.0,0,0.0,0,182,0.0,0,182,0.0,ESCA
esophagus,182,182,tpm_clean,ENSG00000104804,TULP2,0,0.0,0,0.0,0,182,0.0,0,182,0.0,ESCA
esophagus,182,182,tpm_clean,ENSG00000104818,CGB2,0,0.0,0,0.0,0,182,0.0,0,182,0.0,ESCA
esophagus,182,182,tpm_clean,ENSG00000104901,DKKL1,0,0.0,0,0.0,0,182,0.0,0,182,0.0,ESCA
esophagus,182,182,tpm_clean,ENSG00000105198,LGALS13,0,0.0,0,0.0,0,182,0.0,0,182,0.0,ESCA
esophagus,182,182,tpm_clean,ENSG00000106013,ANKRD7,0,0.0,0,0.0,0,182,0.0,0,182,0.0,ESCA
esophagus,182,182,tpm_clean,ENSG00000106304,SPAM1,0,0.0,0,0.0,0,182,0.0,0,182,0.0,ESCA
esophagus,182,182,tpm_clean,ENSG00000114487,MORC1,0,0.0,0,0.0,0,182,0.0,0,182,0.0,ESCA
esophagus,182,182,tpm_clean,ENSG00000117148,ACTL8,20,10.99,13,7.14,13,182,7.14,6,182,3.3,ESCA
esophagus,182,182,tpm_clean,ENSG00000118434,SPACA1,0,0.0,0,0.0,0,182,0.0,0,182,0.0,ESCA
esophagus,182,182,tpm_clean,ENSG00000118491,ZC2HC1B,0,0.0,0,0.0,0,182,0.0,0,182,0.0,ESCA
esophagus,182,182,tpm_clean,ENSG00000121101,TEX14,0,0.0,0,0.0,0,182,0.0,0,182,0.0,ESCA
esophagus,182,182,tpm_clean,ENSG00000122304,PRM2,0,0.0,0,0.0,0,182,0.0,0,182,0.0,ESCA
esophagus,182,182,tpm_clean,ENSG00000123576,ESX1,0,0.0,0,0.0,0,182,0.0,0,182,0.0,ESCA
esophagus,182,182,tpm_clean,ENSG00000123584,MAGEA9/MAGEA9B,20,10.99,9,4.95,11,182,6.04,0,182,0.0,ESCA
esophagus,182,182,tpm_clean,ENSG00000124092,CTCFL,6,3.3,4,2.2,4,182,2.2,1,182,0.55,ESCA
esophagus,182,182,tpm_clean,ENSG00000124227,ANKRD60,0,0.0,0,0.0,0,182,0.0,0,182,0.0,ESCA
esophagus,182,182,tpm_clean,ENSG00000124260,MAGEA10,6,3.3,1,0.55,1,182,0.55,0,182,0.0,ESCA
esophagus,182,182,tpm_clean,ENSG00000124467,PSG8,0,0.0,0,0.0,0,182,0.0,0,182,0.0,ESCA
esophagus,182,182,tpm_clean,ENSG00000124490,CRISP2,0,0.0,0,0.0,0,182,0.0,0,182,0.0,ESCA
esophagus,182,182,tpm_clean,ENSG00000125207,PIWIL1,2,1.1,0,0.0,0,182,0.0,0,182,0.0,ESCA
esophagus,182,182,tpm_clean,ENSG00000125823,CSTL1,0,0.0,0,0.0,0,182,0.0,0,182,0.0,ESCA
esophagus,182,182,tpm_clean,ENSG00000126467,TSKS,0,0.0,0,0.0,0,182,0.0,0,182,0.0,ESCA
esophagus,182,182,tpm_clean,ENSG00000126752,SSX1,3,1.65,2,1.1,2,182,1.1,1,182,0.55,ESCA
esophagus,182,182,tpm_clean,ENSG00000126856,PRDM7,0,0.0,0,0.0,0,182,0.0,0,182,0.0,ESCA
esophagus,182,182,tpm_clean,ENSG00000129862,VCY/VCY1B,0,0.0,0,0.0,0,182,0.0,0,182,0.0,ESCA
esophagus,182,182,tpm_clean,ENSG00000130950,NUTM2F,0,0.0,0,0.0,0,182,0.0,0,182,0.0,ESCA
esophagus,182,182,tpm_clean,ENSG00000131126,TEX101,0,0.0,0,0.0,0,182,0.0,0,182,0.0,ESCA
esophagus,182,182,tpm_clean,ENSG00000132446,FTHL17,1,0.55,0,0.0,0,182,0.0,0,182,0.0,ESCA
esophagus,182,182,tpm_clean,ENSG00000135248,GARIN1B,0,0.0,0,0.0,0,182,0.0,0,182,0.0,ESCA
esophagus,182,182,tpm_clean,ENSG00000137090,DMRT1,0,0.0,0,0.0,0,182,0.0,0,182,0.0,ESCA
esophagus,182,182,tpm_clean,ENSG00000137948,BRDT,1,0.55,0,0.0,0,182,0.0,0,182,0.0,ESCA
esophagus,182,182,tpm_clean,ENSG00000139351,SYCP3,0,0.0,0,0.0,0,182,0.0,0,182,0.0,ESCA
esophagus,182,182,tpm_clean,ENSG00000140478,GOLGA6D,0,0.0,0,0.0,0,182,0.0,0,182,0.0,ESCA
esophagus,182,182,tpm_clean,ENSG00000141096,DPEP3,2,1.1,2,1.1,2,182,1.1,1,182,0.55,ESCA
esophagus,182,182,tpm_clean,ENSG00000141255,SPATA22,0,0.0,0,0.0,0,182,0.0,0,182,0.0,ESCA
esophagus,182,182,tpm_clean,ENSG00000141316,SPACA3,0,0.0,0,0.0,0,182,0.0,0,182,0.0,ESCA
esophagus,182,182,tpm_clean,ENSG00000141371,CHCT1,0,0.0,0,0.0,0,182,0.0,0,182,0.0,ESCA
esophagus,182,182,tpm_clean,ENSG00000141437,SLC25A52,0,0.0,0,0.0,0,182,0.0,0,182,0.0,ESCA
esophagus,182,182,tpm_clean,ENSG00000142025,DMRTC2,0,0.0,0,0.0,0,182,0.0,0,182,0.0,ESCA
esophagus,182,182,tpm_clean,ENSG00000142698,C1orf94,0,0.0,0,0.0,0,182,0.0,0,182,0.0,ESCA
esophagus,182,182,tpm_clean,ENSG00000143006,DMRTB1,0,0.0,0,0.0,0,182,0.0,0,182,0.0,ESCA
esophagus,182,182,tpm_clean,ENSG00000143452,HORMAD1,4,2.2,1,0.55,1,182,0.55,0,182,0.0,ESCA
esophagus,182,182,tpm_clean,ENSG00000144962,SPATA16,0,0.0,0,0.0,0,182,0.0,0,182,0.0,ESCA
esophagus,182,182,tpm_clean,ENSG00000145309,CABS1,0,0.0,0,0.0,0,182,0.0,0,182,0.0,ESCA
esophagus,182,182,tpm_clean,ENSG00000147081,AKAP4,0,0.0,0,0.0,0,182,0.0,0,182,0.0,ESCA
esophagus,182,182,tpm_clean,ENSG00000147183,CPXCR1,0,0.0,0,0.0,0,182,0.0,0,182,0.0,ESCA
esophagus,182,182,tpm_clean,ENSG00000147378,FATE1,0,0.0,0,0.0,0,182,0.0,0,182,0.0,ESCA
esophagus,182,182,tpm_clean,ENSG00000147381,MAGEA4,37,20.33,24,13.19,30,182,16.48,18,182,9.89,ESCA
esophagus,182,182,tpm_clean,ENSG00000148156,ACTL7B,0,0.0,0,0.0,0,182,0.0,0,182,0.0,ESCA
esophagus,182,182,tpm_clean,ENSG00000150628,SPATA4,0,0.0,0,0.0,0,182,0.0,0,182,0.0,ESCA
esophagus,182,182,tpm_clean,ENSG00000151962,RBM46,0,0.0,0,0.0,0,182,0.0,0,182,0.0,ESCA
esophagus,182,182,tpm_clean,ENSG00000152430,BOLL,0,0.0,0,0.0,0,182,0.0,0,182,0.0,ESCA
esophagus,182,182,tpm_clean,ENSG00000152670,DDX4,0,0.0,0,0.0,0,182,0.0,0,182,0.0,ESCA
esophagus,182,182,tpm_clean,ENSG00000153060,TEKT5,0,0.0,0,0.0,0,182,0.0,0,182,0.0,ESCA
esophagus,182,182,tpm_clean,ENSG00000153779,TGIF2LX,0,0.0,0,0.0,0,182,0.0,0,182,0.0,ESCA
esophagus,182,182,tpm_clean,ENSG00000155087,ODF1,0,0.0,0,0.0,0,182,0.0,0,182,0.0,ESCA
esophagus,182,182,tpm_clean,ENSG00000155495,MAGEC1,6,3.3,3,1.65,3,182,1.65,0,182,0.0,ESCA
esophagus,182,182,tpm_clean,ENSG00000155622,XAGE2,0,0.0,0,0.0,0,182,0.0,0,182,0.0,ESCA
esophagus,182,182,tpm_clean,ENSG00000156009,MAGEA8,1,0.55,1,0.55,1,182,0.55,0,182,0.0,ESCA
esophagus,182,182,tpm_clean,ENSG00000156269,NAA11,2,1.1,0,0.0,0,182,0.0,0,182,0.0,ESCA
esophagus,182,182,tpm_clean,ENSG00000158639,PAGE5,4,2.2,3,1.65,3,182,1.65,3,182,1.65,ESCA
esophagus,182,182,tpm_clean,ENSG00000159289,GOLGA6A,0,0.0,0,0.0,0,182,0.0,0,182,0.0,ESCA
esophagus,182,182,tpm_clean,ENSG00000159708,LRRC36,0,0.0,0,0.0,0,182,0.0,0,182,0.0,ESCA
esophagus,182,182,tpm_clean,ENSG00000161860,SYCE2,0,0.0,0,0.0,0,182,0.0,0,182,0.0,ESCA
esophagus,182,182,tpm_clean,ENSG00000161973,CCDC42,0,0.0,0,0.0,0,182,0.0,0,182,0.0,ESCA
esophagus,182,182,tpm_clean,ENSG00000162039,MEIOB,0,0.0,0,0.0,0,182,0.0,0,182,0.0,ESCA
esophagus,182,182,tpm_clean,ENSG00000162641,AKNAD1,0,0.0,0,0.0,0,182,0.0,0,182,0.0,ESCA
esophagus,182,182,tpm_clean,ENSG00000162771,GARIN4,0,0.0,0,0.0,0,182,0.0,0,182,0.0,ESCA
esophagus,182,182,tpm_clean,ENSG00000162843,WDR64,0,0.0,0,0.0,0,182,0.0,0,182,0.0,ESCA
esophagus,182,182,tpm_clean,ENSG00000163114,PDHA2,0,0.0,0,0.0,0,182,0.0,0,182,0.0,ESCA
esophagus,182,182,tpm_clean,ENSG00000163530,DPPA2,0,0.0,0,0.0,0,182,0.0,0,182,0.0,ESCA
esophagus,182,182,tpm_clean,ENSG00000164113,ADAD1,0,0.0,0,0.0,0,182,0.0,0,182,0.0,ESCA
esophagus,182,182,tpm_clean,ENSG00000164304,CAGE1,0,0.0,0,0.0,0,182,0.0,0,182,0.0,ESCA
esophagus,182,182,tpm_clean,ENSG00000165583,SSX5,1,0.55,0,0.0,0,182,0.0,0,182,0.0,ESCA
esophagus,182,182,tpm_clean,ENSG00000165584,SSX3,2,1.1,1,0.55,1,182,0.55,0,182,0.0,ESCA
esophagus,182,182,tpm_clean,ENSG00000166049,PASD1,0,0.0,0,0.0,0,182,0.0,0,182,0.0,ESCA
esophagus,182,182,tpm_clean,ENSG00000166069,TMCO5A,0,0.0,0,0.0,0,182,0.0,0,182,0.0,ESCA
esophagus,182,182,tpm_clean,ENSG00000166118,SPATA19,0,0.0,0,0.0,0,182,0.0,0,182,0.0,ESCA
esophagus,182,182,tpm_clean,ENSG00000166796,LDHC,0,0.0,0,0.0,0,182,0.0,0,182,0.0,ESCA
esophagus,182,182,tpm_clean,ENSG00000167098,SUN5,0,0.0,0,0.0,0,182,0.0,0,182,0.0,ESCA
esophagus,182,182,tpm_clean,ENSG00000168594,ADAM29,0,0.0,0,0.0,0,182,0.0,0,182,0.0,ESCA
esophagus,182,182,tpm_clean,ENSG00000168757,TSPY2,2,1.1,2,1.1,2,182,1.1,0,182,0.0,ESCA
esophagus,182,182,tpm_clean,ENSG00000169059,VCX3A,5,2.75,5,2.75,5,182,2.75,2,182,1.1,ESCA
esophagus,182,182,tpm_clean,ENSG00000169551,CT55,1,0.55,1,0.55,1,182,0.55,0,182,0.0,ESCA
esophagus,182,182,tpm_clean,ENSG00000169800,RBMY1F,0,0.0,0,0.0,0,182,0.0,0,182,0.0,ESCA
esophagus,182,182,tpm_clean,ENSG00000170516,COX7B2,9,4.95,2,1.1,3,182,1.65,0,182,0.0,ESCA
esophagus,182,182,tpm_clean,ENSG00000170748,RBMXL2,0,0.0,0,0.0,0,182,0.0,0,182,0.0,ESCA
esophagus,182,182,tpm_clean,ENSG00000170848,PSG6,0,0.0,0,0.0,0,182,0.0,0,182,0.0,ESCA
esophagus,182,182,tpm_clean,ENSG00000170950,PGK2,0,0.0,0,0.0,0,182,0.0,0,182,0.0,ESCA
esophagus,182,182,tpm_clean,ENSG00000170965,PLAC1,0,0.0,0,0.0,0,182,0.0,0,182,0.0,ESCA
esophagus,182,182,tpm_clean,ENSG00000171402,XAGE3,0,0.0,0,0.0,0,182,0.0,0,182,0.0,ESCA
esophagus,182,182,tpm_clean,ENSG00000171405,XAGE5,0,0.0,0,0.0,0,182,0.0,0,182,0.0,ESCA
esophagus,182,182,tpm_clean,ENSG00000171794,UTF1,0,0.0,0,0.0,0,182,0.0,0,182,0.0,ESCA
esophagus,182,182,tpm_clean,ENSG00000172073,TEX37,0,0.0,0,0.0,0,182,0.0,0,182,0.0,ESCA
esophagus,182,182,tpm_clean,ENSG00000172717,GARIN2,0,0.0,0,0.0,0,182,0.0,0,182,0.0,ESCA
esophagus,182,182,tpm_clean,ENSG00000174015,CBY2,0,0.0,0,0.0,0,182,0.0,0,182,0.0,ESCA
esophagus,182,182,tpm_clean,ENSG00000174016,TENT5D,0,0.0,0,0.0,0,182,0.0,0,182,0.0,ESCA
esophagus,182,182,tpm_clean,ENSG00000174898,CATSPERD,0,0.0,0,0.0,0,182,0.0,0,182,0.0,ESCA
esophagus,182,182,tpm_clean,ENSG00000175646,PRM1,0,0.0,0,0.0,0,182,0.0,0,182,0.0,ESCA
esophagus,182,182,tpm_clean,ENSG00000175809,CBLL2,0,0.0,0,0.0,0,182,0.0,0,182,0.0,ESCA
esophagus,182,182,tpm_clean,ENSG00000175820,CCDC168,0,0.0,0,0.0,0,182,0.0,0,182,0.0,ESCA
esophagus,182,182,tpm_clean,ENSG00000175877,TMEM270,0,0.0,0,0.0,0,182,0.0,0,182,0.0,ESCA
esophagus,182,182,tpm_clean,ENSG00000176256,HMGB4,0,0.0,0,0.0,0,182,0.0,0,182,0.0,ESCA
esophagus,182,182,tpm_clean,ENSG00000176566,DCAF4L2,2,1.1,0,0.0,1,182,0.55,0,182,0.0,ESCA
esophagus,182,182,tpm_clean,ENSG00000176635,HORMAD2,0,0.0,0,0.0,0,182,0.0,0,182,0.0,ESCA
esophagus,182,182,tpm_clean,ENSG00000176746,MAGEB6,0,0.0,0,0.0,0,182,0.0,0,182,0.0,ESCA
esophagus,182,182,tpm_clean,ENSG00000176774,MAGEB18,0,0.0,0,0.0,0,182,0.0,0,182,0.0,ESCA
esophagus,182,182,tpm_clean,ENSG00000176988,FMR1NB,3,1.65,0,0.0,0,182,0.0,0,182,0.0,ESCA
esophagus,182,182,tpm_clean,ENSG00000177294,FBXO39,0,0.0,0,0.0,0,182,0.0,0,182,0.0,ESCA
esophagus,182,182,tpm_clean,ENSG00000177673,TEX44,0,0.0,0,0.0,0,182,0.0,0,182,0.0,ESCA
esophagus,182,182,tpm_clean,ENSG00000177689,MAGEB10,0,0.0,0,0.0,0,182,0.0,0,182,0.0,ESCA
esophagus,182,182,tpm_clean,ENSG00000177947,ODF3,0,0.0,0,0.0,0,182,0.0,0,182,0.0,ESCA
esophagus,182,182,tpm_clean,ENSG00000177992,SPATA31E1,0,0.0,0,0.0,0,182,0.0,0,182,0.0,ESCA
esophagus,182,182,tpm_clean,ENSG00000178021,TSPYL6,1,0.55,0,0.0,0,182,0.0,0,182,0.0,ESCA
esophagus,182,182,tpm_clean,ENSG00000178257,PRM3,0,0.0,0,0.0,0,182,0.0,0,182,0.0,ESCA
esophagus,182,182,tpm_clean,ENSG00000178279,TNP2,0,0.0,0,0.0,0,182,0.0,0,182,0.0,ESCA
esophagus,182,182,tpm_clean,ENSG00000178997,EXD1,0,0.0,0,0.0,0,182,0.0,0,182,0.0,ESCA
esophagus,182,182,tpm_clean,ENSG00000179046,TRIML2,0,0.0,0,0.0,0,182,0.0,0,182,0.0,ESCA
esophagus,182,182,tpm_clean,ENSG00000179059,ZFP42,0,0.0,0,0.0,0,182,0.0,0,182,0.0,ESCA
esophagus,182,182,tpm_clean,ENSG00000179088,C12orf42,0,0.0,0,0.0,0,182,0.0,0,182,0.0,ESCA
esophagus,182,182,tpm_clean,ENSG00000179407,DNAJB8,0,0.0,0,0.0,0,182,0.0,0,182,0.0,ESCA
esophagus,182,182,tpm_clean,ENSG00000180138,CSNK1A1L,0,0.0,0,0.0,0,182,0.0,0,182,0.0,ESCA
esophagus,182,182,tpm_clean,ENSG00000180336,MEIOC,0,0.0,0,0.0,0,182,0.0,0,182,0.0,ESCA
esophagus,182,182,tpm_clean,ENSG00000181323,SPEM1,0,0.0,0,0.0,0,182,0.0,0,182,0.0,ESCA
esophagus,182,182,tpm_clean,ENSG00000181433,SAGE1,2,1.1,0,0.0,0,182,0.0,0,182,0.0,ESCA
esophagus,182,182,tpm_clean,ENSG00000182308,DCAF4L1,0,0.0,0,0.0,0,182,0.0,0,182,0.0,ESCA
esophagus,182,182,tpm_clean,ENSG00000182459,TEX19,0,0.0,0,0.0,0,182,0.0,0,182,0.0,ESCA
esophagus,182,182,tpm_clean,ENSG00000182583,VCX,2,1.1,1,0.55,1,182,0.55,1,182,0.55,ESCA
esophagus,182,182,tpm_clean,ENSG00000183206,POTEC,0,0.0,0,0.0,0,182,0.0,0,182,0.0,ESCA
esophagus,182,182,tpm_clean,ENSG00000183305,MAGEA2/MAGEA2B,33,18.13,9,4.95,12,182,6.59,1,182,0.55,ESCA
esophagus,182,182,tpm_clean,ENSG00000183434,TFDP3,0,0.0,0,0.0,0,182,0.0,0,182,0.0,ESCA
esophagus,182,182,tpm_clean,ENSG00000183668,PSG9,0,0.0,0,0.0,0,182,0.0,0,182,0.0,ESCA
esophagus,182,182,tpm_clean,ENSG00000184033,CTAG1A/B,5,2.75,3,1.65,4,182,2.2,3,182,1.65,ESCA
esophagus,182,182,tpm_clean,ENSG00000184361,SPATA32,0,0.0,0,0.0,0,182,0.0,0,182,0.0,ESCA
esophagus,182,182,tpm_clean,ENSG00000184507,NUTM1,0,0.0,0,0.0,0,182,0.0,0,182,0.0,ESCA
esophagus,182,182,tpm_clean,ENSG00000184650,ODF4,0,0.0,0,0.0,0,182,0.0,0,182,0.0,ESCA
esophagus,182,182,tpm_clean,ENSG00000184735,DDX53,0,0.0,0,0.0,0,182,0.0,0,182,0.0,ESCA
esophagus,182,182,tpm_clean,ENSG00000185264,TEX33,0,0.0,0,0.0,0,182,0.0,0,182,0.0,ESCA
esophagus,182,182,tpm_clean,ENSG00000185686,PRAME,32,17.58,12,6.59,13,182,7.14,8,182,4.4,ESCA
esophagus,182,182,tpm_clean,ENSG00000185775,SPATA31A6,0,0.0,0,0.0,0,182,0.0,0,182,0.0,ESCA
esophagus,182,182,tpm_clean,ENSG00000185792,NLRP9,0,0.0,0,0.0,0,182,0.0,0,182,0.0,ESCA
esophagus,182,182,tpm_clean,ENSG00000185863,TMEM210,0,0.0,0,0.0,0,182,0.0,0,182,0.0,ESCA
esophagus,182,182,tpm_clean,ENSG00000186075,ZPBP2,0,0.0,0,0.0,0,182,0.0,0,182,0.0,ESCA
esophagus,182,182,tpm_clean,ENSG00000186118,TEX38,0,0.0,0,0.0,0,182,0.0,0,182,0.0,ESCA
esophagus,182,182,tpm_clean,ENSG00000186451,SPATA12,0,0.0,0,0.0,0,182,0.0,0,182,0.0,ESCA
esophagus,182,182,tpm_clean,ENSG00000186788,SPATA31D3,0,0.0,0,0.0,0,182,0.0,0,182,0.0,ESCA
esophagus,182,182,tpm_clean,ENSG00000187003,ACTL7A,0,0.0,0,0.0,0,182,0.0,0,182,0.0,ESCA
esophagus,182,182,tpm_clean,ENSG00000187191,DAZ3,4,2.2,0,0.0,1,182,0.55,0,182,0.0,ESCA
esophagus,182,182,tpm_clean,ENSG00000187754,SSX7,0,0.0,0,0.0,0,182,0.0,0,182,0.0,ESCA
esophagus,182,182,tpm_clean,ENSG00000187772,LIN28B,0,0.0,0,0.0,0,182,0.0,0,182,0.0,ESCA
esophagus,182,182,tpm_clean,ENSG00000188120,DAZ1,12,6.59,9,4.95,11,182,6.04,7,182,3.85,ESCA
esophagus,182,182,tpm_clean,ENSG00000188425,NANOS2,0,0.0,0,0.0,0,182,0.0,0,182,0.0,ESCA
esophagus,182,182,tpm_clean,ENSG00000188782,CATSPER4,0,0.0,0,0.0,0,182,0.0,0,182,0.0,ESCA
esophagus,182,182,tpm_clean,ENSG00000189023,MAGEB16,0,0.0,0,0.0,0,182,0.0,0,182,0.0,ESCA
esophagus,182,182,tpm_clean,ENSG00000189052,CGB5/8,5,2.75,4,2.2,5,182,2.75,1,182,0.55,ESCA
esophagus,182,182,tpm_clean,ENSG00000189064,GAGE2A,7,3.85,3,1.65,4,182,2.2,2,182,1.1,ESCA
esophagus,182,182,tpm_clean,ENSG00000189186,DCAF8L2,0,0.0,0,0.0,0,182,0.0,0,182,0.0,ESCA
esophagus,182,182,tpm_clean,ENSG00000189252,SPANXN3,0,0.0,0,0.0,0,182,0.0,0,182,0.0,ESCA
esophagus,182,182,tpm_clean,ENSG00000189326,SPANXN4,0,0.0,0,0.0,0,182,0.0,0,182,0.0,ESCA
esophagus,182,182,tpm_clean,ENSG00000189357,SPATA31D4,0,0.0,0,0.0,0,182,0.0,0,182,0.0,ESCA
esophagus,182,182,tpm_clean,ENSG00000196350,ZNF729,0,0.0,0,0.0,0,182,0.0,0,182,0.0,ESCA
esophagus,182,182,tpm_clean,ENSG00000196406,SPANXD,3,1.65,3,1.65,3,182,1.65,3,182,1.65,ESCA
esophagus,182,182,tpm_clean,ENSG00000196553,CCDC196,0,0.0,0,0.0,0,182,0.0,0,182,0.0,ESCA
esophagus,182,182,tpm_clean,ENSG00000196604,POTEF,0,0.0,0,0.0,0,182,0.0,0,182,0.0,ESCA
esophagus,182,182,tpm_clean,ENSG00000196862,RGPD4,0,0.0,0,0.0,0,182,0.0,0,182,0.0,ESCA
esophagus,182,182,tpm_clean,ENSG00000197172,MAGEA6,47,25.82,32,17.58,39,182,21.43,8,182,4.4,ESCA
esophagus,182,182,tpm_clean,ENSG00000198021,SPANXA1/2,5,2.75,4,2.2,4,182,2.2,4,182,2.2,ESCA
esophagus,182,182,tpm_clean,ENSG00000198573,SPANXC,4,2.2,3,1.65,3,182,1.65,3,182,1.65,ESCA
esophagus,182,182,tpm_clean,ENSG00000198681,MAGEA1,15,8.24,3,1.65,3,182,1.65,0,182,0.0,ESCA
esophagus,182,182,tpm_clean,ENSG00000198759,EGFL6,7,3.85,1,0.55,1,182,0.55,0,182,0.0,ESCA
esophagus,182,182,tpm_clean,ENSG00000198765,SYCP1,0,0.0,0,0.0,0,182,0.0,0,182,0.0,ESCA
esophagus,182,182,tpm_clean,ENSG00000198870,STKLD1,0,0.0,0,0.0,0,182,0.0,0,182,0.0,ESCA
esophagus,182,182,tpm_clean,ENSG00000203909,DPPA5,0,0.0,0,0.0,0,182,0.0,0,182,0.0,ESCA
esophagus,182,182,tpm_clean,ENSG00000203923,SPANXN1,0,0.0,0,0.0,0,182,0.0,0,182,0.0,ESCA
esophagus,182,182,tpm_clean,ENSG00000204019,CT83,26,14.29,3,1.65,5,182,2.75,0,182,0.0,ESCA
esophagus,182,182,tpm_clean,ENSG00000204279,PAGE3,0,0.0,0,0.0,0,182,0.0,0,182,0.0,ESCA
esophagus,182,182,tpm_clean,ENSG00000204363,SPANXN5,0,0.0,0,0.0,0,182,0.0,0,182,0.0,ESCA
esophagus,182,182,tpm_clean,ENSG00000204379,XAGE1A/B,8,4.4,5,2.75,5,182,2.75,3,182,1.65,ESCA
esophagus,182,182,tpm_clean,ENSG00000204450,TRIM64,0,0.0,0,0.0,0,182,0.0,0,182,0.0,ESCA
esophagus,182,182,tpm_clean,ENSG00000204849,SPATA31A1,0,0.0,0,0.0,0,182,0.0,0,182,0.0,ESCA
esophagus,182,182,tpm_clean,ENSG00000204941,PSG5,1,0.55,0,0.0,1,182,0.55,0,182,0.0,ESCA
esophagus,182,182,tpm_clean,ENSG00000204961,PCDHA9,0,0.0,0,0.0,0,182,0.0,0,182,0.0,ESCA
esophagus,182,182,tpm_clean,ENSG00000205359,SLCO6A1,0,0.0,0,0.0,0,182,0.0,0,182,0.0,ESCA
esophagus,182,182,tpm_clean,ENSG00000205642,VCX3B,2,1.1,1,0.55,0,182,0.0,0,182,0.0,ESCA
esophagus,182,182,tpm_clean,ENSG00000205777,GAGE1,6,3.3,6,3.3,6,182,3.3,3,182,1.65,ESCA
esophagus,182,182,tpm_clean,ENSG00000212710,CTAGE1,0,0.0,0,0.0,0,182,0.0,0,182,0.0,ESCA
esophagus,182,182,tpm_clean,ENSG00000213218,CSH2,1,0.55,0,0.0,0,182,0.0,0,182,0.0,ESCA
esophagus,182,182,tpm_clean,ENSG00000213401,MAGEA12,27,14.84,4,2.2,6,182,3.3,0,182,0.0,ESCA
esophagus,182,182,tpm_clean,ENSG00000214107,MAGEB1,1,0.55,0,0.0,0,182,0.0,0,182,0.0,ESCA
esophagus,182,182,tpm_clean,ENSG00000215113,CXorf49/CXorf49B,5,2.75,3,1.65,4,182,2.2,2,182,1.1,ESCA
esophagus,182,182,tpm_clean,ENSG00000215269,GAGE12F/G,0,0.0,0,0.0,0,182,0.0,0,182,0.0,ESCA
esophagus,182,182,tpm_clean,ENSG00000215274,GAGE10,0,0.0,0,0.0,0,182,0.0,0,182,0.0,ESCA
esophagus,182,182,tpm_clean,ENSG00000215529,EFCAB8,0,0.0,0,0.0,0,182,0.0,0,182,0.0,ESCA
esophagus,182,182,tpm_clean,ENSG00000215817,ZC3H11B,0,0.0,0,0.0,0,182,0.0,0,182,0.0,ESCA
esophagus,182,182,tpm_clean,ENSG00000216649,GAGE12C/D/E,2,1.1,2,1.1,2,182,1.1,1,182,0.55,ESCA
esophagus,182,182,tpm_clean,ENSG00000221826,PSG3,0,0.0,0,0.0,0,182,0.0,0,182,0.0,ESCA
esophagus,182,182,tpm_clean,ENSG00000221867,MAGEA3,57,31.32,39,21.43,45,182,24.73,14,182,7.69,ESCA
esophagus,182,182,tpm_clean,ENSG00000221878,PSG7,0,0.0,0,0.0,0,182,0.0,0,182,0.0,ESCA
esophagus,182,182,tpm_clean,ENSG00000224089,CT47A1/2/3/4/5/6/7/8/9/10/11/12,0,0.0,0,0.0,0,182,0.0,0,182,0.0,ESCA
esophagus,182,182,tpm_clean,ENSG00000224440,CXorf51A/B,0,0.0,0,0.0,0,182,0.0,0,182,0.0,ESCA
esophagus,182,182,tpm_clean,ENSG00000224659,GAGE12J,4,2.2,3,1.65,3,182,1.65,1,182,0.55,ESCA
esophagus,182,182,tpm_clean,ENSG00000224902,GAGE12H,2,1.1,2,1.1,2,182,1.1,2,182,1.1,ESCA
esophagus,182,0,tpm_clean,ENSG00000224960,PPP4R3C,0,,0,,0,0,,0,0,,ESCA
esophagus,182,182,tpm_clean,ENSG00000226650,KIF4B,0,0.0,0,0.0,0,182,0.0,0,182,0.0,ESCA
esophagus,182,182,tpm_clean,ENSG00000227234,SPANXB1,4,2.2,3,1.65,3,182,1.65,3,182,1.65,ESCA
esophagus,182,182,tpm_clean,ENSG00000228836,CT45A5/6/7,10,5.49,4,2.2,4,182,2.2,1,182,0.55,ESCA
esophagus,182,182,tpm_clean,ENSG00000228927,TSPY3,0,0.0,0,0.0,0,182,0.0,0,182,0.0,ESCA
esophagus,182,182,tpm_clean,ENSG00000229549,TSPY8,0,0.0,0,0.0,0,182,0.0,0,182,0.0,ESCA
esophagus,182,0,tpm_clean,ENSG00000230601,TEX48,0,,0,,0,0,,0,0,,ESCA
esophagus,182,182,tpm_clean,ENSG00000231924,PSG1,0,0.0,0,0.0,0,182,0.0,0,182,0.0,ESCA
esophagus,182,182,tpm_clean,ENSG00000233056,ERVH48-1,4,2.2,1,0.55,1,182,0.55,0,182,0.0,ESCA
esophagus,182,182,tpm_clean,ENSG00000233803,TSPY4,2,1.1,2,1.1,2,182,1.1,1,182,0.55,ESCA
esophagus,182,182,tpm_clean,ENSG00000234068,PAGE2,6,3.3,3,1.65,3,182,1.65,3,182,1.65,ESCA
esophagus,182,182,tpm_clean,ENSG00000234414,RBMY1A1,0,0.0,0,0.0,0,182,0.0,0,182,0.0,ESCA
esophagus,182,182,tpm_clean,ENSG00000235631,RNF148,0,0.0,0,0.0,0,182,0.0,0,182,0.0,ESCA
esophagus,182,182,tpm_clean,ENSG00000236424,TSPY10,1,0.55,1,0.55,1,182,0.55,0,182,0.0,ESCA
esophagus,182,182,tpm_clean,ENSG00000236446,CT47B1,0,0.0,0,0.0,0,182,0.0,0,182,0.0,ESCA
esophagus,182,182,tpm_clean,ENSG00000236761,CTAGE9,0,0.0,0,0.0,0,182,0.0,0,182,0.0,ESCA
esophagus,182,182,tpm_clean,ENSG00000238269,PAGE2B,2,1.1,2,1.1,2,182,1.1,2,182,1.1,ESCA
esophagus,182,182,tpm_clean,ENSG00000240021,TEX35,0,0.0,0,0.0,0,182,0.0,0,182,0.0,ESCA
esophagus,182,0,tpm_clean,ENSG00000241149,ZNF722,0,,0,,0,0,,0,0,,ESCA
esophagus,182,182,tpm_clean,ENSG00000241476,SSX2/SSX2B,5,2.75,1,0.55,1,182,0.55,0,182,0.0,ESCA
esophagus,182,182,tpm_clean,ENSG00000242221,PSG2,0,0.0,0,0.0,0,182,0.0,0,182,0.0,ESCA
esophagus,182,182,tpm_clean,ENSG00000242389,RBMY1E,0,0.0,0,0.0,0,182,0.0,0,182,0.0,ESCA
esophagus,182,182,tpm_clean,ENSG00000242875,RBMY1B,0,0.0,0,0.0,0,182,0.0,0,182,0.0,ESCA
esophagus,182,182,tpm_clean,ENSG00000243130,PSG11,0,0.0,0,0.0,0,182,0.0,0,182,0.0,ESCA
esophagus,182,182,tpm_clean,ENSG00000244395,RBMY1D,0,0.0,0,0.0,0,182,0.0,0,182,0.0,ESCA
esophagus,182,182,tpm_clean,ENSG00000244588,RAD21L1,0,0.0,0,0.0,0,182,0.0,0,182,0.0,ESCA
esophagus,182,182,tpm_clean,ENSG00000249861,LGALS16,0,0.0,0,0.0,0,182,0.0,0,182,0.0,ESCA
esophagus,182,182,tpm_clean,ENSG00000250741,NT5C1B-RDH14,0,0.0,0,0.0,0,182,0.0,0,182,0.0,ESCA
esophagus,182,182,tpm_clean,ENSG00000251258,RFPL4B,1,0.55,0,0.0,0,182,0.0,0,182,0.0,ESCA
esophagus,182,182,tpm_clean,ENSG00000258713,C20orf141,0,0.0,0,0.0,0,182,0.0,0,182,0.0,ESCA
esophagus,182,182,tpm_clean,ENSG00000258992,TSPY1,2,1.1,2,1.1,2,182,1.1,1,182,0.55,ESCA
esophagus,182,182,tpm_clean,ENSG00000261649,GOLGA6L7,0,0.0,0,0.0,0,182,0.0,0,182,0.0,ESCA
esophagus,182,182,tpm_clean,ENSG00000261949,GFY,1,0.55,0,0.0,0,182,0.0,0,182,0.0,ESCA
esophagus,182,182,tpm_clean,ENSG00000268009,SSX4/SSX4B,4,2.2,4,2.2,4,182,2.2,2,182,1.1,ESCA
esophagus,182,182,tpm_clean,ENSG00000268629,TEX13A,0,0.0,0,0.0,0,182,0.0,0,182,0.0,ESCA
esophagus,182,182,tpm_clean,ENSG00000268696,ZNF723,0,0.0,0,0.0,0,182,0.0,0,182,0.0,ESCA
esophagus,182,182,tpm_clean,ENSG00000268964,ERVV-2,2,1.1,0,0.0,0,182,0.0,0,182,0.0,ESCA
esophagus,182,182,tpm_clean,ENSG00000268988,SPANXN2,0,0.0,0,0.0,0,182,0.0,0,182,0.0,ESCA
esophagus,182,182,tpm_clean,ENSG00000269058,CALR3,0,0.0,0,0.0,0,182,0.0,0,182,0.0,ESCA
esophagus,182,182,tpm_clean,ENSG00000269586,CT45A10,13,7.14,5,2.75,6,182,3.3,0,182,0.0,ESCA
esophagus,182,182,tpm_clean,ENSG00000270806,C17orf50,0,0.0,0,0.0,0,182,0.0,0,182,0.0,ESCA
esophagus,182,182,tpm_clean,ENSG00000270946,CT45A2/8/9,5,2.75,3,1.65,3,182,1.65,1,182,0.55,ESCA
esophagus,182,182,tpm_clean,ENSG00000271321,CTAGE6,0,0.0,0,0.0,0,182,0.0,0,182,0.0,ESCA
esophagus,182,182,tpm_clean,ENSG00000274274,GAGE13,4,2.2,4,2.2,4,182,2.2,1,182,0.55,ESCA
esophagus,182,182,tpm_clean,ENSG00000274391,TPTE,0,0.0,0,0.0,0,182,0.0,0,182,0.0,ESCA
esophagus,182,182,tpm_clean,ENSG00000275793,RIMBP3,0,0.0,0,0.0,0,182,0.0,0,182,0.0,ESCA
esophagus,182,182,tpm_clean,ENSG00000275969,SPATA31A3,0,0.0,0,0.0,0,182,0.0,0,182,0.0,ESCA
esophagus,182,182,tpm_clean,ENSG00000276040,SPATA31A7,0,0.0,0,0.0,0,182,0.0,0,182,0.0,ESCA
esophagus,182,182,tpm_clean,ENSG00000276581,SPATA31A5,0,0.0,0,0.0,0,182,0.0,0,182,0.0,ESCA
esophagus,182,182,tpm_clean,ENSG00000277322,GOLGA6L6,0,0.0,0,0.0,0,182,0.0,0,182,0.0,ESCA
esophagus,182,0,tpm_clean,ENSG00000282815,TEX13C,0,,0,,0,0,,0,0,,ESCA
liver,388,388,tpm_clean,ENSG00000006047,YBX2,8,2.06,2,0.52,4,388,1.03,1,388,0.26,HEPB;LIHC
liver,388,388,tpm_clean,ENSG00000006659,LGALS14,4,1.03,4,1.03,4,388,1.03,4,388,1.03,HEPB;LIHC
liver,388,388,tpm_clean,ENSG00000007350,TKTL1,4,1.03,2,0.52,3,388,0.77,1,388,0.26,HEPB;LIHC
liver,388,388,tpm_clean,ENSG00000010318,PHF7,0,0.0,0,0.0,0,388,0.0,0,388,0.0,HEPB;LIHC
liver,388,388,tpm_clean,ENSG00000042813,ZPBP,0,0.0,0,0.0,0,388,0.0,0,388,0.0,HEPB;LIHC
liver,388,388,tpm_clean,ENSG00000046774,MAGEC2,28,7.22,14,3.61,27,388,6.96,8,388,2.06,HEPB;LIHC
liver,388,388,tpm_clean,ENSG00000054796,SPO11,0,0.0,0,0.0,0,388,0.0,0,388,0.0,HEPB;LIHC
liver,388,388,tpm_clean,ENSG00000068985,PAGE1,19,4.9,16,4.12,18,388,4.64,12,388,3.09,HEPB;LIHC
liver,388,388,tpm_clean,ENSG00000077800,FKBP6,0,0.0,0,0.0,0,388,0.0,0,388,0.0,HEPB;LIHC
liver,388,388,tpm_clean,ENSG00000077935,SMC1B,0,0.0,0,0.0,0,388,0.0,0,388,0.0,HEPB;LIHC
liver,388,388,tpm_clean,ENSG00000092345,DAZL,0,0.0,0,0.0,0,388,0.0,0,388,0.0,HEPB;LIHC
liver,388,388,tpm_clean,ENSG00000095627,TDRD1,0,0.0,0,0.0,0,388,0.0,0,388,0.0,HEPB;LIHC
liver,388,388,tpm_clean,ENSG00000099399,MAGEB2,16,4.12,3,0.77,14,388,3.61,2,388,0.52,HEPB;LIHC
liver,388,388,tpm_clean,ENSG00000102021,LUZP4,0,0.0,0,0.0,0,388,0.0,0,388,0.0,HEPB;LIHC
liver,388,388,tpm_clean,ENSG00000103023,PRSS54,0,0.0,0,0.0,0,388,0.0,0,388,0.0,HEPB;LIHC
liver,388,388,tpm_clean,ENSG00000104755,ADAM2,0,0.0,0,0.0,0,388,0.0,0,388,0.0,HEPB;LIHC
liver,388,388,tpm_clean,ENSG00000104804,TULP2,0,0.0,0,0.0,0,388,0.0,0,388,0.0,HEPB;LIHC
liver,388,388,tpm_clean,ENSG00000104818,CGB2,0,0.0,0,0.0,0,388,0.0,0,388,0.0,HEPB;LIHC
liver,388,388,tpm_clean,ENSG00000104901,DKKL1,0,0.0,0,0.0,0,388,0.0,0,388,0.0,HEPB;LIHC
liver,388,388,tpm_clean,ENSG00000105198,LGALS13,0,0.0,0,0.0,0,388,0.0,0,388,0.0,HEPB;LIHC
liver,388,388,tpm_clean,ENSG00000106013,ANKRD7,0,0.0,0,0.0,0,388,0.0,0,388,0.0,HEPB;LIHC
liver,388,388,tpm_clean,ENSG00000106304,SPAM1,0,0.0,0,0.0,0,388,0.0,0,388,0.0,HEPB;LIHC
liver,388,388,tpm_clean,ENSG00000114487,MORC1,0,0.0,0,0.0,0,388,0.0,0,388,0.0,HEPB;LIHC
liver,388,388,tpm_clean,ENSG00000117148,ACTL8,4,1.03,2,0.52,4,388,1.03,2,388,0.52,HEPB;LIHC
liver,388,388,tpm_clean,ENSG00000118434,SPACA1,0,0.0,0,0.0,0,388,0.0,0,388,0.0,HEPB;LIHC
liver,388,388,tpm_clean,ENSG00000118491,ZC2HC1B,0,0.0,0,0.0,0,388,0.0,0,388,0.0,HEPB;LIHC
liver,388,388,tpm_clean,ENSG00000121101,TEX14,0,0.0,0,0.0,0,388,0.0,0,388,0.0,HEPB;LIHC
liver,388,388,tpm_clean,ENSG00000122304,PRM2,0,0.0,0,0.0,0,388,0.0,0,388,0.0,HEPB;LIHC
liver,388,388,tpm_clean,ENSG00000123576,ESX1,0,0.0,0,0.0,0,388,0.0,0,388,0.0,HEPB;LIHC
liver,388,388,tpm_clean,ENSG00000123584,MAGEA9/MAGEA9B,2,0.52,2,0.52,2,388,0.52,1,388,0.26,HEPB;LIHC
liver,388,388,tpm_clean,ENSG00000124092,CTCFL,0,0.0,0,0.0,0,388,0.0,0,388,0.0,HEPB;LIHC
liver,388,388,tpm_clean,ENSG00000124227,ANKRD60,0,0.0,0,0.0,0,388,0.0,0,388,0.0,HEPB;LIHC
liver,388,388,tpm_clean,ENSG00000124260,MAGEA10,1,0.26,0,0.0,0,388,0.0,0,388,0.0,HEPB;LIHC
liver,388,388,tpm_clean,ENSG00000124467,PSG8,0,0.0,0,0.0,0,388,0.0,0,388,0.0,HEPB;LIHC
liver,388,388,tpm_clean,ENSG00000124490,CRISP2,1,0.26,1,0.26,1,388,0.26,1,388,0.26,HEPB;LIHC
liver,388,388,tpm_clean,ENSG00000125207,PIWIL1,0,0.0,0,0.0,0,388,0.0,0,388,0.0,HEPB;LIHC
liver,388,388,tpm_clean,ENSG00000125823,CSTL1,0,0.0,0,0.0,0,388,0.0,0,388,0.0,HEPB;LIHC
liver,388,388,tpm_clean,ENSG00000126467,TSKS,0,0.0,0,0.0,0,388,0.0,0,388,0.0,HEPB;LIHC
liver,388,388,tpm_clean,ENSG00000126752,SSX1,50,12.89,26,6.7,50,388,12.89,17,388,4.38,HEPB;LIHC
liver,388,388,tpm_clean,ENSG00000126856,PRDM7,0,0.0,0,0.0,0,388,0.0,0,388,0.0,HEPB;LIHC
liver,388,388,tpm_clean,ENSG00000129862,VCY/VCY1B,16,4.12,10,2.58,15,388,3.87,9,388,2.32,HEPB;LIHC
liver,388,388,tpm_clean,ENSG00000130950,NUTM2F,0,0.0,0,0.0,0,388,0.0,0,388,0.0,HEPB;LIHC
liver,388,388,tpm_clean,ENSG00000131126,TEX101,0,0.0,0,0.0,0,388,0.0,0,388,0.0,HEPB;LIHC
liver,388,388,tpm_clean,ENSG00000132446,FTHL17,1,0.26,0,0.0,0,388,0.0,0,388,0.0,HEPB;LIHC
liver,388,388,tpm_clean,ENSG00000135248,GARIN1B,0,0.0,0,0.0,0,388,0.0,0,388,0.0,HEPB;LIHC
liver,388,388,tpm_clean,ENSG00000137090,DMRT1,0,0.0,0,0.0,0,388,0.0,0,388,0.0,HEPB;LIHC
liver,388,388,tpm_clean,ENSG00000137948,BRDT,1,0.26,0,0.0,0,388,0.0,0,388,0.0,HEPB;LIHC
liver,388,388,tpm_clean,ENSG00000139351,SYCP3,0,0.0,0,0.0,0,388,0.0,0,388,0.0,HEPB;LIHC
liver,388,388,tpm_clean,ENSG00000140478,GOLGA6D,0,0.0,0,0.0,0,388,0.0,0,388,0.0,HEPB;LIHC
liver,388,388,tpm_clean,ENSG00000141096,DPEP3,0,0.0,0,0.0,0,388,0.0,0,388,0.0,HEPB;LIHC
liver,388,388,tpm_clean,ENSG00000141255,SPATA22,0,0.0,0,0.0,0,388,0.0,0,388,0.0,HEPB;LIHC
liver,388,388,tpm_clean,ENSG00000141316,SPACA3,0,0.0,0,0.0,0,388,0.0,0,388,0.0,HEPB;LIHC
liver,388,388,tpm_clean,ENSG00000141371,CHCT1,0,0.0,0,0.0,0,388,0.0,0,388,0.0,HEPB;LIHC
liver,388,388,tpm_clean,ENSG00000141437,SLC25A52,0,0.0,0,0.0,0,388,0.0,0,388,0.0,HEPB;LIHC
liver,388,388,tpm_clean,ENSG00000142025,DMRTC2,0,0.0,0,0.0,0,388,0.0,0,388,0.0,HEPB;LIHC
liver,388,388,tpm_clean,ENSG00000142698,C1orf94,0,0.0,0,0.0,0,388,0.0,0,388,0.0,HEPB;LIHC
liver,388,388,tpm_clean,ENSG00000143006,DMRTB1,1,0.26,0,0.0,1,388,0.26,0,388,0.0,HEPB;LIHC
liver,388,388,tpm_clean,ENSG00000143452,HORMAD1,0,0.0,0,0.0,0,388,0.0,0,388,0.0,HEPB;LIHC
liver,388,388,tpm_clean,ENSG00000144962,SPATA16,0,0.0,0,0.0,0,388,0.0,0,388,0.0,HEPB;LIHC
liver,388,388,tpm_clean,ENSG00000145309,CABS1,0,0.0,0,0.0,0,388,0.0,0,388,0.0,HEPB;LIHC
liver,388,388,tpm_clean,ENSG00000147081,AKAP4,0,0.0,0,0.0,0,388,0.0,0,388,0.0,HEPB;LIHC
liver,388,388,tpm_clean,ENSG00000147183,CPXCR1,0,0.0,0,0.0,0,388,0.0,0,388,0.0,HEPB;LIHC
liver,388,388,tpm_clean,ENSG00000147378,FATE1,0,0.0,0,0.0,0,388,0.0,0,388,0.0,HEPB;LIHC
liver,388,388,tpm_clean,ENSG00000147381,MAGEA4,4,1.03,3,0.77,3,388,0.77,3,388,0.77,HEPB;LIHC
liver,388,388,tpm_clean,ENSG00000148156,ACTL7B,0,0.0,0,0.0,0,388,0.0,0,388,0.0,HEPB;LIHC
liver,388,388,tpm_clean,ENSG00000150628,SPATA4,0,0.0,0,0.0,0,388,0.0,0,388,0.0,HEPB;LIHC
liver,388,388,tpm_clean,ENSG00000151962,RBM46,0,0.0,0,0.0,0,388,0.0,0,388,0.0,HEPB;LIHC
liver,388,388,tpm_clean,ENSG00000152430,BOLL,0,0.0,0,0.0,0,388,0.0,0,388,0.0,HEPB;LIHC
liver,388,388,tpm_clean,ENSG00000152670,DDX4,0,0.0,0,0.0,0,388,0.0,0,388,0.0,HEPB;LIHC
liver,388,388,tpm_clean,ENSG00000153060,TEKT5,0,0.0,0,0.0,0,388,0.0,0,388,0.0,HEPB;LIHC
liver,388,388,tpm_clean,ENSG00000153779,TGIF2LX,0,0.0,0,0.0,0,388,0.0,0,388,0.0,HEPB;LIHC
liver,388,388,tpm_clean,ENSG00000155087,ODF1,0,0.0,0,0.0,0,388,0.0,0,388,0.0,HEPB;LIHC
liver,388,388,tpm_clean,ENSG00000155495,MAGEC1,4,1.03,1,0.26,2,388,0.52,0,388,0.0,HEPB;LIHC
liver,388,388,tpm_clean,ENSG00000155622,XAGE2,1,0.26,1,0.26,1,388,0.26,1,388,0.26,HEPB;LIHC
liver,388,388,tpm_clean,ENSG00000156009,MAGEA8,3,0.77,1,0.26,3,388,0.77,0,388,0.0,HEPB;LIHC
liver,388,388,tpm_clean,ENSG00000156269,NAA11,1,0.26,0,0.0,0,388,0.0,0,388,0.0,HEPB;LIHC
liver,388,388,tpm_clean,ENSG00000158639,PAGE5,33,8.51,28,7.22,36,388,9.28,26,388,6.7,HEPB;LIHC
liver,388,388,tpm_clean,ENSG00000159289,GOLGA6A,0,0.0,0,0.0,0,388,0.0,0,388,0.0,HEPB;LIHC
liver,388,388,tpm_clean,ENSG00000159708,LRRC36,0,0.0,0,0.0,0,388,0.0,0,388,0.0,HEPB;LIHC
liver,388,388,tpm_clean,ENSG00000161860,SYCE2,0,0.0,0,0.0,0,388,0.0,0,388,0.0,HEPB;LIHC
liver,388,388,tpm_clean,ENSG00000161973,CCDC42,0,0.0,0,0.0,0,388,0.0,0,388,0.0,HEPB;LIHC
liver,388,388,tpm_clean,ENSG00000162039,MEIOB,2,0.52,0,0.0,2,388,0.52,0,388,0.0,HEPB;LIHC
liver,388,388,tpm_clean,ENSG00000162641,AKNAD1,0,0.0,0,0.0,0,388,0.0,0,388,0.0,HEPB;LIHC
liver,388,388,tpm_clean,ENSG00000162771,GARIN4,0,0.0,0,0.0,0,388,0.0,0,388,0.0,HEPB;LIHC
liver,388,388,tpm_clean,ENSG00000162843,WDR64,0,0.0,0,0.0,0,388,0.0,0,388,0.0,HEPB;LIHC
liver,388,388,tpm_clean,ENSG00000163114,PDHA2,0,0.0,0,0.0,0,388,0.0,0,388,0.0,HEPB;LIHC
liver,388,388,tpm_clean,ENSG00000163530,DPPA2,0,0.0,0,0.0,0,388,0.0,0,388,0.0,HEPB;LIHC
liver,388,388,tpm_clean,ENSG00000164113,ADAD1,0,0.0,0,0.0,0,388,0.0,0,388,0.0,HEPB;LIHC
liver,388,388,tpm_clean,ENSG00000164304,CAGE1,0,0.0,0,0.0,0,388,0.0,0,388,0.0,HEPB;LIHC
liver,388,388,tpm_clean,ENSG00000165583,SSX5,0,0.0,0,0.0,0,388,0.0,0,388,0.0,HEPB;LIHC
liver,388,388,tpm_clean,ENSG00000165584,SSX3,3,0.77,0,0.0,3,388,0.77,0,388,0.0,HEPB;LIHC
liver,388,388,tpm_clean,ENSG00000166049,PASD1,0,0.0,0,0.0,0,388,0.0,0,388,0.0,HEPB;LIHC
liver,388,388,tpm_clean,ENSG00000166069,TMCO5A,0,0.0,0,0.0,0,388,0.0,0,388,0.0,HEPB;LIHC
liver,388,388,tpm_clean,ENSG00000166118,SPATA19,0,0.0,0,0.0,0,388,0.0,0,388,0.0,HEPB;LIHC
liver,388,388,tpm_clean,ENSG00000166796,LDHC,0,0.0,0,0.0,0,388,0.0,0,388,0.0,HEPB;LIHC
liver,388,388,tpm_clean,ENSG00000167098,SUN5,0,0.0,0,0.0,0,388,0.0,0,388,0.0,HEPB;LIHC
liver,388,388,tpm_clean,ENSG00000168594,ADAM29,0,0.0,0,0.0,0,388,0.0,0,388,0.0,HEPB;LIHC
liver,388,388,tpm_clean,ENSG00000168757,TSPY2,7,1.8,6,1.55,8,388,2.06,4,388,1.03,HEPB;LIHC
liver,388,388,tpm_clean,ENSG00000169059,VCX3A,6,1.55,3,0.77,6,388,1.55,3,388,0.77,HEPB;LIHC
liver,388,388,tpm_clean,ENSG00000169551,CT55,0,0.0,0,0.0,0,388,0.0,0,388,0.0,HEPB;LIHC
liver,388,388,tpm_clean,ENSG00000169800,RBMY1F,0,0.0,0,0.0,0,388,0.0,0,388,0.0,HEPB;LIHC
liver,388,388,tpm_clean,ENSG00000170516,COX7B2,89,22.94,44,11.34,89,388,22.94,38,388,9.79,HEPB;LIHC
liver,388,388,tpm_clean,ENSG00000170748,RBMXL2,0,0.0,0,0.0,0,388,0.0,0,388,0.0,HEPB;LIHC
liver,388,388,tpm_clean,ENSG00000170848,PSG6,0,0.0,0,0.0,0,388,0.0,0,388,0.0,HEPB;LIHC
liver,388,388,tpm_clean,ENSG00000170950,PGK2,0,0.0,0,0.0,0,388,0.0,0,388,0.0,HEPB;LIHC
liver,388,388,tpm_clean,ENSG00000170965,PLAC1,0,0.0,0,0.0,0,388,0.0,0,388,0.0,HEPB;LIHC
liver,388,388,tpm_clean,ENSG00000171402,XAGE3,0,0.0,0,0.0,0,388,0.0,0,388,0.0,HEPB;LIHC
liver,388,388,tpm_clean,ENSG00000171405,XAGE5,8,2.06,0,0.0,7,388,1.8,0,388,0.0,HEPB;LIHC
liver,388,388,tpm_clean,ENSG00000171794,UTF1,0,0.0,0,0.0,0,388,0.0,0,388,0.0,HEPB;LIHC
liver,388,388,tpm_clean,ENSG00000172073,TEX37,0,0.0,0,0.0,0,388,0.0,0,388,0.0,HEPB;LIHC
liver,388,388,tpm_clean,ENSG00000172717,GARIN2,0,0.0,0,0.0,0,388,0.0,0,388,0.0,HEPB;LIHC
liver,388,388,tpm_clean,ENSG00000174015,CBY2,0,0.0,0,0.0,0,388,0.0,0,388,0.0,HEPB;LIHC
liver,388,388,tpm_clean,ENSG00000174016,TENT5D,0,0.0,0,0.0,0,388,0.0,0,388,0.0,HEPB;LIHC
liver,388,388,tpm_clean,ENSG00000174898,CATSPERD,0,0.0,0,0.0,0,388,0.0,0,388,0.0,HEPB;LIHC
liver,388,388,tpm_clean,ENSG00000175646,PRM1,0,0.0,0,0.0,0,388,0.0,0,388,0.0,HEPB;LIHC
liver,388,388,tpm_clean,ENSG00000175809,CBLL2,0,0.0,0,0.0,0,388,0.0,0,388,0.0,HEPB;LIHC
liver,388,388,tpm_clean,ENSG00000175820,CCDC168,0,0.0,0,0.0,0,388,0.0,0,388,0.0,HEPB;LIHC
liver,388,388,tpm_clean,ENSG00000175877,TMEM270,0,0.0,0,0.0,0,388,0.0,0,388,0.0,HEPB;LIHC
liver,388,388,tpm_clean,ENSG00000176256,HMGB4,0,0.0,0,0.0,0,388,0.0,0,388,0.0,HEPB;LIHC
liver,388,388,tpm_clean,ENSG00000176566,DCAF4L2,14,3.61,1,0.26,11,388,2.84,0,388,0.0,HEPB;LIHC
liver,388,388,tpm_clean,ENSG00000176635,HORMAD2,0,0.0,0,0.0,0,388,0.0,0,388,0.0,HEPB;LIHC
liver,388,388,tpm_clean,ENSG00000176746,MAGEB6,0,0.0,0,0.0,0,388,0.0,0,388,0.0,HEPB;LIHC
liver,388,388,tpm_clean,ENSG00000176774,MAGEB18,0,0.0,0,0.0,0,388,0.0,0,388,0.0,HEPB;LIHC
liver,388,388,tpm_clean,ENSG00000176988,FMR1NB,0,0.0,0,0.0,0,388,0.0,0,388,0.0,HEPB;LIHC
liver,388,388,tpm_clean,ENSG00000177294,FBXO39,0,0.0,0,0.0,0,388,0.0,0,388,0.0,HEPB;LIHC
liver,388,388,tpm_clean,ENSG00000177673,TEX44,0,0.0,0,0.0,0,388,0.0,0,388,0.0,HEPB;LIHC
liver,388,388,tpm_clean,ENSG00000177689,MAGEB10,0,0.0,0,0.0,0,388,0.0,0,388,0.0,HEPB;LIHC
liver,388,388,tpm_clean,ENSG00000177947,ODF3,0,0.0,0,0.0,0,388,0.0,0,388,0.0,HEPB;LIHC
liver,388,388,tpm_clean,ENSG00000177992,SPATA31E1,0,0.0,0,0.0,0,388,0.0,0,388,0.0,HEPB;LIHC
liver,388,388,tpm_clean,ENSG00000178021,TSPYL6,0,0.0,0,0.0,0,388,0.0,0,388,0.0,HEPB;LIHC
liver,388,388,tpm_clean,ENSG00000178257,PRM3,0,0.0,0,0.0,0,388,0.0,0,388,0.0,HEPB;LIHC
liver,388,388,tpm_clean,ENSG00000178279,TNP2,0,0.0,0,0.0,0,388,0.0,0,388,0.0,HEPB;LIHC
liver,388,388,tpm_clean,ENSG00000178997,EXD1,0,0.0,0,0.0,0,388,0.0,0,388,0.0,HEPB;LIHC
liver,388,388,tpm_clean,ENSG00000179046,TRIML2,0,0.0,0,0.0,0,388,0.0,0,388,0.0,HEPB;LIHC
liver,388,388,tpm_clean,ENSG00000179059,ZFP42,0,0.0,0,0.0,0,388,0.0,0,388,0.0,HEPB;LIHC
liver,388,388,tpm_clean,ENSG00000179088,C12orf42,0,0.0,0,0.0,0,388,0.0,0,388,0.0,HEPB;LIHC
liver,388,388,tpm_clean,ENSG00000179407,DNAJB8,0,0.0,0,0.0,0,388,0.0,0,388,0.0,HEPB;LIHC
liver,388,388,tpm_clean,ENSG00000180138,CSNK1A1L,0,0.0,0,0.0,0,388,0.0,0,388,0.0,HEPB;LIHC
liver,388,388,tpm_clean,ENSG00000180336,MEIOC,0,0.0,0,0.0,0,388,0.0,0,388,0.0,HEPB;LIHC
liver,388,388,tpm_clean,ENSG00000181323,SPEM1,0,0.0,0,0.0,0,388,0.0,0,388,0.0,HEPB;LIHC
liver,388,388,tpm_clean,ENSG00000181433,SAGE1,0,0.0,0,0.0,0,388,0.0,0,388,0.0,HEPB;LIHC
liver,388,388,tpm_clean,ENSG00000182308,DCAF4L1,0,0.0,0,0.0,0,388,0.0,0,388,0.0,HEPB;LIHC
liver,388,388,tpm_clean,ENSG00000182459,TEX19,0,0.0,0,0.0,0,388,0.0,0,388,0.0,HEPB;LIHC
liver,388,388,tpm_clean,ENSG00000182583,VCX,3,0.77,1,0.26,4,388,1.03,0,388,0.0,HEPB;LIHC
liver,388,388,tpm_clean,ENSG00000183206,POTEC,0,0.0,0,0.0,0,388,0.0,0,388,0.0,HEPB;LIHC
liver,388,388,tpm_clean,ENSG00000183305,MAGEA2/MAGEA2B,16,4.12,3,0.77,13,388,3.35,1,388,0.26,HEPB;LIHC
liver,388,388,tpm_clean,ENSG00000183434,TFDP3,0,0.0,0,0.0,0,388,0.0,0,388,0.0,HEPB;LIHC
liver,388,388,tpm_clean,ENSG00000183668,PSG9,0,0.0,0,0.0,0,388,0.0,0,388,0.0,HEPB;LIHC
liver,388,388,tpm_clean,ENSG00000184033,CTAG1A/B,12,3.09,7,1.8,10,388,2.58,5,388,1.29,HEPB;LIHC
liver,388,388,tpm_clean,ENSG00000184361,SPATA32,0,0.0,0,0.0,0,388,0.0,0,388,0.0,HEPB;LIHC
liver,388,388,tpm_clean,ENSG00000184507,NUTM1,0,0.0,0,0.0,0,388,0.0,0,388,0.0,HEPB;LIHC
liver,388,388,tpm_clean,ENSG00000184650,ODF4,0,0.0,0,0.0,0,388,0.0,0,388,0.0,HEPB;LIHC
liver,388,388,tpm_clean,ENSG00000184735,DDX53,0,0.0,0,0.0,0,388,0.0,0,388,0.0,HEPB;LIHC
liver,388,388,tpm_clean,ENSG00000185264,TEX33,0,0.0,0,0.0,0,388,0.0,0,388,0.0,HEPB;LIHC
liver,388,388,tpm_clean,ENSG00000185686,PRAME,29,7.47,15,3.87,29,388,7.47,7,388,1.8,HEPB;LIHC
liver,388,388,tpm_clean,ENSG00000185775,SPATA31A6,0,0.0,0,0.0,0,388,0.0,0,388,0.0,HEPB;LIHC
liver,388,388,tpm_clean,ENSG00000185792,NLRP9,0,0.0,0,0.0,0,388,0.0,0,388,0.0,HEPB;LIHC
liver,388,388,tpm_clean,ENSG00000185863,TMEM210,0,0.0,0,0.0,0,388,0.0,0,388,0.0,HEPB;LIHC
liver,388,388,tpm_clean,ENSG00000186075,ZPBP2,0,0.0,0,0.0,0,388,0.0,0,388,0.0,HEPB;LIHC
liver,388,388,tpm_clean,ENSG00000186118,TEX38,0,0.0,0,0.0,0,388,0.0,0,388,0.0,HEPB;LIHC
liver,388,388,tpm_clean,ENSG00000186451,SPATA12,0,0.0,0,0.0,0,388,0.0,0,388,0.0,HEPB;LIHC
liver,388,388,tpm_clean,ENSG00000186788,SPATA31D3,0,0.0,0,0.0,0,388,0.0,0,388,0.0,HEPB;LIHC
liver,388,388,tpm_clean,ENSG00000187003,ACTL7A,0,0.0,0,0.0,0,388,0.0,0,388,0.0,HEPB;LIHC
liver,388,388,tpm_clean,ENSG00000187191,DAZ3,0,0.0,0,0.0,0,388,0.0,0,388,0.0,HEPB;LIHC
liver,388,388,tpm_clean,ENSG00000187754,SSX7,0,0.0,0,0.0,0,388,0.0,0,388,0.0,HEPB;LIHC
liver,388,388,tpm_clean,ENSG00000187772,LIN28B,2,0.52,0,0.0,1,388,0.26,0,388,0.0,HEPB;LIHC
liver,388,388,tpm_clean,ENSG00000188120,DAZ1,0,0.0,0,0.0,0,388,0.0,0,388,0.0,HEPB;LIHC
liver,388,388,tpm_clean,ENSG00000188425,NANOS2,0,0.0,0,0.0,0,388,0.0,0,388,0.0,HEPB;LIHC
liver,388,388,tpm_clean,ENSG00000188782,CATSPER4,0,0.0,0,0.0,0,388,0.0,0,388,0.0,HEPB;LIHC
liver,388,388,tpm_clean,ENSG00000189023,MAGEB16,0,0.0,0,0.0,0,388,0.0,0,388,0.0,HEPB;LIHC
liver,388,388,tpm_clean,ENSG00000189052,CGB5/8,0,0.0,0,0.0,0,388,0.0,0,388,0.0,HEPB;LIHC
liver,388,388,tpm_clean,ENSG00000189064,GAGE2A,25,6.44,19,4.9,22,388,5.67,16,388,4.12,HEPB;LIHC
liver,388,388,tpm_clean,ENSG00000189186,DCAF8L2,0,0.0,0,0.0,0,388,0.0,0,388,0.0,HEPB;LIHC
liver,388,388,tpm_clean,ENSG00000189252,SPANXN3,0,0.0,0,0.0,0,388,0.0,0,388,0.0,HEPB;LIHC
liver,388,388,tpm_clean,ENSG00000189326,SPANXN4,0,0.0,0,0.0,0,388,0.0,0,388,0.0,HEPB;LIHC
liver,388,388,tpm_clean,ENSG00000189357,SPATA31D4,0,0.0,0,0.0,0,388,0.0,0,388,0.0,HEPB;LIHC
liver,388,388,tpm_clean,ENSG00000196350,ZNF729,0,0.0,0,0.0,0,388,0.0,0,388,0.0,HEPB;LIHC
liver,388,388,tpm_clean,ENSG00000196406,SPANXD,0,0.0,0,0.0,0,388,0.0,0,388,0.0,HEPB;LIHC
liver,388,388,tpm_clean,ENSG00000196553,CCDC196,2,0.52,0,0.0,4,388,1.03,0,388,0.0,HEPB;LIHC
liver,388,388,tpm_clean,ENSG00000196604,POTEF,0,0.0,0,0.0,0,388,0.0,0,388,0.0,HEPB;LIHC
liver,388,388,tpm_clean,ENSG00000196862,RGPD4,0,0.0,0,0.0,0,388,0.0,0,388,0.0,HEPB;LIHC
liver,388,388,tpm_clean,ENSG00000197172,MAGEA6,55,14.18,28,7.22,55,388,14.18,11,388,2.84,HEPB;LIHC
liver,388,388,tpm_clean,ENSG00000198021,SPANXA1/2,0,0.0,0,0.0,0,388,0.0,0,388,0.0,HEPB;LIHC
liver,388,388,tpm_clean,ENSG00000198573,SPANXC,0,0.0,0,0.0,0,388,0.0,0,388,0.0,HEPB;LIHC
liver,388,388,tpm_clean,ENSG00000198681,MAGEA1,34,8.76,6,1.55,36,388,9.28,2,388,0.52,HEPB;LIHC
liver,388,388,tpm_clean,ENSG00000198759,EGFL6,1,0.26,1,0.26,1,388,0.26,0,388,0.0,HEPB;LIHC
liver,388,388,tpm_clean,ENSG00000198765,SYCP1,0,0.0,0,0.0,0,388,0.0,0,388,0.0,HEPB;LIHC
liver,388,388,tpm_clean,ENSG00000198870,STKLD1,0,0.0,0,0.0,0,388,0.0,0,388,0.0,HEPB;LIHC
liver,388,388,tpm_clean,ENSG00000203909,DPPA5,0,0.0,0,0.0,0,388,0.0,0,388,0.0,HEPB;LIHC
liver,388,388,tpm_clean,ENSG00000203923,SPANXN1,0,0.0,0,0.0,0,388,0.0,0,388,0.0,HEPB;LIHC
liver,388,388,tpm_clean,ENSG00000204019,CT83,0,0.0,0,0.0,0,388,0.0,0,388,0.0,HEPB;LIHC
liver,388,388,tpm_clean,ENSG00000204279,PAGE3,0,0.0,0,0.0,0,388,0.0,0,388,0.0,HEPB;LIHC
liver,388,388,tpm_clean,ENSG00000204363,SPANXN5,0,0.0,0,0.0,0,388,0.0,0,388,0.0,HEPB;LIHC
liver,388,388,tpm_clean,ENSG00000204379,XAGE1A/B,105,27.06,92,23.71,106,388,27.32,89,388,22.94,HEPB;LIHC
liver,388,388,tpm_clean,ENSG00000204450,TRIM64,0,0.0,0,0.0,0,388,0.0,0,388,0.0,HEPB;LIHC
liver,388,388,tpm_clean,ENSG00000204849,SPATA31A1,0,0.0,0,0.0,0,388,0.0,0,388,0.0,HEPB;LIHC
liver,388,388,tpm_clean,ENSG00000204941,PSG5,0,0.0,0,0.0,0,388,0.0,0,388,0.0,HEPB;LIHC
liver,388,388,tpm_clean,ENSG00000204961,PCDHA9,0,0.0,0,0.0,0,388,0.0,0,388,0.0,HEPB;LIHC
liver,388,388,tpm_clean,ENSG00000205359,SLCO6A1,0,0.0,0,0.0,0,388,0.0,0,388,0.0,HEPB;LIHC
liver,388,388,tpm_clean,ENSG00000205642,VCX3B,3,0.77,1,0.26,2,388,0.52,1,388,0.26,HEPB;LIHC
liver,388,388,tpm_clean,ENSG00000205777,GAGE1,25,6.44,18,4.64,25,388,6.44,17,388,4.38,HEPB;LIHC
liver,388,388,tpm_clean,ENSG00000212710,CTAGE1,0,0.0,0,0.0,0,388,0.0,0,388,0.0,HEPB;LIHC
liver,388,388,tpm_clean,ENSG00000213218,CSH2,0,0.0,0,0.0,0,388,0.0,0,388,0.0,HEPB;LIHC
liver,388,388,tpm_clean,ENSG00000213401,MAGEA12,28,7.22,4,1.03,28,388,7.22,0,388,0.0,HEPB;LIHC
liver,388,388,tpm_clean,ENSG00000214107,MAGEB1,0,0.0,0,0.0,0,388,0.0,0,388,0.0,HEPB;LIHC
liver,388,388,tpm_clean,ENSG00000215113,CXorf49/CXorf49B,2,0.52,0,0.0,2,388,0.52,0,388,0.0,HEPB;LIHC
liver,388,388,tpm_clean,ENSG00000215269,GAGE12F/G,0,0.0,0,0.0,0,388,0.0,0,388,0.0,HEPB;LIHC
liver,388,388,tpm_clean,ENSG00000215274,GAGE10,5,1.29,2,0.52,4,388,1.03,2,388,0.52,HEPB;LIHC
liver,388,388,tpm_clean,ENSG00000215529,EFCAB8,0,0.0,0,0.0,0,388,0.0,0,388,0.0,HEPB;LIHC
liver,388,388,tpm_clean,ENSG00000215817,ZC3H11B,0,0.0,0,0.0,0,388,0.0,0,388,0.0,HEPB;LIHC
liver,388,388,tpm_clean,ENSG00000216649,GAGE12C/D/E,7,1.8,4,1.03,7,388,1.8,4,388,1.03,HEPB;LIHC
liver,388,388,tpm_clean,ENSG00000221826,PSG3,0,0.0,0,0.0,0,388,0.0,0,388,0.0,HEPB;LIHC
liver,388,388,tpm_clean,ENSG00000221867,MAGEA3,62,15.98,44,11.34,60,388,15.46,29,388,7.47,HEPB;LIHC
liver,388,388,tpm_clean,ENSG00000221878,PSG7,0,0.0,0,0.0,0,388,0.0,0,388,0.0,HEPB;LIHC
liver,388,388,tpm_clean,ENSG00000224089,CT47A1/2/3/4/5/6/7/8/9/10/11/12,1,0.26,0,0.0,0,388,0.0,0,388,0.0,HEPB;LIHC
liver,388,388,tpm_clean,ENSG00000224440,CXorf51A/B,0,0.0,0,0.0,0,388,0.0,0,388,0.0,HEPB;LIHC
liver,388,388,tpm_clean,ENSG00000224659,GAGE12J,3,0.77,2,0.52,4,388,1.03,2,388,0.52,HEPB;LIHC
liver,388,388,tpm_clean,ENSG00000224902,GAGE12H,5,1.29,3,0.77,5,388,1.29,1,388,0.26,HEPB;LIHC
liver,388,0,tpm_clean,ENSG00000224960,PPP4R3C,0,,0,,0,0,,0,0,,HEPB;LIHC
liver,388,388,tpm_clean,ENSG00000226650,KIF4B,0,0.0,0,0.0,0,388,0.0,0,388,0.0,HEPB;LIHC
liver,388,388,tpm_clean,ENSG00000227234,SPANXB1,0,0.0,0,0.0,0,388,0.0,0,388,0.0,HEPB;LIHC
liver,388,388,tpm_clean,ENSG00000228836,CT45A5/6/7,2,0.52,2,0.52,2,388,0.52,1,388,0.26,HEPB;LIHC
liver,388,388,tpm_clean,ENSG00000228927,TSPY3,2,0.52,1,0.26,2,388,0.52,1,388,0.26,HEPB;LIHC
liver,388,388,tpm_clean,ENSG00000229549,TSPY8,2,0.52,1,0.26,2,388,0.52,1,388,0.26,HEPB;LIHC
liver,388,0,tpm_clean,ENSG00000230601,TEX48,0,,0,,0,0,,0,0,,HEPB;LIHC
liver,388,388,tpm_clean,ENSG00000231924,PSG1,0,0.0,0,0.0,0,388,0.0,0,388,0.0,HEPB;LIHC
liver,388,388,tpm_clean,ENSG00000233056,ERVH48-1,2,0.52,1,0.26,2,388,0.52,1,388,0.26,HEPB;LIHC
liver,388,388,tpm_clean,ENSG00000233803,TSPY4,6,1.55,3,0.77,5,388,1.29,3,388,0.77,HEPB;LIHC
liver,388,388,tpm_clean,ENSG00000234068,PAGE2,31,7.99,23,5.93,30,388,7.73,23,388,5.93,HEPB;LIHC
liver,388,388,tpm_clean,ENSG00000234414,RBMY1A1,0,0.0,0,0.0,0,388,0.0,0,388,0.0,HEPB;LIHC
liver,388,388,tpm_clean,ENSG00000235631,RNF148,0,0.0,0,0.0,0,388,0.0,0,388,0.0,HEPB;LIHC
liver,388,388,tpm_clean,ENSG00000236424,TSPY10,3,0.77,2,0.52,3,388,0.77,2,388,0.52,HEPB;LIHC
liver,388,388,tpm_clean,ENSG00000236446,CT47B1,0,0.0,0,0.0,0,388,0.0,0,388,0.0,HEPB;LIHC
liver,388,388,tpm_clean,ENSG00000236761,CTAGE9,0,0.0,0,0.0,0,388,0.0,0,388,0.0,HEPB;LIHC
liver,388,388,tpm_clean,ENSG00000238269,PAGE2B,22,5.67,17,4.38,22,388,5.67,16,388,4.12,HEPB;LIHC
liver,388,388,tpm_clean,ENSG00000240021,TEX35,0,0.0,0,0.0,0,388,0.0,0,388,0.0,HEPB;LIHC
liver,388,0,tpm_clean,ENSG00000241149,ZNF722,0,,0,,0,0,,0,0,,HEPB;LIHC
liver,388,388,tpm_clean,ENSG00000241476,SSX2/SSX2B,17,4.38,7,1.8,16,388,4.12,3,388,0.77,HEPB;LIHC
liver,388,388,tpm_clean,ENSG00000242221,PSG2,0,0.0,0,0.0,0,388,0.0,0,388,0.0,HEPB;LIHC
liver,388,388,tpm_clean,ENSG00000242389,RBMY1E,0,0.0,0,0.0,0,388,0.0,0,388,0.0,HEPB;LIHC
liver,388,388,tpm_clean,ENSG00000242875,RBMY1B,0,0.0,0,0.0,0,388,0.0,0,388,0.0,HEPB;LIHC
liver,388,388,tpm_clean,ENSG00000243130,PSG11,0,0.0,0,0.0,0,388,0.0,0,388,0.0,HEPB;LIHC
liver,388,388,tpm_clean,ENSG00000244395,RBMY1D,0,0.0,0,0.0,0,388,0.0,0,388,0.0,HEPB;LIHC
liver,388,388,tpm_clean,ENSG00000244588,RAD21L1,0,0.0,0,0.0,0,388,0.0,0,388,0.0,HEPB;LIHC
liver,388,388,tpm_clean,ENSG00000249861,LGALS16,0,0.0,0,0.0,0,388,0.0,0,388,0.0,HEPB;LIHC
liver,388,388,tpm_clean,ENSG00000250741,NT5C1B-RDH14,0,0.0,0,0.0,0,388,0.0,0,388,0.0,HEPB;LIHC
liver,388,388,tpm_clean,ENSG00000251258,RFPL4B,0,0.0,0,0.0,0,388,0.0,0,388,0.0,HEPB;LIHC
liver,388,388,tpm_clean,ENSG00000258713,C20orf141,0,0.0,0,0.0,0,388,0.0,0,388,0.0,HEPB;LIHC
liver,388,388,tpm_clean,ENSG00000258992,TSPY1,2,0.52,2,0.52,2,388,0.52,2,388,0.52,HEPB;LIHC
liver,388,388,tpm_clean,ENSG00000261649,GOLGA6L7,0,0.0,0,0.0,0,388,0.0,0,388,0.0,HEPB;LIHC
liver,388,388,tpm_clean,ENSG00000261949,GFY,0,0.0,0,0.0,0,388,0.0,0,388,0.0,HEPB;LIHC
liver,388,388,tpm_clean,ENSG00000268009,SSX4/SSX4B,14,3.61,7,1.8,14,388,3.61,6,388,1.55,HEPB;LIHC
liver,388,388,tpm_clean,ENSG00000268629,TEX13A,0,0.0,0,0.0,0,388,0.0,0,388,0.0,HEPB;LIHC
liver,388,388,tpm_clean,ENSG00000268696,ZNF723,0,0.0,0,0.0,0,388,0.0,0,388,0.0,HEPB;LIHC
liver,388,388,tpm_clean,ENSG00000268964,ERVV-2,0,0.0,0,0.0,0,388,0.0,0,388,0.0,HEPB;LIHC
liver,388,388,tpm_clean,ENSG00000268988,SPANXN2,0,0.0,0,0.0,0,388,0.0,0,388,0.0,HEPB;LIHC
liver,388,388,tpm_clean,ENSG00000269058,CALR3,0,0.0,0,0.0,0,388,0.0,0,388,0.0,HEPB;LIHC
liver,388,388,tpm_clean,ENSG00000269586,CT45A10,2,0.52,0,0.0,1,388,0.26,0,388,0.0,HEPB;LIHC
liver,388,388,tpm_clean,ENSG00000270806,C17orf50,0,0.0,0,0.0,0,388,0.0,0,388,0.0,HEPB;LIHC
liver,388,388,tpm_clean,ENSG00000270946,CT45A2/8/9,0,0.0,0,0.0,0,388,0.0,0,388,0.0,HEPB;LIHC
liver,388,388,tpm_clean,ENSG00000271321,CTAGE6,0,0.0,0,0.0,0,388,0.0,0,388,0.0,HEPB;LIHC
liver,388,388,tpm_clean,ENSG00000274274,GAGE13,17,4.38,14,3.61,19,388,4.9,11,388,2.84,HEPB;LIHC
liver,388,388,tpm_clean,ENSG00000274391,TPTE,0,0.0,0,0.0,0,388,0.0,0,388,0.0,HEPB;LIHC
liver,388,388,tpm_clean,ENSG00000275793,RIMBP3,0,0.0,0,0.0,0,388,0.0,0,388,0.0,HEPB;LIHC
liver,388,388,tpm_clean,ENSG00000275969,SPATA31A3,0,0.0,0,0.0,0,388,0.0,0,388,0.0,HEPB;LIHC
liver,388,388,tpm_clean,ENSG00000276040,SPATA31A7,0,0.0,0,0.0,0,388,0.0,0,388,0.0,HEPB;LIHC
liver,388,388,tpm_clean,ENSG00000276581,SPATA31A5,0,0.0,0,0.0,0,388,0.0,0,388,0.0,HEPB;LIHC
liver,388,388,tpm_clean,ENSG00000277322,GOLGA6L6,0,0.0,0,0.0,0,388,0.0,0,388,0.0,HEPB;LIHC
liver,388,0,tpm_clean,ENSG00000282815,TEX13C,0,,0,,0,0,,0,0,,HEPB;LIHC
head_and_neck,646,646,tpm_clean,ENSG00000006047,YBX2,15,2.32,2,0.31,7,646,1.08,0,646,0.0,HNSC;HNSC_HPVneg;HNSC_HPVpos;NPC;NUTM;THYM
head_and_neck,646,646,tpm_clean,ENSG00000006659,LGALS14,1,0.15,0,0.0,1,646,0.15,0,646,0.0,HNSC;HNSC_HPVneg;HNSC_HPVpos;NPC;NUTM;THYM
head_and_neck,646,646,tpm_clean,ENSG00000007350,TKTL1,7,1.08,7,1.08,7,646,1.08,7,646,1.08,HNSC;HNSC_HPVneg;HNSC_HPVpos;NPC;NUTM;THYM
head_and_neck,646,646,tpm_clean,ENSG00000010318,PHF7,1,0.15,0,0.0,0,646,0.0,0,646,0.0,HNSC;HNSC_HPVneg;HNSC_HPVpos;NPC;NUTM;THYM
head_and_neck,646,646,tpm_clean,ENSG00000042813,ZPBP,0,0.0,0,0.0,0,646,0.0,0,646,0.0,HNSC;HNSC_HPVneg;HNSC_HPVpos;NPC;NUTM;THYM
head_and_neck,646,646,tpm_clean,ENSG00000046774,MAGEC2,13,2.01,9,1.39,13,646,2.01,4,646,0.62,HNSC;HNSC_HPVneg;HNSC_HPVpos;NPC;NUTM;THYM
head_and_neck,646,646,tpm_clean,ENSG00000054796,SPO11,0,0.0,0,0.0,0,646,0.0,0,646,0.0,HNSC;HNSC_HPVneg;HNSC_HPVpos;NPC;NUTM;THYM
head_and_neck,646,646,tpm_clean,ENSG00000068985,PAGE1,2,0.31,2,0.31,2,646,0.31,1,646,0.15,HNSC;HNSC_HPVneg;HNSC_HPVpos;NPC;NUTM;THYM
head_and_neck,646,646,tpm_clean,ENSG00000077800,FKBP6,0,0.0,0,0.0,0,646,0.0,0,646,0.0,HNSC;HNSC_HPVneg;HNSC_HPVpos;NPC;NUTM;THYM
head_and_neck,646,646,tpm_clean,ENSG00000077935,SMC1B,1,0.15,0,0.0,0,646,0.0,0,646,0.0,HNSC;HNSC_HPVneg;HNSC_HPVpos;NPC;NUTM;THYM
head_and_neck,646,646,tpm_clean,ENSG00000092345,DAZL,0,0.0,0,0.0,0,646,0.0,0,646,0.0,HNSC;HNSC_HPVneg;HNSC_HPVpos;NPC;NUTM;THYM
head_and_neck,646,646,tpm_clean,ENSG00000095627,TDRD1,0,0.0,0,0.0,0,646,0.0,0,646,0.0,HNSC;HNSC_HPVneg;HNSC_HPVpos;NPC;NUTM;THYM
head_and_neck,646,646,tpm_clean,ENSG00000099399,MAGEB2,26,4.02,12,1.86,19,646,2.94,4,646,0.62,HNSC;HNSC_HPVneg;HNSC_HPVpos;NPC;NUTM;THYM
head_and_neck,646,646,tpm_clean,ENSG00000102021,LUZP4,0,0.0,0,0.0,0,646,0.0,0,646,0.0,HNSC;HNSC_HPVneg;HNSC_HPVpos;NPC;NUTM;THYM
head_and_neck,646,646,tpm_clean,ENSG00000103023,PRSS54,0,0.0,0,0.0,0,646,0.0,0,646,0.0,HNSC;HNSC_HPVneg;HNSC_HPVpos;NPC;NUTM;THYM
head_and_neck,646,646,tpm_clean,ENSG00000104755,ADAM2,0,0.0,0,0.0,0,646,0.0,0,646,0.0,HNSC;HNSC_HPVneg;HNSC_HPVpos;NPC;NUTM;THYM
head_and_neck,646,646,tpm_clean,ENSG00000104804,TULP2,1,0.15,0,0.0,0,646,0.0,0,646,0.0,HNSC;HNSC_HPVneg;HNSC_HPVpos;NPC;NUTM;THYM
head_and_neck,646,646,tpm_clean,ENSG00000104818,CGB2,1,0.15,0,0.0,0,646,0.0,0,646,0.0,HNSC;HNSC_HPVneg;HNSC_HPVpos;NPC;NUTM;THYM
head_and_neck,646,646,tpm_clean,ENSG00000104901,DKKL1,0,0.0,0,0.0,0,646,0.0,0,646,0.0,HNSC;HNSC_HPVneg;HNSC_HPVpos;NPC;NUTM;THYM
head_and_neck,646,646,tpm_clean,ENSG00000105198,LGALS13,0,0.0,0,0.0,0,646,0.0,0,646,0.0,HNSC;HNSC_HPVneg;HNSC_HPVpos;NPC;NUTM;THYM
head_and_neck,646,646,tpm_clean,ENSG00000106013,ANKRD7,0,0.0,0,0.0,0,646,0.0,0,646,0.0,HNSC;HNSC_HPVneg;HNSC_HPVpos;NPC;NUTM;THYM
head_and_neck,646,646,tpm_clean,ENSG00000106304,SPAM1,0,0.0,0,0.0,0,646,0.0,0,646,0.0,HNSC;HNSC_HPVneg;HNSC_HPVpos;NPC;NUTM;THYM
head_and_neck,646,646,tpm_clean,ENSG00000114487,MORC1,0,0.0,0,0.0,0,646,0.0,0,646,0.0,HNSC;HNSC_HPVneg;HNSC_HPVpos;NPC;NUTM;THYM
head_and_neck,646,646,tpm_clean,ENSG00000117148,ACTL8,9,1.39,3,0.46,7,646,1.08,3,646,0.46,HNSC;HNSC_HPVneg;HNSC_HPVpos;NPC;NUTM;THYM
head_and_neck,646,646,tpm_clean,ENSG00000118434,SPACA1,0,0.0,0,0.0,0,646,0.0,0,646,0.0,HNSC;HNSC_HPVneg;HNSC_HPVpos;NPC;NUTM;THYM
head_and_neck,646,646,tpm_clean,ENSG00000118491,ZC2HC1B,1,0.15,0,0.0,0,646,0.0,0,646,0.0,HNSC;HNSC_HPVneg;HNSC_HPVpos;NPC;NUTM;THYM
head_and_neck,646,646,tpm_clean,ENSG00000121101,TEX14,1,0.15,0,0.0,0,646,0.0,0,646,0.0,HNSC;HNSC_HPVneg;HNSC_HPVpos;NPC;NUTM;THYM
head_and_neck,646,646,tpm_clean,ENSG00000122304,PRM2,0,0.0,0,0.0,0,646,0.0,0,646,0.0,HNSC;HNSC_HPVneg;HNSC_HPVpos;NPC;NUTM;THYM
head_and_neck,646,646,tpm_clean,ENSG00000123576,ESX1,0,0.0,0,0.0,0,646,0.0,0,646,0.0,HNSC;HNSC_HPVneg;HNSC_HPVpos;NPC;NUTM;THYM
head_and_neck,646,646,tpm_clean,ENSG00000123584,MAGEA9/MAGEA9B,70,10.84,43,6.66,58,646,8.98,20,646,3.1,HNSC;HNSC_HPVneg;HNSC_HPVpos;NPC;NUTM;THYM
head_and_neck,646,646,tpm_clean,ENSG00000124092,CTCFL,6,0.93,1,0.15,1,646,0.15,0,646,0.0,HNSC;HNSC_HPVneg;HNSC_HPVpos;NPC;NUTM;THYM
head_and_neck,646,646,tpm_clean,ENSG00000124227,ANKRD60,0,0.0,0,0.0,0,646,0.0,0,646,0.0,HNSC;HNSC_HPVneg;HNSC_HPVpos;NPC;NUTM;THYM
head_and_neck,646,646,tpm_clean,ENSG00000124260,MAGEA10,21,3.25,1,0.15,5,646,0.77,0,646,0.0,HNSC;HNSC_HPVneg;HNSC_HPVpos;NPC;NUTM;THYM
head_and_neck,646,646,tpm_clean,ENSG00000124467,PSG8,0,0.0,0,0.0,0,646,0.0,0,646,0.0,HNSC;HNSC_HPVneg;HNSC_HPVpos;NPC;NUTM;THYM
head_and_neck,646,646,tpm_clean,ENSG00000124490,CRISP2,0,0.0,0,0.0,0,646,0.0,0,646,0.0,HNSC;HNSC_HPVneg;HNSC_HPVpos;NPC;NUTM;THYM
head_and_neck,646,646,tpm_clean,ENSG00000125207,PIWIL1,0,0.0,0,0.0,0,646,0.0,0,646,0.0,HNSC;HNSC_HPVneg;HNSC_HPVpos;NPC;NUTM;THYM
head_and_neck,646,646,tpm_clean,ENSG00000125823,CSTL1,0,0.0,0,0.0,0,646,0.0,0,646,0.0,HNSC;HNSC_HPVneg;HNSC_HPVpos;NPC;NUTM;THYM
head_and_neck,646,646,tpm_clean,ENSG00000126467,TSKS,2,0.31,0,0.0,2,646,0.31,0,646,0.0,HNSC;HNSC_HPVneg;HNSC_HPVpos;NPC;NUTM;THYM
head_and_neck,646,646,tpm_clean,ENSG00000126752,SSX1,1,0.15,0,0.0,0,646,0.0,0,646,0.0,HNSC;HNSC_HPVneg;HNSC_HPVpos;NPC;NUTM;THYM
head_and_neck,646,646,tpm_clean,ENSG00000126856,PRDM7,0,0.0,0,0.0,0,646,0.0,0,646,0.0,HNSC;HNSC_HPVneg;HNSC_HPVpos;NPC;NUTM;THYM
head_and_neck,646,646,tpm_clean,ENSG00000129862,VCY/VCY1B,1,0.15,1,0.15,1,646,0.15,1,646,0.15,HNSC;HNSC_HPVneg;HNSC_HPVpos;NPC;NUTM;THYM
head_and_neck,646,646,tpm_clean,ENSG00000130950,NUTM2F,0,0.0,0,0.0,0,646,0.0,0,646,0.0,HNSC;HNSC_HPVneg;HNSC_HPVpos;NPC;NUTM;THYM
head_and_neck,646,646,tpm_clean,ENSG00000131126,TEX101,2,0.31,0,0.0,1,646,0.15,0,646,0.0,HNSC;HNSC_HPVneg;HNSC_HPVpos;NPC;NUTM;THYM
head_and_neck,646,646,tpm_clean,ENSG00000132446,FTHL17,6,0.93,3,0.46,6,646,0.93,0,646,0.0,HNSC;HNSC_HPVneg;HNSC_HPVpos;NPC;NUTM;THYM
head_and_neck,646,646,tpm_clean,ENSG00000135248,GARIN1B,0,0.0,0,0.0,0,646,0.0,0,646,0.0,HNSC;HNSC_HPVneg;HNSC_HPVpos;NPC;NUTM;THYM
head_and_neck,646,646,tpm_clean,ENSG00000137090,DMRT1,0,0.0,0,0.0,0,646,0.0,0,646,0.0,HNSC;HNSC_HPVneg;HNSC_HPVpos;NPC;NUTM;THYM
head_and_neck,646,646,tpm_clean,ENSG00000137948,BRDT,2,0.31,0,0.0,0,646,0.0,0,646,0.0,HNSC;HNSC_HPVneg;HNSC_HPVpos;NPC;NUTM;THYM
head_and_neck,646,646,tpm_clean,ENSG00000139351,SYCP3,3,0.46,0,0.0,0,646,0.0,0,646,0.0,HNSC;HNSC_HPVneg;HNSC_HPVpos;NPC;NUTM;THYM
head_and_neck,646,646,tpm_clean,ENSG00000140478,GOLGA6D,0,0.0,0,0.0,0,646,0.0,0,646,0.0,HNSC;HNSC_HPVneg;HNSC_HPVpos;NPC;NUTM;THYM
head_and_neck,646,646,tpm_clean,ENSG00000141096,DPEP3,0,0.0,0,0.0,0,646,0.0,0,646,0.0,HNSC;HNSC_HPVneg;HNSC_HPVpos;NPC;NUTM;THYM
head_and_neck,646,646,tpm_clean,ENSG00000141255,SPATA22,0,0.0,0,0.0,0,646,0.0,0,646,0.0,HNSC;HNSC_HPVneg;HNSC_HPVpos;NPC;NUTM;THYM
head_and_neck,646,646,tpm_clean,ENSG00000141316,SPACA3,0,0.0,0,0.0,0,646,0.0,0,646,0.0,HNSC;HNSC_HPVneg;HNSC_HPVpos;NPC;NUTM;THYM
head_and_neck,646,646,tpm_clean,ENSG00000141371,CHCT1,0,0.0,0,0.0,0,646,0.0,0,646,0.0,HNSC;HNSC_HPVneg;HNSC_HPVpos;NPC;NUTM;THYM
head_and_neck,646,646,tpm_clean,ENSG00000141437,SLC25A52,0,0.0,0,0.0,0,646,0.0,0,646,0.0,HNSC;HNSC_HPVneg;HNSC_HPVpos;NPC;NUTM;THYM
head_and_neck,646,646,tpm_clean,ENSG00000142025,DMRTC2,0,0.0,0,0.0,0,646,0.0,0,646,0.0,HNSC;HNSC_HPVneg;HNSC_HPVpos;NPC;NUTM;THYM
head_and_neck,646,646,tpm_clean,ENSG00000142698,C1orf94,0,0.0,0,0.0,0,646,0.0,0,646,0.0,HNSC;HNSC_HPVneg;HNSC_HPVpos;NPC;NUTM;THYM
head_and_neck,646,646,tpm_clean,ENSG00000143006,DMRTB1,0,0.0,0,0.0,0,646,0.0,0,646,0.0,HNSC;HNSC_HPVneg;HNSC_HPVpos;NPC;NUTM;THYM
head_and_neck,646,646,tpm_clean,ENSG00000143452,HORMAD1,5,0.77,3,0.46,1,646,0.15,0,646,0.0,HNSC;HNSC_HPVneg;HNSC_HPVpos;NPC;NUTM;THYM
head_and_neck,646,646,tpm_clean,ENSG00000144962,SPATA16,0,0.0,0,0.0,0,646,0.0,0,646,0.0,HNSC;HNSC_HPVneg;HNSC_HPVpos;NPC;NUTM;THYM
head_and_neck,646,646,tpm_clean,ENSG00000145309,CABS1,0,0.0,0,0.0,0,646,0.0,0,646,0.0,HNSC;HNSC_HPVneg;HNSC_HPVpos;NPC;NUTM;THYM
head_and_neck,646,646,tpm_clean,ENSG00000147081,AKAP4,0,0.0,0,0.0,0,646,0.0,0,646,0.0,HNSC;HNSC_HPVneg;HNSC_HPVpos;NPC;NUTM;THYM
head_and_neck,646,646,tpm_clean,ENSG00000147183,CPXCR1,0,0.0,0,0.0,0,646,0.0,0,646,0.0,HNSC;HNSC_HPVneg;HNSC_HPVpos;NPC;NUTM;THYM
head_and_neck,646,646,tpm_clean,ENSG00000147378,FATE1,2,0.31,1,0.15,1,646,0.15,1,646,0.15,HNSC;HNSC_HPVneg;HNSC_HPVpos;NPC;NUTM;THYM
head_and_neck,646,646,tpm_clean,ENSG00000147381,MAGEA4,145,22.45,103,15.94,132,646,20.43,83,646,12.85,HNSC;HNSC_HPVneg;HNSC_HPVpos;NPC;NUTM;THYM
head_and_neck,646,646,tpm_clean,ENSG00000148156,ACTL7B,0,0.0,0,0.0,0,646,0.0,0,646,0.0,HNSC;HNSC_HPVneg;HNSC_HPVpos;NPC;NUTM;THYM
head_and_neck,646,646,tpm_clean,ENSG00000150628,SPATA4,0,0.0,0,0.0,0,646,0.0,0,646,0.0,HNSC;HNSC_HPVneg;HNSC_HPVpos;NPC;NUTM;THYM
head_and_neck,646,646,tpm_clean,ENSG00000151962,RBM46,0,0.0,0,0.0,0,646,0.0,0,646,0.0,HNSC;HNSC_HPVneg;HNSC_HPVpos;NPC;NUTM;THYM
head_and_neck,646,646,tpm_clean,ENSG00000152430,BOLL,0,0.0,0,0.0,0,646,0.0,0,646,0.0,HNSC;HNSC_HPVneg;HNSC_HPVpos;NPC;NUTM;THYM
head_and_neck,646,646,tpm_clean,ENSG00000152670,DDX4,0,0.0,0,0.0,0,646,0.0,0,646,0.0,HNSC;HNSC_HPVneg;HNSC_HPVpos;NPC;NUTM;THYM
head_and_neck,646,646,tpm_clean,ENSG00000153060,TEKT5,0,0.0,0,0.0,0,646,0.0,0,646,0.0,HNSC;HNSC_HPVneg;HNSC_HPVpos;NPC;NUTM;THYM
head_and_neck,646,646,tpm_clean,ENSG00000153779,TGIF2LX,0,0.0,0,0.0,0,646,0.0,0,646,0.0,HNSC;HNSC_HPVneg;HNSC_HPVpos;NPC;NUTM;THYM
head_and_neck,646,646,tpm_clean,ENSG00000155087,ODF1,0,0.0,0,0.0,0,646,0.0,0,646,0.0,HNSC;HNSC_HPVneg;HNSC_HPVpos;NPC;NUTM;THYM
head_and_neck,646,646,tpm_clean,ENSG00000155495,MAGEC1,5,0.77,2,0.31,2,646,0.31,0,646,0.0,HNSC;HNSC_HPVneg;HNSC_HPVpos;NPC;NUTM;THYM
head_and_neck,646,646,tpm_clean,ENSG00000155622,XAGE2,2,0.31,1,0.15,1,646,0.15,0,646,0.0,HNSC;HNSC_HPVneg;HNSC_HPVpos;NPC;NUTM;THYM
head_and_neck,646,646,tpm_clean,ENSG00000156009,MAGEA8,1,0.15,0,0.0,1,646,0.15,0,646,0.0,HNSC;HNSC_HPVneg;HNSC_HPVpos;NPC;NUTM;THYM
head_and_neck,646,646,tpm_clean,ENSG00000156269,NAA11,1,0.15,0,0.0,0,646,0.0,0,646,0.0,HNSC;HNSC_HPVneg;HNSC_HPVpos;NPC;NUTM;THYM
head_and_neck,646,646,tpm_clean,ENSG00000158639,PAGE5,2,0.31,2,0.31,2,646,0.31,1,646,0.15,HNSC;HNSC_HPVneg;HNSC_HPVpos;NPC;NUTM;THYM
head_and_neck,646,646,tpm_clean,ENSG00000159289,GOLGA6A,0,0.0,0,0.0,0,646,0.0,0,646,0.0,HNSC;HNSC_HPVneg;HNSC_HPVpos;NPC;NUTM;THYM
head_and_neck,646,646,tpm_clean,ENSG00000159708,LRRC36,0,0.0,0,0.0,0,646,0.0,0,646,0.0,HNSC;HNSC_HPVneg;HNSC_HPVpos;NPC;NUTM;THYM
head_and_neck,646,646,tpm_clean,ENSG00000161860,SYCE2,2,0.31,0,0.0,0,646,0.0,0,646,0.0,HNSC;HNSC_HPVneg;HNSC_HPVpos;NPC;NUTM;THYM
head_and_neck,646,646,tpm_clean,ENSG00000161973,CCDC42,0,0.0,0,0.0,0,646,0.0,0,646,0.0,HNSC;HNSC_HPVneg;HNSC_HPVpos;NPC;NUTM;THYM
head_and_neck,646,646,tpm_clean,ENSG00000162039,MEIOB,4,0.62,1,0.15,2,646,0.31,1,646,0.15,HNSC;HNSC_HPVneg;HNSC_HPVpos;NPC;NUTM;THYM
head_and_neck,646,646,tpm_clean,ENSG00000162641,AKNAD1,0,0.0,0,0.0,0,646,0.0,0,646,0.0,HNSC;HNSC_HPVneg;HNSC_HPVpos;NPC;NUTM;THYM
head_and_neck,646,646,tpm_clean,ENSG00000162771,GARIN4,0,0.0,0,0.0,0,646,0.0,0,646,0.0,HNSC;HNSC_HPVneg;HNSC_HPVpos;NPC;NUTM;THYM
head_and_neck,646,646,tpm_clean,ENSG00000162843,WDR64,0,0.0,0,0.0,0,646,0.0,0,646,0.0,HNSC;HNSC_HPVneg;HNSC_HPVpos;NPC;NUTM;THYM
head_and_neck,646,646,tpm_clean,ENSG00000163114,PDHA2,0,0.0,0,0.0,0,646,0.0,0,646,0.0,HNSC;HNSC_HPVneg;HNSC_HPVpos;NPC;NUTM;THYM
head_and_neck,646,646,tpm_clean,ENSG00000163530,DPPA2,0,0.0,0,0.0,0,646,0.0,0,646,0.0,HNSC;HNSC_HPVneg;HNSC_HPVpos;NPC;NUTM;THYM
head_and_neck,646,646,tpm_clean,ENSG00000164113,ADAD1,0,0.0,0,0.0,0,646,0.0,0,646,0.0,HNSC;HNSC_HPVneg;HNSC_HPVpos;NPC;NUTM;THYM
head_and_neck,646,646,tpm_clean,ENSG00000164304,CAGE1,0,0.0,0,0.0,0,646,0.0,0,646,0.0,HNSC;HNSC_HPVneg;HNSC_HPVpos;NPC;NUTM;THYM
head_and_neck,646,646,tpm_clean,ENSG00000165583,SSX5,0,0.0,0,0.0,0,646,0.0,0,646,0.0,HNSC;HNSC_HPVneg;HNSC_HPVpos;NPC;NUTM;THYM
head_and_neck,646,646,tpm_clean,ENSG00000165584,SSX3,0,0.0,0,0.0,0,646,0.0,0,646,0.0,HNSC;HNSC_HPVneg;HNSC_HPVpos;NPC;NUTM;THYM
head_and_neck,646,646,tpm_clean,ENSG00000166049,PASD1,0,0.0,0,0.0,0,646,0.0,0,646,0.0,HNSC;HNSC_HPVneg;HNSC_HPVpos;NPC;NUTM;THYM
head_and_neck,646,646,tpm_clean,ENSG00000166069,TMCO5A,0,0.0,0,0.0,0,646,0.0,0,646,0.0,HNSC;HNSC_HPVneg;HNSC_HPVpos;NPC;NUTM;THYM
head_and_neck,646,646,tpm_clean,ENSG00000166118,SPATA19,0,0.0,0,0.0,0,646,0.0,0,646,0.0,HNSC;HNSC_HPVneg;HNSC_HPVpos;NPC;NUTM;THYM
head_and_neck,646,646,tpm_clean,ENSG00000166796,LDHC,0,0.0,0,0.0,0,646,0.0,0,646,0.0,HNSC;HNSC_HPVneg;HNSC_HPVpos;NPC;NUTM;THYM
head_and_neck,646,646,tpm_clean,ENSG00000167098,SUN5,0,0.0,0,0.0,0,646,0.0,0,646,0.0,HNSC;HNSC_HPVneg;HNSC_HPVpos;NPC;NUTM;THYM
head_and_neck,646,646,tpm_clean,ENSG00000168594,ADAM29,0,0.0,0,0.0,0,646,0.0,0,646,0.0,HNSC;HNSC_HPVneg;HNSC_HPVpos;NPC;NUTM;THYM
head_and_neck,646,646,tpm_clean,ENSG00000168757,TSPY2,4,0.62,3,0.46,3,646,0.46,3,646,0.46,HNSC;HNSC_HPVneg;HNSC_HPVpos;NPC;NUTM;THYM
head_and_neck,646,646,tpm_clean,ENSG00000169059,VCX3A,2,0.31,1,0.15,2,646,0.31,0,646,0.0,HNSC;HNSC_HPVneg;HNSC_HPVpos;NPC;NUTM;THYM
head_and_neck,646,646,tpm_clean,ENSG00000169551,CT55,0,0.0,0,0.0,0,646,0.0,0,646,0.0,HNSC;HNSC_HPVneg;HNSC_HPVpos;NPC;NUTM;THYM
head_and_neck,646,646,tpm_clean,ENSG00000169800,RBMY1F,0,0.0,0,0.0,0,646,0.0,0,646,0.0,HNSC;HNSC_HPVneg;HNSC_HPVpos;NPC;NUTM;THYM
head_and_neck,646,646,tpm_clean,ENSG00000170516,COX7B2,10,1.55,6,0.93,8,646,1.24,0,646,0.0,HNSC;HNSC_HPVneg;HNSC_HPVpos;NPC;NUTM;THYM
head_and_neck,646,646,tpm_clean,ENSG00000170748,RBMXL2,0,0.0,0,0.0,0,646,0.0,0,646,0.0,HNSC;HNSC_HPVneg;HNSC_HPVpos;NPC;NUTM;THYM
head_and_neck,646,646,tpm_clean,ENSG00000170848,PSG6,0,0.0,0,0.0,0,646,0.0,0,646,0.0,HNSC;HNSC_HPVneg;HNSC_HPVpos;NPC;NUTM;THYM
head_and_neck,646,646,tpm_clean,ENSG00000170950,PGK2,0,0.0,0,0.0,0,646,0.0,0,646,0.0,HNSC;HNSC_HPVneg;HNSC_HPVpos;NPC;NUTM;THYM
head_and_neck,646,646,tpm_clean,ENSG00000170965,PLAC1,5,0.77,1,0.15,2,646,0.31,0,646,0.0,HNSC;HNSC_HPVneg;HNSC_HPVpos;NPC;NUTM;THYM
head_and_neck,646,646,tpm_clean,ENSG00000171402,XAGE3,3,0.46,2,0.31,2,646,0.31,1,646,0.15,HNSC;HNSC_HPVneg;HNSC_HPVpos;NPC;NUTM;THYM
head_and_neck,646,646,tpm_clean,ENSG00000171405,XAGE5,1,0.15,0,0.0,0,646,0.0,0,646,0.0,HNSC;HNSC_HPVneg;HNSC_HPVpos;NPC;NUTM;THYM
head_and_neck,646,646,tpm_clean,ENSG00000171794,UTF1,0,0.0,0,0.0,0,646,0.0,0,646,0.0,HNSC;HNSC_HPVneg;HNSC_HPVpos;NPC;NUTM;THYM
head_and_neck,646,646,tpm_clean,ENSG00000172073,TEX37,0,0.0,0,0.0,0,646,0.0,0,646,0.0,HNSC;HNSC_HPVneg;HNSC_HPVpos;NPC;NUTM;THYM
head_and_neck,646,646,tpm_clean,ENSG00000172717,GARIN2,0,0.0,0,0.0,0,646,0.0,0,646,0.0,HNSC;HNSC_HPVneg;HNSC_HPVpos;NPC;NUTM;THYM
head_and_neck,646,646,tpm_clean,ENSG00000174015,CBY2,1,0.15,0,0.0,0,646,0.0,0,646,0.0,HNSC;HNSC_HPVneg;HNSC_HPVpos;NPC;NUTM;THYM
head_and_neck,646,646,tpm_clean,ENSG00000174016,TENT5D,0,0.0,0,0.0,0,646,0.0,0,646,0.0,HNSC;HNSC_HPVneg;HNSC_HPVpos;NPC;NUTM;THYM
head_and_neck,646,646,tpm_clean,ENSG00000174898,CATSPERD,0,0.0,0,0.0,0,646,0.0,0,646,0.0,HNSC;HNSC_HPVneg;HNSC_HPVpos;NPC;NUTM;THYM
head_and_neck,646,646,tpm_clean,ENSG00000175646,PRM1,0,0.0,0,0.0,0,646,0.0,0,646,0.0,HNSC;HNSC_HPVneg;HNSC_HPVpos;NPC;NUTM;THYM
head_and_neck,646,646,tpm_clean,ENSG00000175809,CBLL2,0,0.0,0,0.0,0,646,0.0,0,646,0.0,HNSC;HNSC_HPVneg;HNSC_HPVpos;NPC;NUTM;THYM
head_and_neck,646,646,tpm_clean,ENSG00000175820,CCDC168,0,0.0,0,0.0,0,646,0.0,0,646,0.0,HNSC;HNSC_HPVneg;HNSC_HPVpos;NPC;NUTM;THYM
head_and_neck,646,646,tpm_clean,ENSG00000175877,TMEM270,0,0.0,0,0.0,0,646,0.0,0,646,0.0,HNSC;HNSC_HPVneg;HNSC_HPVpos;NPC;NUTM;THYM
head_and_neck,646,646,tpm_clean,ENSG00000176256,HMGB4,0,0.0,0,0.0,0,646,0.0,0,646,0.0,HNSC;HNSC_HPVneg;HNSC_HPVpos;NPC;NUTM;THYM
head_and_neck,646,646,tpm_clean,ENSG00000176566,DCAF4L2,2,0.31,0,0.0,0,646,0.0,0,646,0.0,HNSC;HNSC_HPVneg;HNSC_HPVpos;NPC;NUTM;THYM
head_and_neck,646,646,tpm_clean,ENSG00000176635,HORMAD2,0,0.0,0,0.0,0,646,0.0,0,646,0.0,HNSC;HNSC_HPVneg;HNSC_HPVpos;NPC;NUTM;THYM
head_and_neck,646,646,tpm_clean,ENSG00000176746,MAGEB6,0,0.0,0,0.0,0,646,0.0,0,646,0.0,HNSC;HNSC_HPVneg;HNSC_HPVpos;NPC;NUTM;THYM
head_and_neck,646,646,tpm_clean,ENSG00000176774,MAGEB18,0,0.0,0,0.0,0,646,0.0,0,646,0.0,HNSC;HNSC_HPVneg;HNSC_HPVpos;NPC;NUTM;THYM
head_and_neck,646,646,tpm_clean,ENSG00000176988,FMR1NB,1,0.15,0,0.0,0,646,0.0,0,646,0.0,HNSC;HNSC_HPVneg;HNSC_HPVpos;NPC;NUTM;THYM
head_and_neck,646,646,tpm_clean,ENSG00000177294,FBXO39,2,0.31,0,0.0,1,646,0.15,0,646,0.0,HNSC;HNSC_HPVneg;HNSC_HPVpos;NPC;NUTM;THYM
head_and_neck,646,646,tpm_clean,ENSG00000177673,TEX44,0,0.0,0,0.0,0,646,0.0,0,646,0.0,HNSC;HNSC_HPVneg;HNSC_HPVpos;NPC;NUTM;THYM
head_and_neck,646,646,tpm_clean,ENSG00000177689,MAGEB10,0,0.0,0,0.0,0,646,0.0,0,646,0.0,HNSC;HNSC_HPVneg;HNSC_HPVpos;NPC;NUTM;THYM
head_and_neck,646,646,tpm_clean,ENSG00000177947,ODF3,0,0.0,0,0.0,0,646,0.0,0,646,0.0,HNSC;HNSC_HPVneg;HNSC_HPVpos;NPC;NUTM;THYM
head_and_neck,646,646,tpm_clean,ENSG00000177992,SPATA31E1,0,0.0,0,0.0,0,646,0.0,0,646,0.0,HNSC;HNSC_HPVneg;HNSC_HPVpos;NPC;NUTM;THYM
head_and_neck,646,646,tpm_clean,ENSG00000178021,TSPYL6,0,0.0,0,0.0,0,646,0.0,0,646,0.0,HNSC;HNSC_HPVneg;HNSC_HPVpos;NPC;NUTM;THYM
head_and_neck,646,646,tpm_clean,ENSG00000178257,PRM3,0,0.0,0,0.0,0,646,0.0,0,646,0.0,HNSC;HNSC_HPVneg;HNSC_HPVpos;NPC;NUTM;THYM
head_and_neck,646,646,tpm_clean,ENSG00000178279,TNP2,0,0.0,0,0.0,0,646,0.0,0,646,0.0,HNSC;HNSC_HPVneg;HNSC_HPVpos;NPC;NUTM;THYM
head_and_neck,646,646,tpm_clean,ENSG00000178997,EXD1,0,0.0,0,0.0,0,646,0.0,0,646,0.0,HNSC;HNSC_HPVneg;HNSC_HPVpos;NPC;NUTM;THYM
head_and_neck,646,646,tpm_clean,ENSG00000179046,TRIML2,10,1.55,2,0.31,6,646,0.93,0,646,0.0,HNSC;HNSC_HPVneg;HNSC_HPVpos;NPC;NUTM;THYM
head_and_neck,646,646,tpm_clean,ENSG00000179059,ZFP42,3,0.46,2,0.31,3,646,0.46,0,646,0.0,HNSC;HNSC_HPVneg;HNSC_HPVpos;NPC;NUTM;THYM
head_and_neck,646,646,tpm_clean,ENSG00000179088,C12orf42,0,0.0,0,0.0,0,646,0.0,0,646,0.0,HNSC;HNSC_HPVneg;HNSC_HPVpos;NPC;NUTM;THYM
head_and_neck,646,646,tpm_clean,ENSG00000179407,DNAJB8,0,0.0,0,0.0,0,646,0.0,0,646,0.0,HNSC;HNSC_HPVneg;HNSC_HPVpos;NPC;NUTM;THYM
head_and_neck,646,646,tpm_clean,ENSG00000180138,CSNK1A1L,0,0.0,0,0.0,0,646,0.0,0,646,0.0,HNSC;HNSC_HPVneg;HNSC_HPVpos;NPC;NUTM;THYM
head_and_neck,646,646,tpm_clean,ENSG00000180336,MEIOC,0,0.0,0,0.0,0,646,0.0,0,646,0.0,HNSC;HNSC_HPVneg;HNSC_HPVpos;NPC;NUTM;THYM
head_and_neck,646,646,tpm_clean,ENSG00000181323,SPEM1,0,0.0,0,0.0,0,646,0.0,0,646,0.0,HNSC;HNSC_HPVneg;HNSC_HPVpos;NPC;NUTM;THYM
head_and_neck,646,646,tpm_clean,ENSG00000181433,SAGE1,0,0.0,0,0.0,0,646,0.0,0,646,0.0,HNSC;HNSC_HPVneg;HNSC_HPVpos;NPC;NUTM;THYM
head_and_neck,646,646,tpm_clean,ENSG00000182308,DCAF4L1,0,0.0,0,0.0,0,646,0.0,0,646,0.0,HNSC;HNSC_HPVneg;HNSC_HPVpos;NPC;NUTM;THYM
head_and_neck,646,646,tpm_clean,ENSG00000182459,TEX19,0,0.0,0,0.0,0,646,0.0,0,646,0.0,HNSC;HNSC_HPVneg;HNSC_HPVpos;NPC;NUTM;THYM
head_and_neck,646,646,tpm_clean,ENSG00000182583,VCX,1,0.15,1,0.15,1,646,0.15,0,646,0.0,HNSC;HNSC_HPVneg;HNSC_HPVpos;NPC;NUTM;THYM
head_and_neck,646,646,tpm_clean,ENSG00000183206,POTEC,0,0.0,0,0.0,0,646,0.0,0,646,0.0,HNSC;HNSC_HPVneg;HNSC_HPVpos;NPC;NUTM;THYM
head_and_neck,646,646,tpm_clean,ENSG00000183305,MAGEA2/MAGEA2B,54,8.36,16,2.48,38,646,5.88,7,646,1.08,HNSC;HNSC_HPVneg;HNSC_HPVpos;NPC;NUTM;THYM
head_and_neck,646,646,tpm_clean,ENSG00000183434,TFDP3,19,2.94,6,0.93,7,646,1.08,1,646,0.15,HNSC;HNSC_HPVneg;HNSC_HPVpos;NPC;NUTM;THYM
head_and_neck,646,646,tpm_clean,ENSG00000183668,PSG9,0,0.0,0,0.0,0,646,0.0,0,646,0.0,HNSC;HNSC_HPVneg;HNSC_HPVpos;NPC;NUTM;THYM
head_and_neck,646,646,tpm_clean,ENSG00000184033,CTAG1A/B,16,2.48,12,1.86,14,646,2.17,12,646,1.86,HNSC;HNSC_HPVneg;HNSC_HPVpos;NPC;NUTM;THYM
head_and_neck,646,646,tpm_clean,ENSG00000184361,SPATA32,2,0.31,0,0.0,0,646,0.0,0,646,0.0,HNSC;HNSC_HPVneg;HNSC_HPVpos;NPC;NUTM;THYM
head_and_neck,646,646,tpm_clean,ENSG00000184507,NUTM1,3,0.46,3,0.46,0,646,0.0,0,646,0.0,HNSC;HNSC_HPVneg;HNSC_HPVpos;NPC;NUTM;THYM
head_and_neck,646,646,tpm_clean,ENSG00000184650,ODF4,0,0.0,0,0.0,0,646,0.0,0,646,0.0,HNSC;HNSC_HPVneg;HNSC_HPVpos;NPC;NUTM;THYM
head_and_neck,646,646,tpm_clean,ENSG00000184735,DDX53,0,0.0,0,0.0,0,646,0.0,0,646,0.0,HNSC;HNSC_HPVneg;HNSC_HPVpos;NPC;NUTM;THYM
head_and_neck,646,646,tpm_clean,ENSG00000185264,TEX33,0,0.0,0,0.0,0,646,0.0,0,646,0.0,HNSC;HNSC_HPVneg;HNSC_HPVpos;NPC;NUTM;THYM
head_and_neck,646,646,tpm_clean,ENSG00000185686,PRAME,118,18.27,47,7.28,71,646,10.99,26,646,4.02,HNSC;HNSC_HPVneg;HNSC_HPVpos;NPC;NUTM;THYM
head_and_neck,646,646,tpm_clean,ENSG00000185775,SPATA31A6,0,0.0,0,0.0,0,646,0.0,0,646,0.0,HNSC;HNSC_HPVneg;HNSC_HPVpos;NPC;NUTM;THYM
head_and_neck,646,646,tpm_clean,ENSG00000185792,NLRP9,0,0.0,0,0.0,0,646,0.0,0,646,0.0,HNSC;HNSC_HPVneg;HNSC_HPVpos;NPC;NUTM;THYM
head_and_neck,646,646,tpm_clean,ENSG00000185863,TMEM210,0,0.0,0,0.0,0,646,0.0,0,646,0.0,HNSC;HNSC_HPVneg;HNSC_HPVpos;NPC;NUTM;THYM
head_and_neck,646,646,tpm_clean,ENSG00000186075,ZPBP2,0,0.0,0,0.0,0,646,0.0,0,646,0.0,HNSC;HNSC_HPVneg;HNSC_HPVpos;NPC;NUTM;THYM
head_and_neck,646,646,tpm_clean,ENSG00000186118,TEX38,0,0.0,0,0.0,0,646,0.0,0,646,0.0,HNSC;HNSC_HPVneg;HNSC_HPVpos;NPC;NUTM;THYM
head_and_neck,646,646,tpm_clean,ENSG00000186451,SPATA12,1,0.15,0,0.0,0,646,0.0,0,646,0.0,HNSC;HNSC_HPVneg;HNSC_HPVpos;NPC;NUTM;THYM
head_and_neck,646,646,tpm_clean,ENSG00000186788,SPATA31D3,0,0.0,0,0.0,0,646,0.0,0,646,0.0,HNSC;HNSC_HPVneg;HNSC_HPVpos;NPC;NUTM;THYM
head_and_neck,646,646,tpm_clean,ENSG00000187003,ACTL7A,0,0.0,0,0.0,0,646,0.0,0,646,0.0,HNSC;HNSC_HPVneg;HNSC_HPVpos;NPC;NUTM;THYM
head_and_neck,646,646,tpm_clean,ENSG00000187191,DAZ3,0,0.0,0,0.0,0,646,0.0,0,646,0.0,HNSC;HNSC_HPVneg;HNSC_HPVpos;NPC;NUTM;THYM
head_and_neck,646,646,tpm_clean,ENSG00000187754,SSX7,0,0.0,0,0.0,0,646,0.0,0,646,0.0,HNSC;HNSC_HPVneg;HNSC_HPVpos;NPC;NUTM;THYM
head_and_neck,646,646,tpm_clean,ENSG00000187772,LIN28B,0,0.0,0,0.0,0,646,0.0,0,646,0.0,HNSC;HNSC_HPVneg;HNSC_HPVpos;NPC;NUTM;THYM
head_and_neck,646,646,tpm_clean,ENSG00000188120,DAZ1,2,0.31,2,0.31,2,646,0.31,1,646,0.15,HNSC;HNSC_HPVneg;HNSC_HPVpos;NPC;NUTM;THYM
head_and_neck,646,646,tpm_clean,ENSG00000188425,NANOS2,0,0.0,0,0.0,0,646,0.0,0,646,0.0,HNSC;HNSC_HPVneg;HNSC_HPVpos;NPC;NUTM;THYM
head_and_neck,646,646,tpm_clean,ENSG00000188782,CATSPER4,0,0.0,0,0.0,0,646,0.0,0,646,0.0,HNSC;HNSC_HPVneg;HNSC_HPVpos;NPC;NUTM;THYM
head_and_neck,646,646,tpm_clean,ENSG00000189023,MAGEB16,0,0.0,0,0.0,0,646,0.0,0,646,0.0,HNSC;HNSC_HPVneg;HNSC_HPVpos;NPC;NUTM;THYM
head_and_neck,646,646,tpm_clean,ENSG00000189052,CGB5/8,20,3.1,7,1.08,11,646,1.7,5,646,0.77,HNSC;HNSC_HPVneg;HNSC_HPVpos;NPC;NUTM;THYM
head_and_neck,646,646,tpm_clean,ENSG00000189064,GAGE2A,26,4.02,19,2.94,20,646,3.1,15,646,2.32,HNSC;HNSC_HPVneg;HNSC_HPVpos;NPC;NUTM;THYM
head_and_neck,646,646,tpm_clean,ENSG00000189186,DCAF8L2,0,0.0,0,0.0,0,646,0.0,0,646,0.0,HNSC;HNSC_HPVneg;HNSC_HPVpos;NPC;NUTM;THYM
head_and_neck,646,646,tpm_clean,ENSG00000189252,SPANXN3,0,0.0,0,0.0,0,646,0.0,0,646,0.0,HNSC;HNSC_HPVneg;HNSC_HPVpos;NPC;NUTM;THYM
head_and_neck,646,646,tpm_clean,ENSG00000189326,SPANXN4,0,0.0,0,0.0,0,646,0.0,0,646,0.0,HNSC;HNSC_HPVneg;HNSC_HPVpos;NPC;NUTM;THYM
head_and_neck,646,646,tpm_clean,ENSG00000189357,SPATA31D4,0,0.0,0,0.0,0,646,0.0,0,646,0.0,HNSC;HNSC_HPVneg;HNSC_HPVpos;NPC;NUTM;THYM
head_and_neck,646,646,tpm_clean,ENSG00000196350,ZNF729,0,0.0,0,0.0,0,646,0.0,0,646,0.0,HNSC;HNSC_HPVneg;HNSC_HPVpos;NPC;NUTM;THYM
head_and_neck,646,646,tpm_clean,ENSG00000196406,SPANXD,4,0.62,0,0.0,1,646,0.15,0,646,0.0,HNSC;HNSC_HPVneg;HNSC_HPVpos;NPC;NUTM;THYM
head_and_neck,646,643,tpm_clean,ENSG00000196553,CCDC196,0,0.0,0,0.0,0,643,0.0,0,643,0.0,HNSC;HNSC_HPVneg;HNSC_HPVpos;NPC;NUTM;THYM
head_and_neck,646,646,tpm_clean,ENSG00000196604,POTEF,2,0.31,1,0.15,1,646,0.15,1,646,0.15,HNSC;HNSC_HPVneg;HNSC_HPVpos;NPC;NUTM;THYM
head_and_neck,646,646,tpm_clean,ENSG00000196862,RGPD4,0,0.0,0,0.0,0,646,0.0,0,646,0.0,HNSC;HNSC_HPVneg;HNSC_HPVpos;NPC;NUTM;THYM
head_and_neck,646,646,tpm_clean,ENSG00000197172,MAGEA6,155,23.99,104,16.1,135,646,20.9,63,646,9.75,HNSC;HNSC_HPVneg;HNSC_HPVpos;NPC;NUTM;THYM
head_and_neck,646,646,tpm_clean,ENSG00000198021,SPANXA1/2,14,2.17,9,1.39,13,646,2.01,4,646,0.62,HNSC;HNSC_HPVneg;HNSC_HPVpos;NPC;NUTM;THYM
head_and_neck,646,646,tpm_clean,ENSG00000198573,SPANXC,6,0.93,2,0.31,3,646,0.46,1,646,0.15,HNSC;HNSC_HPVneg;HNSC_HPVpos;NPC;NUTM;THYM
head_and_neck,646,646,tpm_clean,ENSG00000198681,MAGEA1,43,6.66,15,2.32,33,646,5.11,4,646,0.62,HNSC;HNSC_HPVneg;HNSC_HPVpos;NPC;NUTM;THYM
head_and_neck,646,646,tpm_clean,ENSG00000198759,EGFL6,31,4.8,10,1.55,14,646,2.17,5,646,0.77,HNSC;HNSC_HPVneg;HNSC_HPVpos;NPC;NUTM;THYM
head_and_neck,646,646,tpm_clean,ENSG00000198765,SYCP1,0,0.0,0,0.0,0,646,0.0,0,646,0.0,HNSC;HNSC_HPVneg;HNSC_HPVpos;NPC;NUTM;THYM
head_and_neck,646,646,tpm_clean,ENSG00000198870,STKLD1,0,0.0,0,0.0,0,646,0.0,0,646,0.0,HNSC;HNSC_HPVneg;HNSC_HPVpos;NPC;NUTM;THYM
head_and_neck,646,646,tpm_clean,ENSG00000203909,DPPA5,0,0.0,0,0.0,0,646,0.0,0,646,0.0,HNSC;HNSC_HPVneg;HNSC_HPVpos;NPC;NUTM;THYM
head_and_neck,646,646,tpm_clean,ENSG00000203923,SPANXN1,0,0.0,0,0.0,0,646,0.0,0,646,0.0,HNSC;HNSC_HPVneg;HNSC_HPVpos;NPC;NUTM;THYM
head_and_neck,646,646,tpm_clean,ENSG00000204019,CT83,5,0.77,1,0.15,3,646,0.46,0,646,0.0,HNSC;HNSC_HPVneg;HNSC_HPVpos;NPC;NUTM;THYM
head_and_neck,646,646,tpm_clean,ENSG00000204279,PAGE3,0,0.0,0,0.0,0,646,0.0,0,646,0.0,HNSC;HNSC_HPVneg;HNSC_HPVpos;NPC;NUTM;THYM
head_and_neck,646,646,tpm_clean,ENSG00000204363,SPANXN5,0,0.0,0,0.0,0,646,0.0,0,646,0.0,HNSC;HNSC_HPVneg;HNSC_HPVpos;NPC;NUTM;THYM
head_and_neck,646,646,tpm_clean,ENSG00000204379,XAGE1A/B,16,2.48,15,2.32,15,646,2.32,13,646,2.01,HNSC;HNSC_HPVneg;HNSC_HPVpos;NPC;NUTM;THYM
head_and_neck,646,646,tpm_clean,ENSG00000204450,TRIM64,0,0.0,0,0.0,0,646,0.0,0,646,0.0,HNSC;HNSC_HPVneg;HNSC_HPVpos;NPC;NUTM;THYM
head_and_neck,646,646,tpm_clean,ENSG00000204849,SPATA31A1,0,0.0,0,0.0,0,646,0.0,0,646,0.0,HNSC;HNSC_HPVneg;HNSC_HPVpos;NPC;NUTM;THYM
head_and_neck,646,646,tpm_clean,ENSG00000204941,PSG5,3,0.46,2,0.31,2,646,0.31,1,646,0.15,HNSC;HNSC_HPVneg;HNSC_HPVpos;NPC;NUTM;THYM
head_and_neck,646,646,tpm_clean,ENSG00000204961,PCDHA9,0,0.0,0,0.0,0,646,0.0,0,646,0.0,HNSC;HNSC_HPVneg;HNSC_HPVpos;NPC;NUTM;THYM
head_and_neck,646,646,tpm_clean,ENSG00000205359,SLCO6A1,2,0.31,0,0.0,0,646,0.0,0,646,0.0,HNSC;HNSC_HPVneg;HNSC_HPVpos;NPC;NUTM;THYM
head_and_neck,646,646,tpm_clean,ENSG00000205642,VCX3B,1,0.15,0,0.0,0,646,0.0,0,646,0.0,HNSC;HNSC_HPVneg;HNSC_HPVpos;NPC;NUTM;THYM
head_and_neck,646,646,tpm_clean,ENSG00000205777,GAGE1,22,3.41,15,2.32,19,646,2.94,14,646,2.17,HNSC;HNSC_HPVneg;HNSC_HPVpos;NPC;NUTM;THYM
head_and_neck,646,646,tpm_clean,ENSG00000212710,CTAGE1,0,0.0,0,0.0,0,646,0.0,0,646,0.0,HNSC;HNSC_HPVneg;HNSC_HPVpos;NPC;NUTM;THYM
head_and_neck,646,646,tpm_clean,ENSG00000213218,CSH2,0,0.0,0,0.0,0,646,0.0,0,646,0.0,HNSC;HNSC_HPVneg;HNSC_HPVpos;NPC;NUTM;THYM
head_and_neck,646,646,tpm_clean,ENSG00000213401,MAGEA12,42,6.5,8,1.24,27,646,4.18,2,646,0.31,HNSC;HNSC_HPVneg;HNSC_HPVpos;NPC;NUTM;THYM
head_and_neck,646,646,tpm_clean,ENSG00000214107,MAGEB1,1,0.15,0,0.0,0,646,0.0,0,646,0.0,HNSC;HNSC_HPVneg;HNSC_HPVpos;NPC;NUTM;THYM
head_and_neck,646,643,tpm_clean,ENSG00000215113,CXorf49/CXorf49B,32,4.98,13,2.02,23,643,3.58,7,643,1.09,HNSC;HNSC_HPVneg;HNSC_HPVpos;NPC;NUTM;THYM
head_and_neck,646,646,tpm_clean,ENSG00000215269,GAGE12F/G,0,0.0,0,0.0,0,646,0.0,0,646,0.0,HNSC;HNSC_HPVneg;HNSC_HPVpos;NPC;NUTM;THYM
head_and_neck,646,646,tpm_clean,ENSG00000215274,GAGE10,4,0.62,0,0.0,0,646,0.0,0,646,0.0,HNSC;HNSC_HPVneg;HNSC_HPVpos;NPC;NUTM;THYM
head_and_neck,646,646,tpm_clean,ENSG00000215529,EFCAB8,1,0.15,0,0.0,0,646,0.0,0,646,0.0,HNSC;HNSC_HPVneg;HNSC_HPVpos;NPC;NUTM;THYM
head_and_neck,646,643,tpm_clean,ENSG00000215817,ZC3H11B,0,0.0,0,0.0,0,643,0.0,0,643,0.0,HNSC;HNSC_HPVneg;HNSC_HPVpos;NPC;NUTM;THYM
head_and_neck,646,646,tpm_clean,ENSG00000216649,GAGE12C/D/E,7,1.08,3,0.46,4,646,0.62,1,646,0.15,HNSC;HNSC_HPVneg;HNSC_HPVpos;NPC;NUTM;THYM
head_and_neck,646,646,tpm_clean,ENSG00000221826,PSG3,0,0.0,0,0.0,0,646,0.0,0,646,0.0,HNSC;HNSC_HPVneg;HNSC_HPVpos;NPC;NUTM;THYM
head_and_neck,646,646,tpm_clean,ENSG00000221867,MAGEA3,149,23.07,110,17.03,136,646,21.05,65,646,10.06,HNSC;HNSC_HPVneg;HNSC_HPVpos;NPC;NUTM;THYM
head_and_neck,646,646,tpm_clean,ENSG00000221878,PSG7,0,0.0,0,0.0,0,646,0.0,0,646,0.0,HNSC;HNSC_HPVneg;HNSC_HPVpos;NPC;NUTM;THYM
head_and_neck,646,646,tpm_clean,ENSG00000224089,CT47A1/2/3/4/5/6/7/8/9/10/11/12,2,0.31,0,0.0,0,646,0.0,0,646,0.0,HNSC;HNSC_HPVneg;HNSC_HPVpos;NPC;NUTM;THYM
head_and_neck,646,643,tpm_clean,ENSG00000224440,CXorf51A/B,0,0.0,0,0.0,0,643,0.0,0,643,0.0,HNSC;HNSC_HPVneg;HNSC_HPVpos;NPC;NUTM;THYM
head_and_neck,646,646,tpm_clean,ENSG00000224659,GAGE12J,12,1.86,9,1.39,11,646,1.7,6,646,0.93,HNSC;HNSC_HPVneg;HNSC_HPVpos;NPC;NUTM;THYM
head_and_neck,646,646,tpm_clean,ENSG00000224902,GAGE12H,5,0.77,3,0.46,3,646,0.46,1,646,0.15,HNSC;HNSC_HPVneg;HNSC_HPVpos;NPC;NUTM;THYM
head_and_neck,646,0,tpm_clean,ENSG00000224960,PPP4R3C,0,,0,,0,0,,0,0,,HNSC;HNSC_HPVneg;HNSC_HPVpos;NPC;NUTM;THYM
head_and_neck,646,646,tpm_clean,ENSG00000226650,KIF4B,0,0.0,0,0.0,0,646,0.0,0,646,0.0,HNSC;HNSC_HPVneg;HNSC_HPVpos;NPC;NUTM;THYM
head_and_neck,646,646,tpm_clean,ENSG00000227234,SPANXB1,14,2.17,7,1.08,10,646,1.55,7,646,1.08,HNSC;HNSC_HPVneg;HNSC_HPVpos;NPC;NUTM;THYM
head_and_neck,646,646,tpm_clean,ENSG00000228836,CT45A5/6/7,10,1.55,5,0.77,6,646,0.93,2,646,0.31,HNSC;HNSC_HPVneg;HNSC_HPVpos;NPC;NUTM;THYM
head_and_neck,646,646,tpm_clean,ENSG00000228927,TSPY3,2,0.31,1,0.15,1,646,0.15,1,646,0.15,HNSC;HNSC_HPVneg;HNSC_HPVpos;NPC;NUTM;THYM
head_and_neck,646,646,tpm_clean,ENSG00000229549,TSPY8,0,0.0,0,0.0,0,646,0.0,0,646,0.0,HNSC;HNSC_HPVneg;HNSC_HPVpos;NPC;NUTM;THYM
head_and_neck,646,0,tpm_clean,ENSG00000230601,TEX48,0,,0,,0,0,,0,0,,HNSC;HNSC_HPVneg;HNSC_HPVpos;NPC;NUTM;THYM
head_and_neck,646,646,tpm_clean,ENSG00000231924,PSG1,0,0.0,0,0.0,0,646,0.0,0,646,0.0,HNSC;HNSC_HPVneg;HNSC_HPVpos;NPC;NUTM;THYM
head_and_neck,646,643,tpm_clean,ENSG00000233056,ERVH48-1,6,0.93,3,0.47,3,643,0.47,0,643,0.0,HNSC;HNSC_HPVneg;HNSC_HPVpos;NPC;NUTM;THYM
head_and_neck,646,646,tpm_clean,ENSG00000233803,TSPY4,4,0.62,4,0.62,4,646,0.62,4,646,0.62,HNSC;HNSC_HPVneg;HNSC_HPVpos;NPC;NUTM;THYM
head_and_neck,646,646,tpm_clean,ENSG00000234068,PAGE2,19,2.94,16,2.48,18,646,2.79,14,646,2.17,HNSC;HNSC_HPVneg;HNSC_HPVpos;NPC;NUTM;THYM
head_and_neck,646,646,tpm_clean,ENSG00000234414,RBMY1A1,1,0.15,0,0.0,1,646,0.15,0,646,0.0,HNSC;HNSC_HPVneg;HNSC_HPVpos;NPC;NUTM;THYM
head_and_neck,646,646,tpm_clean,ENSG00000235631,RNF148,0,0.0,0,0.0,0,646,0.0,0,646,0.0,HNSC;HNSC_HPVneg;HNSC_HPVpos;NPC;NUTM;THYM
head_and_neck,646,646,tpm_clean,ENSG00000236424,TSPY10,4,0.62,4,0.62,4,646,0.62,4,646,0.62,HNSC;HNSC_HPVneg;HNSC_HPVpos;NPC;NUTM;THYM
head_and_neck,646,646,tpm_clean,ENSG00000236446,CT47B1,0,0.0,0,0.0,0,646,0.0,0,646,0.0,HNSC;HNSC_HPVneg;HNSC_HPVpos;NPC;NUTM;THYM
head_and_neck,646,646,tpm_clean,ENSG00000236761,CTAGE9,0,0.0,0,0.0,0,646,0.0,0,646,0.0,HNSC;HNSC_HPVneg;HNSC_HPVpos;NPC;NUTM;THYM
head_and_neck,646,646,tpm_clean,ENSG00000238269,PAGE2B,4,0.62,2,0.31,3,646,0.46,1,646,0.15,HNSC;HNSC_HPVneg;HNSC_HPVpos;NPC;NUTM;THYM
head_and_neck,646,646,tpm_clean,ENSG00000240021,TEX35,0,0.0,0,0.0,0,646,0.0,0,646,0.0,HNSC;HNSC_HPVneg;HNSC_HPVpos;NPC;NUTM;THYM
head_and_neck,646,0,tpm_clean,ENSG00000241149,ZNF722,0,,0,,0,0,,0,0,,HNSC;HNSC_HPVneg;HNSC_HPVpos;NPC;NUTM;THYM
head_and_neck,646,646,tpm_clean,ENSG00000241476,SSX2/SSX2B,0,0.0,0,0.0,0,646,0.0,0,646,0.0,HNSC;HNSC_HPVneg;HNSC_HPVpos;NPC;NUTM;THYM
head_and_neck,646,646,tpm_clean,ENSG00000242221,PSG2,0,0.0,0,0.0,0,646,0.0,0,646,0.0,HNSC;HNSC_HPVneg;HNSC_HPVpos;NPC;NUTM;THYM
head_and_neck,646,646,tpm_clean,ENSG00000242389,RBMY1E,0,0.0,0,0.0,0,646,0.0,0,646,0.0,HNSC;HNSC_HPVneg;HNSC_HPVpos;NPC;NUTM;THYM
head_and_neck,646,646,tpm_clean,ENSG00000242875,RBMY1B,0,0.0,0,0.0,0,646,0.0,0,646,0.0,HNSC;HNSC_HPVneg;HNSC_HPVpos;NPC;NUTM;THYM
head_and_neck,646,646,tpm_clean,ENSG00000243130,PSG11,0,0.0,0,0.0,0,646,0.0,0,646,0.0,HNSC;HNSC_HPVneg;HNSC_HPVpos;NPC;NUTM;THYM
head_and_neck,646,646,tpm_clean,ENSG00000244395,RBMY1D,0,0.0,0,0.0,0,646,0.0,0,646,0.0,HNSC;HNSC_HPVneg;HNSC_HPVpos;NPC;NUTM;THYM
head_and_neck,646,646,tpm_clean,ENSG00000244588,RAD21L1,0,0.0,0,0.0,0,646,0.0,0,646,0.0,HNSC;HNSC_HPVneg;HNSC_HPVpos;NPC;NUTM;THYM
head_and_neck,646,646,tpm_clean,ENSG00000249861,LGALS16,0,0.0,0,0.0,0,646,0.0,0,646,0.0,HNSC;HNSC_HPVneg;HNSC_HPVpos;NPC;NUTM;THYM
head_and_neck,646,646,tpm_clean,ENSG00000250741,NT5C1B-RDH14,0,0.0,0,0.0,0,646,0.0,0,646,0.0,HNSC;HNSC_HPVneg;HNSC_HPVpos;NPC;NUTM;THYM
head_and_neck,646,646,tpm_clean,ENSG00000251258,RFPL4B,0,0.0,0,0.0,0,646,0.0,0,646,0.0,HNSC;HNSC_HPVneg;HNSC_HPVpos;NPC;NUTM;THYM
head_and_neck,646,646,tpm_clean,ENSG00000258713,C20orf141,0,0.0,0,0.0,0,646,0.0,0,646,0.0,HNSC;HNSC_HPVneg;HNSC_HPVpos;NPC;NUTM;THYM
head_and_neck,646,646,tpm_clean,ENSG00000258992,TSPY1,4,0.62,4,0.62,4,646,0.62,3,646,0.46,HNSC;HNSC_HPVneg;HNSC_HPVpos;NPC;NUTM;THYM
head_and_neck,646,643,tpm_clean,ENSG00000261649,GOLGA6L7,0,0.0,0,0.0,0,643,0.0,0,643,0.0,HNSC;HNSC_HPVneg;HNSC_HPVpos;NPC;NUTM;THYM
head_and_neck,646,646,tpm_clean,ENSG00000261949,GFY,2,0.31,1,0.15,1,646,0.15,1,646,0.15,HNSC;HNSC_HPVneg;HNSC_HPVpos;NPC;NUTM;THYM
head_and_neck,646,646,tpm_clean,ENSG00000268009,SSX4/SSX4B,1,0.15,1,0.15,1,646,0.15,0,646,0.0,HNSC;HNSC_HPVneg;HNSC_HPVpos;NPC;NUTM;THYM
head_and_neck,646,646,tpm_clean,ENSG00000268629,TEX13A,0,0.0,0,0.0,0,646,0.0,0,646,0.0,HNSC;HNSC_HPVneg;HNSC_HPVpos;NPC;NUTM;THYM
head_and_neck,646,643,tpm_clean,ENSG00000268696,ZNF723,0,0.0,0,0.0,0,643,0.0,0,643,0.0,HNSC;HNSC_HPVneg;HNSC_HPVpos;NPC;NUTM;THYM
head_and_neck,646,646,tpm_clean,ENSG00000268964,ERVV-2,0,0.0,0,0.0,0,646,0.0,0,646,0.0,HNSC;HNSC_HPVneg;HNSC_HPVpos;NPC;NUTM;THYM
head_and_neck,646,646,tpm_clean,ENSG00000268988,SPANXN2,0,0.0,0,0.0,0,646,0.0,0,646,0.0,HNSC;HNSC_HPVneg;HNSC_HPVpos;NPC;NUTM;THYM
head_and_neck,646,646,tpm_clean,ENSG00000269058,CALR3,0,0.0,0,0.0,0,646,0.0,0,646,0.0,HNSC;HNSC_HPVneg;HNSC_HPVpos;NPC;NUTM;THYM
head_and_neck,646,643,tpm_clean,ENSG00000269586,CT45A10,40,6.22,15,2.33,29,643,4.51,4,643,0.62,HNSC;HNSC_HPVneg;HNSC_HPVpos;NPC;NUTM;THYM
head_and_neck,646,646,tpm_clean,ENSG00000270806,C17orf50,0,0.0,0,0.0,0,646,0.0,0,646,0.0,HNSC;HNSC_HPVneg;HNSC_HPVpos;NPC;NUTM;THYM
head_and_neck,646,646,tpm_clean,ENSG00000270946,CT45A2/8/9,2,0.31,1,0.15,1,646,0.15,1,646,0.15,HNSC;HNSC_HPVneg;HNSC_HPVpos;NPC;NUTM;THYM
head_and_neck,646,646,tpm_clean,ENSG00000271321,CTAGE6,3,0.46,0,0.0,0,646,0.0,0,646,0.0,HNSC;HNSC_HPVneg;HNSC_HPVpos;NPC;NUTM;THYM
head_and_neck,646,646,tpm_clean,ENSG00000274274,GAGE13,20,3.1,14,2.17,20,646,3.1,11,646,1.7,HNSC;HNSC_HPVneg;HNSC_HPVpos;NPC;NUTM;THYM
head_and_neck,646,646,tpm_clean,ENSG00000274391,TPTE,0,0.0,0,0.0,0,646,0.0,0,646,0.0,HNSC;HNSC_HPVneg;HNSC_HPVpos;NPC;NUTM;THYM
head_and_neck,646,646,tpm_clean,ENSG00000275793,RIMBP3,0,0.0,0,0.0,0,646,0.0,0,646,0.0,HNSC;HNSC_HPVneg;HNSC_HPVpos;NPC;NUTM;THYM
head_and_neck,646,646,tpm_clean,ENSG00000275969,SPATA31A3,0,0.0,0,0.0,0,646,0.0,0,646,0.0,HNSC;HNSC_HPVneg;HNSC_HPVpos;NPC;NUTM;THYM
head_and_neck,646,646,tpm_clean,ENSG00000276040,SPATA31A7,0,0.0,0,0.0,0,646,0.0,0,646,0.0,HNSC;HNSC_HPVneg;HNSC_HPVpos;NPC;NUTM;THYM
head_and_neck,646,646,tpm_clean,ENSG00000276581,SPATA31A5,0,0.0,0,0.0,0,646,0.0,0,646,0.0,HNSC;HNSC_HPVneg;HNSC_HPVpos;NPC;NUTM;THYM
head_and_neck,646,646,tpm_clean,ENSG00000277322,GOLGA6L6,0,0.0,0,0.0,0,646,0.0,0,646,0.0,HNSC;HNSC_HPVneg;HNSC_HPVpos;NPC;NUTM;THYM
head_and_neck,646,0,tpm_clean,ENSG00000282815,TEX13C,0,,0,,0,0,,0,0,,HNSC;HNSC_HPVneg;HNSC_HPVpos;NPC;NUTM;THYM
kidney,886,886,tpm_clean,ENSG00000006047,YBX2,22,2.48,5,0.56,11,886,1.24,0,886,0.0,KICH;KIRC;KIRP
kidney,886,886,tpm_clean,ENSG00000006659,LGALS14,1,0.11,0,0.0,1,886,0.11,0,886,0.0,KICH;KIRC;KIRP
kidney,886,886,tpm_clean,ENSG00000007350,TKTL1,1,0.11,0,0.0,0,886,0.0,0,886,0.0,KICH;KIRC;KIRP
kidney,886,886,tpm_clean,ENSG00000010318,PHF7,7,0.79,0,0.0,0,886,0.0,0,886,0.0,KICH;KIRC;KIRP
kidney,886,886,tpm_clean,ENSG00000042813,ZPBP,0,0.0,0,0.0,0,886,0.0,0,886,0.0,KICH;KIRC;KIRP
kidney,886,886,tpm_clean,ENSG00000046774,MAGEC2,6,0.68,3,0.34,3,886,0.34,3,886,0.34,KICH;KIRC;KIRP
kidney,886,886,tpm_clean,ENSG00000054796,SPO11,0,0.0,0,0.0,0,886,0.0,0,886,0.0,KICH;KIRC;KIRP
kidney,886,886,tpm_clean,ENSG00000068985,PAGE1,7,0.79,7,0.79,7,886,0.79,5,886,0.56,KICH;KIRC;KIRP
kidney,886,886,tpm_clean,ENSG00000077800,FKBP6,0,0.0,0,0.0,0,886,0.0,0,886,0.0,KICH;KIRC;KIRP
kidney,886,886,tpm_clean,ENSG00000077935,SMC1B,0,0.0,0,0.0,0,886,0.0,0,886,0.0,KICH;KIRC;KIRP
kidney,886,886,tpm_clean,ENSG00000092345,DAZL,0,0.0,0,0.0,0,886,0.0,0,886,0.0,KICH;KIRC;KIRP
kidney,886,886,tpm_clean,ENSG00000095627,TDRD1,0,0.0,0,0.0,0,886,0.0,0,886,0.0,KICH;KIRC;KIRP
kidney,886,886,tpm_clean,ENSG00000099399,MAGEB2,2,0.23,1,0.11,1,886,0.11,0,886,0.0,KICH;KIRC;KIRP
kidney,886,886,tpm_clean,ENSG00000102021,LUZP4,0,0.0,0,0.0,0,886,0.0,0,886,0.0,KICH;KIRC;KIRP
kidney,886,886,tpm_clean,ENSG00000103023,PRSS54,0,0.0,0,0.0,0,886,0.0,0,886,0.0,KICH;KIRC;KIRP
kidney,886,886,tpm_clean,ENSG00000104755,ADAM2,3,0.34,1,0.11,1,886,0.11,0,886,0.0,KICH;KIRC;KIRP
kidney,886,886,tpm_clean,ENSG00000104804,TULP2,0,0.0,0,0.0,0,886,0.0,0,886,0.0,KICH;KIRC;KIRP
kidney,886,886,tpm_clean,ENSG00000104818,CGB2,0,0.0,0,0.0,0,886,0.0,0,886,0.0,KICH;KIRC;KIRP
kidney,886,886,tpm_clean,ENSG00000104901,DKKL1,0,0.0,0,0.0,0,886,0.0,0,886,0.0,KICH;KIRC;KIRP
kidney,886,886,tpm_clean,ENSG00000105198,LGALS13,0,0.0,0,0.0,0,886,0.0,0,886,0.0,KICH;KIRC;KIRP
kidney,886,886,tpm_clean,ENSG00000106013,ANKRD7,0,0.0,0,0.0,0,886,0.0,0,886,0.0,KICH;KIRC;KIRP
kidney,886,886,tpm_clean,ENSG00000106304,SPAM1,0,0.0,0,0.0,0,886,0.0,0,886,0.0,KICH;KIRC;KIRP
kidney,886,886,tpm_clean,ENSG00000114487,MORC1,0,0.0,0,0.0,0,886,0.0,0,886,0.0,KICH;KIRC;KIRP
kidney,886,886,tpm_clean,ENSG00000117148,ACTL8,0,0.0,0,0.0,0,886,0.0,0,886,0.0,KICH;KIRC;KIRP
kidney,886,886,tpm_clean,ENSG00000118434,SPACA1,0,0.0,0,0.0,0,886,0.0,0,886,0.0,KICH;KIRC;KIRP
kidney,886,886,tpm_clean,ENSG00000118491,ZC2HC1B,0,0.0,0,0.0,0,886,0.0,0,886,0.0,KICH;KIRC;KIRP
kidney,886,886,tpm_clean,ENSG00000121101,TEX14,0,0.0,0,0.0,0,886,0.0,0,886,0.0,KICH;KIRC;KIRP
kidney,886,886,tpm_clean,ENSG00000122304,PRM2,0,0.0,0,0.0,0,886,0.0,0,886,0.0,KICH;KIRC;KIRP
kidney,886,886,tpm_clean,ENSG00000123576,ESX1,0,0.0,0,0.0,0,886,0.0,0,886,0.0,KICH;KIRC;KIRP
kidney,886,886,tpm_clean,ENSG00000123584,MAGEA9/MAGEA9B,1,0.11,0,0.0,0,886,0.0,0,886,0.0,KICH;KIRC;KIRP
kidney,886,886,tpm_clean,ENSG00000124092,CTCFL,0,0.0,0,0.0,0,886,0.0,0,886,0.0,KICH;KIRC;KIRP
kidney,886,886,tpm_clean,ENSG00000124227,ANKRD60,0,0.0,0,0.0,0,886,0.0,0,886,0.0,KICH;KIRC;KIRP
kidney,886,886,tpm_clean,ENSG00000124260,MAGEA10,3,0.34,1,0.11,2,886,0.23,0,886,0.0,KICH;KIRC;KIRP
kidney,886,886,tpm_clean,ENSG00000124467,PSG8,1,0.11,0,0.0,1,886,0.11,0,886,0.0,KICH;KIRC;KIRP
kidney,886,886,tpm_clean,ENSG00000124490,CRISP2,1,0.11,0,0.0,0,886,0.0,0,886,0.0,KICH;KIRC;KIRP
kidney,886,886,tpm_clean,ENSG00000125207,PIWIL1,0,0.0,0,0.0,0,886,0.0,0,886,0.0,KICH;KIRC;KIRP
kidney,886,886,tpm_clean,ENSG00000125823,CSTL1,0,0.0,0,0.0,0,886,0.0,0,886,0.0,KICH;KIRC;KIRP
kidney,886,886,tpm_clean,ENSG00000126467,TSKS,0,0.0,0,0.0,0,886,0.0,0,886,0.0,KICH;KIRC;KIRP
kidney,886,886,tpm_clean,ENSG00000126752,SSX1,5,0.56,2,0.23,4,886,0.45,2,886,0.23,KICH;KIRC;KIRP
kidney,886,886,tpm_clean,ENSG00000126856,PRDM7,0,0.0,0,0.0,0,886,0.0,0,886,0.0,KICH;KIRC;KIRP
kidney,886,886,tpm_clean,ENSG00000129862,VCY/VCY1B,2,0.23,2,0.23,2,886,0.23,1,886,0.11,KICH;KIRC;KIRP
kidney,886,886,tpm_clean,ENSG00000130950,NUTM2F,0,0.0,0,0.0,0,886,0.0,0,886,0.0,KICH;KIRC;KIRP
kidney,886,886,tpm_clean,ENSG00000131126,TEX101,0,0.0,0,0.0,0,886,0.0,0,886,0.0,KICH;KIRC;KIRP
kidney,886,886,tpm_clean,ENSG00000132446,FTHL17,0,0.0,0,0.0,0,886,0.0,0,886,0.0,KICH;KIRC;KIRP
kidney,886,886,tpm_clean,ENSG00000135248,GARIN1B,0,0.0,0,0.0,0,886,0.0,0,886,0.0,KICH;KIRC;KIRP
kidney,886,886,tpm_clean,ENSG00000137090,DMRT1,0,0.0,0,0.0,0,886,0.0,0,886,0.0,KICH;KIRC;KIRP
kidney,886,886,tpm_clean,ENSG00000137948,BRDT,0,0.0,0,0.0,0,886,0.0,0,886,0.0,KICH;KIRC;KIRP
kidney,886,886,tpm_clean,ENSG00000139351,SYCP3,0,0.0,0,0.0,0,886,0.0,0,886,0.0,KICH;KIRC;KIRP
kidney,886,886,tpm_clean,ENSG00000140478,GOLGA6D,0,0.0,0,0.0,0,886,0.0,0,886,0.0,KICH;KIRC;KIRP
kidney,886,886,tpm_clean,ENSG00000141096,DPEP3,0,0.0,0,0.0,0,886,0.0,0,886,0.0,KICH;KIRC;KIRP
kidney,886,886,tpm_clean,ENSG00000141255,SPATA22,0,0.0,0,0.0,0,886,0.0,0,886,0.0,KICH;KIRC;KIRP
kidney,886,886,tpm_clean,ENSG00000141316,SPACA3,0,0.0,0,0.0,0,886,0.0,0,886,0.0,KICH;KIRC;KIRP
kidney,886,886,tpm_clean,ENSG00000141371,CHCT1,0,0.0,0,0.0,0,886,0.0,0,886,0.0,KICH;KIRC;KIRP
kidney,886,886,tpm_clean,ENSG00000141437,SLC25A52,0,0.0,0,0.0,0,886,0.0,0,886,0.0,KICH;KIRC;KIRP
kidney,886,886,tpm_clean,ENSG00000142025,DMRTC2,0,0.0,0,0.0,0,886,0.0,0,886,0.0,KICH;KIRC;KIRP
kidney,886,886,tpm_clean,ENSG00000142698,C1orf94,0,0.0,0,0.0,0,886,0.0,0,886,0.0,KICH;KIRC;KIRP
kidney,886,886,tpm_clean,ENSG00000143006,DMRTB1,0,0.0,0,0.0,0,886,0.0,0,886,0.0,KICH;KIRC;KIRP
kidney,886,886,tpm_clean,ENSG00000143452,HORMAD1,0,0.0,0,0.0,0,886,0.0,0,886,0.0,KICH;KIRC;KIRP
kidney,886,886,tpm_clean,ENSG00000144962,SPATA16,0,0.0,0,0.0,0,886,0.0,0,886,0.0,KICH;KIRC;KIRP
kidney,886,886,tpm_clean,ENSG00000145309,CABS1,0,0.0,0,0.0,0,886,0.0,0,886,0.0,KICH;KIRC;KIRP
kidney,886,886,tpm_clean,ENSG00000147081,AKAP4,0,0.0,0,0.0,0,886,0.0,0,886,0.0,KICH;KIRC;KIRP
kidney,886,886,tpm_clean,ENSG00000147183,CPXCR1,0,0.0,0,0.0,0,886,0.0,0,886,0.0,KICH;KIRC;KIRP
kidney,886,886,tpm_clean,ENSG00000147378,FATE1,0,0.0,0,0.0,0,886,0.0,0,886,0.0,KICH;KIRC;KIRP
kidney,886,886,tpm_clean,ENSG00000147381,MAGEA4,1,0.11,0,0.0,1,886,0.11,0,886,0.0,KICH;KIRC;KIRP
kidney,886,886,tpm_clean,ENSG00000148156,ACTL7B,0,0.0,0,0.0,0,886,0.0,0,886,0.0,KICH;KIRC;KIRP
kidney,886,886,tpm_clean,ENSG00000150628,SPATA4,0,0.0,0,0.0,0,886,0.0,0,886,0.0,KICH;KIRC;KIRP
kidney,886,886,tpm_clean,ENSG00000151962,RBM46,0,0.0,0,0.0,0,886,0.0,0,886,0.0,KICH;KIRC;KIRP
kidney,886,886,tpm_clean,ENSG00000152430,BOLL,0,0.0,0,0.0,0,886,0.0,0,886,0.0,KICH;KIRC;KIRP
kidney,886,886,tpm_clean,ENSG00000152670,DDX4,0,0.0,0,0.0,0,886,0.0,0,886,0.0,KICH;KIRC;KIRP
kidney,886,886,tpm_clean,ENSG00000153060,TEKT5,0,0.0,0,0.0,0,886,0.0,0,886,0.0,KICH;KIRC;KIRP
kidney,886,886,tpm_clean,ENSG00000153779,TGIF2LX,0,0.0,0,0.0,0,886,0.0,0,886,0.0,KICH;KIRC;KIRP
kidney,886,886,tpm_clean,ENSG00000155087,ODF1,0,0.0,0,0.0,0,886,0.0,0,886,0.0,KICH;KIRC;KIRP
kidney,886,886,tpm_clean,ENSG00000155495,MAGEC1,0,0.0,0,0.0,0,886,0.0,0,886,0.0,KICH;KIRC;KIRP
kidney,886,886,tpm_clean,ENSG00000155622,XAGE2,0,0.0,0,0.0,0,886,0.0,0,886,0.0,KICH;KIRC;KIRP
kidney,886,886,tpm_clean,ENSG00000156009,MAGEA8,0,0.0,0,0.0,0,886,0.0,0,886,0.0,KICH;KIRC;KIRP
kidney,886,886,tpm_clean,ENSG00000156269,NAA11,0,0.0,0,0.0,0,886,0.0,0,886,0.0,KICH;KIRC;KIRP
kidney,886,886,tpm_clean,ENSG00000158639,PAGE5,7,0.79,7,0.79,7,886,0.79,7,886,0.79,KICH;KIRC;KIRP
kidney,886,886,tpm_clean,ENSG00000159289,GOLGA6A,0,0.0,0,0.0,0,886,0.0,0,886,0.0,KICH;KIRC;KIRP
kidney,886,886,tpm_clean,ENSG00000159708,LRRC36,4,0.45,0,0.0,1,886,0.11,0,886,0.0,KICH;KIRC;KIRP
kidney,886,886,tpm_clean,ENSG00000161860,SYCE2,0,0.0,0,0.0,0,886,0.0,0,886,0.0,KICH;KIRC;KIRP
kidney,886,886,tpm_clean,ENSG00000161973,CCDC42,0,0.0,0,0.0,0,886,0.0,0,886,0.0,KICH;KIRC;KIRP
kidney,886,886,tpm_clean,ENSG00000162039,MEIOB,0,0.0,0,0.0,0,886,0.0,0,886,0.0,KICH;KIRC;KIRP
kidney,886,886,tpm_clean,ENSG00000162641,AKNAD1,0,0.0,0,0.0,0,886,0.0,0,886,0.0,KICH;KIRC;KIRP
kidney,886,886,tpm_clean,ENSG00000162771,GARIN4,0,0.0,0,0.0,0,886,0.0,0,886,0.0,KICH;KIRC;KIRP
kidney,886,886,tpm_clean,ENSG00000162843,WDR64,0,0.0,0,0.0,0,886,0.0,0,886,0.0,KICH;KIRC;KIRP
kidney,886,886,tpm_clean,ENSG00000163114,PDHA2,0,0.0,0,0.0,0,886,0.0,0,886,0.0,KICH;KIRC;KIRP
kidney,886,886,tpm_clean,ENSG00000163530,DPPA2,1,0.11,0,0.0,0,886,0.0,0,886,0.0,KICH;KIRC;KIRP
kidney,886,886,tpm_clean,ENSG00000164113,ADAD1,0,0.0,0,0.0,0,886,0.0,0,886,0.0,KICH;KIRC;KIRP
kidney,886,886,tpm_clean,ENSG00000164304,CAGE1,0,0.0,0,0.0,0,886,0.0,0,886,0.0,KICH;KIRC;KIRP
kidney,886,886,tpm_clean,ENSG00000165583,SSX5,0,0.0,0,0.0,0,886,0.0,0,886,0.0,KICH;KIRC;KIRP
kidney,886,886,tpm_clean,ENSG00000165584,SSX3,0,0.0,0,0.0,0,886,0.0,0,886,0.0,KICH;KIRC;KIRP
kidney,886,886,tpm_clean,ENSG00000166049,PASD1,1,0.11,1,0.11,1,886,0.11,1,886,0.11,KICH;KIRC;KIRP
kidney,886,886,tpm_clean,ENSG00000166069,TMCO5A,0,0.0,0,0.0,0,886,0.0,0,886,0.0,KICH;KIRC;KIRP
kidney,886,886,tpm_clean,ENSG00000166118,SPATA19,0,0.0,0,0.0,0,886,0.0,0,886,0.0,KICH;KIRC;KIRP
kidney,886,886,tpm_clean,ENSG00000166796,LDHC,0,0.0,0,0.0,0,886,0.0,0,886,0.0,KICH;KIRC;KIRP
kidney,886,886,tpm_clean,ENSG00000167098,SUN5,0,0.0,0,0.0,0,886,0.0,0,886,0.0,KICH;KIRC;KIRP
kidney,886,886,tpm_clean,ENSG00000168594,ADAM29,0,0.0,0,0.0,0,886,0.0,0,886,0.0,KICH;KIRC;KIRP
kidney,886,886,tpm_clean,ENSG00000168757,TSPY2,2,0.23,2,0.23,2,886,0.23,0,886,0.0,KICH;KIRC;KIRP
kidney,886,886,tpm_clean,ENSG00000169059,VCX3A,2,0.23,2,0.23,2,886,0.23,1,886,0.11,KICH;KIRC;KIRP
kidney,886,886,tpm_clean,ENSG00000169551,CT55,0,0.0,0,0.0,0,886,0.0,0,886,0.0,KICH;KIRC;KIRP
kidney,886,886,tpm_clean,ENSG00000169800,RBMY1F,0,0.0,0,0.0,0,886,0.0,0,886,0.0,KICH;KIRC;KIRP
kidney,886,886,tpm_clean,ENSG00000170516,COX7B2,0,0.0,0,0.0,0,886,0.0,0,886,0.0,KICH;KIRC;KIRP
kidney,886,886,tpm_clean,ENSG00000170748,RBMXL2,0,0.0,0,0.0,0,886,0.0,0,886,0.0,KICH;KIRC;KIRP
kidney,886,886,tpm_clean,ENSG00000170848,PSG6,0,0.0,0,0.0,0,886,0.0,0,886,0.0,KICH;KIRC;KIRP
kidney,886,886,tpm_clean,ENSG00000170950,PGK2,0,0.0,0,0.0,0,886,0.0,0,886,0.0,KICH;KIRC;KIRP
kidney,886,886,tpm_clean,ENSG00000170965,PLAC1,0,0.0,0,0.0,0,886,0.0,0,886,0.0,KICH;KIRC;KIRP
kidney,886,886,tpm_clean,ENSG00000171402,XAGE3,0,0.0,0,0.0,0,886,0.0,0,886,0.0,KICH;KIRC;KIRP
kidney,886,886,tpm_clean,ENSG00000171405,XAGE5,0,0.0,0,0.0,0,886,0.0,0,886,0.0,KICH;KIRC;KIRP
kidney,886,886,tpm_clean,ENSG00000171794,UTF1,0,0.0,0,0.0,0,886,0.0,0,886,0.0,KICH;KIRC;KIRP
kidney,886,886,tpm_clean,ENSG00000172073,TEX37,0,0.0,0,0.0,0,886,0.0,0,886,0.0,KICH;KIRC;KIRP
kidney,886,886,tpm_clean,ENSG00000172717,GARIN2,0,0.0,0,0.0,0,886,0.0,0,886,0.0,KICH;KIRC;KIRP
kidney,886,886,tpm_clean,ENSG00000174015,CBY2,0,0.0,0,0.0,0,886,0.0,0,886,0.0,KICH;KIRC;KIRP
kidney,886,886,tpm_clean,ENSG00000174016,TENT5D,0,0.0,0,0.0,0,886,0.0,0,886,0.0,KICH;KIRC;KIRP
kidney,886,886,tpm_clean,ENSG00000174898,CATSPERD,0,0.0,0,0.0,0,886,0.0,0,886,0.0,KICH;KIRC;KIRP
kidney,886,886,tpm_clean,ENSG00000175646,PRM1,0,0.0,0,0.0,0,886,0.0,0,886,0.0,KICH;KIRC;KIRP
kidney,886,886,tpm_clean,ENSG00000175809,CBLL2,0,0.0,0,0.0,0,886,0.0,0,886,0.0,KICH;KIRC;KIRP
kidney,886,886,tpm_clean,ENSG00000175820,CCDC168,0,0.0,0,0.0,0,886,0.0,0,886,0.0,KICH;KIRC;KIRP
kidney,886,886,tpm_clean,ENSG00000175877,TMEM270,0,0.0,0,0.0,0,886,0.0,0,886,0.0,KICH;KIRC;KIRP
kidney,886,886,tpm_clean,ENSG00000176256,HMGB4,0,0.0,0,0.0,0,886,0.0,0,886,0.0,KICH;KIRC;KIRP
kidney,886,886,tpm_clean,ENSG00000176566,DCAF4L2,0,0.0,0,0.0,0,886,0.0,0,886,0.0,KICH;KIRC;KIRP
kidney,886,886,tpm_clean,ENSG00000176635,HORMAD2,0,0.0,0,0.0,0,886,0.0,0,886,0.0,KICH;KIRC;KIRP
kidney,886,886,tpm_clean,ENSG00000176746,MAGEB6,0,0.0,0,0.0,0,886,0.0,0,886,0.0,KICH;KIRC;KIRP
kidney,886,886,tpm_clean,ENSG00000176774,MAGEB18,0,0.0,0,0.0,0,886,0.0,0,886,0.0,KICH;KIRC;KIRP
kidney,886,886,tpm_clean,ENSG00000176988,FMR1NB,1,0.11,0,0.0,0,886,0.0,0,886,0.0,KICH;KIRC;KIRP
kidney,886,886,tpm_clean,ENSG00000177294,FBXO39,0,0.0,0,0.0,0,886,0.0,0,886,0.0,KICH;KIRC;KIRP
kidney,886,886,tpm_clean,ENSG00000177673,TEX44,0,0.0,0,0.0,0,886,0.0,0,886,0.0,KICH;KIRC;KIRP
kidney,886,886,tpm_clean,ENSG00000177689,MAGEB10,0,0.0,0,0.0,0,886,0.0,0,886,0.0,KICH;KIRC;KIRP
kidney,886,886,tpm_clean,ENSG00000177947,ODF3,0,0.0,0,0.0,0,886,0.0,0,886,0.0,KICH;KIRC;KIRP
kidney,886,886,tpm_clean,ENSG00000177992,SPATA31E1,0,0.0,0,0.0,0,886,0.0,0,886,0.0,KICH;KIRC;KIRP
kidney,886,886,tpm_clean,ENSG00000178021,TSPYL6,0,0.0,0,0.0,0,886,0.0,0,886,0.0,KICH;KIRC;KIRP
kidney,886,886,tpm_clean,ENSG00000178257,PRM3,0,0.0,0,0.0,0,886,0.0,0,886,0.0,KICH;KIRC;KIRP
kidney,886,886,tpm_clean,ENSG00000178279,TNP2,0,0.0,0,0.0,0,886,0.0,0,886,0.0,KICH;KIRC;KIRP
kidney,886,886,tpm_clean,ENSG00000178997,EXD1,0,0.0,0,0.0,0,886,0.0,0,886,0.0,KICH;KIRC;KIRP
kidney,886,886,tpm_clean,ENSG00000179046,TRIML2,1,0.11,0,0.0,0,886,0.0,0,886,0.0,KICH;KIRC;KIRP
kidney,886,886,tpm_clean,ENSG00000179059,ZFP42,0,0.0,0,0.0,0,886,0.0,0,886,0.0,KICH;KIRC;KIRP
kidney,886,886,tpm_clean,ENSG00000179088,C12orf42,0,0.0,0,0.0,0,886,0.0,0,886,0.0,KICH;KIRC;KIRP
kidney,886,886,tpm_clean,ENSG00000179407,DNAJB8,0,0.0,0,0.0,0,886,0.0,0,886,0.0,KICH;KIRC;KIRP
kidney,886,886,tpm_clean,ENSG00000180138,CSNK1A1L,0,0.0,0,0.0,0,886,0.0,0,886,0.0,KICH;KIRC;KIRP
kidney,886,886,tpm_clean,ENSG00000180336,MEIOC,0,0.0,0,0.0,0,886,0.0,0,886,0.0,KICH;KIRC;KIRP
kidney,886,886,tpm_clean,ENSG00000181323,SPEM1,0,0.0,0,0.0,0,886,0.0,0,886,0.0,KICH;KIRC;KIRP
kidney,886,886,tpm_clean,ENSG00000181433,SAGE1,0,0.0,0,0.0,0,886,0.0,0,886,0.0,KICH;KIRC;KIRP
kidney,886,886,tpm_clean,ENSG00000182308,DCAF4L1,0,0.0,0,0.0,0,886,0.0,0,886,0.0,KICH;KIRC;KIRP
kidney,886,886,tpm_clean,ENSG00000182459,TEX19,0,0.0,0,0.0,0,886,0.0,0,886,0.0,KICH;KIRC;KIRP
kidney,886,886,tpm_clean,ENSG00000182583,VCX,1,0.11,1,0.11,1,886,0.11,1,886,0.11,KICH;KIRC;KIRP
kidney,886,886,tpm_clean,ENSG00000183206,POTEC,0,0.0,0,0.0,0,886,0.0,0,886,0.0,KICH;KIRC;KIRP
kidney,886,886,tpm_clean,ENSG00000183305,MAGEA2/MAGEA2B,0,0.0,0,0.0,0,886,0.0,0,886,0.0,KICH;KIRC;KIRP
kidney,886,886,tpm_clean,ENSG00000183434,TFDP3,0,0.0,0,0.0,0,886,0.0,0,886,0.0,KICH;KIRC;KIRP
kidney,886,886,tpm_clean,ENSG00000183668,PSG9,9,1.02,6,0.68,6,886,0.68,2,886,0.23,KICH;KIRC;KIRP
kidney,886,886,tpm_clean,ENSG00000184033,CTAG1A/B,3,0.34,2,0.23,2,886,0.23,2,886,0.23,KICH;KIRC;KIRP
kidney,886,886,tpm_clean,ENSG00000184361,SPATA32,0,0.0,0,0.0,0,886,0.0,0,886,0.0,KICH;KIRC;KIRP
kidney,886,886,tpm_clean,ENSG00000184507,NUTM1,0,0.0,0,0.0,0,886,0.0,0,886,0.0,KICH;KIRC;KIRP
kidney,886,886,tpm_clean,ENSG00000184650,ODF4,0,0.0,0,0.0,0,886,0.0,0,886,0.0,KICH;KIRC;KIRP
kidney,886,886,tpm_clean,ENSG00000184735,DDX53,0,0.0,0,0.0,0,886,0.0,0,886,0.0,KICH;KIRC;KIRP
kidney,886,886,tpm_clean,ENSG00000185264,TEX33,0,0.0,0,0.0,0,886,0.0,0,886,0.0,KICH;KIRC;KIRP
kidney,886,886,tpm_clean,ENSG00000185686,PRAME,99,11.17,20,2.26,37,886,4.18,7,886,0.79,KICH;KIRC;KIRP
kidney,886,886,tpm_clean,ENSG00000185775,SPATA31A6,0,0.0,0,0.0,0,886,0.0,0,886,0.0,KICH;KIRC;KIRP
kidney,886,886,tpm_clean,ENSG00000185792,NLRP9,0,0.0,0,0.0,0,886,0.0,0,886,0.0,KICH;KIRC;KIRP
kidney,886,886,tpm_clean,ENSG00000185863,TMEM210,0,0.0,0,0.0,0,886,0.0,0,886,0.0,KICH;KIRC;KIRP
kidney,886,886,tpm_clean,ENSG00000186075,ZPBP2,0,0.0,0,0.0,0,886,0.0,0,886,0.0,KICH;KIRC;KIRP
kidney,886,886,tpm_clean,ENSG00000186118,TEX38,0,0.0,0,0.0,0,886,0.0,0,886,0.0,KICH;KIRC;KIRP
kidney,886,886,tpm_clean,ENSG00000186451,SPATA12,0,0.0,0,0.0,0,886,0.0,0,886,0.0,KICH;KIRC;KIRP
kidney,886,886,tpm_clean,ENSG00000186788,SPATA31D3,0,0.0,0,0.0,0,886,0.0,0,886,0.0,KICH;KIRC;KIRP
kidney,886,886,tpm_clean,ENSG00000187003,ACTL7A,0,0.0,0,0.0,0,886,0.0,0,886,0.0,KICH;KIRC;KIRP
kidney,886,886,tpm_clean,ENSG00000187191,DAZ3,0,0.0,0,0.0,0,886,0.0,0,886,0.0,KICH;KIRC;KIRP
kidney,886,886,tpm_clean,ENSG00000187754,SSX7,0,0.0,0,0.0,0,886,0.0,0,886,0.0,KICH;KIRC;KIRP
kidney,886,886,tpm_clean,ENSG00000187772,LIN28B,0,0.0,0,0.0,0,886,0.0,0,886,0.0,KICH;KIRC;KIRP
kidney,886,886,tpm_clean,ENSG00000188120,DAZ1,0,0.0,0,0.0,0,886,0.0,0,886,0.0,KICH;KIRC;KIRP
kidney,886,886,tpm_clean,ENSG00000188425,NANOS2,0,0.0,0,0.0,0,886,0.0,0,886,0.0,KICH;KIRC;KIRP
kidney,886,886,tpm_clean,ENSG00000188782,CATSPER4,0,0.0,0,0.0,0,886,0.0,0,886,0.0,KICH;KIRC;KIRP
kidney,886,886,tpm_clean,ENSG00000189023,MAGEB16,0,0.0,0,0.0,0,886,0.0,0,886,0.0,KICH;KIRC;KIRP
kidney,886,886,tpm_clean,ENSG00000189052,CGB5/8,1,0.11,0,0.0,0,886,0.0,0,886,0.0,KICH;KIRC;KIRP
kidney,886,886,tpm_clean,ENSG00000189064,GAGE2A,9,1.02,8,0.9,9,886,1.02,6,886,0.68,KICH;KIRC;KIRP
kidney,886,886,tpm_clean,ENSG00000189186,DCAF8L2,0,0.0,0,0.0,0,886,0.0,0,886,0.0,KICH;KIRC;KIRP
kidney,886,886,tpm_clean,ENSG00000189252,SPANXN3,0,0.0,0,0.0,0,886,0.0,0,886,0.0,KICH;KIRC;KIRP
kidney,886,886,tpm_clean,ENSG00000189326,SPANXN4,0,0.0,0,0.0,0,886,0.0,0,886,0.0,KICH;KIRC;KIRP
kidney,886,886,tpm_clean,ENSG00000189357,SPATA31D4,0,0.0,0,0.0,0,886,0.0,0,886,0.0,KICH;KIRC;KIRP
kidney,886,886,tpm_clean,ENSG00000196350,ZNF729,0,0.0,0,0.0,0,886,0.0,0,886,0.0,KICH;KIRC;KIRP
kidney,886,886,tpm_clean,ENSG00000196406,SPANXD,0,0.0,0,0.0,0,886,0.0,0,886,0.0,KICH;KIRC;KIRP
kidney,886,886,tpm_clean,ENSG00000196553,CCDC196,0,0.0,0,0.0,0,886,0.0,0,886,0.0,KICH;KIRC;KIRP
kidney,886,886,tpm_clean,ENSG00000196604,POTEF,0,0.0,0,0.0,0,886,0.0,0,886,0.0,KICH;KIRC;KIRP
kidney,886,886,tpm_clean,ENSG00000196862,RGPD4,0,0.0,0,0.0,0,886,0.0,0,886,0.0,KICH;KIRC;KIRP
kidney,886,886,tpm_clean,ENSG00000197172,MAGEA6,8,0.9,3,0.34,6,886,0.68,1,886,0.11,KICH;KIRC;KIRP
kidney,886,886,tpm_clean,ENSG00000198021,SPANXA1/2,1,0.11,1,0.11,1,886,0.11,0,886,0.0,KICH;KIRC;KIRP
kidney,886,886,tpm_clean,ENSG00000198573,SPANXC,0,0.0,0,0.0,0,886,0.0,0,886,0.0,KICH;KIRC;KIRP
kidney,886,886,tpm_clean,ENSG00000198681,MAGEA1,0,0.0,0,0.0,0,886,0.0,0,886,0.0,KICH;KIRC;KIRP
kidney,886,886,tpm_clean,ENSG00000198759,EGFL6,7,0.79,3,0.34,3,886,0.34,3,886,0.34,KICH;KIRC;KIRP
kidney,886,886,tpm_clean,ENSG00000198765,SYCP1,0,0.0,0,0.0,0,886,0.0,0,886,0.0,KICH;KIRC;KIRP
kidney,886,886,tpm_clean,ENSG00000198870,STKLD1,0,0.0,0,0.0,0,886,0.0,0,886,0.0,KICH;KIRC;KIRP
kidney,886,886,tpm_clean,ENSG00000203909,DPPA5,0,0.0,0,0.0,0,886,0.0,0,886,0.0,KICH;KIRC;KIRP
kidney,886,886,tpm_clean,ENSG00000203923,SPANXN1,0,0.0,0,0.0,0,886,0.0,0,886,0.0,KICH;KIRC;KIRP
kidney,886,886,tpm_clean,ENSG00000204019,CT83,1,0.11,0,0.0,1,886,0.11,0,886,0.0,KICH;KIRC;KIRP
kidney,886,886,tpm_clean,ENSG00000204279,PAGE3,0,0.0,0,0.0,0,886,0.0,0,886,0.0,KICH;KIRC;KIRP
kidney,886,886,tpm_clean,ENSG00000204363,SPANXN5,0,0.0,0,0.0,0,886,0.0,0,886,0.0,KICH;KIRC;KIRP
kidney,886,886,tpm_clean,ENSG00000204379,XAGE1A/B,10,1.13,9,1.02,9,886,1.02,8,886,0.9,KICH;KIRC;KIRP
kidney,886,886,tpm_clean,ENSG00000204450,TRIM64,0,0.0,0,0.0,0,886,0.0,0,886,0.0,KICH;KIRC;KIRP
kidney,886,886,tpm_clean,ENSG00000204849,SPATA31A1,0,0.0,0,0.0,0,886,0.0,0,886,0.0,KICH;KIRC;KIRP
kidney,886,886,tpm_clean,ENSG00000204941,PSG5,28,3.16,13,1.47,20,886,2.26,5,886,0.56,KICH;KIRC;KIRP
kidney,886,886,tpm_clean,ENSG00000204961,PCDHA9,0,0.0,0,0.0,0,886,0.0,0,886,0.0,KICH;KIRC;KIRP
kidney,886,886,tpm_clean,ENSG00000205359,SLCO6A1,0,0.0,0,0.0,0,886,0.0,0,886,0.0,KICH;KIRC;KIRP
kidney,886,886,tpm_clean,ENSG00000205642,VCX3B,2,0.23,2,0.23,2,886,0.23,1,886,0.11,KICH;KIRC;KIRP
kidney,886,886,tpm_clean,ENSG00000205777,GAGE1,6,0.68,5,0.56,5,886,0.56,3,886,0.34,KICH;KIRC;KIRP
kidney,886,886,tpm_clean,ENSG00000212710,CTAGE1,0,0.0,0,0.0,0,886,0.0,0,886,0.0,KICH;KIRC;KIRP
kidney,886,886,tpm_clean,ENSG00000213218,CSH2,0,0.0,0,0.0,0,886,0.0,0,886,0.0,KICH;KIRC;KIRP
kidney,886,886,tpm_clean,ENSG00000213401,MAGEA12,4,0.45,0,0.0,0,886,0.0,0,886,0.0,KICH;KIRC;KIRP
kidney,886,886,tpm_clean,ENSG00000214107,MAGEB1,1,0.11,0,0.0,0,886,0.0,0,886,0.0,KICH;KIRC;KIRP
kidney,886,886,tpm_clean,ENSG00000215113,CXorf49/CXorf49B,0,0.0,0,0.0,0,886,0.0,0,886,0.0,KICH;KIRC;KIRP
kidney,886,886,tpm_clean,ENSG00000215269,GAGE12F/G,0,0.0,0,0.0,0,886,0.0,0,886,0.0,KICH;KIRC;KIRP
kidney,886,886,tpm_clean,ENSG00000215274,GAGE10,1,0.11,0,0.0,0,886,0.0,0,886,0.0,KICH;KIRC;KIRP
kidney,886,886,tpm_clean,ENSG00000215529,EFCAB8,0,0.0,0,0.0,0,886,0.0,0,886,0.0,KICH;KIRC;KIRP
kidney,886,886,tpm_clean,ENSG00000215817,ZC3H11B,0,0.0,0,0.0,0,886,0.0,0,886,0.0,KICH;KIRC;KIRP
kidney,886,886,tpm_clean,ENSG00000216649,GAGE12C/D/E,6,0.68,5,0.56,6,886,0.68,3,886,0.34,KICH;KIRC;KIRP
kidney,886,886,tpm_clean,ENSG00000221826,PSG3,0,0.0,0,0.0,0,886,0.0,0,886,0.0,KICH;KIRC;KIRP
kidney,886,886,tpm_clean,ENSG00000221867,MAGEA3,7,0.79,1,0.11,2,886,0.23,1,886,0.11,KICH;KIRC;KIRP
kidney,886,886,tpm_clean,ENSG00000221878,PSG7,0,0.0,0,0.0,0,886,0.0,0,886,0.0,KICH;KIRC;KIRP
kidney,886,886,tpm_clean,ENSG00000224089,CT47A1/2/3/4/5/6/7/8/9/10/11/12,0,0.0,0,0.0,0,886,0.0,0,886,0.0,KICH;KIRC;KIRP
kidney,886,886,tpm_clean,ENSG00000224440,CXorf51A/B,0,0.0,0,0.0,0,886,0.0,0,886,0.0,KICH;KIRC;KIRP
kidney,886,886,tpm_clean,ENSG00000224659,GAGE12J,4,0.45,2,0.23,2,886,0.23,2,886,0.23,KICH;KIRC;KIRP
kidney,886,886,tpm_clean,ENSG00000224902,GAGE12H,5,0.56,3,0.34,4,886,0.45,2,886,0.23,KICH;KIRC;KIRP
kidney,886,0,tpm_clean,ENSG00000224960,PPP4R3C,0,,0,,0,0,,0,0,,KICH;KIRC;KIRP
kidney,886,886,tpm_clean,ENSG00000226650,KIF4B,0,0.0,0,0.0,0,886,0.0,0,886,0.0,KICH;KIRC;KIRP
kidney,886,886,tpm_clean,ENSG00000227234,SPANXB1,2,0.23,2,0.23,2,886,0.23,1,886,0.11,KICH;KIRC;KIRP
kidney,886,886,tpm_clean,ENSG00000228836,CT45A5/6/7,0,0.0,0,0.0,0,886,0.0,0,886,0.0,KICH;KIRC;KIRP
kidney,886,886,tpm_clean,ENSG00000228927,TSPY3,0,0.0,0,0.0,0,886,0.0,0,886,0.0,KICH;KIRC;KIRP
kidney,886,886,tpm_clean,ENSG00000229549,TSPY8,0,0.0,0,0.0,0,886,0.0,0,886,0.0,KICH;KIRC;KIRP
kidney,886,0,tpm_clean,ENSG00000230601,TEX48,0,,0,,0,0,,0,0,,KICH;KIRC;KIRP
kidney,886,886,tpm_clean,ENSG00000231924,PSG1,0,0.0,0,0.0,0,886,0.0,0,886,0.0,KICH;KIRC;KIRP
kidney,886,886,tpm_clean,ENSG00000233056,ERVH48-1,0,0.0,0,0.0,0,886,0.0,0,886,0.0,KICH;KIRC;KIRP
kidney,886,886,tpm_clean,ENSG00000233803,TSPY4,0,0.0,0,0.0,0,886,0.0,0,886,0.0,KICH;KIRC;KIRP
kidney,886,886,tpm_clean,ENSG00000234068,PAGE2,6,0.68,3,0.34,3,886,0.34,3,886,0.34,KICH;KIRC;KIRP
kidney,886,886,tpm_clean,ENSG00000234414,RBMY1A1,0,0.0,0,0.0,0,886,0.0,0,886,0.0,KICH;KIRC;KIRP
kidney,886,886,tpm_clean,ENSG00000235631,RNF148,0,0.0,0,0.0,0,886,0.0,0,886,0.0,KICH;KIRC;KIRP
kidney,886,886,tpm_clean,ENSG00000236424,TSPY10,0,0.0,0,0.0,0,886,0.0,0,886,0.0,KICH;KIRC;KIRP
kidney,886,886,tpm_clean,ENSG00000236446,CT47B1,1,0.11,1,0.11,1,886,0.11,1,886,0.11,KICH;KIRC;KIRP
kidney,886,886,tpm_clean,ENSG00000236761,CTAGE9,1,0.11,0,0.0,0,886,0.0,0,886,0.0,KICH;KIRC;KIRP
kidney,886,886,tpm_clean,ENSG00000238269,PAGE2B,6,0.68,6,0.68,6,886,0.68,6,886,0.68,KICH;KIRC;KIRP
kidney,886,886,tpm_clean,ENSG00000240021,TEX35,0,0.0,0,0.0,0,886,0.0,0,886,0.0,KICH;KIRC;KIRP
kidney,886,0,tpm_clean,ENSG00000241149,ZNF722,0,,0,,0,0,,0,0,,KICH;KIRC;KIRP
kidney,886,886,tpm_clean,ENSG00000241476,SSX2/SSX2B,1,0.11,1,0.11,1,886,0.11,1,886,0.11,KICH;KIRC;KIRP
kidney,886,886,tpm_clean,ENSG00000242221,PSG2,1,0.11,0,0.0,0,886,0.0,0,886,0.0,KICH;KIRC;KIRP
kidney,886,886,tpm_clean,ENSG00000242389,RBMY1E,0,0.0,0,0.0,0,886,0.0,0,886,0.0,KICH;KIRC;KIRP
kidney,886,886,tpm_clean,ENSG00000242875,RBMY1B,0,0.0,0,0.0,0,886,0.0,0,886,0.0,KICH;KIRC;KIRP
kidney,886,886,tpm_clean,ENSG00000243130,PSG11,0,0.0,0,0.0,0,886,0.0,0,886,0.0,KICH;KIRC;KIRP
kidney,886,886,tpm_clean,ENSG00000244395,RBMY1D,0,0.0,0,0.0,0,886,0.0,0,886,0.0,KICH;KIRC;KIRP
kidney,886,886,tpm_clean,ENSG00000244588,RAD21L1,0,0.0,0,0.0,0,886,0.0,0,886,0.0,KICH;KIRC;KIRP
kidney,886,886,tpm_clean,ENSG00000249861,LGALS16,0,0.0,0,0.0,0,886,0.0,0,886,0.0,KICH;KIRC;KIRP
kidney,886,886,tpm_clean,ENSG00000250741,NT5C1B-RDH14,0,0.0,0,0.0,0,886,0.0,0,886,0.0,KICH;KIRC;KIRP
kidney,886,886,tpm_clean,ENSG00000251258,RFPL4B,0,0.0,0,0.0,0,886,0.0,0,886,0.0,KICH;KIRC;KIRP
kidney,886,886,tpm_clean,ENSG00000258713,C20orf141,0,0.0,0,0.0,0,886,0.0,0,886,0.0,KICH;KIRC;KIRP
kidney,886,886,tpm_clean,ENSG00000258992,TSPY1,0,0.0,0,0.0,0,886,0.0,0,886,0.0,KICH;KIRC;KIRP
kidney,886,886,tpm_clean,ENSG00000261649,GOLGA6L7,1,0.11,0,0.0,0,886,0.0,0,886,0.0,KICH;KIRC;KIRP
kidney,886,886,tpm_clean,ENSG00000261949,GFY,0,0.0,0,0.0,0,886,0.0,0,886,0.0,KICH;KIRC;KIRP
kidney,886,886,tpm_clean,ENSG00000268009,SSX4/SSX4B,0,0.0,0,0.0,0,886,0.0,0,886,0.0,KICH;KIRC;KIRP
kidney,886,886,tpm_clean,ENSG00000268629,TEX13A,0,0.0,0,0.0,0,886,0.0,0,886,0.0,KICH;KIRC;KIRP
kidney,886,886,tpm_clean,ENSG00000268696,ZNF723,0,0.0,0,0.0,0,886,0.0,0,886,0.0,KICH;KIRC;KIRP
kidney,886,886,tpm_clean,ENSG00000268964,ERVV-2,4,0.45,3,0.34,3,886,0.34,3,886,0.34,KICH;KIRC;KIRP
kidney,886,886,tpm_clean,ENSG00000268988,SPANXN2,0,0.0,0,0.0,0,886,0.0,0,886,0.0,KICH;KIRC;KIRP
kidney,886,886,tpm_clean,ENSG00000269058,CALR3,0,0.0,0,0.0,0,886,0.0,0,886,0.0,KICH;KIRC;KIRP
kidney,886,886,tpm_clean,ENSG00000269586,CT45A10,1,0.11,0,0.0,0,886,0.0,0,886,0.0,KICH;KIRC;KIRP
kidney,886,886,tpm_clean,ENSG00000270806,C17orf50,0,0.0,0,0.0,0,886,0.0,0,886,0.0,KICH;KIRC;KIRP
kidney,886,886,tpm_clean,ENSG00000270946,CT45A2/8/9,0,0.0,0,0.0,0,886,0.0,0,886,0.0,KICH;KIRC;KIRP
kidney,886,886,tpm_clean,ENSG00000271321,CTAGE6,0,0.0,0,0.0,0,886,0.0,0,886,0.0,KICH;KIRC;KIRP
kidney,886,886,tpm_clean,ENSG00000274274,GAGE13,4,0.45,3,0.34,3,886,0.34,3,886,0.34,KICH;KIRC;KIRP
kidney,886,886,tpm_clean,ENSG00000274391,TPTE,0,0.0,0,0.0,0,886,0.0,0,886,0.0,KICH;KIRC;KIRP
kidney,886,886,tpm_clean,ENSG00000275793,RIMBP3,0,0.0,0,0.0,0,886,0.0,0,886,0.0,KICH;KIRC;KIRP
kidney,886,886,tpm_clean,ENSG00000275969,SPATA31A3,0,0.0,0,0.0,0,886,0.0,0,886,0.0,KICH;KIRC;KIRP
kidney,886,886,tpm_clean,ENSG00000276040,SPATA31A7,0,0.0,0,0.0,0,886,0.0,0,886,0.0,KICH;KIRC;KIRP
kidney,886,886,tpm_clean,ENSG00000276581,SPATA31A5,0,0.0,0,0.0,0,886,0.0,0,886,0.0,KICH;KIRC;KIRP
kidney,886,886,tpm_clean,ENSG00000277322,GOLGA6L6,0,0.0,0,0.0,0,886,0.0,0,886,0.0,KICH;KIRC;KIRP
kidney,886,0,tpm_clean,ENSG00000282815,TEX13C,0,,0,,0,0,,0,0,,KICH;KIRC;KIRP
leukemia_AML,173,173,tpm_clean,ENSG00000006047,YBX2,0,0.0,0,0.0,0,173,0.0,0,173,0.0,LAML
leukemia_AML,173,173,tpm_clean,ENSG00000006659,LGALS14,0,0.0,0,0.0,0,173,0.0,0,173,0.0,LAML
leukemia_AML,173,173,tpm_clean,ENSG00000007350,TKTL1,6,3.47,3,1.73,3,173,1.73,3,173,1.73,LAML
leukemia_AML,173,173,tpm_clean,ENSG00000010318,PHF7,79,45.66,1,0.58,2,173,1.16,0,173,0.0,LAML
leukemia_AML,173,173,tpm_clean,ENSG00000042813,ZPBP,0,0.0,0,0.0,0,173,0.0,0,173,0.0,LAML
leukemia_AML,173,173,tpm_clean,ENSG00000046774,MAGEC2,0,0.0,0,0.0,0,173,0.0,0,173,0.0,LAML
leukemia_AML,173,173,tpm_clean,ENSG00000054796,SPO11,0,0.0,0,0.0,0,173,0.0,0,173,0.0,LAML
leukemia_AML,173,173,tpm_clean,ENSG00000068985,PAGE1,0,0.0,0,0.0,0,173,0.0,0,173,0.0,LAML
leukemia_AML,173,173,tpm_clean,ENSG00000077800,FKBP6,0,0.0,0,0.0,0,173,0.0,0,173,0.0,LAML
leukemia_AML,173,173,tpm_clean,ENSG00000077935,SMC1B,0,0.0,0,0.0,0,173,0.0,0,173,0.0,LAML
leukemia_AML,173,173,tpm_clean,ENSG00000092345,DAZL,0,0.0,0,0.0,0,173,0.0,0,173,0.0,LAML
leukemia_AML,173,173,tpm_clean,ENSG00000095627,TDRD1,1,0.58,0,0.0,0,173,0.0,0,173,0.0,LAML
leukemia_AML,173,173,tpm_clean,ENSG00000099399,MAGEB2,0,0.0,0,0.0,0,173,0.0,0,173,0.0,LAML
leukemia_AML,173,173,tpm_clean,ENSG00000102021,LUZP4,0,0.0,0,0.0,0,173,0.0,0,173,0.0,LAML
leukemia_AML,173,173,tpm_clean,ENSG00000103023,PRSS54,0,0.0,0,0.0,0,173,0.0,0,173,0.0,LAML
leukemia_AML,173,173,tpm_clean,ENSG00000104755,ADAM2,0,0.0,0,0.0,0,173,0.0,0,173,0.0,LAML
leukemia_AML,173,173,tpm_clean,ENSG00000104804,TULP2,1,0.58,0,0.0,0,173,0.0,0,173,0.0,LAML
leukemia_AML,173,173,tpm_clean,ENSG00000104818,CGB2,0,0.0,0,0.0,0,173,0.0,0,173,0.0,LAML
leukemia_AML,173,173,tpm_clean,ENSG00000104901,DKKL1,0,0.0,0,0.0,0,173,0.0,0,173,0.0,LAML
leukemia_AML,173,173,tpm_clean,ENSG00000105198,LGALS13,0,0.0,0,0.0,0,173,0.0,0,173,0.0,LAML
leukemia_AML,173,173,tpm_clean,ENSG00000106013,ANKRD7,0,0.0,0,0.0,0,173,0.0,0,173,0.0,LAML
leukemia_AML,173,173,tpm_clean,ENSG00000106304,SPAM1,0,0.0,0,0.0,0,173,0.0,0,173,0.0,LAML
leukemia_AML,173,173,tpm_clean,ENSG00000114487,MORC1,0,0.0,0,0.0,0,173,0.0,0,173,0.0,LAML
leukemia_AML,173,173,tpm_clean,ENSG00000117148,ACTL8,0,0.0,0,0.0,0,173,0.0,0,173,0.0,LAML
leukemia_AML,173,173,tpm_clean,ENSG00000118434,SPACA1,0,0.0,0,0.0,0,173,0.0,0,173,0.0,LAML
leukemia_AML,173,173,tpm_clean,ENSG00000118491,ZC2HC1B,0,0.0,0,0.0,0,173,0.0,0,173,0.0,LAML
leukemia_AML,173,173,tpm_clean,ENSG00000121101,TEX14,0,0.0,0,0.0,0,173,0.0,0,173,0.0,LAML
leukemia_AML,173,173,tpm_clean,ENSG00000122304,PRM2,0,0.0,0,0.0,0,173,0.0,0,173,0.0,LAML
leukemia_AML,173,173,tpm_clean,ENSG00000123576,ESX1,0,0.0,0,0.0,0,173,0.0,0,173,0.0,LAML
leukemia_AML,173,173,tpm_clean,ENSG00000123584,MAGEA9/MAGEA9B,0,0.0,0,0.0,0,173,0.0,0,173,0.0,LAML
leukemia_AML,173,173,tpm_clean,ENSG00000124092,CTCFL,0,0.0,0,0.0,0,173,0.0,0,173,0.0,LAML
leukemia_AML,173,173,tpm_clean,ENSG00000124227,ANKRD60,0,0.0,0,0.0,0,173,0.0,0,173,0.0,LAML
leukemia_AML,173,173,tpm_clean,ENSG00000124260,MAGEA10,0,0.0,0,0.0,0,173,0.0,0,173,0.0,LAML
leukemia_AML,173,173,tpm_clean,ENSG00000124467,PSG8,0,0.0,0,0.0,0,173,0.0,0,173,0.0,LAML
leukemia_AML,173,173,tpm_clean,ENSG00000124490,CRISP2,0,0.0,0,0.0,0,173,0.0,0,173,0.0,LAML
leukemia_AML,173,173,tpm_clean,ENSG00000125207,PIWIL1,0,0.0,0,0.0,0,173,0.0,0,173,0.0,LAML
leukemia_AML,173,173,tpm_clean,ENSG00000125823,CSTL1,0,0.0,0,0.0,0,173,0.0,0,173,0.0,LAML
leukemia_AML,173,173,tpm_clean,ENSG00000126467,TSKS,0,0.0,0,0.0,0,173,0.0,0,173,0.0,LAML
leukemia_AML,173,173,tpm_clean,ENSG00000126752,SSX1,0,0.0,0,0.0,0,173,0.0,0,173,0.0,LAML
leukemia_AML,173,173,tpm_clean,ENSG00000126856,PRDM7,0,0.0,0,0.0,0,173,0.0,0,173,0.0,LAML
leukemia_AML,173,173,tpm_clean,ENSG00000129862,VCY/VCY1B,0,0.0,0,0.0,0,173,0.0,0,173,0.0,LAML
leukemia_AML,173,173,tpm_clean,ENSG00000130950,NUTM2F,0,0.0,0,0.0,0,173,0.0,0,173,0.0,LAML
leukemia_AML,173,173,tpm_clean,ENSG00000131126,TEX101,0,0.0,0,0.0,0,173,0.0,0,173,0.0,LAML
leukemia_AML,173,173,tpm_clean,ENSG00000132446,FTHL17,0,0.0,0,0.0,0,173,0.0,0,173,0.0,LAML
leukemia_AML,173,173,tpm_clean,ENSG00000135248,GARIN1B,0,0.0,0,0.0,0,173,0.0,0,173,0.0,LAML
leukemia_AML,173,173,tpm_clean,ENSG00000137090,DMRT1,0,0.0,0,0.0,0,173,0.0,0,173,0.0,LAML
leukemia_AML,173,173,tpm_clean,ENSG00000137948,BRDT,0,0.0,0,0.0,0,173,0.0,0,173,0.0,LAML
leukemia_AML,173,173,tpm_clean,ENSG00000139351,SYCP3,0,0.0,0,0.0,0,173,0.0,0,173,0.0,LAML
leukemia_AML,173,173,tpm_clean,ENSG00000140478,GOLGA6D,0,0.0,0,0.0,0,173,0.0,0,173,0.0,LAML
leukemia_AML,173,173,tpm_clean,ENSG00000141096,DPEP3,5,2.89,3,1.73,3,173,1.73,1,173,0.58,LAML
leukemia_AML,173,173,tpm_clean,ENSG00000141255,SPATA22,0,0.0,0,0.0,0,173,0.0,0,173,0.0,LAML
leukemia_AML,173,173,tpm_clean,ENSG00000141316,SPACA3,0,0.0,0,0.0,0,173,0.0,0,173,0.0,LAML
leukemia_AML,173,173,tpm_clean,ENSG00000141371,CHCT1,0,0.0,0,0.0,0,173,0.0,0,173,0.0,LAML
leukemia_AML,173,173,tpm_clean,ENSG00000141437,SLC25A52,0,0.0,0,0.0,0,173,0.0,0,173,0.0,LAML
leukemia_AML,173,173,tpm_clean,ENSG00000142025,DMRTC2,0,0.0,0,0.0,0,173,0.0,0,173,0.0,LAML
leukemia_AML,173,173,tpm_clean,ENSG00000142698,C1orf94,0,0.0,0,0.0,0,173,0.0,0,173,0.0,LAML
leukemia_AML,173,173,tpm_clean,ENSG00000143006,DMRTB1,0,0.0,0,0.0,0,173,0.0,0,173,0.0,LAML
leukemia_AML,173,173,tpm_clean,ENSG00000143452,HORMAD1,0,0.0,0,0.0,0,173,0.0,0,173,0.0,LAML
leukemia_AML,173,173,tpm_clean,ENSG00000144962,SPATA16,0,0.0,0,0.0,0,173,0.0,0,173,0.0,LAML
leukemia_AML,173,173,tpm_clean,ENSG00000145309,CABS1,0,0.0,0,0.0,0,173,0.0,0,173,0.0,LAML
leukemia_AML,173,173,tpm_clean,ENSG00000147081,AKAP4,0,0.0,0,0.0,0,173,0.0,0,173,0.0,LAML
leukemia_AML,173,173,tpm_clean,ENSG00000147183,CPXCR1,0,0.0,0,0.0,0,173,0.0,0,173,0.0,LAML
leukemia_AML,173,173,tpm_clean,ENSG00000147378,FATE1,0,0.0,0,0.0,0,173,0.0,0,173,0.0,LAML
leukemia_AML,173,173,tpm_clean,ENSG00000147381,MAGEA4,0,0.0,0,0.0,0,173,0.0,0,173,0.0,LAML
leukemia_AML,173,173,tpm_clean,ENSG00000148156,ACTL7B,0,0.0,0,0.0,0,173,0.0,0,173,0.0,LAML
leukemia_AML,173,173,tpm_clean,ENSG00000150628,SPATA4,0,0.0,0,0.0,0,173,0.0,0,173,0.0,LAML
leukemia_AML,173,173,tpm_clean,ENSG00000151962,RBM46,0,0.0,0,0.0,0,173,0.0,0,173,0.0,LAML
leukemia_AML,173,173,tpm_clean,ENSG00000152430,BOLL,0,0.0,0,0.0,0,173,0.0,0,173,0.0,LAML
leukemia_AML,173,173,tpm_clean,ENSG00000152670,DDX4,0,0.0,0,0.0,0,173,0.0,0,173,0.0,LAML
leukemia_AML,173,173,tpm_clean,ENSG00000153060,TEKT5,0,0.0,0,0.0,0,173,0.0,0,173,0.0,LAML
leukemia_AML,173,173,tpm_clean,ENSG00000153779,TGIF2LX,0,0.0,0,0.0,0,173,0.0,0,173,0.0,LAML
leukemia_AML,173,173,tpm_clean,ENSG00000155087,ODF1,0,0.0,0,0.0,0,173,0.0,0,173,0.0,LAML
leukemia_AML,173,173,tpm_clean,ENSG00000155495,MAGEC1,0,0.0,0,0.0,0,173,0.0,0,173,0.0,LAML
leukemia_AML,173,173,tpm_clean,ENSG00000155622,XAGE2,0,0.0,0,0.0,0,173,0.0,0,173,0.0,LAML
leukemia_AML,173,173,tpm_clean,ENSG00000156009,MAGEA8,0,0.0,0,0.0,0,173,0.0,0,173,0.0,LAML
leukemia_AML,173,173,tpm_clean,ENSG00000156269,NAA11,0,0.0,0,0.0,0,173,0.0,0,173,0.0,LAML
leukemia_AML,173,173,tpm_clean,ENSG00000158639,PAGE5,0,0.0,0,0.0,0,173,0.0,0,173,0.0,LAML
leukemia_AML,173,173,tpm_clean,ENSG00000159289,GOLGA6A,0,0.0,0,0.0,0,173,0.0,0,173,0.0,LAML
leukemia_AML,173,173,tpm_clean,ENSG00000159708,LRRC36,0,0.0,0,0.0,0,173,0.0,0,173,0.0,LAML
leukemia_AML,173,173,tpm_clean,ENSG00000161860,SYCE2,0,0.0,0,0.0,0,173,0.0,0,173,0.0,LAML
leukemia_AML,173,173,tpm_clean,ENSG00000161973,CCDC42,0,0.0,0,0.0,0,173,0.0,0,173,0.0,LAML
leukemia_AML,173,173,tpm_clean,ENSG00000162039,MEIOB,0,0.0,0,0.0,0,173,0.0,0,173,0.0,LAML
leukemia_AML,173,173,tpm_clean,ENSG00000162641,AKNAD1,0,0.0,0,0.0,0,173,0.0,0,173,0.0,LAML
leukemia_AML,173,173,tpm_clean,ENSG00000162771,GARIN4,0,0.0,0,0.0,0,173,0.0,0,173,0.0,LAML
leukemia_AML,173,173,tpm_clean,ENSG00000162843,WDR64,0,0.0,0,0.0,0,173,0.0,0,173,0.0,LAML
leukemia_AML,173,173,tpm_clean,ENSG00000163114,PDHA2,0,0.0,0,0.0,0,173,0.0,0,173,0.0,LAML
leukemia_AML,173,173,tpm_clean,ENSG00000163530,DPPA2,0,0.0,0,0.0,0,173,0.0,0,173,0.0,LAML
leukemia_AML,173,173,tpm_clean,ENSG00000164113,ADAD1,0,0.0,0,0.0,0,173,0.0,0,173,0.0,LAML
leukemia_AML,173,173,tpm_clean,ENSG00000164304,CAGE1,0,0.0,0,0.0,0,173,0.0,0,173,0.0,LAML
leukemia_AML,173,173,tpm_clean,ENSG00000165583,SSX5,0,0.0,0,0.0,0,173,0.0,0,173,0.0,LAML
leukemia_AML,173,173,tpm_clean,ENSG00000165584,SSX3,0,0.0,0,0.0,0,173,0.0,0,173,0.0,LAML
leukemia_AML,173,173,tpm_clean,ENSG00000166049,PASD1,0,0.0,0,0.0,0,173,0.0,0,173,0.0,LAML
leukemia_AML,173,173,tpm_clean,ENSG00000166069,TMCO5A,0,0.0,0,0.0,0,173,0.0,0,173,0.0,LAML
leukemia_AML,173,173,tpm_clean,ENSG00000166118,SPATA19,0,0.0,0,0.0,0,173,0.0,0,173,0.0,LAML
leukemia_AML,173,173,tpm_clean,ENSG00000166796,LDHC,0,0.0,0,0.0,0,173,0.0,0,173,0.0,LAML
leukemia_AML,173,173,tpm_clean,ENSG00000167098,SUN5,0,0.0,0,0.0,0,173,0.0,0,173,0.0,LAML
leukemia_AML,173,173,tpm_clean,ENSG00000168594,ADAM29,0,0.0,0,0.0,0,173,0.0,0,173,0.0,LAML
leukemia_AML,173,173,tpm_clean,ENSG00000168757,TSPY2,0,0.0,0,0.0,0,173,0.0,0,173,0.0,LAML
leukemia_AML,173,173,tpm_clean,ENSG00000169059,VCX3A,0,0.0,0,0.0,0,173,0.0,0,173,0.0,LAML
leukemia_AML,173,173,tpm_clean,ENSG00000169551,CT55,0,0.0,0,0.0,0,173,0.0,0,173,0.0,LAML
leukemia_AML,173,173,tpm_clean,ENSG00000169800,RBMY1F,0,0.0,0,0.0,0,173,0.0,0,173,0.0,LAML
leukemia_AML,173,173,tpm_clean,ENSG00000170516,COX7B2,0,0.0,0,0.0,0,173,0.0,0,173,0.0,LAML
leukemia_AML,173,173,tpm_clean,ENSG00000170748,RBMXL2,0,0.0,0,0.0,0,173,0.0,0,173,0.0,LAML
leukemia_AML,173,173,tpm_clean,ENSG00000170848,PSG6,0,0.0,0,0.0,0,173,0.0,0,173,0.0,LAML
leukemia_AML,173,173,tpm_clean,ENSG00000170950,PGK2,0,0.0,0,0.0,0,173,0.0,0,173,0.0,LAML
leukemia_AML,173,173,tpm_clean,ENSG00000170965,PLAC1,0,0.0,0,0.0,0,173,0.0,0,173,0.0,LAML
leukemia_AML,173,173,tpm_clean,ENSG00000171402,XAGE3,0,0.0,0,0.0,0,173,0.0,0,173,0.0,LAML
leukemia_AML,173,173,tpm_clean,ENSG00000171405,XAGE5,0,0.0,0,0.0,0,173,0.0,0,173,0.0,LAML
leukemia_AML,173,173,tpm_clean,ENSG00000171794,UTF1,0,0.0,0,0.0,0,173,0.0,0,173,0.0,LAML
leukemia_AML,173,173,tpm_clean,ENSG00000172073,TEX37,0,0.0,0,0.0,0,173,0.0,0,173,0.0,LAML
leukemia_AML,173,173,tpm_clean,ENSG00000172717,GARIN2,0,0.0,0,0.0,0,173,0.0,0,173,0.0,LAML
leukemia_AML,173,173,tpm_clean,ENSG00000174015,CBY2,0,0.0,0,0.0,0,173,0.0,0,173,0.0,LAML
leukemia_AML,173,173,tpm_clean,ENSG00000174016,TENT5D,0,0.0,0,0.0,0,173,0.0,0,173,0.0,LAML
leukemia_AML,173,173,tpm_clean,ENSG00000174898,CATSPERD,0,0.0,0,0.0,0,173,0.0,0,173,0.0,LAML
leukemia_AML,173,173,tpm_clean,ENSG00000175646,PRM1,0,0.0,0,0.0,0,173,0.0,0,173,0.0,LAML
leukemia_AML,173,173,tpm_clean,ENSG00000175809,CBLL2,0,0.0,0,0.0,0,173,0.0,0,173,0.0,LAML
leukemia_AML,173,173,tpm_clean,ENSG00000175820,CCDC168,0,0.0,0,0.0,0,173,0.0,0,173,0.0,LAML
leukemia_AML,173,173,tpm_clean,ENSG00000175877,TMEM270,0,0.0,0,0.0,0,173,0.0,0,173,0.0,LAML
leukemia_AML,173,173,tpm_clean,ENSG00000176256,HMGB4,0,0.0,0,0.0,0,173,0.0,0,173,0.0,LAML
leukemia_AML,173,173,tpm_clean,ENSG00000176566,DCAF4L2,0,0.0,0,0.0,0,173,0.0,0,173,0.0,LAML
leukemia_AML,173,173,tpm_clean,ENSG00000176635,HORMAD2,0,0.0,0,0.0,0,173,0.0,0,173,0.0,LAML
leukemia_AML,173,173,tpm_clean,ENSG00000176746,MAGEB6,0,0.0,0,0.0,0,173,0.0,0,173,0.0,LAML
leukemia_AML,173,173,tpm_clean,ENSG00000176774,MAGEB18,0,0.0,0,0.0,0,173,0.0,0,173,0.0,LAML
leukemia_AML,173,173,tpm_clean,ENSG00000176988,FMR1NB,0,0.0,0,0.0,0,173,0.0,0,173,0.0,LAML
leukemia_AML,173,173,tpm_clean,ENSG00000177294,FBXO39,0,0.0,0,0.0,0,173,0.0,0,173,0.0,LAML
leukemia_AML,173,173,tpm_clean,ENSG00000177673,TEX44,0,0.0,0,0.0,0,173,0.0,0,173,0.0,LAML
leukemia_AML,173,173,tpm_clean,ENSG00000177689,MAGEB10,0,0.0,0,0.0,0,173,0.0,0,173,0.0,LAML
leukemia_AML,173,173,tpm_clean,ENSG00000177947,ODF3,0,0.0,0,0.0,0,173,0.0,0,173,0.0,LAML
leukemia_AML,173,173,tpm_clean,ENSG00000177992,SPATA31E1,0,0.0,0,0.0,0,173,0.0,0,173,0.0,LAML
leukemia_AML,173,173,tpm_clean,ENSG00000178021,TSPYL6,0,0.0,0,0.0,0,173,0.0,0,173,0.0,LAML
leukemia_AML,173,173,tpm_clean,ENSG00000178257,PRM3,0,0.0,0,0.0,0,173,0.0,0,173,0.0,LAML
leukemia_AML,173,173,tpm_clean,ENSG00000178279,TNP2,0,0.0,0,0.0,0,173,0.0,0,173,0.0,LAML
leukemia_AML,173,173,tpm_clean,ENSG00000178997,EXD1,0,0.0,0,0.0,0,173,0.0,0,173,0.0,LAML
leukemia_AML,173,173,tpm_clean,ENSG00000179046,TRIML2,0,0.0,0,0.0,0,173,0.0,0,173,0.0,LAML
leukemia_AML,173,173,tpm_clean,ENSG00000179059,ZFP42,0,0.0,0,0.0,0,173,0.0,0,173,0.0,LAML
leukemia_AML,173,173,tpm_clean,ENSG00000179088,C12orf42,0,0.0,0,0.0,0,173,0.0,0,173,0.0,LAML
leukemia_AML,173,173,tpm_clean,ENSG00000179407,DNAJB8,0,0.0,0,0.0,0,173,0.0,0,173,0.0,LAML
leukemia_AML,173,173,tpm_clean,ENSG00000180138,CSNK1A1L,0,0.0,0,0.0,0,173,0.0,0,173,0.0,LAML
leukemia_AML,173,173,tpm_clean,ENSG00000180336,MEIOC,0,0.0,0,0.0,0,173,0.0,0,173,0.0,LAML
leukemia_AML,173,173,tpm_clean,ENSG00000181323,SPEM1,0,0.0,0,0.0,0,173,0.0,0,173,0.0,LAML
leukemia_AML,173,173,tpm_clean,ENSG00000181433,SAGE1,4,2.31,0,0.0,0,173,0.0,0,173,0.0,LAML
leukemia_AML,173,173,tpm_clean,ENSG00000182308,DCAF4L1,0,0.0,0,0.0,0,173,0.0,0,173,0.0,LAML
leukemia_AML,173,173,tpm_clean,ENSG00000182459,TEX19,0,0.0,0,0.0,0,173,0.0,0,173,0.0,LAML
leukemia_AML,173,173,tpm_clean,ENSG00000182583,VCX,0,0.0,0,0.0,0,173,0.0,0,173,0.0,LAML
leukemia_AML,173,173,tpm_clean,ENSG00000183206,POTEC,0,0.0,0,0.0,0,173,0.0,0,173,0.0,LAML
leukemia_AML,173,173,tpm_clean,ENSG00000183305,MAGEA2/MAGEA2B,0,0.0,0,0.0,0,173,0.0,0,173,0.0,LAML
leukemia_AML,173,173,tpm_clean,ENSG00000183434,TFDP3,0,0.0,0,0.0,0,173,0.0,0,173,0.0,LAML
leukemia_AML,173,173,tpm_clean,ENSG00000183668,PSG9,0,0.0,0,0.0,0,173,0.0,0,173,0.0,LAML
leukemia_AML,173,173,tpm_clean,ENSG00000184033,CTAG1A/B,0,0.0,0,0.0,0,173,0.0,0,173,0.0,LAML
leukemia_AML,173,173,tpm_clean,ENSG00000184361,SPATA32,0,0.0,0,0.0,0,173,0.0,0,173,0.0,LAML
leukemia_AML,173,173,tpm_clean,ENSG00000184507,NUTM1,0,0.0,0,0.0,0,173,0.0,0,173,0.0,LAML
leukemia_AML,173,173,tpm_clean,ENSG00000184650,ODF4,0,0.0,0,0.0,0,173,0.0,0,173,0.0,LAML
leukemia_AML,173,173,tpm_clean,ENSG00000184735,DDX53,0,0.0,0,0.0,0,173,0.0,0,173,0.0,LAML
leukemia_AML,173,173,tpm_clean,ENSG00000185264,TEX33,0,0.0,0,0.0,0,173,0.0,0,173,0.0,LAML
leukemia_AML,173,173,tpm_clean,ENSG00000185686,PRAME,33,19.08,24,13.87,24,173,13.87,15,173,8.67,LAML
leukemia_AML,173,173,tpm_clean,ENSG00000185775,SPATA31A6,0,0.0,0,0.0,0,173,0.0,0,173,0.0,LAML
leukemia_AML,173,173,tpm_clean,ENSG00000185792,NLRP9,0,0.0,0,0.0,0,173,0.0,0,173,0.0,LAML
leukemia_AML,173,173,tpm_clean,ENSG00000185863,TMEM210,0,0.0,0,0.0,0,173,0.0,0,173,0.0,LAML
leukemia_AML,173,173,tpm_clean,ENSG00000186075,ZPBP2,0,0.0,0,0.0,0,173,0.0,0,173,0.0,LAML
leukemia_AML,173,173,tpm_clean,ENSG00000186118,TEX38,0,0.0,0,0.0,0,173,0.0,0,173,0.0,LAML
leukemia_AML,173,173,tpm_clean,ENSG00000186451,SPATA12,0,0.0,0,0.0,0,173,0.0,0,173,0.0,LAML
leukemia_AML,173,173,tpm_clean,ENSG00000186788,SPATA31D3,0,0.0,0,0.0,0,173,0.0,0,173,0.0,LAML
leukemia_AML,173,173,tpm_clean,ENSG00000187003,ACTL7A,0,0.0,0,0.0,0,173,0.0,0,173,0.0,LAML
leukemia_AML,173,173,tpm_clean,ENSG00000187191,DAZ3,0,0.0,0,0.0,0,173,0.0,0,173,0.0,LAML
leukemia_AML,173,173,tpm_clean,ENSG00000187754,SSX7,0,0.0,0,0.0,0,173,0.0,0,173,0.0,LAML
leukemia_AML,173,173,tpm_clean,ENSG00000187772,LIN28B,0,0.0,0,0.0,0,173,0.0,0,173,0.0,LAML
leukemia_AML,173,173,tpm_clean,ENSG00000188120,DAZ1,0,0.0,0,0.0,0,173,0.0,0,173,0.0,LAML
leukemia_AML,173,173,tpm_clean,ENSG00000188425,NANOS2,0,0.0,0,0.0,0,173,0.0,0,173,0.0,LAML
leukemia_AML,173,173,tpm_clean,ENSG00000188782,CATSPER4,0,0.0,0,0.0,0,173,0.0,0,173,0.0,LAML
leukemia_AML,173,173,tpm_clean,ENSG00000189023,MAGEB16,0,0.0,0,0.0,0,173,0.0,0,173,0.0,LAML
leukemia_AML,173,173,tpm_clean,ENSG00000189052,CGB5/8,0,0.0,0,0.0,0,173,0.0,0,173,0.0,LAML
leukemia_AML,173,173,tpm_clean,ENSG00000189064,GAGE2A,0,0.0,0,0.0,0,173,0.0,0,173,0.0,LAML
leukemia_AML,173,173,tpm_clean,ENSG00000189186,DCAF8L2,0,0.0,0,0.0,0,173,0.0,0,173,0.0,LAML
leukemia_AML,173,173,tpm_clean,ENSG00000189252,SPANXN3,0,0.0,0,0.0,0,173,0.0,0,173,0.0,LAML
leukemia_AML,173,173,tpm_clean,ENSG00000189326,SPANXN4,0,0.0,0,0.0,0,173,0.0,0,173,0.0,LAML
leukemia_AML,173,173,tpm_clean,ENSG00000189357,SPATA31D4,0,0.0,0,0.0,0,173,0.0,0,173,0.0,LAML
leukemia_AML,173,173,tpm_clean,ENSG00000196350,ZNF729,0,0.0,0,0.0,0,173,0.0,0,173,0.0,LAML
leukemia_AML,173,173,tpm_clean,ENSG00000196406,SPANXD,0,0.0,0,0.0,0,173,0.0,0,173,0.0,LAML
leukemia_AML,173,173,tpm_clean,ENSG00000196553,CCDC196,0,0.0,0,0.0,0,173,0.0,0,173,0.0,LAML
leukemia_AML,173,173,tpm_clean,ENSG00000196604,POTEF,0,0.0,0,0.0,0,173,0.0,0,173,0.0,LAML
leukemia_AML,173,173,tpm_clean,ENSG00000196862,RGPD4,0,0.0,0,0.0,0,173,0.0,0,173,0.0,LAML
leukemia_AML,173,173,tpm_clean,ENSG00000197172,MAGEA6,0,0.0,0,0.0,0,173,0.0,0,173,0.0,LAML
leukemia_AML,173,173,tpm_clean,ENSG00000198021,SPANXA1/2,0,0.0,0,0.0,0,173,0.0,0,173,0.0,LAML
leukemia_AML,173,173,tpm_clean,ENSG00000198573,SPANXC,0,0.0,0,0.0,0,173,0.0,0,173,0.0,LAML
leukemia_AML,173,173,tpm_clean,ENSG00000198681,MAGEA1,0,0.0,0,0.0,0,173,0.0,0,173,0.0,LAML
leukemia_AML,173,173,tpm_clean,ENSG00000198759,EGFL6,0,0.0,0,0.0,0,173,0.0,0,173,0.0,LAML
leukemia_AML,173,173,tpm_clean,ENSG00000198765,SYCP1,0,0.0,0,0.0,0,173,0.0,0,173,0.0,LAML
leukemia_AML,173,173,tpm_clean,ENSG00000198870,STKLD1,0,0.0,0,0.0,0,173,0.0,0,173,0.0,LAML
leukemia_AML,173,173,tpm_clean,ENSG00000203909,DPPA5,0,0.0,0,0.0,0,173,0.0,0,173,0.0,LAML
leukemia_AML,173,173,tpm_clean,ENSG00000203923,SPANXN1,0,0.0,0,0.0,0,173,0.0,0,173,0.0,LAML
leukemia_AML,173,173,tpm_clean,ENSG00000204019,CT83,0,0.0,0,0.0,0,173,0.0,0,173,0.0,LAML
leukemia_AML,173,173,tpm_clean,ENSG00000204279,PAGE3,0,0.0,0,0.0,0,173,0.0,0,173,0.0,LAML
leukemia_AML,173,173,tpm_clean,ENSG00000204363,SPANXN5,0,0.0,0,0.0,0,173,0.0,0,173,0.0,LAML
leukemia_AML,173,173,tpm_clean,ENSG00000204379,XAGE1A/B,11,6.36,9,5.2,8,173,4.62,7,173,4.05,LAML
leukemia_AML,173,173,tpm_clean,ENSG00000204450,TRIM64,0,0.0,0,0.0,0,173,0.0,0,173,0.0,LAML
leukemia_AML,173,173,tpm_clean,ENSG00000204849,SPATA31A1,0,0.0,0,0.0,0,173,0.0,0,173,0.0,LAML
leukemia_AML,173,173,tpm_clean,ENSG00000204941,PSG5,0,0.0,0,0.0,0,173,0.0,0,173,0.0,LAML
leukemia_AML,173,173,tpm_clean,ENSG00000204961,PCDHA9,0,0.0,0,0.0,0,173,0.0,0,173,0.0,LAML
leukemia_AML,173,173,tpm_clean,ENSG00000205359,SLCO6A1,0,0.0,0,0.0,0,173,0.0,0,173,0.0,LAML
leukemia_AML,173,173,tpm_clean,ENSG00000205642,VCX3B,0,0.0,0,0.0,0,173,0.0,0,173,0.0,LAML
leukemia_AML,173,173,tpm_clean,ENSG00000205777,GAGE1,0,0.0,0,0.0,0,173,0.0,0,173,0.0,LAML
leukemia_AML,173,173,tpm_clean,ENSG00000212710,CTAGE1,0,0.0,0,0.0,0,173,0.0,0,173,0.0,LAML
leukemia_AML,173,173,tpm_clean,ENSG00000213218,CSH2,0,0.0,0,0.0,0,173,0.0,0,173,0.0,LAML
leukemia_AML,173,173,tpm_clean,ENSG00000213401,MAGEA12,0,0.0,0,0.0,0,173,0.0,0,173,0.0,LAML
leukemia_AML,173,173,tpm_clean,ENSG00000214107,MAGEB1,0,0.0,0,0.0,0,173,0.0,0,173,0.0,LAML
leukemia_AML,173,173,tpm_clean,ENSG00000215113,CXorf49/CXorf49B,0,0.0,0,0.0,0,173,0.0,0,173,0.0,LAML
leukemia_AML,173,173,tpm_clean,ENSG00000215269,GAGE12F/G,0,0.0,0,0.0,0,173,0.0,0,173,0.0,LAML
leukemia_AML,173,173,tpm_clean,ENSG00000215274,GAGE10,0,0.0,0,0.0,0,173,0.0,0,173,0.0,LAML
leukemia_AML,173,173,tpm_clean,ENSG00000215529,EFCAB8,0,0.0,0,0.0,0,173,0.0,0,173,0.0,LAML
leukemia_AML,173,173,tpm_clean,ENSG00000215817,ZC3H11B,0,0.0,0,0.0,0,173,0.0,0,173,0.0,LAML
leukemia_AML,173,173,tpm_clean,ENSG00000216649,GAGE12C/D/E,0,0.0,0,0.0,0,173,0.0,0,173,0.0,LAML
leukemia_AML,173,173,tpm_clean,ENSG00000221826,PSG3,0,0.0,0,0.0,0,173,0.0,0,173,0.0,LAML
leukemia_AML,173,173,tpm_clean,ENSG00000221867,MAGEA3,0,0.0,0,0.0,0,173,0.0,0,173,0.0,LAML
leukemia_AML,173,173,tpm_clean,ENSG00000221878,PSG7,0,0.0,0,0.0,0,173,0.0,0,173,0.0,LAML
leukemia_AML,173,173,tpm_clean,ENSG00000224089,CT47A1/2/3/4/5/6/7/8/9/10/11/12,0,0.0,0,0.0,0,173,0.0,0,173,0.0,LAML
leukemia_AML,173,173,tpm_clean,ENSG00000224440,CXorf51A/B,0,0.0,0,0.0,0,173,0.0,0,173,0.0,LAML
leukemia_AML,173,173,tpm_clean,ENSG00000224659,GAGE12J,0,0.0,0,0.0,0,173,0.0,0,173,0.0,LAML
leukemia_AML,173,173,tpm_clean,ENSG00000224902,GAGE12H,0,0.0,0,0.0,0,173,0.0,0,173,0.0,LAML
leukemia_AML,173,0,tpm_clean,ENSG00000224960,PPP4R3C,0,,0,,0,0,,0,0,,LAML
leukemia_AML,173,173,tpm_clean,ENSG00000226650,KIF4B,0,0.0,0,0.0,0,173,0.0,0,173,0.0,LAML
leukemia_AML,173,173,tpm_clean,ENSG00000227234,SPANXB1,0,0.0,0,0.0,0,173,0.0,0,173,0.0,LAML
leukemia_AML,173,173,tpm_clean,ENSG00000228836,CT45A5/6/7,11,6.36,7,4.05,6,173,3.47,2,173,1.16,LAML
leukemia_AML,173,173,tpm_clean,ENSG00000228927,TSPY3,0,0.0,0,0.0,0,173,0.0,0,173,0.0,LAML
leukemia_AML,173,173,tpm_clean,ENSG00000229549,TSPY8,0,0.0,0,0.0,0,173,0.0,0,173,0.0,LAML
leukemia_AML,173,0,tpm_clean,ENSG00000230601,TEX48,0,,0,,0,0,,0,0,,LAML
leukemia_AML,173,173,tpm_clean,ENSG00000231924,PSG1,0,0.0,0,0.0,0,173,0.0,0,173,0.0,LAML
leukemia_AML,173,173,tpm_clean,ENSG00000233056,ERVH48-1,1,0.58,0,0.0,0,173,0.0,0,173,0.0,LAML
leukemia_AML,173,173,tpm_clean,ENSG00000233803,TSPY4,0,0.0,0,0.0,0,173,0.0,0,173,0.0,LAML
leukemia_AML,173,173,tpm_clean,ENSG00000234068,PAGE2,0,0.0,0,0.0,0,173,0.0,0,173,0.0,LAML
leukemia_AML,173,173,tpm_clean,ENSG00000234414,RBMY1A1,0,0.0,0,0.0,0,173,0.0,0,173,0.0,LAML
leukemia_AML,173,173,tpm_clean,ENSG00000235631,RNF148,0,0.0,0,0.0,0,173,0.0,0,173,0.0,LAML
leukemia_AML,173,173,tpm_clean,ENSG00000236424,TSPY10,0,0.0,0,0.0,0,173,0.0,0,173,0.0,LAML
leukemia_AML,173,173,tpm_clean,ENSG00000236446,CT47B1,0,0.0,0,0.0,0,173,0.0,0,173,0.0,LAML
leukemia_AML,173,173,tpm_clean,ENSG00000236761,CTAGE9,0,0.0,0,0.0,0,173,0.0,0,173,0.0,LAML
leukemia_AML,173,173,tpm_clean,ENSG00000238269,PAGE2B,0,0.0,0,0.0,0,173,0.0,0,173,0.0,LAML
leukemia_AML,173,173,tpm_clean,ENSG00000240021,TEX35,0,0.0,0,0.0,0,173,0.0,0,173,0.0,LAML
leukemia_AML,173,0,tpm_clean,ENSG00000241149,ZNF722,0,,0,,0,0,,0,0,,LAML
leukemia_AML,173,173,tpm_clean,ENSG00000241476,SSX2/SSX2B,0,0.0,0,0.0,0,173,0.0,0,173,0.0,LAML
leukemia_AML,173,173,tpm_clean,ENSG00000242221,PSG2,0,0.0,0,0.0,0,173,0.0,0,173,0.0,LAML
leukemia_AML,173,173,tpm_clean,ENSG00000242389,RBMY1E,0,0.0,0,0.0,0,173,0.0,0,173,0.0,LAML
leukemia_AML,173,173,tpm_clean,ENSG00000242875,RBMY1B,0,0.0,0,0.0,0,173,0.0,0,173,0.0,LAML
leukemia_AML,173,173,tpm_clean,ENSG00000243130,PSG11,0,0.0,0,0.0,0,173,0.0,0,173,0.0,LAML
leukemia_AML,173,173,tpm_clean,ENSG00000244395,RBMY1D,0,0.0,0,0.0,0,173,0.0,0,173,0.0,LAML
leukemia_AML,173,173,tpm_clean,ENSG00000244588,RAD21L1,0,0.0,0,0.0,0,173,0.0,0,173,0.0,LAML
leukemia_AML,173,173,tpm_clean,ENSG00000249861,LGALS16,0,0.0,0,0.0,0,173,0.0,0,173,0.0,LAML
leukemia_AML,173,173,tpm_clean,ENSG00000250741,NT5C1B-RDH14,0,0.0,0,0.0,0,173,0.0,0,173,0.0,LAML
leukemia_AML,173,173,tpm_clean,ENSG00000251258,RFPL4B,0,0.0,0,0.0,0,173,0.0,0,173,0.0,LAML
leukemia_AML,173,173,tpm_clean,ENSG00000258713,C20orf141,0,0.0,0,0.0,0,173,0.0,0,173,0.0,LAML
leukemia_AML,173,173,tpm_clean,ENSG00000258992,TSPY1,0,0.0,0,0.0,0,173,0.0,0,173,0.0,LAML
leukemia_AML,173,173,tpm_clean,ENSG00000261649,GOLGA6L7,5,2.89,0,0.0,0,173,0.0,0,173,0.0,LAML
leukemia_AML,173,173,tpm_clean,ENSG00000261949,GFY,0,0.0,0,0.0,0,173,0.0,0,173,0.0,LAML
leukemia_AML,173,173,tpm_clean,ENSG00000268009,SSX4/SSX4B,0,0.0,0,0.0,0,173,0.0,0,173,0.0,LAML
leukemia_AML,173,173,tpm_clean,ENSG00000268629,TEX13A,0,0.0,0,0.0,0,173,0.0,0,173,0.0,LAML
leukemia_AML,173,173,tpm_clean,ENSG00000268696,ZNF723,0,0.0,0,0.0,0,173,0.0,0,173,0.0,LAML
leukemia_AML,173,173,tpm_clean,ENSG00000268964,ERVV-2,0,0.0,0,0.0,0,173,0.0,0,173,0.0,LAML
leukemia_AML,173,173,tpm_clean,ENSG00000268988,SPANXN2,0,0.0,0,0.0,0,173,0.0,0,173,0.0,LAML
leukemia_AML,173,173,tpm_clean,ENSG00000269058,CALR3,0,0.0,0,0.0,0,173,0.0,0,173,0.0,LAML
leukemia_AML,173,173,tpm_clean,ENSG00000269586,CT45A10,12,6.94,10,5.78,10,173,5.78,1,173,0.58,LAML
leukemia_AML,173,173,tpm_clean,ENSG00000270806,C17orf50,0,0.0,0,0.0,0,173,0.0,0,173,0.0,LAML
leukemia_AML,173,173,tpm_clean,ENSG00000270946,CT45A2/8/9,4,2.31,2,1.16,2,173,1.16,1,173,0.58,LAML
leukemia_AML,173,173,tpm_clean,ENSG00000271321,CTAGE6,0,0.0,0,0.0,0,173,0.0,0,173,0.0,LAML
leukemia_AML,173,173,tpm_clean,ENSG00000274274,GAGE13,0,0.0,0,0.0,0,173,0.0,0,173,0.0,LAML
leukemia_AML,173,173,tpm_clean,ENSG00000274391,TPTE,0,0.0,0,0.0,0,173,0.0,0,173,0.0,LAML
leukemia_AML,173,173,tpm_clean,ENSG00000275793,RIMBP3,0,0.0,0,0.0,0,173,0.0,0,173,0.0,LAML
leukemia_AML,173,173,tpm_clean,ENSG00000275969,SPATA31A3,0,0.0,0,0.0,0,173,0.0,0,173,0.0,LAML
leukemia_AML,173,173,tpm_clean,ENSG00000276040,SPATA31A7,0,0.0,0,0.0,0,173,0.0,0,173,0.0,LAML
leukemia_AML,173,173,tpm_clean,ENSG00000276581,SPATA31A5,0,0.0,0,0.0,0,173,0.0,0,173,0.0,LAML
leukemia_AML,173,173,tpm_clean,ENSG00000277322,GOLGA6L6,0,0.0,0,0.0,0,173,0.0,0,173,0.0,LAML
leukemia_AML,173,0,tpm_clean,ENSG00000282815,TEX13C,0,,0,,0,0,,0,0,,LAML
lung,1013,1013,tpm_clean,ENSG00000006047,YBX2,22,2.17,2,0.2,3,1013,0.3,0,1013,0.0,LUAD;LUAD_EGFR;LUAD_KRAS;LUAD_STK11;LUSC
lung,1013,1013,tpm_clean,ENSG00000006659,LGALS14,1,0.1,1,0.1,1,1013,0.1,0,1013,0.0,LUAD;LUAD_EGFR;LUAD_KRAS;LUAD_STK11;LUSC
lung,1013,1013,tpm_clean,ENSG00000007350,TKTL1,22,2.17,12,1.18,12,1013,1.18,8,1013,0.79,LUAD;LUAD_EGFR;LUAD_KRAS;LUAD_STK11;LUSC
lung,1013,1013,tpm_clean,ENSG00000010318,PHF7,0,0.0,0,0.0,0,1013,0.0,0,1013,0.0,LUAD;LUAD_EGFR;LUAD_KRAS;LUAD_STK11;LUSC
lung,1013,1013,tpm_clean,ENSG00000042813,ZPBP,0,0.0,0,0.0,0,1013,0.0,0,1013,0.0,LUAD;LUAD_EGFR;LUAD_KRAS;LUAD_STK11;LUSC
lung,1013,1013,tpm_clean,ENSG00000046774,MAGEC2,41,4.05,22,2.17,30,1013,2.96,12,1013,1.18,LUAD;LUAD_EGFR;LUAD_KRAS;LUAD_STK11;LUSC
lung,1013,1013,tpm_clean,ENSG00000054796,SPO11,0,0.0,0,0.0,0,1013,0.0,0,1013,0.0,LUAD;LUAD_EGFR;LUAD_KRAS;LUAD_STK11;LUSC
lung,1013,1013,tpm_clean,ENSG00000068985,PAGE1,12,1.18,7,0.69,9,1013,0.89,5,1013,0.49,LUAD;LUAD_EGFR;LUAD_KRAS;LUAD_STK11;LUSC
lung,1013,1013,tpm_clean,ENSG00000077800,FKBP6,0,0.0,0,0.0,0,1013,0.0,0,1013,0.0,LUAD;LUAD_EGFR;LUAD_KRAS;LUAD_STK11;LUSC
lung,1013,1013,tpm_clean,ENSG00000077935,SMC1B,0,0.0,0,0.0,0,1013,0.0,0,1013,0.0,LUAD;LUAD_EGFR;LUAD_KRAS;LUAD_STK11;LUSC
lung,1013,1013,tpm_clean,ENSG00000092345,DAZL,0,0.0,0,0.0,0,1013,0.0,0,1013,0.0,LUAD;LUAD_EGFR;LUAD_KRAS;LUAD_STK11;LUSC
lung,1013,1013,tpm_clean,ENSG00000095627,TDRD1,0,0.0,0,0.0,0,1013,0.0,0,1013,0.0,LUAD;LUAD_EGFR;LUAD_KRAS;LUAD_STK11;LUSC
lung,1013,1013,tpm_clean,ENSG00000099399,MAGEB2,59,5.82,27,2.67,34,1013,3.36,8,1013,0.79,LUAD;LUAD_EGFR;LUAD_KRAS;LUAD_STK11;LUSC
lung,1013,1013,tpm_clean,ENSG00000102021,LUZP4,0,0.0,0,0.0,0,1013,0.0,0,1013,0.0,LUAD;LUAD_EGFR;LUAD_KRAS;LUAD_STK11;LUSC
lung,1013,1013,tpm_clean,ENSG00000103023,PRSS54,0,0.0,0,0.0,0,1013,0.0,0,1013,0.0,LUAD;LUAD_EGFR;LUAD_KRAS;LUAD_STK11;LUSC
lung,1013,1013,tpm_clean,ENSG00000104755,ADAM2,0,0.0,0,0.0,0,1013,0.0,0,1013,0.0,LUAD;LUAD_EGFR;LUAD_KRAS;LUAD_STK11;LUSC
lung,1013,1013,tpm_clean,ENSG00000104804,TULP2,0,0.0,0,0.0,0,1013,0.0,0,1013,0.0,LUAD;LUAD_EGFR;LUAD_KRAS;LUAD_STK11;LUSC
lung,1013,1013,tpm_clean,ENSG00000104818,CGB2,0,0.0,0,0.0,0,1013,0.0,0,1013,0.0,LUAD;LUAD_EGFR;LUAD_KRAS;LUAD_STK11;LUSC
lung,1013,1013,tpm_clean,ENSG00000104901,DKKL1,0,0.0,0,0.0,0,1013,0.0,0,1013,0.0,LUAD;LUAD_EGFR;LUAD_KRAS;LUAD_STK11;LUSC
lung,1013,1013,tpm_clean,ENSG00000105198,LGALS13,1,0.1,1,0.1,1,1013,0.1,0,1013,0.0,LUAD;LUAD_EGFR;LUAD_KRAS;LUAD_STK11;LUSC
lung,1013,1013,tpm_clean,ENSG00000106013,ANKRD7,0,0.0,0,0.0,0,1013,0.0,0,1013,0.0,LUAD;LUAD_EGFR;LUAD_KRAS;LUAD_STK11;LUSC
lung,1013,1013,tpm_clean,ENSG00000106304,SPAM1,0,0.0,0,0.0,0,1013,0.0,0,1013,0.0,LUAD;LUAD_EGFR;LUAD_KRAS;LUAD_STK11;LUSC
lung,1013,1013,tpm_clean,ENSG00000114487,MORC1,0,0.0,0,0.0,0,1013,0.0,0,1013,0.0,LUAD;LUAD_EGFR;LUAD_KRAS;LUAD_STK11;LUSC
lung,1013,1013,tpm_clean,ENSG00000117148,ACTL8,9,0.89,4,0.39,6,1013,0.59,2,1013,0.2,LUAD;LUAD_EGFR;LUAD_KRAS;LUAD_STK11;LUSC
lung,1013,1013,tpm_clean,ENSG00000118434,SPACA1,0,0.0,0,0.0,0,1013,0.0,0,1013,0.0,LUAD;LUAD_EGFR;LUAD_KRAS;LUAD_STK11;LUSC
lung,1013,1013,tpm_clean,ENSG00000118491,ZC2HC1B,0,0.0,0,0.0,0,1013,0.0,0,1013,0.0,LUAD;LUAD_EGFR;LUAD_KRAS;LUAD_STK11;LUSC
lung,1013,1013,tpm_clean,ENSG00000121101,TEX14,0,0.0,0,0.0,0,1013,0.0,0,1013,0.0,LUAD;LUAD_EGFR;LUAD_KRAS;LUAD_STK11;LUSC
lung,1013,1013,tpm_clean,ENSG00000122304,PRM2,0,0.0,0,0.0,0,1013,0.0,0,1013,0.0,LUAD;LUAD_EGFR;LUAD_KRAS;LUAD_STK11;LUSC
lung,1013,1013,tpm_clean,ENSG00000123576,ESX1,1,0.1,0,0.0,0,1013,0.0,0,1013,0.0,LUAD;LUAD_EGFR;LUAD_KRAS;LUAD_STK11;LUSC
lung,1013,1013,tpm_clean,ENSG00000123584,MAGEA9/MAGEA9B,219,21.62,132,13.03,176,1013,17.37,61,1013,6.02,LUAD;LUAD_EGFR;LUAD_KRAS;LUAD_STK11;LUSC
lung,1013,1013,tpm_clean,ENSG00000124092,CTCFL,26,2.57,13,1.28,18,1013,1.78,5,1013,0.49,LUAD;LUAD_EGFR;LUAD_KRAS;LUAD_STK11;LUSC
lung,1013,1013,tpm_clean,ENSG00000124227,ANKRD60,0,0.0,0,0.0,0,1013,0.0,0,1013,0.0,LUAD;LUAD_EGFR;LUAD_KRAS;LUAD_STK11;LUSC
lung,1013,1013,tpm_clean,ENSG00000124260,MAGEA10,56,5.53,20,1.97,31,1013,3.06,5,1013,0.49,LUAD;LUAD_EGFR;LUAD_KRAS;LUAD_STK11;LUSC
lung,1013,1013,tpm_clean,ENSG00000124467,PSG8,1,0.1,1,0.1,1,1013,0.1,0,1013,0.0,LUAD;LUAD_EGFR;LUAD_KRAS;LUAD_STK11;LUSC
lung,1013,1013,tpm_clean,ENSG00000124490,CRISP2,1,0.1,0,0.0,0,1013,0.0,0,1013,0.0,LUAD;LUAD_EGFR;LUAD_KRAS;LUAD_STK11;LUSC
lung,1013,1013,tpm_clean,ENSG00000125207,PIWIL1,0,0.0,0,0.0,0,1013,0.0,0,1013,0.0,LUAD;LUAD_EGFR;LUAD_KRAS;LUAD_STK11;LUSC
lung,1013,1013,tpm_clean,ENSG00000125823,CSTL1,0,0.0,0,0.0,0,1013,0.0,0,1013,0.0,LUAD;LUAD_EGFR;LUAD_KRAS;LUAD_STK11;LUSC
lung,1013,1013,tpm_clean,ENSG00000126467,TSKS,0,0.0,0,0.0,0,1013,0.0,0,1013,0.0,LUAD;LUAD_EGFR;LUAD_KRAS;LUAD_STK11;LUSC
lung,1013,1013,tpm_clean,ENSG00000126752,SSX1,8,0.79,2,0.2,3,1013,0.3,1,1013,0.1,LUAD;LUAD_EGFR;LUAD_KRAS;LUAD_STK11;LUSC
lung,1013,1013,tpm_clean,ENSG00000126856,PRDM7,0,0.0,0,0.0,0,1013,0.0,0,1013,0.0,LUAD;LUAD_EGFR;LUAD_KRAS;LUAD_STK11;LUSC
lung,1013,1013,tpm_clean,ENSG00000129862,VCY/VCY1B,5,0.49,4,0.39,4,1013,0.39,4,1013,0.39,LUAD;LUAD_EGFR;LUAD_KRAS;LUAD_STK11;LUSC
lung,1013,1013,tpm_clean,ENSG00000130950,NUTM2F,0,0.0,0,0.0,0,1013,0.0,0,1013,0.0,LUAD;LUAD_EGFR;LUAD_KRAS;LUAD_STK11;LUSC
lung,1013,1013,tpm_clean,ENSG00000131126,TEX101,1,0.1,1,0.1,1,1013,0.1,1,1013,0.1,LUAD;LUAD_EGFR;LUAD_KRAS;LUAD_STK11;LUSC
lung,1013,1013,tpm_clean,ENSG00000132446,FTHL17,19,1.88,7,0.69,9,1013,0.89,2,1013,0.2,LUAD;LUAD_EGFR;LUAD_KRAS;LUAD_STK11;LUSC
lung,1013,1013,tpm_clean,ENSG00000135248,GARIN1B,0,0.0,0,0.0,0,1013,0.0,0,1013,0.0,LUAD;LUAD_EGFR;LUAD_KRAS;LUAD_STK11;LUSC
lung,1013,1013,tpm_clean,ENSG00000137090,DMRT1,0,0.0,0,0.0,0,1013,0.0,0,1013,0.0,LUAD;LUAD_EGFR;LUAD_KRAS;LUAD_STK11;LUSC
lung,1013,1013,tpm_clean,ENSG00000137948,BRDT,26,2.57,6,0.59,9,1013,0.89,1,1013,0.1,LUAD;LUAD_EGFR;LUAD_KRAS;LUAD_STK11;LUSC
lung,1013,1013,tpm_clean,ENSG00000139351,SYCP3,0,0.0,0,0.0,0,1013,0.0,0,1013,0.0,LUAD;LUAD_EGFR;LUAD_KRAS;LUAD_STK11;LUSC
lung,1013,1013,tpm_clean,ENSG00000140478,GOLGA6D,0,0.0,0,0.0,0,1013,0.0,0,1013,0.0,LUAD;LUAD_EGFR;LUAD_KRAS;LUAD_STK11;LUSC
lung,1013,1013,tpm_clean,ENSG00000141096,DPEP3,10,0.99,7,0.69,7,1013,0.69,4,1013,0.39,LUAD;LUAD_EGFR;LUAD_KRAS;LUAD_STK11;LUSC
lung,1013,1013,tpm_clean,ENSG00000141255,SPATA22,0,0.0,0,0.0,0,1013,0.0,0,1013,0.0,LUAD;LUAD_EGFR;LUAD_KRAS;LUAD_STK11;LUSC
lung,1013,1013,tpm_clean,ENSG00000141316,SPACA3,1,0.1,0,0.0,0,1013,0.0,0,1013,0.0,LUAD;LUAD_EGFR;LUAD_KRAS;LUAD_STK11;LUSC
lung,1013,1013,tpm_clean,ENSG00000141371,CHCT1,0,0.0,0,0.0,0,1013,0.0,0,1013,0.0,LUAD;LUAD_EGFR;LUAD_KRAS;LUAD_STK11;LUSC
lung,1013,1013,tpm_clean,ENSG00000141437,SLC25A52,0,0.0,0,0.0,0,1013,0.0,0,1013,0.0,LUAD;LUAD_EGFR;LUAD_KRAS;LUAD_STK11;LUSC
lung,1013,1013,tpm_clean,ENSG00000142025,DMRTC2,0,0.0,0,0.0,0,1013,0.0,0,1013,0.0,LUAD;LUAD_EGFR;LUAD_KRAS;LUAD_STK11;LUSC
lung,1013,1013,tpm_clean,ENSG00000142698,C1orf94,0,0.0,0,0.0,0,1013,0.0,0,1013,0.0,LUAD;LUAD_EGFR;LUAD_KRAS;LUAD_STK11;LUSC
lung,1013,1013,tpm_clean,ENSG00000143006,DMRTB1,0,0.0,0,0.0,0,1013,0.0,0,1013,0.0,LUAD;LUAD_EGFR;LUAD_KRAS;LUAD_STK11;LUSC
lung,1013,1013,tpm_clean,ENSG00000143452,HORMAD1,23,2.27,5,0.49,7,1013,0.69,1,1013,0.1,LUAD;LUAD_EGFR;LUAD_KRAS;LUAD_STK11;LUSC
lung,1013,1013,tpm_clean,ENSG00000144962,SPATA16,0,0.0,0,0.0,0,1013,0.0,0,1013,0.0,LUAD;LUAD_EGFR;LUAD_KRAS;LUAD_STK11;LUSC
lung,1013,1013,tpm_clean,ENSG00000145309,CABS1,0,0.0,0,0.0,0,1013,0.0,0,1013,0.0,LUAD;LUAD_EGFR;LUAD_KRAS;LUAD_STK11;LUSC
lung,1013,1013,tpm_clean,ENSG00000147081,AKAP4,0,0.0,0,0.0,0,1013,0.0,0,1013,0.0,LUAD;LUAD_EGFR;LUAD_KRAS;LUAD_STK11;LUSC
lung,1013,1013,tpm_clean,ENSG00000147183,CPXCR1,0,0.0,0,0.0,0,1013,0.0,0,1013,0.0,LUAD;LUAD_EGFR;LUAD_KRAS;LUAD_STK11;LUSC
lung,1013,1013,tpm_clean,ENSG00000147378,FATE1,0,0.0,0,0.0,0,1013,0.0,0,1013,0.0,LUAD;LUAD_EGFR;LUAD_KRAS;LUAD_STK11;LUSC
lung,1013,1013,tpm_clean,ENSG00000147381,MAGEA4,238,23.49,200,19.74,214,1013,21.13,161,1013,15.89,LUAD;LUAD_EGFR;LUAD_KRAS;LUAD_STK11;LUSC
lung,1013,1013,tpm_clean,ENSG00000148156,ACTL7B,0,0.0,0,0.0,0,1013,0.0,0,1013,0.0,LUAD;LUAD_EGFR;LUAD_KRAS;LUAD_STK11;LUSC
lung,1013,1013,tpm_clean,ENSG00000150628,SPATA4,0,0.0,0,0.0,0,1013,0.0,0,1013,0.0,LUAD;LUAD_EGFR;LUAD_KRAS;LUAD_STK11;LUSC
lung,1013,1013,tpm_clean,ENSG00000151962,RBM46,1,0.1,1,0.1,1,1013,0.1,0,1013,0.0,LUAD;LUAD_EGFR;LUAD_KRAS;LUAD_STK11;LUSC
lung,1013,1013,tpm_clean,ENSG00000152430,BOLL,0,0.0,0,0.0,0,1013,0.0,0,1013,0.0,LUAD;LUAD_EGFR;LUAD_KRAS;LUAD_STK11;LUSC
lung,1013,1013,tpm_clean,ENSG00000152670,DDX4,0,0.0,0,0.0,0,1013,0.0,0,1013,0.0,LUAD;LUAD_EGFR;LUAD_KRAS;LUAD_STK11;LUSC
lung,1013,1013,tpm_clean,ENSG00000153060,TEKT5,0,0.0,0,0.0,0,1013,0.0,0,1013,0.0,LUAD;LUAD_EGFR;LUAD_KRAS;LUAD_STK11;LUSC
lung,1013,1013,tpm_clean,ENSG00000153779,TGIF2LX,0,0.0,0,0.0,0,1013,0.0,0,1013,0.0,LUAD;LUAD_EGFR;LUAD_KRAS;LUAD_STK11;LUSC
lung,1013,1013,tpm_clean,ENSG00000155087,ODF1,0,0.0,0,0.0,0,1013,0.0,0,1013,0.0,LUAD;LUAD_EGFR;LUAD_KRAS;LUAD_STK11;LUSC
lung,1013,1013,tpm_clean,ENSG00000155495,MAGEC1,10,0.99,1,0.1,3,1013,0.3,0,1013,0.0,LUAD;LUAD_EGFR;LUAD_KRAS;LUAD_STK11;LUSC
lung,1013,1013,tpm_clean,ENSG00000155622,XAGE2,36,3.55,22,2.17,26,1013,2.57,13,1013,1.28,LUAD;LUAD_EGFR;LUAD_KRAS;LUAD_STK11;LUSC
lung,1013,1013,tpm_clean,ENSG00000156009,MAGEA8,9,0.89,4,0.39,7,1013,0.69,1,1013,0.1,LUAD;LUAD_EGFR;LUAD_KRAS;LUAD_STK11;LUSC
lung,1013,1013,tpm_clean,ENSG00000156269,NAA11,0,0.0,0,0.0,0,1013,0.0,0,1013,0.0,LUAD;LUAD_EGFR;LUAD_KRAS;LUAD_STK11;LUSC
lung,1013,1013,tpm_clean,ENSG00000158639,PAGE5,17,1.68,16,1.58,16,1013,1.58,13,1013,1.28,LUAD;LUAD_EGFR;LUAD_KRAS;LUAD_STK11;LUSC
lung,1013,1013,tpm_clean,ENSG00000159289,GOLGA6A,0,0.0,0,0.0,0,1013,0.0,0,1013,0.0,LUAD;LUAD_EGFR;LUAD_KRAS;LUAD_STK11;LUSC
lung,1013,1013,tpm_clean,ENSG00000159708,LRRC36,16,1.58,4,0.39,9,1013,0.89,1,1013,0.1,LUAD;LUAD_EGFR;LUAD_KRAS;LUAD_STK11;LUSC
lung,1013,1013,tpm_clean,ENSG00000161860,SYCE2,0,0.0,0,0.0,0,1013,0.0,0,1013,0.0,LUAD;LUAD_EGFR;LUAD_KRAS;LUAD_STK11;LUSC
lung,1013,1013,tpm_clean,ENSG00000161973,CCDC42,0,0.0,0,0.0,0,1013,0.0,0,1013,0.0,LUAD;LUAD_EGFR;LUAD_KRAS;LUAD_STK11;LUSC
lung,1013,1013,tpm_clean,ENSG00000162039,MEIOB,5,0.49,0,0.0,2,1013,0.2,0,1013,0.0,LUAD;LUAD_EGFR;LUAD_KRAS;LUAD_STK11;LUSC
lung,1013,1013,tpm_clean,ENSG00000162641,AKNAD1,0,0.0,0,0.0,0,1013,0.0,0,1013,0.0,LUAD;LUAD_EGFR;LUAD_KRAS;LUAD_STK11;LUSC
lung,1013,1013,tpm_clean,ENSG00000162771,GARIN4,0,0.0,0,0.0,0,1013,0.0,0,1013,0.0,LUAD;LUAD_EGFR;LUAD_KRAS;LUAD_STK11;LUSC
lung,1013,1013,tpm_clean,ENSG00000162843,WDR64,0,0.0,0,0.0,0,1013,0.0,0,1013,0.0,LUAD;LUAD_EGFR;LUAD_KRAS;LUAD_STK11;LUSC
lung,1013,1013,tpm_clean,ENSG00000163114,PDHA2,0,0.0,0,0.0,0,1013,0.0,0,1013,0.0,LUAD;LUAD_EGFR;LUAD_KRAS;LUAD_STK11;LUSC
lung,1013,1013,tpm_clean,ENSG00000163530,DPPA2,1,0.1,0,0.0,0,1013,0.0,0,1013,0.0,LUAD;LUAD_EGFR;LUAD_KRAS;LUAD_STK11;LUSC
lung,1013,1013,tpm_clean,ENSG00000164113,ADAD1,0,0.0,0,0.0,0,1013,0.0,0,1013,0.0,LUAD;LUAD_EGFR;LUAD_KRAS;LUAD_STK11;LUSC
lung,1013,1013,tpm_clean,ENSG00000164304,CAGE1,0,0.0,0,0.0,0,1013,0.0,0,1013,0.0,LUAD;LUAD_EGFR;LUAD_KRAS;LUAD_STK11;LUSC
lung,1013,1013,tpm_clean,ENSG00000165583,SSX5,3,0.3,0,0.0,0,1013,0.0,0,1013,0.0,LUAD;LUAD_EGFR;LUAD_KRAS;LUAD_STK11;LUSC
lung,1013,1013,tpm_clean,ENSG00000165584,SSX3,1,0.1,0,0.0,0,1013,0.0,0,1013,0.0,LUAD;LUAD_EGFR;LUAD_KRAS;LUAD_STK11;LUSC
lung,1013,1013,tpm_clean,ENSG00000166049,PASD1,3,0.3,0,0.0,1,1013,0.1,0,1013,0.0,LUAD;LUAD_EGFR;LUAD_KRAS;LUAD_STK11;LUSC
lung,1013,1013,tpm_clean,ENSG00000166069,TMCO5A,0,0.0,0,0.0,0,1013,0.0,0,1013,0.0,LUAD;LUAD_EGFR;LUAD_KRAS;LUAD_STK11;LUSC
lung,1013,1013,tpm_clean,ENSG00000166118,SPATA19,0,0.0,0,0.0,0,1013,0.0,0,1013,0.0,LUAD;LUAD_EGFR;LUAD_KRAS;LUAD_STK11;LUSC
lung,1013,1013,tpm_clean,ENSG00000166796,LDHC,0,0.0,0,0.0,0,1013,0.0,0,1013,0.0,LUAD;LUAD_EGFR;LUAD_KRAS;LUAD_STK11;LUSC
lung,1013,1013,tpm_clean,ENSG00000167098,SUN5,0,0.0,0,0.0,0,1013,0.0,0,1013,0.0,LUAD;LUAD_EGFR;LUAD_KRAS;LUAD_STK11;LUSC
lung,1013,1013,tpm_clean,ENSG00000168594,ADAM29,0,0.0,0,0.0,0,1013,0.0,0,1013,0.0,LUAD;LUAD_EGFR;LUAD_KRAS;LUAD_STK11;LUSC
lung,1013,1013,tpm_clean,ENSG00000168757,TSPY2,11,1.09,8,0.79,8,1013,0.79,5,1013,0.49,LUAD;LUAD_EGFR;LUAD_KRAS;LUAD_STK11;LUSC
lung,1013,1013,tpm_clean,ENSG00000169059,VCX3A,8,0.79,6,0.59,7,1013,0.69,4,1013,0.39,LUAD;LUAD_EGFR;LUAD_KRAS;LUAD_STK11;LUSC
lung,1013,1013,tpm_clean,ENSG00000169551,CT55,2,0.2,0,0.0,0,1013,0.0,0,1013,0.0,LUAD;LUAD_EGFR;LUAD_KRAS;LUAD_STK11;LUSC
lung,1013,1013,tpm_clean,ENSG00000169800,RBMY1F,0,0.0,0,0.0,0,1013,0.0,0,1013,0.0,LUAD;LUAD_EGFR;LUAD_KRAS;LUAD_STK11;LUSC
lung,1013,1013,tpm_clean,ENSG00000170516,COX7B2,30,2.96,9,0.89,15,1013,1.48,4,1013,0.39,LUAD;LUAD_EGFR;LUAD_KRAS;LUAD_STK11;LUSC
lung,1013,1013,tpm_clean,ENSG00000170748,RBMXL2,0,0.0,0,0.0,0,1013,0.0,0,1013,0.0,LUAD;LUAD_EGFR;LUAD_KRAS;LUAD_STK11;LUSC
lung,1013,1013,tpm_clean,ENSG00000170848,PSG6,2,0.2,2,0.2,2,1013,0.2,1,1013,0.1,LUAD;LUAD_EGFR;LUAD_KRAS;LUAD_STK11;LUSC
lung,1013,1013,tpm_clean,ENSG00000170950,PGK2,0,0.0,0,0.0,0,1013,0.0,0,1013,0.0,LUAD;LUAD_EGFR;LUAD_KRAS;LUAD_STK11;LUSC
lung,1013,1013,tpm_clean,ENSG00000170965,PLAC1,11,1.09,0,0.0,0,1013,0.0,0,1013,0.0,LUAD;LUAD_EGFR;LUAD_KRAS;LUAD_STK11;LUSC
lung,1013,1013,tpm_clean,ENSG00000171402,XAGE3,6,0.59,3,0.3,4,1013,0.39,2,1013,0.2,LUAD;LUAD_EGFR;LUAD_KRAS;LUAD_STK11;LUSC
lung,1013,1013,tpm_clean,ENSG00000171405,XAGE5,1,0.1,0,0.0,0,1013,0.0,0,1013,0.0,LUAD;LUAD_EGFR;LUAD_KRAS;LUAD_STK11;LUSC
lung,1013,1013,tpm_clean,ENSG00000171794,UTF1,0,0.0,0,0.0,0,1013,0.0,0,1013,0.0,LUAD;LUAD_EGFR;LUAD_KRAS;LUAD_STK11;LUSC
lung,1013,1013,tpm_clean,ENSG00000172073,TEX37,0,0.0,0,0.0,0,1013,0.0,0,1013,0.0,LUAD;LUAD_EGFR;LUAD_KRAS;LUAD_STK11;LUSC
lung,1013,1013,tpm_clean,ENSG00000172717,GARIN2,0,0.0,0,0.0,0,1013,0.0,0,1013,0.0,LUAD;LUAD_EGFR;LUAD_KRAS;LUAD_STK11;LUSC
lung,1013,1013,tpm_clean,ENSG00000174015,CBY2,0,0.0,0,0.0,0,1013,0.0,0,1013,0.0,LUAD;LUAD_EGFR;LUAD_KRAS;LUAD_STK11;LUSC
lung,1013,1013,tpm_clean,ENSG00000174016,TENT5D,0,0.0,0,0.0,0,1013,0.0,0,1013,0.0,LUAD;LUAD_EGFR;LUAD_KRAS;LUAD_STK11;LUSC
lung,1013,1013,tpm_clean,ENSG00000174898,CATSPERD,6,0.59,1,0.1,3,1013,0.3,0,1013,0.0,LUAD;LUAD_EGFR;LUAD_KRAS;LUAD_STK11;LUSC
lung,1013,1013,tpm_clean,ENSG00000175646,PRM1,0,0.0,0,0.0,0,1013,0.0,0,1013,0.0,LUAD;LUAD_EGFR;LUAD_KRAS;LUAD_STK11;LUSC
lung,1013,1013,tpm_clean,ENSG00000175809,CBLL2,0,0.0,0,0.0,0,1013,0.0,0,1013,0.0,LUAD;LUAD_EGFR;LUAD_KRAS;LUAD_STK11;LUSC
lung,1013,1013,tpm_clean,ENSG00000175820,CCDC168,0,0.0,0,0.0,0,1013,0.0,0,1013,0.0,LUAD;LUAD_EGFR;LUAD_KRAS;LUAD_STK11;LUSC
lung,1013,1013,tpm_clean,ENSG00000175877,TMEM270,0,0.0,0,0.0,0,1013,0.0,0,1013,0.0,LUAD;LUAD_EGFR;LUAD_KRAS;LUAD_STK11;LUSC
lung,1013,1013,tpm_clean,ENSG00000176256,HMGB4,0,0.0,0,0.0,0,1013,0.0,0,1013,0.0,LUAD;LUAD_EGFR;LUAD_KRAS;LUAD_STK11;LUSC
lung,1013,1013,tpm_clean,ENSG00000176566,DCAF4L2,2,0.2,0,0.0,1,1013,0.1,0,1013,0.0,LUAD;LUAD_EGFR;LUAD_KRAS;LUAD_STK11;LUSC
lung,1013,1013,tpm_clean,ENSG00000176635,HORMAD2,0,0.0,0,0.0,0,1013,0.0,0,1013,0.0,LUAD;LUAD_EGFR;LUAD_KRAS;LUAD_STK11;LUSC
lung,1013,1013,tpm_clean,ENSG00000176746,MAGEB6,0,0.0,0,0.0,0,1013,0.0,0,1013,0.0,LUAD;LUAD_EGFR;LUAD_KRAS;LUAD_STK11;LUSC
lung,1013,1013,tpm_clean,ENSG00000176774,MAGEB18,0,0.0,0,0.0,0,1013,0.0,0,1013,0.0,LUAD;LUAD_EGFR;LUAD_KRAS;LUAD_STK11;LUSC
lung,1013,1013,tpm_clean,ENSG00000176988,FMR1NB,4,0.39,1,0.1,2,1013,0.2,0,1013,0.0,LUAD;LUAD_EGFR;LUAD_KRAS;LUAD_STK11;LUSC
lung,1013,1013,tpm_clean,ENSG00000177294,FBXO39,0,0.0,0,0.0,0,1013,0.0,0,1013,0.0,LUAD;LUAD_EGFR;LUAD_KRAS;LUAD_STK11;LUSC
lung,1013,1013,tpm_clean,ENSG00000177673,TEX44,0,0.0,0,0.0,0,1013,0.0,0,1013,0.0,LUAD;LUAD_EGFR;LUAD_KRAS;LUAD_STK11;LUSC
lung,1013,1013,tpm_clean,ENSG00000177689,MAGEB10,0,0.0,0,0.0,0,1013,0.0,0,1013,0.0,LUAD;LUAD_EGFR;LUAD_KRAS;LUAD_STK11;LUSC
lung,1013,1013,tpm_clean,ENSG00000177947,ODF3,0,0.0,0,0.0,0,1013,0.0,0,1013,0.0,LUAD;LUAD_EGFR;LUAD_KRAS;LUAD_STK11;LUSC
lung,1013,1013,tpm_clean,ENSG00000177992,SPATA31E1,0,0.0,0,0.0,0,1013,0.0,0,1013,0.0,LUAD;LUAD_EGFR;LUAD_KRAS;LUAD_STK11;LUSC
lung,1013,1013,tpm_clean,ENSG00000178021,TSPYL6,0,0.0,0,0.0,0,1013,0.0,0,1013,0.0,LUAD;LUAD_EGFR;LUAD_KRAS;LUAD_STK11;LUSC
lung,1013,1013,tpm_clean,ENSG00000178257,PRM3,0,0.0,0,0.0,0,1013,0.0,0,1013,0.0,LUAD;LUAD_EGFR;LUAD_KRAS;LUAD_STK11;LUSC
lung,1013,1013,tpm_clean,ENSG00000178279,TNP2,0,0.0,0,0.0,0,1013,0.0,0,1013,0.0,LUAD;LUAD_EGFR;LUAD_KRAS;LUAD_STK11;LUSC
lung,1013,1013,tpm_clean,ENSG00000178997,EXD1,0,0.0,0,0.0,0,1013,0.0,0,1013,0.0,LUAD;LUAD_EGFR;LUAD_KRAS;LUAD_STK11;LUSC
lung,1013,1013,tpm_clean,ENSG00000179046,TRIML2,1,0.1,0,0.0,0,1013,0.0,0,1013,0.0,LUAD;LUAD_EGFR;LUAD_KRAS;LUAD_STK11;LUSC
lung,1013,1013,tpm_clean,ENSG00000179059,ZFP42,8,0.79,2,0.2,4,1013,0.39,1,1013,0.1,LUAD;LUAD_EGFR;LUAD_KRAS;LUAD_STK11;LUSC
lung,1013,1013,tpm_clean,ENSG00000179088,C12orf42,0,0.0,0,0.0,0,1013,0.0,0,1013,0.0,LUAD;LUAD_EGFR;LUAD_KRAS;LUAD_STK11;LUSC
lung,1013,1013,tpm_clean,ENSG00000179407,DNAJB8,0,0.0,0,0.0,0,1013,0.0,0,1013,0.0,LUAD;LUAD_EGFR;LUAD_KRAS;LUAD_STK11;LUSC
lung,1013,1013,tpm_clean,ENSG00000180138,CSNK1A1L,0,0.0,0,0.0,0,1013,0.0,0,1013,0.0,LUAD;LUAD_EGFR;LUAD_KRAS;LUAD_STK11;LUSC
lung,1013,1013,tpm_clean,ENSG00000180336,MEIOC,5,0.49,0,0.0,1,1013,0.1,0,1013,0.0,LUAD;LUAD_EGFR;LUAD_KRAS;LUAD_STK11;LUSC
lung,1013,1013,tpm_clean,ENSG00000181323,SPEM1,0,0.0,0,0.0,0,1013,0.0,0,1013,0.0,LUAD;LUAD_EGFR;LUAD_KRAS;LUAD_STK11;LUSC
lung,1013,1013,tpm_clean,ENSG00000181433,SAGE1,0,0.0,0,0.0,0,1013,0.0,0,1013,0.0,LUAD;LUAD_EGFR;LUAD_KRAS;LUAD_STK11;LUSC
lung,1013,1013,tpm_clean,ENSG00000182308,DCAF4L1,0,0.0,0,0.0,0,1013,0.0,0,1013,0.0,LUAD;LUAD_EGFR;LUAD_KRAS;LUAD_STK11;LUSC
lung,1013,1013,tpm_clean,ENSG00000182459,TEX19,3,0.3,2,0.2,3,1013,0.3,0,1013,0.0,LUAD;LUAD_EGFR;LUAD_KRAS;LUAD_STK11;LUSC
lung,1013,1013,tpm_clean,ENSG00000182583,VCX,4,0.39,2,0.2,3,1013,0.3,2,1013,0.2,LUAD;LUAD_EGFR;LUAD_KRAS;LUAD_STK11;LUSC
lung,1013,1013,tpm_clean,ENSG00000183206,POTEC,0,0.0,0,0.0,0,1013,0.0,0,1013,0.0,LUAD;LUAD_EGFR;LUAD_KRAS;LUAD_STK11;LUSC
lung,1013,1013,tpm_clean,ENSG00000183305,MAGEA2/MAGEA2B,163,16.09,83,8.19,114,1013,11.25,22,1013,2.17,LUAD;LUAD_EGFR;LUAD_KRAS;LUAD_STK11;LUSC
lung,1013,1013,tpm_clean,ENSG00000183434,TFDP3,1,0.1,0,0.0,0,1013,0.0,0,1013,0.0,LUAD;LUAD_EGFR;LUAD_KRAS;LUAD_STK11;LUSC
lung,1013,1013,tpm_clean,ENSG00000183668,PSG9,0,0.0,0,0.0,0,1013,0.0,0,1013,0.0,LUAD;LUAD_EGFR;LUAD_KRAS;LUAD_STK11;LUSC
lung,1013,1013,tpm_clean,ENSG00000184033,CTAG1A/B,82,8.09,67,6.61,74,1013,7.31,51,1013,5.03,LUAD;LUAD_EGFR;LUAD_KRAS;LUAD_STK11;LUSC
lung,1013,1013,tpm_clean,ENSG00000184361,SPATA32,0,0.0,0,0.0,0,1013,0.0,0,1013,0.0,LUAD;LUAD_EGFR;LUAD_KRAS;LUAD_STK11;LUSC
lung,1013,1013,tpm_clean,ENSG00000184507,NUTM1,1,0.1,0,0.0,0,1013,0.0,0,1013,0.0,LUAD;LUAD_EGFR;LUAD_KRAS;LUAD_STK11;LUSC
lung,1013,1013,tpm_clean,ENSG00000184650,ODF4,0,0.0,0,0.0,0,1013,0.0,0,1013,0.0,LUAD;LUAD_EGFR;LUAD_KRAS;LUAD_STK11;LUSC
lung,1013,1013,tpm_clean,ENSG00000184735,DDX53,0,0.0,0,0.0,0,1013,0.0,0,1013,0.0,LUAD;LUAD_EGFR;LUAD_KRAS;LUAD_STK11;LUSC
lung,1013,1013,tpm_clean,ENSG00000185264,TEX33,0,0.0,0,0.0,0,1013,0.0,0,1013,0.0,LUAD;LUAD_EGFR;LUAD_KRAS;LUAD_STK11;LUSC
lung,1013,1013,tpm_clean,ENSG00000185686,PRAME,347,34.25,188,18.56,241,1013,23.79,105,1013,10.37,LUAD;LUAD_EGFR;LUAD_KRAS;LUAD_STK11;LUSC
lung,1013,1013,tpm_clean,ENSG00000185775,SPATA31A6,0,0.0,0,0.0,0,1013,0.0,0,1013,0.0,LUAD;LUAD_EGFR;LUAD_KRAS;LUAD_STK11;LUSC
lung,1013,1013,tpm_clean,ENSG00000185792,NLRP9,0,0.0,0,0.0,0,1013,0.0,0,1013,0.0,LUAD;LUAD_EGFR;LUAD_KRAS;LUAD_STK11;LUSC
lung,1013,1013,tpm_clean,ENSG00000185863,TMEM210,0,0.0,0,0.0,0,1013,0.0,0,1013,0.0,LUAD;LUAD_EGFR;LUAD_KRAS;LUAD_STK11;LUSC
lung,1013,1013,tpm_clean,ENSG00000186075,ZPBP2,0,0.0,0,0.0,0,1013,0.0,0,1013,0.0,LUAD;LUAD_EGFR;LUAD_KRAS;LUAD_STK11;LUSC
lung,1013,1013,tpm_clean,ENSG00000186118,TEX38,0,0.0,0,0.0,0,1013,0.0,0,1013,0.0,LUAD;LUAD_EGFR;LUAD_KRAS;LUAD_STK11;LUSC
lung,1013,1013,tpm_clean,ENSG00000186451,SPATA12,0,0.0,0,0.0,0,1013,0.0,0,1013,0.0,LUAD;LUAD_EGFR;LUAD_KRAS;LUAD_STK11;LUSC
lung,1013,1013,tpm_clean,ENSG00000186788,SPATA31D3,0,0.0,0,0.0,0,1013,0.0,0,1013,0.0,LUAD;LUAD_EGFR;LUAD_KRAS;LUAD_STK11;LUSC
lung,1013,1013,tpm_clean,ENSG00000187003,ACTL7A,0,0.0,0,0.0,0,1013,0.0,0,1013,0.0,LUAD;LUAD_EGFR;LUAD_KRAS;LUAD_STK11;LUSC
lung,1013,1013,tpm_clean,ENSG00000187191,DAZ3,3,0.3,0,0.0,0,1013,0.0,0,1013,0.0,LUAD;LUAD_EGFR;LUAD_KRAS;LUAD_STK11;LUSC
lung,1013,1013,tpm_clean,ENSG00000187754,SSX7,0,0.0,0,0.0,0,1013,0.0,0,1013,0.0,LUAD;LUAD_EGFR;LUAD_KRAS;LUAD_STK11;LUSC
lung,1013,1013,tpm_clean,ENSG00000187772,LIN28B,1,0.1,0,0.0,0,1013,0.0,0,1013,0.0,LUAD;LUAD_EGFR;LUAD_KRAS;LUAD_STK11;LUSC
lung,1013,1013,tpm_clean,ENSG00000188120,DAZ1,8,0.79,5,0.49,6,1013,0.59,3,1013,0.3,LUAD;LUAD_EGFR;LUAD_KRAS;LUAD_STK11;LUSC
lung,1013,1013,tpm_clean,ENSG00000188425,NANOS2,0,0.0,0,0.0,0,1013,0.0,0,1013,0.0,LUAD;LUAD_EGFR;LUAD_KRAS;LUAD_STK11;LUSC
lung,1013,1013,tpm_clean,ENSG00000188782,CATSPER4,0,0.0,0,0.0,0,1013,0.0,0,1013,0.0,LUAD;LUAD_EGFR;LUAD_KRAS;LUAD_STK11;LUSC
lung,1013,1013,tpm_clean,ENSG00000189023,MAGEB16,2,0.2,0,0.0,0,1013,0.0,0,1013,0.0,LUAD;LUAD_EGFR;LUAD_KRAS;LUAD_STK11;LUSC
lung,1013,1013,tpm_clean,ENSG00000189052,CGB5/8,16,1.58,8,0.79,12,1013,1.18,5,1013,0.49,LUAD;LUAD_EGFR;LUAD_KRAS;LUAD_STK11;LUSC
lung,1013,1013,tpm_clean,ENSG00000189064,GAGE2A,61,6.02,51,5.03,53,1013,5.23,41,1013,4.05,LUAD;LUAD_EGFR;LUAD_KRAS;LUAD_STK11;LUSC
lung,1013,1013,tpm_clean,ENSG00000189186,DCAF8L2,0,0.0,0,0.0,0,1013,0.0,0,1013,0.0,LUAD;LUAD_EGFR;LUAD_KRAS;LUAD_STK11;LUSC
lung,1013,1013,tpm_clean,ENSG00000189252,SPANXN3,0,0.0,0,0.0,0,1013,0.0,0,1013,0.0,LUAD;LUAD_EGFR;LUAD_KRAS;LUAD_STK11;LUSC
lung,1013,1013,tpm_clean,ENSG00000189326,SPANXN4,0,0.0,0,0.0,0,1013,0.0,0,1013,0.0,LUAD;LUAD_EGFR;LUAD_KRAS;LUAD_STK11;LUSC
lung,1013,1013,tpm_clean,ENSG00000189357,SPATA31D4,0,0.0,0,0.0,0,1013,0.0,0,1013,0.0,LUAD;LUAD_EGFR;LUAD_KRAS;LUAD_STK11;LUSC
lung,1013,1013,tpm_clean,ENSG00000196350,ZNF729,0,0.0,0,0.0,0,1013,0.0,0,1013,0.0,LUAD;LUAD_EGFR;LUAD_KRAS;LUAD_STK11;LUSC
lung,1013,1013,tpm_clean,ENSG00000196406,SPANXD,5,0.49,3,0.3,4,1013,0.39,2,1013,0.2,LUAD;LUAD_EGFR;LUAD_KRAS;LUAD_STK11;LUSC
lung,1013,1013,tpm_clean,ENSG00000196553,CCDC196,0,0.0,0,0.0,0,1013,0.0,0,1013,0.0,LUAD;LUAD_EGFR;LUAD_KRAS;LUAD_STK11;LUSC
lung,1013,1013,tpm_clean,ENSG00000196604,POTEF,0,0.0,0,0.0,0,1013,0.0,0,1013,0.0,LUAD;LUAD_EGFR;LUAD_KRAS;LUAD_STK11;LUSC
lung,1013,1013,tpm_clean,ENSG00000196862,RGPD4,0,0.0,0,0.0,0,1013,0.0,0,1013,0.0,LUAD;LUAD_EGFR;LUAD_KRAS;LUAD_STK11;LUSC
lung,1013,1013,tpm_clean,ENSG00000197172,MAGEA6,236,23.3,170,16.78,209,1013,20.63,72,1013,7.11,LUAD;LUAD_EGFR;LUAD_KRAS;LUAD_STK11;LUSC
lung,1013,1013,tpm_clean,ENSG00000198021,SPANXA1/2,13,1.28,7,0.69,10,1013,0.99,4,1013,0.39,LUAD;LUAD_EGFR;LUAD_KRAS;LUAD_STK11;LUSC
lung,1013,1013,tpm_clean,ENSG00000198573,SPANXC,8,0.79,4,0.39,8,1013,0.79,2,1013,0.2,LUAD;LUAD_EGFR;LUAD_KRAS;LUAD_STK11;LUSC
lung,1013,1013,tpm_clean,ENSG00000198681,MAGEA1,108,10.66,50,4.94,73,1013,7.21,12,1013,1.18,LUAD;LUAD_EGFR;LUAD_KRAS;LUAD_STK11;LUSC
lung,1013,1013,tpm_clean,ENSG00000198759,EGFL6,106,10.46,16,1.58,36,1013,3.55,4,1013,0.39,LUAD;LUAD_EGFR;LUAD_KRAS;LUAD_STK11;LUSC
lung,1013,1013,tpm_clean,ENSG00000198765,SYCP1,0,0.0,0,0.0,0,1013,0.0,0,1013,0.0,LUAD;LUAD_EGFR;LUAD_KRAS;LUAD_STK11;LUSC
lung,1013,1013,tpm_clean,ENSG00000198870,STKLD1,0,0.0,0,0.0,0,1013,0.0,0,1013,0.0,LUAD;LUAD_EGFR;LUAD_KRAS;LUAD_STK11;LUSC
lung,1013,1013,tpm_clean,ENSG00000203909,DPPA5,1,0.1,0,0.0,0,1013,0.0,0,1013,0.0,LUAD;LUAD_EGFR;LUAD_KRAS;LUAD_STK11;LUSC
lung,1013,1013,tpm_clean,ENSG00000203923,SPANXN1,0,0.0,0,0.0,0,1013,0.0,0,1013,0.0,LUAD;LUAD_EGFR;LUAD_KRAS;LUAD_STK11;LUSC
lung,1013,1013,tpm_clean,ENSG00000204019,CT83,138,13.62,42,4.15,72,1013,7.11,15,1013,1.48,LUAD;LUAD_EGFR;LUAD_KRAS;LUAD_STK11;LUSC
lung,1013,1013,tpm_clean,ENSG00000204279,PAGE3,0,0.0,0,0.0,0,1013,0.0,0,1013,0.0,LUAD;LUAD_EGFR;LUAD_KRAS;LUAD_STK11;LUSC
lung,1013,1013,tpm_clean,ENSG00000204363,SPANXN5,0,0.0,0,0.0,0,1013,0.0,0,1013,0.0,LUAD;LUAD_EGFR;LUAD_KRAS;LUAD_STK11;LUSC
lung,1013,1013,tpm_clean,ENSG00000204379,XAGE1A/B,420,41.46,398,39.29,410,1013,40.47,376,1013,37.12,LUAD;LUAD_EGFR;LUAD_KRAS;LUAD_STK11;LUSC
lung,1013,1013,tpm_clean,ENSG00000204450,TRIM64,0,0.0,0,0.0,0,1013,0.0,0,1013,0.0,LUAD;LUAD_EGFR;LUAD_KRAS;LUAD_STK11;LUSC
lung,1013,1013,tpm_clean,ENSG00000204849,SPATA31A1,0,0.0,0,0.0,0,1013,0.0,0,1013,0.0,LUAD;LUAD_EGFR;LUAD_KRAS;LUAD_STK11;LUSC
lung,1013,1013,tpm_clean,ENSG00000204941,PSG5,4,0.39,4,0.39,4,1013,0.39,3,1013,0.3,LUAD;LUAD_EGFR;LUAD_KRAS;LUAD_STK11;LUSC
lung,1013,1013,tpm_clean,ENSG00000204961,PCDHA9,0,0.0,0,0.0,0,1013,0.0,0,1013,0.0,LUAD;LUAD_EGFR;LUAD_KRAS;LUAD_STK11;LUSC
lung,1013,1013,tpm_clean,ENSG00000205359,SLCO6A1,0,0.0,0,0.0,0,1013,0.0,0,1013,0.0,LUAD;LUAD_EGFR;LUAD_KRAS;LUAD_STK11;LUSC
lung,1013,1013,tpm_clean,ENSG00000205642,VCX3B,4,0.39,2,0.2,4,1013,0.39,1,1013,0.1,LUAD;LUAD_EGFR;LUAD_KRAS;LUAD_STK11;LUSC
lung,1013,1013,tpm_clean,ENSG00000205777,GAGE1,65,6.42,51,5.03,58,1013,5.73,40,1013,3.95,LUAD;LUAD_EGFR;LUAD_KRAS;LUAD_STK11;LUSC
lung,1013,1013,tpm_clean,ENSG00000212710,CTAGE1,0,0.0,0,0.0,0,1013,0.0,0,1013,0.0,LUAD;LUAD_EGFR;LUAD_KRAS;LUAD_STK11;LUSC
lung,1013,1013,tpm_clean,ENSG00000213218,CSH2,0,0.0,0,0.0,0,1013,0.0,0,1013,0.0,LUAD;LUAD_EGFR;LUAD_KRAS;LUAD_STK11;LUSC
lung,1013,1013,tpm_clean,ENSG00000213401,MAGEA12,99,9.77,25,2.47,48,1013,4.74,4,1013,0.39,LUAD;LUAD_EGFR;LUAD_KRAS;LUAD_STK11;LUSC
lung,1013,1013,tpm_clean,ENSG00000214107,MAGEB1,2,0.2,1,0.1,1,1013,0.1,0,1013,0.0,LUAD;LUAD_EGFR;LUAD_KRAS;LUAD_STK11;LUSC
lung,1013,1013,tpm_clean,ENSG00000215113,CXorf49/CXorf49B,12,1.18,5,0.49,7,1013,0.69,2,1013,0.2,LUAD;LUAD_EGFR;LUAD_KRAS;LUAD_STK11;LUSC
lung,1013,1013,tpm_clean,ENSG00000215269,GAGE12F/G,0,0.0,0,0.0,0,1013,0.0,0,1013,0.0,LUAD;LUAD_EGFR;LUAD_KRAS;LUAD_STK11;LUSC
lung,1013,1013,tpm_clean,ENSG00000215274,GAGE10,12,1.18,4,0.39,6,1013,0.59,0,1013,0.0,LUAD;LUAD_EGFR;LUAD_KRAS;LUAD_STK11;LUSC
lung,1013,1013,tpm_clean,ENSG00000215529,EFCAB8,0,0.0,0,0.0,0,1013,0.0,0,1013,0.0,LUAD;LUAD_EGFR;LUAD_KRAS;LUAD_STK11;LUSC
lung,1013,1013,tpm_clean,ENSG00000215817,ZC3H11B,0,0.0,0,0.0,0,1013,0.0,0,1013,0.0,LUAD;LUAD_EGFR;LUAD_KRAS;LUAD_STK11;LUSC
lung,1013,1013,tpm_clean,ENSG00000216649,GAGE12C/D/E,30,2.96,23,2.27,27,1013,2.67,17,1013,1.68,LUAD;LUAD_EGFR;LUAD_KRAS;LUAD_STK11;LUSC
lung,1013,1013,tpm_clean,ENSG00000221826,PSG3,2,0.2,2,0.2,2,1013,0.2,2,1013,0.2,LUAD;LUAD_EGFR;LUAD_KRAS;LUAD_STK11;LUSC
lung,1013,1013,tpm_clean,ENSG00000221867,MAGEA3,241,23.79,180,17.77,214,1013,21.13,94,1013,9.28,LUAD;LUAD_EGFR;LUAD_KRAS;LUAD_STK11;LUSC
lung,1013,1013,tpm_clean,ENSG00000221878,PSG7,0,0.0,0,0.0,0,1013,0.0,0,1013,0.0,LUAD;LUAD_EGFR;LUAD_KRAS;LUAD_STK11;LUSC
lung,1013,1013,tpm_clean,ENSG00000224089,CT47A1/2/3/4/5/6/7/8/9/10/11/12,0,0.0,0,0.0,0,1013,0.0,0,1013,0.0,LUAD;LUAD_EGFR;LUAD_KRAS;LUAD_STK11;LUSC
lung,1013,1013,tpm_clean,ENSG00000224440,CXorf51A/B,0,0.0,0,0.0,0,1013,0.0,0,1013,0.0,LUAD;LUAD_EGFR;LUAD_KRAS;LUAD_STK11;LUSC
lung,1013,1013,tpm_clean,ENSG00000224659,GAGE12J,18,1.78,12,1.18,13,1013,1.28,10,1013,0.99,LUAD;LUAD_EGFR;LUAD_KRAS;LUAD_STK11;LUSC
lung,1013,1013,tpm_clean,ENSG00000224902,GAGE12H,17,1.68,14,1.38,15,1013,1.48,12,1013,1.18,LUAD;LUAD_EGFR;LUAD_KRAS;LUAD_STK11;LUSC
lung,1013,0,tpm_clean,ENSG00000224960,PPP4R3C,0,,0,,0,0,,0,0,,LUAD;LUAD_EGFR;LUAD_KRAS;LUAD_STK11;LUSC
lung,1013,1013,tpm_clean,ENSG00000226650,KIF4B,0,0.0,0,0.0,0,1013,0.0,0,1013,0.0,LUAD;LUAD_EGFR;LUAD_KRAS;LUAD_STK11;LUSC
lung,1013,1013,tpm_clean,ENSG00000227234,SPANXB1,22,2.17,12,1.18,15,1013,1.48,9,1013,0.89,LUAD;LUAD_EGFR;LUAD_KRAS;LUAD_STK11;LUSC
lung,1013,1013,tpm_clean,ENSG00000228836,CT45A5/6/7,46,4.54,18,1.78,25,1013,2.47,11,1013,1.09,LUAD;LUAD_EGFR;LUAD_KRAS;LUAD_STK11;LUSC
lung,1013,1013,tpm_clean,ENSG00000228927,TSPY3,7,0.69,1,0.1,4,1013,0.39,1,1013,0.1,LUAD;LUAD_EGFR;LUAD_KRAS;LUAD_STK11;LUSC
lung,1013,1013,tpm_clean,ENSG00000229549,TSPY8,1,0.1,0,0.0,0,1013,0.0,0,1013,0.0,LUAD;LUAD_EGFR;LUAD_KRAS;LUAD_STK11;LUSC
lung,1013,0,tpm_clean,ENSG00000230601,TEX48,0,,0,,0,0,,0,0,,LUAD;LUAD_EGFR;LUAD_KRAS;LUAD_STK11;LUSC
lung,1013,1013,tpm_clean,ENSG00000231924,PSG1,3,0.3,2,0.2,2,1013,0.2,1,1013,0.1,LUAD;LUAD_EGFR;LUAD_KRAS;LUAD_STK11;LUSC
lung,1013,1013,tpm_clean,ENSG00000233056,ERVH48-1,23,2.27,5,0.49,12,1013,1.18,2,1013,0.2,LUAD;LUAD_EGFR;LUAD_KRAS;LUAD_STK11;LUSC
lung,1013,1013,tpm_clean,ENSG00000233803,TSPY4,20,1.97,15,1.48,16,1013,1.58,9,1013,0.89,LUAD;LUAD_EGFR;LUAD_KRAS;LUAD_STK11;LUSC
lung,1013,1013,tpm_clean,ENSG00000234068,PAGE2,77,7.6,60,5.92,70,1013,6.91,46,1013,4.54,LUAD;LUAD_EGFR;LUAD_KRAS;LUAD_STK11;LUSC
lung,1013,1013,tpm_clean,ENSG00000234414,RBMY1A1,2,0.2,0,0.0,0,1013,0.0,0,1013,0.0,LUAD;LUAD_EGFR;LUAD_KRAS;LUAD_STK11;LUSC
lung,1013,1013,tpm_clean,ENSG00000235631,RNF148,0,0.0,0,0.0,0,1013,0.0,0,1013,0.0,LUAD;LUAD_EGFR;LUAD_KRAS;LUAD_STK11;LUSC
lung,1013,1013,tpm_clean,ENSG00000236424,TSPY10,10,0.99,9,0.89,10,1013,0.99,4,1013,0.39,LUAD;LUAD_EGFR;LUAD_KRAS;LUAD_STK11;LUSC
lung,1013,1013,tpm_clean,ENSG00000236446,CT47B1,0,0.0,0,0.0,0,1013,0.0,0,1013,0.0,LUAD;LUAD_EGFR;LUAD_KRAS;LUAD_STK11;LUSC
lung,1013,1013,tpm_clean,ENSG00000236761,CTAGE9,0,0.0,0,0.0,0,1013,0.0,0,1013,0.0,LUAD;LUAD_EGFR;LUAD_KRAS;LUAD_STK11;LUSC
lung,1013,1013,tpm_clean,ENSG00000238269,PAGE2B,31,3.06,26,2.57,28,1013,2.76,19,1013,1.88,LUAD;LUAD_EGFR;LUAD_KRAS;LUAD_STK11;LUSC
lung,1013,1013,tpm_clean,ENSG00000240021,TEX35,0,0.0,0,0.0,0,1013,0.0,0,1013,0.0,LUAD;LUAD_EGFR;LUAD_KRAS;LUAD_STK11;LUSC
lung,1013,0,tpm_clean,ENSG00000241149,ZNF722,0,,0,,0,0,,0,0,,LUAD;LUAD_EGFR;LUAD_KRAS;LUAD_STK11;LUSC
lung,1013,1013,tpm_clean,ENSG00000241476,SSX2/SSX2B,8,0.79,5,0.49,6,1013,0.59,1,1013,0.1,LUAD;LUAD_EGFR;LUAD_KRAS;LUAD_STK11;LUSC
lung,1013,1013,tpm_clean,ENSG00000242221,PSG2,2,0.2,2,0.2,2,1013,0.2,0,1013,0.0,LUAD;LUAD_EGFR;LUAD_KRAS;LUAD_STK11;LUSC
lung,1013,1013,tpm_clean,ENSG00000242389,RBMY1E,0,0.0,0,0.0,0,1013,0.0,0,1013,0.0,LUAD;LUAD_EGFR;LUAD_KRAS;LUAD_STK11;LUSC
lung,1013,1013,tpm_clean,ENSG00000242875,RBMY1B,0,0.0,0,0.0,0,1013,0.0,0,1013,0.0,LUAD;LUAD_EGFR;LUAD_KRAS;LUAD_STK11;LUSC
lung,1013,1013,tpm_clean,ENSG00000243130,PSG11,2,0.2,1,0.1,1,1013,0.1,1,1013,0.1,LUAD;LUAD_EGFR;LUAD_KRAS;LUAD_STK11;LUSC
lung,1013,1013,tpm_clean,ENSG00000244395,RBMY1D,0,0.0,0,0.0,0,1013,0.0,0,1013,0.0,LUAD;LUAD_EGFR;LUAD_KRAS;LUAD_STK11;LUSC
lung,1013,1013,tpm_clean,ENSG00000244588,RAD21L1,0,0.0,0,0.0,0,1013,0.0,0,1013,0.0,LUAD;LUAD_EGFR;LUAD_KRAS;LUAD_STK11;LUSC
lung,1013,1013,tpm_clean,ENSG00000249861,LGALS16,0,0.0,0,0.0,0,1013,0.0,0,1013,0.0,LUAD;LUAD_EGFR;LUAD_KRAS;LUAD_STK11;LUSC
lung,1013,1013,tpm_clean,ENSG00000250741,NT5C1B-RDH14,0,0.0,0,0.0,0,1013,0.0,0,1013,0.0,LUAD;LUAD_EGFR;LUAD_KRAS;LUAD_STK11;LUSC
lung,1013,1013,tpm_clean,ENSG00000251258,RFPL4B,0,0.0,0,0.0,0,1013,0.0,0,1013,0.0,LUAD;LUAD_EGFR;LUAD_KRAS;LUAD_STK11;LUSC
lung,1013,1013,tpm_clean,ENSG00000258713,C20orf141,0,0.0,0,0.0,0,1013,0.0,0,1013,0.0,LUAD;LUAD_EGFR;LUAD_KRAS;LUAD_STK11;LUSC
lung,1013,1013,tpm_clean,ENSG00000258992,TSPY1,13,1.28,5,0.49,8,1013,0.79,5,1013,0.49,LUAD;LUAD_EGFR;LUAD_KRAS;LUAD_STK11;LUSC
lung,1013,1013,tpm_clean,ENSG00000261649,GOLGA6L7,2,0.2,1,0.1,1,1013,0.1,0,1013,0.0,LUAD;LUAD_EGFR;LUAD_KRAS;LUAD_STK11;LUSC
lung,1013,1013,tpm_clean,ENSG00000261949,GFY,6,0.59,2,0.2,3,1013,0.3,1,1013,0.1,LUAD;LUAD_EGFR;LUAD_KRAS;LUAD_STK11;LUSC
lung,1013,1013,tpm_clean,ENSG00000268009,SSX4/SSX4B,8,0.79,2,0.2,6,1013,0.59,2,1013,0.2,LUAD;LUAD_EGFR;LUAD_KRAS;LUAD_STK11;LUSC
lung,1013,1013,tpm_clean,ENSG00000268629,TEX13A,0,0.0,0,0.0,0,1013,0.0,0,1013,0.0,LUAD;LUAD_EGFR;LUAD_KRAS;LUAD_STK11;LUSC
lung,1013,1013,tpm_clean,ENSG00000268696,ZNF723,0,0.0,0,0.0,0,1013,0.0,0,1013,0.0,LUAD;LUAD_EGFR;LUAD_KRAS;LUAD_STK11;LUSC
lung,1013,1013,tpm_clean,ENSG00000268964,ERVV-2,2,0.2,0,0.0,1,1013,0.1,0,1013,0.0,LUAD;LUAD_EGFR;LUAD_KRAS;LUAD_STK11;LUSC
lung,1013,1013,tpm_clean,ENSG00000268988,SPANXN2,0,0.0,0,0.0,0,1013,0.0,0,1013,0.0,LUAD;LUAD_EGFR;LUAD_KRAS;LUAD_STK11;LUSC
lung,1013,1013,tpm_clean,ENSG00000269058,CALR3,0,0.0,0,0.0,0,1013,0.0,0,1013,0.0,LUAD;LUAD_EGFR;LUAD_KRAS;LUAD_STK11;LUSC
lung,1013,1013,tpm_clean,ENSG00000269586,CT45A10,63,6.22,23,2.27,37,1013,3.65,9,1013,0.89,LUAD;LUAD_EGFR;LUAD_KRAS;LUAD_STK11;LUSC
lung,1013,1013,tpm_clean,ENSG00000270806,C17orf50,0,0.0,0,0.0,0,1013,0.0,0,1013,0.0,LUAD;LUAD_EGFR;LUAD_KRAS;LUAD_STK11;LUSC
lung,1013,1013,tpm_clean,ENSG00000270946,CT45A2/8/9,9,0.89,3,0.3,5,1013,0.49,1,1013,0.1,LUAD;LUAD_EGFR;LUAD_KRAS;LUAD_STK11;LUSC
lung,1013,1013,tpm_clean,ENSG00000271321,CTAGE6,0,0.0,0,0.0,0,1013,0.0,0,1013,0.0,LUAD;LUAD_EGFR;LUAD_KRAS;LUAD_STK11;LUSC
lung,1013,1013,tpm_clean,ENSG00000274274,GAGE13,51,5.03,35,3.46,42,1013,4.15,24,1013,2.37,LUAD;LUAD_EGFR;LUAD_KRAS;LUAD_STK11;LUSC
lung,1013,1013,tpm_clean,ENSG00000274391,TPTE,0,0.0,0,0.0,0,1013,0.0,0,1013,0.0,LUAD;LUAD_EGFR;LUAD_KRAS;LUAD_STK11;LUSC
lung,1013,1013,tpm_clean,ENSG00000275793,RIMBP3,0,0.0,0,0.0,0,1013,0.0,0,1013,0.0,LUAD;LUAD_EGFR;LUAD_KRAS;LUAD_STK11;LUSC
lung,1013,1013,tpm_clean,ENSG00000275969,SPATA31A3,0,0.0,0,0.0,0,1013,0.0,0,1013,0.0,LUAD;LUAD_EGFR;LUAD_KRAS;LUAD_STK11;LUSC
lung,1013,1013,tpm_clean,ENSG00000276040,SPATA31A7,0,0.0,0,0.0,0,1013,0.0,0,1013,0.0,LUAD;LUAD_EGFR;LUAD_KRAS;LUAD_STK11;LUSC
lung,1013,1013,tpm_clean,ENSG00000276581,SPATA31A5,0,0.0,0,0.0,0,1013,0.0,0,1013,0.0,LUAD;LUAD_EGFR;LUAD_KRAS;LUAD_STK11;LUSC
lung,1013,1013,tpm_clean,ENSG00000277322,GOLGA6L6,0,0.0,0,0.0,0,1013,0.0,0,1013,0.0,LUAD;LUAD_EGFR;LUAD_KRAS;LUAD_STK11;LUSC
lung,1013,0,tpm_clean,ENSG00000282815,TEX13C,0,,0,,0,0,,0,0,,LUAD;LUAD_EGFR;LUAD_KRAS;LUAD_STK11;LUSC
mesothelioma,87,87,tpm_clean,ENSG00000006047,YBX2,1,1.15,0,0.0,1,87,1.15,0,87,0.0,MESO
mesothelioma,87,87,tpm_clean,ENSG00000006659,LGALS14,0,0.0,0,0.0,0,87,0.0,0,87,0.0,MESO
mesothelioma,87,87,tpm_clean,ENSG00000007350,TKTL1,1,1.15,1,1.15,1,87,1.15,1,87,1.15,MESO
mesothelioma,87,87,tpm_clean,ENSG00000010318,PHF7,0,0.0,0,0.0,0,87,0.0,0,87,0.0,MESO
mesothelioma,87,87,tpm_clean,ENSG00000042813,ZPBP,0,0.0,0,0.0,0,87,0.0,0,87,0.0,MESO
mesothelioma,87,87,tpm_clean,ENSG00000046774,MAGEC2,0,0.0,0,0.0,0,87,0.0,0,87,0.0,MESO
mesothelioma,87,87,tpm_clean,ENSG00000054796,SPO11,0,0.0,0,0.0,0,87,0.0,0,87,0.0,MESO
mesothelioma,87,87,tpm_clean,ENSG00000068985,PAGE1,0,0.0,0,0.0,0,87,0.0,0,87,0.0,MESO
mesothelioma,87,87,tpm_clean,ENSG00000077800,FKBP6,0,0.0,0,0.0,0,87,0.0,0,87,0.0,MESO
mesothelioma,87,87,tpm_clean,ENSG00000077935,SMC1B,0,0.0,0,0.0,0,87,0.0,0,87,0.0,MESO
mesothelioma,87,87,tpm_clean,ENSG00000092345,DAZL,0,0.0,0,0.0,0,87,0.0,0,87,0.0,MESO
mesothelioma,87,87,tpm_clean,ENSG00000095627,TDRD1,0,0.0,0,0.0,0,87,0.0,0,87,0.0,MESO
mesothelioma,87,87,tpm_clean,ENSG00000099399,MAGEB2,1,1.15,1,1.15,1,87,1.15,0,87,0.0,MESO
mesothelioma,87,87,tpm_clean,ENSG00000102021,LUZP4,0,0.0,0,0.0,0,87,0.0,0,87,0.0,MESO
mesothelioma,87,87,tpm_clean,ENSG00000103023,PRSS54,0,0.0,0,0.0,0,87,0.0,0,87,0.0,MESO
mesothelioma,87,87,tpm_clean,ENSG00000104755,ADAM2,0,0.0,0,0.0,0,87,0.0,0,87,0.0,MESO
mesothelioma,87,87,tpm_clean,ENSG00000104804,TULP2,0,0.0,0,0.0,0,87,0.0,0,87,0.0,MESO
mesothelioma,87,87,tpm_clean,ENSG00000104818,CGB2,0,0.0,0,0.0,0,87,0.0,0,87,0.0,MESO
mesothelioma,87,87,tpm_clean,ENSG00000104901,DKKL1,0,0.0,0,0.0,0,87,0.0,0,87,0.0,MESO
mesothelioma,87,87,tpm_clean,ENSG00000105198,LGALS13,0,0.0,0,0.0,0,87,0.0,0,87,0.0,MESO
mesothelioma,87,87,tpm_clean,ENSG00000106013,ANKRD7,0,0.0,0,0.0,0,87,0.0,0,87,0.0,MESO
mesothelioma,87,87,tpm_clean,ENSG00000106304,SPAM1,0,0.0,0,0.0,0,87,0.0,0,87,0.0,MESO
mesothelioma,87,87,tpm_clean,ENSG00000114487,MORC1,0,0.0,0,0.0,0,87,0.0,0,87,0.0,MESO
mesothelioma,87,87,tpm_clean,ENSG00000117148,ACTL8,0,0.0,0,0.0,0,87,0.0,0,87,0.0,MESO
mesothelioma,87,87,tpm_clean,ENSG00000118434,SPACA1,0,0.0,0,0.0,0,87,0.0,0,87,0.0,MESO
mesothelioma,87,87,tpm_clean,ENSG00000118491,ZC2HC1B,0,0.0,0,0.0,0,87,0.0,0,87,0.0,MESO
mesothelioma,87,87,tpm_clean,ENSG00000121101,TEX14,0,0.0,0,0.0,0,87,0.0,0,87,0.0,MESO
mesothelioma,87,87,tpm_clean,ENSG00000122304,PRM2,0,0.0,0,0.0,0,87,0.0,0,87,0.0,MESO
mesothelioma,87,87,tpm_clean,ENSG00000123576,ESX1,0,0.0,0,0.0,0,87,0.0,0,87,0.0,MESO
mesothelioma,87,87,tpm_clean,ENSG00000123584,MAGEA9/MAGEA9B,0,0.0,0,0.0,0,87,0.0,0,87,0.0,MESO
mesothelioma,87,87,tpm_clean,ENSG00000124092,CTCFL,0,0.0,0,0.0,0,87,0.0,0,87,0.0,MESO
mesothelioma,87,87,tpm_clean,ENSG00000124227,ANKRD60,0,0.0,0,0.0,0,87,0.0,0,87,0.0,MESO
mesothelioma,87,87,tpm_clean,ENSG00000124260,MAGEA10,0,0.0,0,0.0,0,87,0.0,0,87,0.0,MESO
mesothelioma,87,87,tpm_clean,ENSG00000124467,PSG8,0,0.0,0,0.0,0,87,0.0,0,87,0.0,MESO
mesothelioma,87,87,tpm_clean,ENSG00000124490,CRISP2,0,0.0,0,0.0,0,87,0.0,0,87,0.0,MESO
mesothelioma,87,87,tpm_clean,ENSG00000125207,PIWIL1,0,0.0,0,0.0,0,87,0.0,0,87,0.0,MESO
mesothelioma,87,87,tpm_clean,ENSG00000125823,CSTL1,0,0.0,0,0.0,0,87,0.0,0,87,0.0,MESO
mesothelioma,87,87,tpm_clean,ENSG00000126467,TSKS,0,0.0,0,0.0,0,87,0.0,0,87,0.0,MESO
mesothelioma,87,87,tpm_clean,ENSG00000126752,SSX1,0,0.0,0,0.0,0,87,0.0,0,87,0.0,MESO
mesothelioma,87,87,tpm_clean,ENSG00000126856,PRDM7,0,0.0,0,0.0,0,87,0.0,0,87,0.0,MESO
mesothelioma,87,87,tpm_clean,ENSG00000129862,VCY/VCY1B,0,0.0,0,0.0,0,87,0.0,0,87,0.0,MESO
mesothelioma,87,87,tpm_clean,ENSG00000130950,NUTM2F,0,0.0,0,0.0,0,87,0.0,0,87,0.0,MESO
mesothelioma,87,87,tpm_clean,ENSG00000131126,TEX101,0,0.0,0,0.0,0,87,0.0,0,87,0.0,MESO
mesothelioma,87,87,tpm_clean,ENSG00000132446,FTHL17,0,0.0,0,0.0,0,87,0.0,0,87,0.0,MESO
mesothelioma,87,87,tpm_clean,ENSG00000135248,GARIN1B,0,0.0,0,0.0,0,87,0.0,0,87,0.0,MESO
mesothelioma,87,87,tpm_clean,ENSG00000137090,DMRT1,0,0.0,0,0.0,0,87,0.0,0,87,0.0,MESO
mesothelioma,87,87,tpm_clean,ENSG00000137948,BRDT,0,0.0,0,0.0,0,87,0.0,0,87,0.0,MESO
mesothelioma,87,87,tpm_clean,ENSG00000139351,SYCP3,0,0.0,0,0.0,0,87,0.0,0,87,0.0,MESO
mesothelioma,87,87,tpm_clean,ENSG00000140478,GOLGA6D,0,0.0,0,0.0,0,87,0.0,0,87,0.0,MESO
mesothelioma,87,87,tpm_clean,ENSG00000141096,DPEP3,0,0.0,0,0.0,0,87,0.0,0,87,0.0,MESO
mesothelioma,87,87,tpm_clean,ENSG00000141255,SPATA22,0,0.0,0,0.0,0,87,0.0,0,87,0.0,MESO
mesothelioma,87,87,tpm_clean,ENSG00000141316,SPACA3,0,0.0,0,0.0,0,87,0.0,0,87,0.0,MESO
mesothelioma,87,87,tpm_clean,ENSG00000141371,CHCT1,0,0.0,0,0.0,0,87,0.0,0,87,0.0,MESO
mesothelioma,87,87,tpm_clean,ENSG00000141437,SLC25A52,0,0.0,0,0.0,0,87,0.0,0,87,0.0,MESO
mesothelioma,87,87,tpm_clean,ENSG00000142025,DMRTC2,0,0.0,0,0.0,0,87,0.0,0,87,0.0,MESO
mesothelioma,87,87,tpm_clean,ENSG00000142698,C1orf94,0,0.0,0,0.0,0,87,0.0,0,87,0.0,MESO
mesothelioma,87,87,tpm_clean,ENSG00000143006,DMRTB1,0,0.0,0,0.0,0,87,0.0,0,87,0.0,MESO
mesothelioma,87,87,tpm_clean,ENSG00000143452,HORMAD1,0,0.0,0,0.0,0,87,0.0,0,87,0.0,MESO
mesothelioma,87,87,tpm_clean,ENSG00000144962,SPATA16,0,0.0,0,0.0,0,87,0.0,0,87,0.0,MESO
mesothelioma,87,87,tpm_clean,ENSG00000145309,CABS1,0,0.0,0,0.0,0,87,0.0,0,87,0.0,MESO
mesothelioma,87,87,tpm_clean,ENSG00000147081,AKAP4,0,0.0,0,0.0,0,87,0.0,0,87,0.0,MESO
mesothelioma,87,87,tpm_clean,ENSG00000147183,CPXCR1,0,0.0,0,0.0,0,87,0.0,0,87,0.0,MESO
mesothelioma,87,87,tpm_clean,ENSG00000147378,FATE1,0,0.0,0,0.0,0,87,0.0,0,87,0.0,MESO
mesothelioma,87,87,tpm_clean,ENSG00000147381,MAGEA4,0,0.0,0,0.0,0,87,0.0,0,87,0.0,MESO
mesothelioma,87,87,tpm_clean,ENSG00000148156,ACTL7B,0,0.0,0,0.0,0,87,0.0,0,87,0.0,MESO
mesothelioma,87,87,tpm_clean,ENSG00000150628,SPATA4,0,0.0,0,0.0,0,87,0.0,0,87,0.0,MESO
mesothelioma,87,87,tpm_clean,ENSG00000151962,RBM46,0,0.0,0,0.0,0,87,0.0,0,87,0.0,MESO
mesothelioma,87,87,tpm_clean,ENSG00000152430,BOLL,0,0.0,0,0.0,0,87,0.0,0,87,0.0,MESO
mesothelioma,87,87,tpm_clean,ENSG00000152670,DDX4,0,0.0,0,0.0,0,87,0.0,0,87,0.0,MESO
mesothelioma,87,87,tpm_clean,ENSG00000153060,TEKT5,0,0.0,0,0.0,0,87,0.0,0,87,0.0,MESO
mesothelioma,87,87,tpm_clean,ENSG00000153779,TGIF2LX,0,0.0,0,0.0,0,87,0.0,0,87,0.0,MESO
mesothelioma,87,87,tpm_clean,ENSG00000155087,ODF1,0,0.0,0,0.0,0,87,0.0,0,87,0.0,MESO
mesothelioma,87,87,tpm_clean,ENSG00000155495,MAGEC1,0,0.0,0,0.0,0,87,0.0,0,87,0.0,MESO
mesothelioma,87,87,tpm_clean,ENSG00000155622,XAGE2,3,3.45,2,2.3,2,87,2.3,2,87,2.3,MESO
mesothelioma,87,87,tpm_clean,ENSG00000156009,MAGEA8,0,0.0,0,0.0,0,87,0.0,0,87,0.0,MESO
mesothelioma,87,87,tpm_clean,ENSG00000156269,NAA11,0,0.0,0,0.0,0,87,0.0,0,87,0.0,MESO
mesothelioma,87,87,tpm_clean,ENSG00000158639,PAGE5,0,0.0,0,0.0,0,87,0.0,0,87,0.0,MESO
mesothelioma,87,87,tpm_clean,ENSG00000159289,GOLGA6A,0,0.0,0,0.0,0,87,0.0,0,87,0.0,MESO
mesothelioma,87,87,tpm_clean,ENSG00000159708,LRRC36,0,0.0,0,0.0,0,87,0.0,0,87,0.0,MESO
mesothelioma,87,87,tpm_clean,ENSG00000161860,SYCE2,0,0.0,0,0.0,0,87,0.0,0,87,0.0,MESO
mesothelioma,87,87,tpm_clean,ENSG00000161973,CCDC42,0,0.0,0,0.0,0,87,0.0,0,87,0.0,MESO
mesothelioma,87,87,tpm_clean,ENSG00000162039,MEIOB,0,0.0,0,0.0,0,87,0.0,0,87,0.0,MESO
mesothelioma,87,87,tpm_clean,ENSG00000162641,AKNAD1,0,0.0,0,0.0,0,87,0.0,0,87,0.0,MESO
mesothelioma,87,87,tpm_clean,ENSG00000162771,GARIN4,0,0.0,0,0.0,0,87,0.0,0,87,0.0,MESO
mesothelioma,87,87,tpm_clean,ENSG00000162843,WDR64,0,0.0,0,0.0,0,87,0.0,0,87,0.0,MESO
mesothelioma,87,87,tpm_clean,ENSG00000163114,PDHA2,0,0.0,0,0.0,0,87,0.0,0,87,0.0,MESO
mesothelioma,87,87,tpm_clean,ENSG00000163530,DPPA2,0,0.0,0,0.0,0,87,0.0,0,87,0.0,MESO
mesothelioma,87,87,tpm_clean,ENSG00000164113,ADAD1,0,0.0,0,0.0,0,87,0.0,0,87,0.0,MESO
mesothelioma,87,87,tpm_clean,ENSG00000164304,CAGE1,0,0.0,0,0.0,0,87,0.0,0,87,0.0,MESO
mesothelioma,87,87,tpm_clean,ENSG00000165583,SSX5,0,0.0,0,0.0,0,87,0.0,0,87,0.0,MESO
mesothelioma,87,87,tpm_clean,ENSG00000165584,SSX3,0,0.0,0,0.0,0,87,0.0,0,87,0.0,MESO
mesothelioma,87,87,tpm_clean,ENSG00000166049,PASD1,1,1.15,1,1.15,1,87,1.15,0,87,0.0,MESO
mesothelioma,87,87,tpm_clean,ENSG00000166069,TMCO5A,0,0.0,0,0.0,0,87,0.0,0,87,0.0,MESO
mesothelioma,87,87,tpm_clean,ENSG00000166118,SPATA19,0,0.0,0,0.0,0,87,0.0,0,87,0.0,MESO
mesothelioma,87,87,tpm_clean,ENSG00000166796,LDHC,0,0.0,0,0.0,0,87,0.0,0,87,0.0,MESO
mesothelioma,87,87,tpm_clean,ENSG00000167098,SUN5,0,0.0,0,0.0,0,87,0.0,0,87,0.0,MESO
mesothelioma,87,87,tpm_clean,ENSG00000168594,ADAM29,0,0.0,0,0.0,0,87,0.0,0,87,0.0,MESO
mesothelioma,87,87,tpm_clean,ENSG00000168757,TSPY2,0,0.0,0,0.0,0,87,0.0,0,87,0.0,MESO
mesothelioma,87,87,tpm_clean,ENSG00000169059,VCX3A,0,0.0,0,0.0,0,87,0.0,0,87,0.0,MESO
mesothelioma,87,87,tpm_clean,ENSG00000169551,CT55,0,0.0,0,0.0,0,87,0.0,0,87,0.0,MESO
mesothelioma,87,87,tpm_clean,ENSG00000169800,RBMY1F,0,0.0,0,0.0,0,87,0.0,0,87,0.0,MESO
mesothelioma,87,87,tpm_clean,ENSG00000170516,COX7B2,0,0.0,0,0.0,0,87,0.0,0,87,0.0,MESO
mesothelioma,87,87,tpm_clean,ENSG00000170748,RBMXL2,0,0.0,0,0.0,0,87,0.0,0,87,0.0,MESO
mesothelioma,87,87,tpm_clean,ENSG00000170848,PSG6,0,0.0,0,0.0,0,87,0.0,0,87,0.0,MESO
mesothelioma,87,87,tpm_clean,ENSG00000170950,PGK2,0,0.0,0,0.0,0,87,0.0,0,87,0.0,MESO
mesothelioma,87,87,tpm_clean,ENSG00000170965,PLAC1,1,1.15,0,0.0,0,87,0.0,0,87,0.0,MESO
mesothelioma,87,87,tpm_clean,ENSG00000171402,XAGE3,0,0.0,0,0.0,0,87,0.0,0,87,0.0,MESO
mesothelioma,87,87,tpm_clean,ENSG00000171405,XAGE5,0,0.0,0,0.0,0,87,0.0,0,87,0.0,MESO
mesothelioma,87,87,tpm_clean,ENSG00000171794,UTF1,0,0.0,0,0.0,0,87,0.0,0,87,0.0,MESO
mesothelioma,87,87,tpm_clean,ENSG00000172073,TEX37,0,0.0,0,0.0,0,87,0.0,0,87,0.0,MESO
mesothelioma,87,87,tpm_clean,ENSG00000172717,GARIN2,0,0.0,0,0.0,0,87,0.0,0,87,0.0,MESO
mesothelioma,87,87,tpm_clean,ENSG00000174015,CBY2,0,0.0,0,0.0,0,87,0.0,0,87,0.0,MESO
mesothelioma,87,87,tpm_clean,ENSG00000174016,TENT5D,0,0.0,0,0.0,0,87,0.0,0,87,0.0,MESO
mesothelioma,87,87,tpm_clean,ENSG00000174898,CATSPERD,0,0.0,0,0.0,0,87,0.0,0,87,0.0,MESO
mesothelioma,87,87,tpm_clean,ENSG00000175646,PRM1,0,0.0,0,0.0,0,87,0.0,0,87,0.0,MESO
mesothelioma,87,87,tpm_clean,ENSG00000175809,CBLL2,0,0.0,0,0.0,0,87,0.0,0,87,0.0,MESO
mesothelioma,87,87,tpm_clean,ENSG00000175820,CCDC168,0,0.0,0,0.0,0,87,0.0,0,87,0.0,MESO
mesothelioma,87,87,tpm_clean,ENSG00000175877,TMEM270,0,0.0,0,0.0,0,87,0.0,0,87,0.0,MESO
mesothelioma,87,87,tpm_clean,ENSG00000176256,HMGB4,0,0.0,0,0.0,0,87,0.0,0,87,0.0,MESO
mesothelioma,87,87,tpm_clean,ENSG00000176566,DCAF4L2,0,0.0,0,0.0,0,87,0.0,0,87,0.0,MESO
mesothelioma,87,87,tpm_clean,ENSG00000176635,HORMAD2,0,0.0,0,0.0,0,87,0.0,0,87,0.0,MESO
mesothelioma,87,87,tpm_clean,ENSG00000176746,MAGEB6,0,0.0,0,0.0,0,87,0.0,0,87,0.0,MESO
mesothelioma,87,87,tpm_clean,ENSG00000176774,MAGEB18,0,0.0,0,0.0,0,87,0.0,0,87,0.0,MESO
mesothelioma,87,87,tpm_clean,ENSG00000176988,FMR1NB,0,0.0,0,0.0,0,87,0.0,0,87,0.0,MESO
mesothelioma,87,87,tpm_clean,ENSG00000177294,FBXO39,0,0.0,0,0.0,0,87,0.0,0,87,0.0,MESO
mesothelioma,87,87,tpm_clean,ENSG00000177673,TEX44,0,0.0,0,0.0,0,87,0.0,0,87,0.0,MESO
mesothelioma,87,87,tpm_clean,ENSG00000177689,MAGEB10,0,0.0,0,0.0,0,87,0.0,0,87,0.0,MESO
mesothelioma,87,87,tpm_clean,ENSG00000177947,ODF3,0,0.0,0,0.0,0,87,0.0,0,87,0.0,MESO
mesothelioma,87,87,tpm_clean,ENSG00000177992,SPATA31E1,0,0.0,0,0.0,0,87,0.0,0,87,0.0,MESO
mesothelioma,87,87,tpm_clean,ENSG00000178021,TSPYL6,0,0.0,0,0.0,0,87,0.0,0,87,0.0,MESO
mesothelioma,87,87,tpm_clean,ENSG00000178257,PRM3,0,0.0,0,0.0,0,87,0.0,0,87,0.0,MESO
mesothelioma,87,87,tpm_clean,ENSG00000178279,TNP2,0,0.0,0,0.0,0,87,0.0,0,87,0.0,MESO
mesothelioma,87,87,tpm_clean,ENSG00000178997,EXD1,0,0.0,0,0.0,0,87,0.0,0,87,0.0,MESO
mesothelioma,87,87,tpm_clean,ENSG00000179046,TRIML2,1,1.15,0,0.0,1,87,1.15,0,87,0.0,MESO
mesothelioma,87,87,tpm_clean,ENSG00000179059,ZFP42,0,0.0,0,0.0,0,87,0.0,0,87,0.0,MESO
mesothelioma,87,87,tpm_clean,ENSG00000179088,C12orf42,0,0.0,0,0.0,0,87,0.0,0,87,0.0,MESO
mesothelioma,87,87,tpm_clean,ENSG00000179407,DNAJB8,0,0.0,0,0.0,0,87,0.0,0,87,0.0,MESO
mesothelioma,87,87,tpm_clean,ENSG00000180138,CSNK1A1L,0,0.0,0,0.0,0,87,0.0,0,87,0.0,MESO
mesothelioma,87,87,tpm_clean,ENSG00000180336,MEIOC,0,0.0,0,0.0,0,87,0.0,0,87,0.0,MESO
mesothelioma,87,87,tpm_clean,ENSG00000181323,SPEM1,0,0.0,0,0.0,0,87,0.0,0,87,0.0,MESO
mesothelioma,87,87,tpm_clean,ENSG00000181433,SAGE1,0,0.0,0,0.0,0,87,0.0,0,87,0.0,MESO
mesothelioma,87,87,tpm_clean,ENSG00000182308,DCAF4L1,0,0.0,0,0.0,0,87,0.0,0,87,0.0,MESO
mesothelioma,87,87,tpm_clean,ENSG00000182459,TEX19,0,0.0,0,0.0,0,87,0.0,0,87,0.0,MESO
mesothelioma,87,87,tpm_clean,ENSG00000182583,VCX,0,0.0,0,0.0,0,87,0.0,0,87,0.0,MESO
mesothelioma,87,87,tpm_clean,ENSG00000183206,POTEC,0,0.0,0,0.0,0,87,0.0,0,87,0.0,MESO
mesothelioma,87,87,tpm_clean,ENSG00000183305,MAGEA2/MAGEA2B,0,0.0,0,0.0,0,87,0.0,0,87,0.0,MESO
mesothelioma,87,87,tpm_clean,ENSG00000183434,TFDP3,0,0.0,0,0.0,0,87,0.0,0,87,0.0,MESO
mesothelioma,87,87,tpm_clean,ENSG00000183668,PSG9,0,0.0,0,0.0,0,87,0.0,0,87,0.0,MESO
mesothelioma,87,87,tpm_clean,ENSG00000184033,CTAG1A/B,0,0.0,0,0.0,0,87,0.0,0,87,0.0,MESO
mesothelioma,87,87,tpm_clean,ENSG00000184361,SPATA32,0,0.0,0,0.0,0,87,0.0,0,87,0.0,MESO
mesothelioma,87,87,tpm_clean,ENSG00000184507,NUTM1,0,0.0,0,0.0,0,87,0.0,0,87,0.0,MESO
mesothelioma,87,87,tpm_clean,ENSG00000184650,ODF4,0,0.0,0,0.0,0,87,0.0,0,87,0.0,MESO
mesothelioma,87,87,tpm_clean,ENSG00000184735,DDX53,0,0.0,0,0.0,0,87,0.0,0,87,0.0,MESO
mesothelioma,87,87,tpm_clean,ENSG00000185264,TEX33,0,0.0,0,0.0,0,87,0.0,0,87,0.0,MESO
mesothelioma,87,87,tpm_clean,ENSG00000185686,PRAME,3,3.45,2,2.3,3,87,3.45,2,87,2.3,MESO
mesothelioma,87,87,tpm_clean,ENSG00000185775,SPATA31A6,0,0.0,0,0.0,0,87,0.0,0,87,0.0,MESO
mesothelioma,87,87,tpm_clean,ENSG00000185792,NLRP9,0,0.0,0,0.0,0,87,0.0,0,87,0.0,MESO
mesothelioma,87,87,tpm_clean,ENSG00000185863,TMEM210,0,0.0,0,0.0,0,87,0.0,0,87,0.0,MESO
mesothelioma,87,87,tpm_clean,ENSG00000186075,ZPBP2,0,0.0,0,0.0,0,87,0.0,0,87,0.0,MESO
mesothelioma,87,87,tpm_clean,ENSG00000186118,TEX38,0,0.0,0,0.0,0,87,0.0,0,87,0.0,MESO
mesothelioma,87,87,tpm_clean,ENSG00000186451,SPATA12,0,0.0,0,0.0,0,87,0.0,0,87,0.0,MESO
mesothelioma,87,87,tpm_clean,ENSG00000186788,SPATA31D3,0,0.0,0,0.0,0,87,0.0,0,87,0.0,MESO
mesothelioma,87,87,tpm_clean,ENSG00000187003,ACTL7A,0,0.0,0,0.0,0,87,0.0,0,87,0.0,MESO
mesothelioma,87,87,tpm_clean,ENSG00000187191,DAZ3,0,0.0,0,0.0,0,87,0.0,0,87,0.0,MESO
mesothelioma,87,87,tpm_clean,ENSG00000187754,SSX7,0,0.0,0,0.0,0,87,0.0,0,87,0.0,MESO
mesothelioma,87,87,tpm_clean,ENSG00000187772,LIN28B,0,0.0,0,0.0,0,87,0.0,0,87,0.0,MESO
mesothelioma,87,87,tpm_clean,ENSG00000188120,DAZ1,0,0.0,0,0.0,0,87,0.0,0,87,0.0,MESO
mesothelioma,87,87,tpm_clean,ENSG00000188425,NANOS2,0,0.0,0,0.0,0,87,0.0,0,87,0.0,MESO
mesothelioma,87,87,tpm_clean,ENSG00000188782,CATSPER4,0,0.0,0,0.0,0,87,0.0,0,87,0.0,MESO
mesothelioma,87,87,tpm_clean,ENSG00000189023,MAGEB16,0,0.0,0,0.0,0,87,0.0,0,87,0.0,MESO
mesothelioma,87,87,tpm_clean,ENSG00000189052,CGB5/8,1,1.15,0,0.0,0,87,0.0,0,87,0.0,MESO
mesothelioma,87,87,tpm_clean,ENSG00000189064,GAGE2A,2,2.3,2,2.3,2,87,2.3,2,87,2.3,MESO
mesothelioma,87,87,tpm_clean,ENSG00000189186,DCAF8L2,0,0.0,0,0.0,0,87,0.0,0,87,0.0,MESO
mesothelioma,87,87,tpm_clean,ENSG00000189252,SPANXN3,0,0.0,0,0.0,0,87,0.0,0,87,0.0,MESO
mesothelioma,87,87,tpm_clean,ENSG00000189326,SPANXN4,0,0.0,0,0.0,0,87,0.0,0,87,0.0,MESO
mesothelioma,87,87,tpm_clean,ENSG00000189357,SPATA31D4,0,0.0,0,0.0,0,87,0.0,0,87,0.0,MESO
mesothelioma,87,87,tpm_clean,ENSG00000196350,ZNF729,0,0.0,0,0.0,0,87,0.0,0,87,0.0,MESO
mesothelioma,87,87,tpm_clean,ENSG00000196406,SPANXD,0,0.0,0,0.0,0,87,0.0,0,87,0.0,MESO
mesothelioma,87,87,tpm_clean,ENSG00000196553,CCDC196,0,0.0,0,0.0,0,87,0.0,0,87,0.0,MESO
mesothelioma,87,87,tpm_clean,ENSG00000196604,POTEF,0,0.0,0,0.0,0,87,0.0,0,87,0.0,MESO
mesothelioma,87,87,tpm_clean,ENSG00000196862,RGPD4,0,0.0,0,0.0,0,87,0.0,0,87,0.0,MESO
mesothelioma,87,87,tpm_clean,ENSG00000197172,MAGEA6,1,1.15,1,1.15,1,87,1.15,0,87,0.0,MESO
mesothelioma,87,87,tpm_clean,ENSG00000198021,SPANXA1/2,0,0.0,0,0.0,0,87,0.0,0,87,0.0,MESO
mesothelioma,87,87,tpm_clean,ENSG00000198573,SPANXC,0,0.0,0,0.0,0,87,0.0,0,87,0.0,MESO
mesothelioma,87,87,tpm_clean,ENSG00000198681,MAGEA1,1,1.15,0,0.0,0,87,0.0,0,87,0.0,MESO
mesothelioma,87,87,tpm_clean,ENSG00000198759,EGFL6,8,9.2,2,2.3,4,87,4.6,1,87,1.15,MESO
mesothelioma,87,87,tpm_clean,ENSG00000198765,SYCP1,0,0.0,0,0.0,0,87,0.0,0,87,0.0,MESO
mesothelioma,87,87,tpm_clean,ENSG00000198870,STKLD1,0,0.0,0,0.0,0,87,0.0,0,87,0.0,MESO
mesothelioma,87,87,tpm_clean,ENSG00000203909,DPPA5,0,0.0,0,0.0,0,87,0.0,0,87,0.0,MESO
mesothelioma,87,87,tpm_clean,ENSG00000203923,SPANXN1,0,0.0,0,0.0,0,87,0.0,0,87,0.0,MESO
mesothelioma,87,87,tpm_clean,ENSG00000204019,CT83,0,0.0,0,0.0,0,87,0.0,0,87,0.0,MESO
mesothelioma,87,87,tpm_clean,ENSG00000204279,PAGE3,0,0.0,0,0.0,0,87,0.0,0,87,0.0,MESO
mesothelioma,87,87,tpm_clean,ENSG00000204363,SPANXN5,0,0.0,0,0.0,0,87,0.0,0,87,0.0,MESO
mesothelioma,87,87,tpm_clean,ENSG00000204379,XAGE1A/B,3,3.45,2,2.3,2,87,2.3,2,87,2.3,MESO
mesothelioma,87,87,tpm_clean,ENSG00000204450,TRIM64,0,0.0,0,0.0,0,87,0.0,0,87,0.0,MESO
mesothelioma,87,87,tpm_clean,ENSG00000204849,SPATA31A1,0,0.0,0,0.0,0,87,0.0,0,87,0.0,MESO
mesothelioma,87,87,tpm_clean,ENSG00000204941,PSG5,3,3.45,2,2.3,3,87,3.45,2,87,2.3,MESO
mesothelioma,87,87,tpm_clean,ENSG00000204961,PCDHA9,0,0.0,0,0.0,0,87,0.0,0,87,0.0,MESO
mesothelioma,87,87,tpm_clean,ENSG00000205359,SLCO6A1,0,0.0,0,0.0,0,87,0.0,0,87,0.0,MESO
mesothelioma,87,87,tpm_clean,ENSG00000205642,VCX3B,0,0.0,0,0.0,0,87,0.0,0,87,0.0,MESO
mesothelioma,87,87,tpm_clean,ENSG00000205777,GAGE1,3,3.45,0,0.0,1,87,1.15,0,87,0.0,MESO
mesothelioma,87,87,tpm_clean,ENSG00000212710,CTAGE1,1,1.15,0,0.0,0,87,0.0,0,87,0.0,MESO
mesothelioma,87,87,tpm_clean,ENSG00000213218,CSH2,0,0.0,0,0.0,0,87,0.0,0,87,0.0,MESO
mesothelioma,87,87,tpm_clean,ENSG00000213401,MAGEA12,0,0.0,0,0.0,0,87,0.0,0,87,0.0,MESO
mesothelioma,87,87,tpm_clean,ENSG00000214107,MAGEB1,0,0.0,0,0.0,0,87,0.0,0,87,0.0,MESO
mesothelioma,87,87,tpm_clean,ENSG00000215113,CXorf49/CXorf49B,8,9.2,2,2.3,3,87,3.45,1,87,1.15,MESO
mesothelioma,87,87,tpm_clean,ENSG00000215269,GAGE12F/G,0,0.0,0,0.0,0,87,0.0,0,87,0.0,MESO
mesothelioma,87,87,tpm_clean,ENSG00000215274,GAGE10,0,0.0,0,0.0,0,87,0.0,0,87,0.0,MESO
mesothelioma,87,87,tpm_clean,ENSG00000215529,EFCAB8,0,0.0,0,0.0,0,87,0.0,0,87,0.0,MESO
mesothelioma,87,87,tpm_clean,ENSG00000215817,ZC3H11B,0,0.0,0,0.0,0,87,0.0,0,87,0.0,MESO
mesothelioma,87,87,tpm_clean,ENSG00000216649,GAGE12C/D/E,2,2.3,1,1.15,1,87,1.15,0,87,0.0,MESO
mesothelioma,87,87,tpm_clean,ENSG00000221826,PSG3,0,0.0,0,0.0,0,87,0.0,0,87,0.0,MESO
mesothelioma,87,87,tpm_clean,ENSG00000221867,MAGEA3,1,1.15,0,0.0,0,87,0.0,0,87,0.0,MESO
mesothelioma,87,87,tpm_clean,ENSG00000221878,PSG7,0,0.0,0,0.0,0,87,0.0,0,87,0.0,MESO
mesothelioma,87,87,tpm_clean,ENSG00000224089,CT47A1/2/3/4/5/6/7/8/9/10/11/12,0,0.0,0,0.0,0,87,0.0,0,87,0.0,MESO
mesothelioma,87,87,tpm_clean,ENSG00000224440,CXorf51A/B,0,0.0,0,0.0,0,87,0.0,0,87,0.0,MESO
mesothelioma,87,87,tpm_clean,ENSG00000224659,GAGE12J,0,0.0,0,0.0,0,87,0.0,0,87,0.0,MESO
mesothelioma,87,87,tpm_clean,ENSG00000224902,GAGE12H,1,1.15,1,1.15,1,87,1.15,0,87,0.0,MESO
mesothelioma,87,0,tpm_clean,ENSG00000224960,PPP4R3C,0,,0,,0,0,,0,0,,MESO
mesothelioma,87,87,tpm_clean,ENSG00000226650,KIF4B,0,0.0,0,0.0,0,87,0.0,0,87,0.0,MESO
mesothelioma,87,87,tpm_clean,ENSG00000227234,SPANXB1,8,9.2,2,2.3,3,87,3.45,1,87,1.15,MESO
mesothelioma,87,87,tpm_clean,ENSG00000228836,CT45A5/6/7,1,1.15,0,0.0,1,87,1.15,0,87,0.0,MESO
mesothelioma,87,87,tpm_clean,ENSG00000228927,TSPY3,0,0.0,0,0.0,0,87,0.0,0,87,0.0,MESO
mesothelioma,87,87,tpm_clean,ENSG00000229549,TSPY8,0,0.0,0,0.0,0,87,0.0,0,87,0.0,MESO
mesothelioma,87,0,tpm_clean,ENSG00000230601,TEX48,0,,0,,0,0,,0,0,,MESO
mesothelioma,87,87,tpm_clean,ENSG00000231924,PSG1,0,0.0,0,0.0,0,87,0.0,0,87,0.0,MESO
mesothelioma,87,87,tpm_clean,ENSG00000233056,ERVH48-1,0,0.0,0,0.0,0,87,0.0,0,87,0.0,MESO
mesothelioma,87,87,tpm_clean,ENSG00000233803,TSPY4,0,0.0,0,0.0,0,87,0.0,0,87,0.0,MESO
mesothelioma,87,87,tpm_clean,ENSG00000234068,PAGE2,0,0.0,0,0.0,0,87,0.0,0,87,0.0,MESO
mesothelioma,87,87,tpm_clean,ENSG00000234414,RBMY1A1,0,0.0,0,0.0,0,87,0.0,0,87,0.0,MESO
mesothelioma,87,87,tpm_clean,ENSG00000235631,RNF148,0,0.0,0,0.0,0,87,0.0,0,87,0.0,MESO
mesothelioma,87,87,tpm_clean,ENSG00000236424,TSPY10,0,0.0,0,0.0,0,87,0.0,0,87,0.0,MESO
mesothelioma,87,87,tpm_clean,ENSG00000236446,CT47B1,0,0.0,0,0.0,0,87,0.0,0,87,0.0,MESO
mesothelioma,87,87,tpm_clean,ENSG00000236761,CTAGE9,0,0.0,0,0.0,0,87,0.0,0,87,0.0,MESO
mesothelioma,87,87,tpm_clean,ENSG00000238269,PAGE2B,0,0.0,0,0.0,0,87,0.0,0,87,0.0,MESO
mesothelioma,87,87,tpm_clean,ENSG00000240021,TEX35,0,0.0,0,0.0,0,87,0.0,0,87,0.0,MESO
mesothelioma,87,0,tpm_clean,ENSG00000241149,ZNF722,0,,0,,0,0,,0,0,,MESO
mesothelioma,87,87,tpm_clean,ENSG00000241476,SSX2/SSX2B,0,0.0,0,0.0,0,87,0.0,0,87,0.0,MESO
mesothelioma,87,87,tpm_clean,ENSG00000242221,PSG2,0,0.0,0,0.0,0,87,0.0,0,87,0.0,MESO
mesothelioma,87,87,tpm_clean,ENSG00000242389,RBMY1E,0,0.0,0,0.0,0,87,0.0,0,87,0.0,MESO
mesothelioma,87,87,tpm_clean,ENSG00000242875,RBMY1B,0,0.0,0,0.0,0,87,0.0,0,87,0.0,MESO
mesothelioma,87,87,tpm_clean,ENSG00000243130,PSG11,0,0.0,0,0.0,0,87,0.0,0,87,0.0,MESO
mesothelioma,87,87,tpm_clean,ENSG00000244395,RBMY1D,0,0.0,0,0.0,0,87,0.0,0,87,0.0,MESO
mesothelioma,87,87,tpm_clean,ENSG00000244588,RAD21L1,0,0.0,0,0.0,0,87,0.0,0,87,0.0,MESO
mesothelioma,87,87,tpm_clean,ENSG00000249861,LGALS16,0,0.0,0,0.0,0,87,0.0,0,87,0.0,MESO
mesothelioma,87,87,tpm_clean,ENSG00000250741,NT5C1B-RDH14,0,0.0,0,0.0,0,87,0.0,0,87,0.0,MESO
mesothelioma,87,87,tpm_clean,ENSG00000251258,RFPL4B,0,0.0,0,0.0,0,87,0.0,0,87,0.0,MESO
mesothelioma,87,87,tpm_clean,ENSG00000258713,C20orf141,0,0.0,0,0.0,0,87,0.0,0,87,0.0,MESO
mesothelioma,87,87,tpm_clean,ENSG00000258992,TSPY1,0,0.0,0,0.0,0,87,0.0,0,87,0.0,MESO
mesothelioma,87,87,tpm_clean,ENSG00000261649,GOLGA6L7,0,0.0,0,0.0,0,87,0.0,0,87,0.0,MESO
mesothelioma,87,87,tpm_clean,ENSG00000261949,GFY,0,0.0,0,0.0,0,87,0.0,0,87,0.0,MESO
mesothelioma,87,87,tpm_clean,ENSG00000268009,SSX4/SSX4B,0,0.0,0,0.0,0,87,0.0,0,87,0.0,MESO
mesothelioma,87,87,tpm_clean,ENSG00000268629,TEX13A,0,0.0,0,0.0,0,87,0.0,0,87,0.0,MESO
mesothelioma,87,87,tpm_clean,ENSG00000268696,ZNF723,0,0.0,0,0.0,0,87,0.0,0,87,0.0,MESO
mesothelioma,87,87,tpm_clean,ENSG00000268964,ERVV-2,0,0.0,0,0.0,0,87,0.0,0,87,0.0,MESO
mesothelioma,87,87,tpm_clean,ENSG00000268988,SPANXN2,0,0.0,0,0.0,0,87,0.0,0,87,0.0,MESO
mesothelioma,87,87,tpm_clean,ENSG00000269058,CALR3,0,0.0,0,0.0,0,87,0.0,0,87,0.0,MESO
mesothelioma,87,87,tpm_clean,ENSG00000269586,CT45A10,0,0.0,0,0.0,0,87,0.0,0,87,0.0,MESO
mesothelioma,87,87,tpm_clean,ENSG00000270806,C17orf50,0,0.0,0,0.0,0,87,0.0,0,87,0.0,MESO
mesothelioma,87,87,tpm_clean,ENSG00000270946,CT45A2/8/9,0,0.0,0,0.0,0,87,0.0,0,87,0.0,MESO
mesothelioma,87,87,tpm_clean,ENSG00000271321,CTAGE6,0,0.0,0,0.0,0,87,0.0,0,87,0.0,MESO
mesothelioma,87,87,tpm_clean,ENSG00000274274,GAGE13,0,0.0,0,0.0,0,87,0.0,0,87,0.0,MESO
mesothelioma,87,87,tpm_clean,ENSG00000274391,TPTE,0,0.0,0,0.0,0,87,0.0,0,87,0.0,MESO
mesothelioma,87,87,tpm_clean,ENSG00000275793,RIMBP3,0,0.0,0,0.0,0,87,0.0,0,87,0.0,MESO
mesothelioma,87,87,tpm_clean,ENSG00000275969,SPATA31A3,0,0.0,0,0.0,0,87,0.0,0,87,0.0,MESO
mesothelioma,87,87,tpm_clean,ENSG00000276040,SPATA31A7,0,0.0,0,0.0,0,87,0.0,0,87,0.0,MESO
mesothelioma,87,87,tpm_clean,ENSG00000276581,SPATA31A5,0,0.0,0,0.0,0,87,0.0,0,87,0.0,MESO
mesothelioma,87,87,tpm_clean,ENSG00000277322,GOLGA6L6,0,0.0,0,0.0,0,87,0.0,0,87,0.0,MESO
mesothelioma,87,0,tpm_clean,ENSG00000282815,TEX13C,0,,0,,0,0,,0,0,,MESO
ovary,426,426,tpm_clean,ENSG00000006047,YBX2,28,6.57,7,1.64,15,426,3.52,2,426,0.47,OV
ovary,426,426,tpm_clean,ENSG00000006659,LGALS14,0,0.0,0,0.0,0,426,0.0,0,426,0.0,OV
ovary,426,426,tpm_clean,ENSG00000007350,TKTL1,40,9.39,26,6.1,30,426,7.04,12,426,2.82,OV
ovary,426,426,tpm_clean,ENSG00000010318,PHF7,0,0.0,0,0.0,0,426,0.0,0,426,0.0,OV
ovary,426,426,tpm_clean,ENSG00000042813,ZPBP,0,0.0,0,0.0,0,426,0.0,0,426,0.0,OV
ovary,426,426,tpm_clean,ENSG00000046774,MAGEC2,19,4.46,10,2.35,13,426,3.05,4,426,0.94,OV
ovary,426,426,tpm_clean,ENSG00000054796,SPO11,0,0.0,0,0.0,0,426,0.0,0,426,0.0,OV
ovary,426,426,tpm_clean,ENSG00000068985,PAGE1,8,1.88,6,1.41,6,426,1.41,4,426,0.94,OV
ovary,426,426,tpm_clean,ENSG00000077800,FKBP6,0,0.0,0,0.0,0,426,0.0,0,426,0.0,OV
ovary,426,426,tpm_clean,ENSG00000077935,SMC1B,0,0.0,0,0.0,0,426,0.0,0,426,0.0,OV
ovary,426,426,tpm_clean,ENSG00000092345,DAZL,2,0.47,1,0.23,2,426,0.47,0,426,0.0,OV
ovary,426,426,tpm_clean,ENSG00000095627,TDRD1,0,0.0,0,0.0,0,426,0.0,0,426,0.0,OV
ovary,426,426,tpm_clean,ENSG00000099399,MAGEB2,0,0.0,0,0.0,0,426,0.0,0,426,0.0,OV
ovary,426,426,tpm_clean,ENSG00000102021,LUZP4,0,0.0,0,0.0,0,426,0.0,0,426,0.0,OV
ovary,426,426,tpm_clean,ENSG00000103023,PRSS54,0,0.0,0,0.0,0,426,0.0,0,426,0.0,OV
ovary,426,426,tpm_clean,ENSG00000104755,ADAM2,0,0.0,0,0.0,0,426,0.0,0,426,0.0,OV
ovary,426,426,tpm_clean,ENSG00000104804,TULP2,0,0.0,0,0.0,0,426,0.0,0,426,0.0,OV
ovary,426,426,tpm_clean,ENSG00000104818,CGB2,5,1.17,1,0.23,2,426,0.47,0,426,0.0,OV
ovary,426,426,tpm_clean,ENSG00000104901,DKKL1,0,0.0,0,0.0,0,426,0.0,0,426,0.0,OV
ovary,426,426,tpm_clean,ENSG00000105198,LGALS13,0,0.0,0,0.0,0,426,0.0,0,426,0.0,OV
ovary,426,426,tpm_clean,ENSG00000106013,ANKRD7,0,0.0,0,0.0,0,426,0.0,0,426,0.0,OV
ovary,426,426,tpm_clean,ENSG00000106304,SPAM1,0,0.0,0,0.0,0,426,0.0,0,426,0.0,OV
ovary,426,426,tpm_clean,ENSG00000114487,MORC1,0,0.0,0,0.0,0,426,0.0,0,426,0.0,OV
ovary,426,426,tpm_clean,ENSG00000117148,ACTL8,10,2.35,4,0.94,5,426,1.17,2,426,0.47,OV
ovary,426,426,tpm_clean,ENSG00000118434,SPACA1,0,0.0,0,0.0,0,426,0.0,0,426,0.0,OV
ovary,426,426,tpm_clean,ENSG00000118491,ZC2HC1B,0,0.0,0,0.0,0,426,0.0,0,426,0.0,OV
ovary,426,426,tpm_clean,ENSG00000121101,TEX14,0,0.0,0,0.0,0,426,0.0,0,426,0.0,OV
ovary,426,426,tpm_clean,ENSG00000122304,PRM2,0,0.0,0,0.0,0,426,0.0,0,426,0.0,OV
ovary,426,426,tpm_clean,ENSG00000123576,ESX1,0,0.0,0,0.0,0,426,0.0,0,426,0.0,OV
ovary,426,426,tpm_clean,ENSG00000123584,MAGEA9/MAGEA9B,23,5.4,11,2.58,18,426,4.23,2,426,0.47,OV
ovary,426,426,tpm_clean,ENSG00000124092,CTCFL,89,20.89,37,8.69,55,426,12.91,10,426,2.35,OV
ovary,426,426,tpm_clean,ENSG00000124227,ANKRD60,0,0.0,0,0.0,0,426,0.0,0,426,0.0,OV
ovary,426,426,tpm_clean,ENSG00000124260,MAGEA10,4,0.94,1,0.23,1,426,0.23,0,426,0.0,OV
ovary,426,426,tpm_clean,ENSG00000124467,PSG8,0,0.0,0,0.0,0,426,0.0,0,426,0.0,OV
ovary,426,426,tpm_clean,ENSG00000124490,CRISP2,0,0.0,0,0.0,0,426,0.0,0,426,0.0,OV
ovary,426,426,tpm_clean,ENSG00000125207,PIWIL1,0,0.0,0,0.0,0,426,0.0,0,426,0.0,OV
ovary,426,426,tpm_clean,ENSG00000125823,CSTL1,0,0.0,0,0.0,0,426,0.0,0,426,0.0,OV
ovary,426,426,tpm_clean,ENSG00000126467,TSKS,0,0.0,0,0.0,0,426,0.0,0,426,0.0,OV
ovary,426,426,tpm_clean,ENSG00000126752,SSX1,5,1.17,4,0.94,4,426,0.94,1,426,0.23,OV
ovary,426,426,tpm_clean,ENSG00000126856,PRDM7,0,0.0,0,0.0,0,426,0.0,0,426,0.0,OV
ovary,426,426,tpm_clean,ENSG00000129862,VCY/VCY1B,0,0.0,0,0.0,0,426,0.0,0,426,0.0,OV
ovary,426,426,tpm_clean,ENSG00000130950,NUTM2F,0,0.0,0,0.0,0,426,0.0,0,426,0.0,OV
ovary,426,426,tpm_clean,ENSG00000131126,TEX101,0,0.0,0,0.0,0,426,0.0,0,426,0.0,OV
ovary,426,426,tpm_clean,ENSG00000132446,FTHL17,1,0.23,0,0.0,1,426,0.23,0,426,0.0,OV
ovary,426,426,tpm_clean,ENSG00000135248,GARIN1B,0,0.0,0,0.0,0,426,0.0,0,426,0.0,OV
ovary,426,426,tpm_clean,ENSG00000137090,DMRT1,0,0.0,0,0.0,0,426,0.0,0,426,0.0,OV
ovary,426,426,tpm_clean,ENSG00000137948,BRDT,0,0.0,0,0.0,0,426,0.0,0,426,0.0,OV
ovary,426,426,tpm_clean,ENSG00000139351,SYCP3,0,0.0,0,0.0,0,426,0.0,0,426,0.0,OV
ovary,426,426,tpm_clean,ENSG00000140478,GOLGA6D,0,0.0,0,0.0,0,426,0.0,0,426,0.0,OV
ovary,426,426,tpm_clean,ENSG00000141096,DPEP3,70,16.43,56,13.15,67,426,15.73,40,426,9.39,OV
ovary,426,426,tpm_clean,ENSG00000141255,SPATA22,0,0.0,0,0.0,0,426,0.0,0,426,0.0,OV
ovary,426,426,tpm_clean,ENSG00000141316,SPACA3,0,0.0,0,0.0,0,426,0.0,0,426,0.0,OV
ovary,426,426,tpm_clean,ENSG00000141371,CHCT1,0,0.0,0,0.0,0,426,0.0,0,426,0.0,OV
ovary,426,426,tpm_clean,ENSG00000141437,SLC25A52,0,0.0,0,0.0,0,426,0.0,0,426,0.0,OV
ovary,426,426,tpm_clean,ENSG00000142025,DMRTC2,0,0.0,0,0.0,0,426,0.0,0,426,0.0,OV
ovary,426,426,tpm_clean,ENSG00000142698,C1orf94,1,0.23,1,0.23,1,426,0.23,0,426,0.0,OV
ovary,426,426,tpm_clean,ENSG00000143006,DMRTB1,0,0.0,0,0.0,0,426,0.0,0,426,0.0,OV
ovary,426,426,tpm_clean,ENSG00000143452,HORMAD1,0,0.0,0,0.0,0,426,0.0,0,426,0.0,OV
ovary,426,426,tpm_clean,ENSG00000144962,SPATA16,0,0.0,0,0.0,0,426,0.0,0,426,0.0,OV
ovary,426,426,tpm_clean,ENSG00000145309,CABS1,0,0.0,0,0.0,0,426,0.0,0,426,0.0,OV
ovary,426,426,tpm_clean,ENSG00000147081,AKAP4,0,0.0,0,0.0,0,426,0.0,0,426,0.0,OV
ovary,426,426,tpm_clean,ENSG00000147183,CPXCR1,0,0.0,0,0.0,0,426,0.0,0,426,0.0,OV
ovary,426,426,tpm_clean,ENSG00000147378,FATE1,0,0.0,0,0.0,0,426,0.0,0,426,0.0,OV
ovary,426,426,tpm_clean,ENSG00000147381,MAGEA4,53,12.44,27,6.34,37,426,8.69,18,426,4.23,OV
ovary,426,426,tpm_clean,ENSG00000148156,ACTL7B,0,0.0,0,0.0,0,426,0.0,0,426,0.0,OV
ovary,426,426,tpm_clean,ENSG00000150628,SPATA4,0,0.0,0,0.0,0,426,0.0,0,426,0.0,OV
ovary,426,426,tpm_clean,ENSG00000151962,RBM46,0,0.0,0,0.0,0,426,0.0,0,426,0.0,OV
ovary,426,426,tpm_clean,ENSG00000152430,BOLL,0,0.0,0,0.0,0,426,0.0,0,426,0.0,OV
ovary,426,426,tpm_clean,ENSG00000152670,DDX4,0,0.0,0,0.0,0,426,0.0,0,426,0.0,OV
ovary,426,426,tpm_clean,ENSG00000153060,TEKT5,1,0.23,0,0.0,0,426,0.0,0,426,0.0,OV
ovary,426,426,tpm_clean,ENSG00000153779,TGIF2LX,0,0.0,0,0.0,0,426,0.0,0,426,0.0,OV
ovary,426,426,tpm_clean,ENSG00000155087,ODF1,0,0.0,0,0.0,0,426,0.0,0,426,0.0,OV
ovary,426,426,tpm_clean,ENSG00000155495,MAGEC1,8,1.88,1,0.23,4,426,0.94,1,426,0.23,OV
ovary,426,426,tpm_clean,ENSG00000155622,XAGE2,26,6.1,13,3.05,16,426,3.76,4,426,0.94,OV
ovary,426,426,tpm_clean,ENSG00000156009,MAGEA8,2,0.47,1,0.23,1,426,0.23,0,426,0.0,OV
ovary,426,426,tpm_clean,ENSG00000156269,NAA11,0,0.0,0,0.0,0,426,0.0,0,426,0.0,OV
ovary,426,426,tpm_clean,ENSG00000158639,PAGE5,5,1.17,3,0.7,5,426,1.17,3,426,0.7,OV
ovary,426,426,tpm_clean,ENSG00000159289,GOLGA6A,0,0.0,0,0.0,0,426,0.0,0,426,0.0,OV
ovary,426,426,tpm_clean,ENSG00000159708,LRRC36,0,0.0,0,0.0,0,426,0.0,0,426,0.0,OV
ovary,426,426,tpm_clean,ENSG00000161860,SYCE2,5,1.17,0,0.0,1,426,0.23,0,426,0.0,OV
ovary,426,426,tpm_clean,ENSG00000161973,CCDC42,0,0.0,0,0.0,0,426,0.0,0,426,0.0,OV
ovary,426,426,tpm_clean,ENSG00000162039,MEIOB,0,0.0,0,0.0,0,426,0.0,0,426,0.0,OV
ovary,426,426,tpm_clean,ENSG00000162641,AKNAD1,0,0.0,0,0.0,0,426,0.0,0,426,0.0,OV
ovary,426,426,tpm_clean,ENSG00000162771,GARIN4,0,0.0,0,0.0,0,426,0.0,0,426,0.0,OV
ovary,426,426,tpm_clean,ENSG00000162843,WDR64,0,0.0,0,0.0,0,426,0.0,0,426,0.0,OV
ovary,426,426,tpm_clean,ENSG00000163114,PDHA2,0,0.0,0,0.0,0,426,0.0,0,426,0.0,OV
ovary,426,426,tpm_clean,ENSG00000163530,DPPA2,3,0.7,3,0.7,3,426,0.7,0,426,0.0,OV
ovary,426,426,tpm_clean,ENSG00000164113,ADAD1,0,0.0,0,0.0,0,426,0.0,0,426,0.0,OV
ovary,426,426,tpm_clean,ENSG00000164304,CAGE1,0,0.0,0,0.0,0,426,0.0,0,426,0.0,OV
ovary,426,426,tpm_clean,ENSG00000165583,SSX5,2,0.47,1,0.23,2,426,0.47,0,426,0.0,OV
ovary,426,426,tpm_clean,ENSG00000165584,SSX3,0,0.0,0,0.0,0,426,0.0,0,426,0.0,OV
ovary,426,426,tpm_clean,ENSG00000166049,PASD1,2,0.47,0,0.0,0,426,0.0,0,426,0.0,OV
ovary,426,426,tpm_clean,ENSG00000166069,TMCO5A,0,0.0,0,0.0,0,426,0.0,0,426,0.0,OV
ovary,426,426,tpm_clean,ENSG00000166118,SPATA19,0,0.0,0,0.0,0,426,0.0,0,426,0.0,OV
ovary,426,426,tpm_clean,ENSG00000166796,LDHC,1,0.23,0,0.0,1,426,0.23,0,426,0.0,OV
ovary,426,426,tpm_clean,ENSG00000167098,SUN5,0,0.0,0,0.0,0,426,0.0,0,426,0.0,OV
ovary,426,426,tpm_clean,ENSG00000168594,ADAM29,0,0.0,0,0.0,0,426,0.0,0,426,0.0,OV
ovary,426,426,tpm_clean,ENSG00000168757,TSPY2,0,0.0,0,0.0,0,426,0.0,0,426,0.0,OV
ovary,426,426,tpm_clean,ENSG00000169059,VCX3A,2,0.47,1,0.23,1,426,0.23,1,426,0.23,OV
ovary,426,426,tpm_clean,ENSG00000169551,CT55,2,0.47,0,0.0,0,426,0.0,0,426,0.0,OV
ovary,426,426,tpm_clean,ENSG00000169800,RBMY1F,0,0.0,0,0.0,0,426,0.0,0,426,0.0,OV
ovary,426,426,tpm_clean,ENSG00000170516,COX7B2,10,2.35,6,1.41,7,426,1.64,1,426,0.23,OV
ovary,426,426,tpm_clean,ENSG00000170748,RBMXL2,0,0.0,0,0.0,0,426,0.0,0,426,0.0,OV
ovary,426,426,tpm_clean,ENSG00000170848,PSG6,0,0.0,0,0.0,0,426,0.0,0,426,0.0,OV
ovary,426,426,tpm_clean,ENSG00000170950,PGK2,0,0.0,0,0.0,0,426,0.0,0,426,0.0,OV
ovary,426,426,tpm_clean,ENSG00000170965,PLAC1,11,2.58,2,0.47,2,426,0.47,0,426,0.0,OV
ovary,426,426,tpm_clean,ENSG00000171402,XAGE3,5,1.17,0,0.0,1,426,0.23,0,426,0.0,OV
ovary,426,426,tpm_clean,ENSG00000171405,XAGE5,0,0.0,0,0.0,0,426,0.0,0,426,0.0,OV
ovary,426,426,tpm_clean,ENSG00000171794,UTF1,0,0.0,0,0.0,0,426,0.0,0,426,0.0,OV
ovary,426,426,tpm_clean,ENSG00000172073,TEX37,0,0.0,0,0.0,0,426,0.0,0,426,0.0,OV
ovary,426,426,tpm_clean,ENSG00000172717,GARIN2,0,0.0,0,0.0,0,426,0.0,0,426,0.0,OV
ovary,426,426,tpm_clean,ENSG00000174015,CBY2,0,0.0,0,0.0,0,426,0.0,0,426,0.0,OV
ovary,426,426,tpm_clean,ENSG00000174016,TENT5D,0,0.0,0,0.0,0,426,0.0,0,426,0.0,OV
ovary,426,426,tpm_clean,ENSG00000174898,CATSPERD,3,0.7,1,0.23,1,426,0.23,0,426,0.0,OV
ovary,426,426,tpm_clean,ENSG00000175646,PRM1,0,0.0,0,0.0,0,426,0.0,0,426,0.0,OV
ovary,426,426,tpm_clean,ENSG00000175809,CBLL2,0,0.0,0,0.0,0,426,0.0,0,426,0.0,OV
ovary,426,426,tpm_clean,ENSG00000175820,CCDC168,0,0.0,0,0.0,0,426,0.0,0,426,0.0,OV
ovary,426,426,tpm_clean,ENSG00000175877,TMEM270,0,0.0,0,0.0,0,426,0.0,0,426,0.0,OV
ovary,426,426,tpm_clean,ENSG00000176256,HMGB4,0,0.0,0,0.0,0,426,0.0,0,426,0.0,OV
ovary,426,426,tpm_clean,ENSG00000176566,DCAF4L2,0,0.0,0,0.0,0,426,0.0,0,426,0.0,OV
ovary,426,426,tpm_clean,ENSG00000176635,HORMAD2,0,0.0,0,0.0,0,426,0.0,0,426,0.0,OV
ovary,426,426,tpm_clean,ENSG00000176746,MAGEB6,0,0.0,0,0.0,0,426,0.0,0,426,0.0,OV
ovary,426,426,tpm_clean,ENSG00000176774,MAGEB18,0,0.0,0,0.0,0,426,0.0,0,426,0.0,OV
ovary,426,426,tpm_clean,ENSG00000176988,FMR1NB,0,0.0,0,0.0,0,426,0.0,0,426,0.0,OV
ovary,426,426,tpm_clean,ENSG00000177294,FBXO39,0,0.0,0,0.0,0,426,0.0,0,426,0.0,OV
ovary,426,426,tpm_clean,ENSG00000177673,TEX44,0,0.0,0,0.0,0,426,0.0,0,426,0.0,OV
ovary,426,426,tpm_clean,ENSG00000177689,MAGEB10,0,0.0,0,0.0,0,426,0.0,0,426,0.0,OV
ovary,426,426,tpm_clean,ENSG00000177947,ODF3,0,0.0,0,0.0,0,426,0.0,0,426,0.0,OV
ovary,426,426,tpm_clean,ENSG00000177992,SPATA31E1,0,0.0,0,0.0,0,426,0.0,0,426,0.0,OV
ovary,426,426,tpm_clean,ENSG00000178021,TSPYL6,0,0.0,0,0.0,0,426,0.0,0,426,0.0,OV
ovary,426,426,tpm_clean,ENSG00000178257,PRM3,0,0.0,0,0.0,0,426,0.0,0,426,0.0,OV
ovary,426,426,tpm_clean,ENSG00000178279,TNP2,0,0.0,0,0.0,0,426,0.0,0,426,0.0,OV
ovary,426,426,tpm_clean,ENSG00000178997,EXD1,0,0.0,0,0.0,0,426,0.0,0,426,0.0,OV
ovary,426,426,tpm_clean,ENSG00000179046,TRIML2,0,0.0,0,0.0,0,426,0.0,0,426,0.0,OV
ovary,426,426,tpm_clean,ENSG00000179059,ZFP42,1,0.23,0,0.0,0,426,0.0,0,426,0.0,OV
ovary,426,426,tpm_clean,ENSG00000179088,C12orf42,0,0.0,0,0.0,0,426,0.0,0,426,0.0,OV
ovary,426,426,tpm_clean,ENSG00000179407,DNAJB8,0,0.0,0,0.0,0,426,0.0,0,426,0.0,OV
ovary,426,426,tpm_clean,ENSG00000180138,CSNK1A1L,0,0.0,0,0.0,0,426,0.0,0,426,0.0,OV
ovary,426,426,tpm_clean,ENSG00000180336,MEIOC,0,0.0,0,0.0,0,426,0.0,0,426,0.0,OV
ovary,426,426,tpm_clean,ENSG00000181323,SPEM1,0,0.0,0,0.0,0,426,0.0,0,426,0.0,OV
ovary,426,426,tpm_clean,ENSG00000181433,SAGE1,0,0.0,0,0.0,0,426,0.0,0,426,0.0,OV
ovary,426,426,tpm_clean,ENSG00000182308,DCAF4L1,0,0.0,0,0.0,0,426,0.0,0,426,0.0,OV
ovary,426,426,tpm_clean,ENSG00000182459,TEX19,0,0.0,0,0.0,0,426,0.0,0,426,0.0,OV
ovary,426,426,tpm_clean,ENSG00000182583,VCX,1,0.23,0,0.0,1,426,0.23,0,426,0.0,OV
ovary,426,426,tpm_clean,ENSG00000183206,POTEC,0,0.0,0,0.0,0,426,0.0,0,426,0.0,OV
ovary,426,426,tpm_clean,ENSG00000183305,MAGEA2/MAGEA2B,2,0.47,0,0.0,2,426,0.47,0,426,0.0,OV
ovary,426,426,tpm_clean,ENSG00000183434,TFDP3,0,0.0,0,0.0,0,426,0.0,0,426,0.0,OV
ovary,426,426,tpm_clean,ENSG00000183668,PSG9,0,0.0,0,0.0,0,426,0.0,0,426,0.0,OV
ovary,426,426,tpm_clean,ENSG00000184033,CTAG1A/B,37,8.69,30,7.04,31,426,7.28,27,426,6.34,OV
ovary,426,426,tpm_clean,ENSG00000184361,SPATA32,0,0.0,0,0.0,0,426,0.0,0,426,0.0,OV
ovary,426,426,tpm_clean,ENSG00000184507,NUTM1,0,0.0,0,0.0,0,426,0.0,0,426,0.0,OV
ovary,426,426,tpm_clean,ENSG00000184650,ODF4,0,0.0,0,0.0,0,426,0.0,0,426,0.0,OV
ovary,426,426,tpm_clean,ENSG00000184735,DDX53,0,0.0,0,0.0,0,426,0.0,0,426,0.0,OV
ovary,426,426,tpm_clean,ENSG00000185264,TEX33,0,0.0,0,0.0,0,426,0.0,0,426,0.0,OV
ovary,426,426,tpm_clean,ENSG00000185686,PRAME,323,75.82,237,55.63,278,426,65.26,139,426,32.63,OV
ovary,426,426,tpm_clean,ENSG00000185775,SPATA31A6,0,0.0,0,0.0,0,426,0.0,0,426,0.0,OV
ovary,426,426,tpm_clean,ENSG00000185792,NLRP9,0,0.0,0,0.0,0,426,0.0,0,426,0.0,OV
ovary,426,426,tpm_clean,ENSG00000185863,TMEM210,0,0.0,0,0.0,0,426,0.0,0,426,0.0,OV
ovary,426,426,tpm_clean,ENSG00000186075,ZPBP2,0,0.0,0,0.0,0,426,0.0,0,426,0.0,OV
ovary,426,426,tpm_clean,ENSG00000186118,TEX38,0,0.0,0,0.0,0,426,0.0,0,426,0.0,OV
ovary,426,426,tpm_clean,ENSG00000186451,SPATA12,0,0.0,0,0.0,0,426,0.0,0,426,0.0,OV
ovary,426,426,tpm_clean,ENSG00000186788,SPATA31D3,0,0.0,0,0.0,0,426,0.0,0,426,0.0,OV
ovary,426,426,tpm_clean,ENSG00000187003,ACTL7A,0,0.0,0,0.0,0,426,0.0,0,426,0.0,OV
ovary,426,426,tpm_clean,ENSG00000187191,DAZ3,0,0.0,0,0.0,0,426,0.0,0,426,0.0,OV
ovary,426,426,tpm_clean,ENSG00000187754,SSX7,0,0.0,0,0.0,0,426,0.0,0,426,0.0,OV
ovary,426,426,tpm_clean,ENSG00000187772,LIN28B,1,0.23,0,0.0,0,426,0.0,0,426,0.0,OV
ovary,426,426,tpm_clean,ENSG00000188120,DAZ1,0,0.0,0,0.0,0,426,0.0,0,426,0.0,OV
ovary,426,426,tpm_clean,ENSG00000188425,NANOS2,0,0.0,0,0.0,0,426,0.0,0,426,0.0,OV
ovary,426,426,tpm_clean,ENSG00000188782,CATSPER4,0,0.0,0,0.0,0,426,0.0,0,426,0.0,OV
ovary,426,426,tpm_clean,ENSG00000189023,MAGEB16,0,0.0,0,0.0,0,426,0.0,0,426,0.0,OV
ovary,426,426,tpm_clean,ENSG00000189052,CGB5/8,0,0.0,0,0.0,0,426,0.0,0,426,0.0,OV
ovary,426,426,tpm_clean,ENSG00000189064,GAGE2A,25,5.87,19,4.46,23,426,5.4,14,426,3.29,OV
ovary,426,426,tpm_clean,ENSG00000189186,DCAF8L2,0,0.0,0,0.0,0,426,0.0,0,426,0.0,OV
ovary,426,426,tpm_clean,ENSG00000189252,SPANXN3,0,0.0,0,0.0,0,426,0.0,0,426,0.0,OV
ovary,426,426,tpm_clean,ENSG00000189326,SPANXN4,0,0.0,0,0.0,0,426,0.0,0,426,0.0,OV
ovary,426,426,tpm_clean,ENSG00000189357,SPATA31D4,0,0.0,0,0.0,0,426,0.0,0,426,0.0,OV
ovary,426,426,tpm_clean,ENSG00000196350,ZNF729,0,0.0,0,0.0,0,426,0.0,0,426,0.0,OV
ovary,426,426,tpm_clean,ENSG00000196406,SPANXD,1,0.23,0,0.0,0,426,0.0,0,426,0.0,OV
ovary,426,426,tpm_clean,ENSG00000196553,CCDC196,0,0.0,0,0.0,0,426,0.0,0,426,0.0,OV
ovary,426,426,tpm_clean,ENSG00000196604,POTEF,0,0.0,0,0.0,0,426,0.0,0,426,0.0,OV
ovary,426,426,tpm_clean,ENSG00000196862,RGPD4,0,0.0,0,0.0,0,426,0.0,0,426,0.0,OV
ovary,426,426,tpm_clean,ENSG00000197172,MAGEA6,5,1.17,0,0.0,3,426,0.7,0,426,0.0,OV
ovary,426,426,tpm_clean,ENSG00000198021,SPANXA1/2,0,0.0,0,0.0,0,426,0.0,0,426,0.0,OV
ovary,426,426,tpm_clean,ENSG00000198573,SPANXC,0,0.0,0,0.0,0,426,0.0,0,426,0.0,OV
ovary,426,426,tpm_clean,ENSG00000198681,MAGEA1,7,1.64,2,0.47,4,426,0.94,0,426,0.0,OV
ovary,426,426,tpm_clean,ENSG00000198759,EGFL6,86,20.19,17,3.99,25,426,5.87,2,426,0.47,OV
ovary,426,426,tpm_clean,ENSG00000198765,SYCP1,0,0.0,0,0.0,0,426,0.0,0,426,0.0,OV
ovary,426,426,tpm_clean,ENSG00000198870,STKLD1,0,0.0,0,0.0,0,426,0.0,0,426,0.0,OV
ovary,426,426,tpm_clean,ENSG00000203909,DPPA5,0,0.0,0,0.0,0,426,0.0,0,426,0.0,OV
ovary,426,426,tpm_clean,ENSG00000203923,SPANXN1,0,0.0,0,0.0,0,426,0.0,0,426,0.0,OV
ovary,426,426,tpm_clean,ENSG00000204019,CT83,1,0.23,0,0.0,0,426,0.0,0,426,0.0,OV
ovary,426,426,tpm_clean,ENSG00000204279,PAGE3,0,0.0,0,0.0,0,426,0.0,0,426,0.0,OV
ovary,426,426,tpm_clean,ENSG00000204363,SPANXN5,0,0.0,0,0.0,0,426,0.0,0,426,0.0,OV
ovary,426,426,tpm_clean,ENSG00000204379,XAGE1A/B,15,3.52,11,2.58,13,426,3.05,9,426,2.11,OV
ovary,426,426,tpm_clean,ENSG00000204450,TRIM64,0,0.0,0,0.0,0,426,0.0,0,426,0.0,OV
ovary,426,426,tpm_clean,ENSG00000204849,SPATA31A1,0,0.0,0,0.0,0,426,0.0,0,426,0.0,OV
ovary,426,426,tpm_clean,ENSG00000204941,PSG5,0,0.0,0,0.0,0,426,0.0,0,426,0.0,OV
ovary,426,426,tpm_clean,ENSG00000204961,PCDHA9,0,0.0,0,0.0,0,426,0.0,0,426,0.0,OV
ovary,426,426,tpm_clean,ENSG00000205359,SLCO6A1,0,0.0,0,0.0,0,426,0.0,0,426,0.0,OV
ovary,426,426,tpm_clean,ENSG00000205642,VCX3B,0,0.0,0,0.0,0,426,0.0,0,426,0.0,OV
ovary,426,426,tpm_clean,ENSG00000205777,GAGE1,26,6.1,21,4.93,25,426,5.87,19,426,4.46,OV
ovary,426,426,tpm_clean,ENSG00000212710,CTAGE1,0,0.0,0,0.0,0,426,0.0,0,426,0.0,OV
ovary,426,426,tpm_clean,ENSG00000213218,CSH2,0,0.0,0,0.0,0,426,0.0,0,426,0.0,OV
ovary,426,426,tpm_clean,ENSG00000213401,MAGEA12,6,1.41,2,0.47,2,426,0.47,0,426,0.0,OV
ovary,426,426,tpm_clean,ENSG00000214107,MAGEB1,0,0.0,0,0.0,0,426,0.0,0,426,0.0,OV
ovary,426,426,tpm_clean,ENSG00000215113,CXorf49/CXorf49B,19,4.46,9,2.11,15,426,3.52,5,426,1.17,OV
ovary,426,426,tpm_clean,ENSG00000215269,GAGE12F/G,0,0.0,0,0.0,0,426,0.0,0,426,0.0,OV
ovary,426,426,tpm_clean,ENSG00000215274,GAGE10,0,0.0,0,0.0,0,426,0.0,0,426,0.0,OV
ovary,426,426,tpm_clean,ENSG00000215529,EFCAB8,0,0.0,0,0.0,0,426,0.0,0,426,0.0,OV
ovary,426,426,tpm_clean,ENSG00000215817,ZC3H11B,0,0.0,0,0.0,0,426,0.0,0,426,0.0,OV
ovary,426,426,tpm_clean,ENSG00000216649,GAGE12C/D/E,6,1.41,5,1.17,5,426,1.17,3,426,0.7,OV
ovary,426,426,tpm_clean,ENSG00000221826,PSG3,0,0.0,0,0.0,0,426,0.0,0,426,0.0,OV
ovary,426,426,tpm_clean,ENSG00000221867,MAGEA3,3,0.7,0,0.0,2,426,0.47,0,426,0.0,OV
ovary,426,426,tpm_clean,ENSG00000221878,PSG7,0,0.0,0,0.0,0,426,0.0,0,426,0.0,OV
ovary,426,426,tpm_clean,ENSG00000224089,CT47A1/2/3/4/5/6/7/8/9/10/11/12,0,0.0,0,0.0,0,426,0.0,0,426,0.0,OV
ovary,426,426,tpm_clean,ENSG00000224440,CXorf51A/B,0,0.0,0,0.0,0,426,0.0,0,426,0.0,OV
ovary,426,426,tpm_clean,ENSG00000224659,GAGE12J,6,1.41,5,1.17,6,426,1.41,3,426,0.7,OV
ovary,426,426,tpm_clean,ENSG00000224902,GAGE12H,4,0.94,4,0.94,4,426,0.94,3,426,0.7,OV
ovary,426,0,tpm_clean,ENSG00000224960,PPP4R3C,0,,0,,0,0,,0,0,,OV
ovary,426,426,tpm_clean,ENSG00000226650,KIF4B,0,0.0,0,0.0,0,426,0.0,0,426,0.0,OV
ovary,426,426,tpm_clean,ENSG00000227234,SPANXB1,0,0.0,0,0.0,0,426,0.0,0,426,0.0,OV
ovary,426,426,tpm_clean,ENSG00000228836,CT45A5/6/7,41,9.62,18,4.23,25,426,5.87,8,426,1.88,OV
ovary,426,426,tpm_clean,ENSG00000228927,TSPY3,0,0.0,0,0.0,0,426,0.0,0,426,0.0,OV
ovary,426,426,tpm_clean,ENSG00000229549,TSPY8,0,0.0,0,0.0,0,426,0.0,0,426,0.0,OV
ovary,426,0,tpm_clean,ENSG00000230601,TEX48,0,,0,,0,0,,0,0,,OV
ovary,426,426,tpm_clean,ENSG00000231924,PSG1,0,0.0,0,0.0,0,426,0.0,0,426,0.0,OV
ovary,426,426,tpm_clean,ENSG00000233056,ERVH48-1,0,0.0,0,0.0,0,426,0.0,0,426,0.0,OV
ovary,426,426,tpm_clean,ENSG00000233803,TSPY4,0,0.0,0,0.0,0,426,0.0,0,426,0.0,OV
ovary,426,426,tpm_clean,ENSG00000234068,PAGE2,33,7.75,30,7.04,31,426,7.28,25,426,5.87,OV
ovary,426,426,tpm_clean,ENSG00000234414,RBMY1A1,0,0.0,0,0.0,0,426,0.0,0,426,0.0,OV
ovary,426,426,tpm_clean,ENSG00000235631,RNF148,0,0.0,0,0.0,0,426,0.0,0,426,0.0,OV
ovary,426,426,tpm_clean,ENSG00000236424,TSPY10,0,0.0,0,0.0,0,426,0.0,0,426,0.0,OV
ovary,426,426,tpm_clean,ENSG00000236446,CT47B1,0,0.0,0,0.0,0,426,0.0,0,426,0.0,OV
ovary,426,426,tpm_clean,ENSG00000236761,CTAGE9,0,0.0,0,0.0,0,426,0.0,0,426,0.0,OV
ovary,426,426,tpm_clean,ENSG00000238269,PAGE2B,14,3.29,7,1.64,9,426,2.11,7,426,1.64,OV
ovary,426,426,tpm_clean,ENSG00000240021,TEX35,0,0.0,0,0.0,0,426,0.0,0,426,0.0,OV
ovary,426,0,tpm_clean,ENSG00000241149,ZNF722,0,,0,,0,0,,0,0,,OV
ovary,426,426,tpm_clean,ENSG00000241476,SSX2/SSX2B,3,0.7,3,0.7,3,426,0.7,3,426,0.7,OV
ovary,426,426,tpm_clean,ENSG00000242221,PSG2,0,0.0,0,0.0,0,426,0.0,0,426,0.0,OV
ovary,426,426,tpm_clean,ENSG00000242389,RBMY1E,0,0.0,0,0.0,0,426,0.0,0,426,0.0,OV
ovary,426,426,tpm_clean,ENSG00000242875,RBMY1B,0,0.0,0,0.0,0,426,0.0,0,426,0.0,OV
ovary,426,426,tpm_clean,ENSG00000243130,PSG11,0,0.0,0,0.0,0,426,0.0,0,426,0.0,OV
ovary,426,426,tpm_clean,ENSG00000244395,RBMY1D,0,0.0,0,0.0,0,426,0.0,0,426,0.0,OV
ovary,426,426,tpm_clean,ENSG00000244588,RAD21L1,0,0.0,0,0.0,0,426,0.0,0,426,0.0,OV
ovary,426,426,tpm_clean,ENSG00000249861,LGALS16,0,0.0,0,0.0,0,426,0.0,0,426,0.0,OV
ovary,426,426,tpm_clean,ENSG00000250741,NT5C1B-RDH14,0,0.0,0,0.0,0,426,0.0,0,426,0.0,OV
ovary,426,426,tpm_clean,ENSG00000251258,RFPL4B,0,0.0,0,0.0,0,426,0.0,0,426,0.0,OV
ovary,426,426,tpm_clean,ENSG00000258713,C20orf141,0,0.0,0,0.0,0,426,0.0,0,426,0.0,OV
ovary,426,426,tpm_clean,ENSG00000258992,TSPY1,0,0.0,0,0.0,0,426,0.0,0,426,0.0,OV
ovary,426,426,tpm_clean,ENSG00000261649,GOLGA6L7,0,0.0,0,0.0,0,426,0.0,0,426,0.0,OV
ovary,426,426,tpm_clean,ENSG00000261949,GFY,0,0.0,0,0.0,0,426,0.0,0,426,0.0,OV
ovary,426,426,tpm_clean,ENSG00000268009,SSX4/SSX4B,30,7.04,19,4.46,22,426,5.16,10,426,2.35,OV
ovary,426,426,tpm_clean,ENSG00000268629,TEX13A,0,0.0,0,0.0,0,426,0.0,0,426,0.0,OV
ovary,426,426,tpm_clean,ENSG00000268696,ZNF723,0,0.0,0,0.0,0,426,0.0,0,426,0.0,OV
ovary,426,426,tpm_clean,ENSG00000268964,ERVV-2,0,0.0,0,0.0,0,426,0.0,0,426,0.0,OV
ovary,426,426,tpm_clean,ENSG00000268988,SPANXN2,0,0.0,0,0.0,0,426,0.0,0,426,0.0,OV
ovary,426,426,tpm_clean,ENSG00000269058,CALR3,0,0.0,0,0.0,0,426,0.0,0,426,0.0,OV
ovary,426,426,tpm_clean,ENSG00000269586,CT45A10,40,9.39,15,3.52,24,426,5.63,6,426,1.41,OV
ovary,426,426,tpm_clean,ENSG00000270806,C17orf50,0,0.0,0,0.0,0,426,0.0,0,426,0.0,OV
ovary,426,426,tpm_clean,ENSG00000270946,CT45A2/8/9,2,0.47,1,0.23,1,426,0.23,0,426,0.0,OV
ovary,426,426,tpm_clean,ENSG00000271321,CTAGE6,0,0.0,0,0.0,0,426,0.0,0,426,0.0,OV
ovary,426,426,tpm_clean,ENSG00000274274,GAGE13,21,4.93,16,3.76,20,426,4.69,9,426,2.11,OV
ovary,426,426,tpm_clean,ENSG00000274391,TPTE,0,0.0,0,0.0,0,426,0.0,0,426,0.0,OV
ovary,426,426,tpm_clean,ENSG00000275793,RIMBP3,0,0.0,0,0.0,0,426,0.0,0,426,0.0,OV
ovary,426,426,tpm_clean,ENSG00000275969,SPATA31A3,0,0.0,0,0.0,0,426,0.0,0,426,0.0,OV
ovary,426,426,tpm_clean,ENSG00000276040,SPATA31A7,0,0.0,0,0.0,0,426,0.0,0,426,0.0,OV
ovary,426,426,tpm_clean,ENSG00000276581,SPATA31A5,0,0.0,0,0.0,0,426,0.0,0,426,0.0,OV
ovary,426,426,tpm_clean,ENSG00000277322,GOLGA6L6,0,0.0,0,0.0,0,426,0.0,0,426,0.0,OV
ovary,426,0,tpm_clean,ENSG00000282815,TEX13C,0,,0,,0,0,,0,0,,OV
pancreas,179,179,tpm_clean,ENSG00000006047,YBX2,0,0.0,0,0.0,0,179,0.0,0,179,0.0,PAAD
pancreas,179,179,tpm_clean,ENSG00000006659,LGALS14,0,0.0,0,0.0,0,179,0.0,0,179,0.0,PAAD
pancreas,179,179,tpm_clean,ENSG00000007350,TKTL1,0,0.0,0,0.0,0,179,0.0,0,179,0.0,PAAD
pancreas,179,179,tpm_clean,ENSG00000010318,PHF7,0,0.0,0,0.0,0,179,0.0,0,179,0.0,PAAD
pancreas,179,179,tpm_clean,ENSG00000042813,ZPBP,0,0.0,0,0.0,0,179,0.0,0,179,0.0,PAAD
pancreas,179,179,tpm_clean,ENSG00000046774,MAGEC2,0,0.0,0,0.0,0,179,0.0,0,179,0.0,PAAD
pancreas,179,179,tpm_clean,ENSG00000054796,SPO11,0,0.0,0,0.0,0,179,0.0,0,179,0.0,PAAD
pancreas,179,179,tpm_clean,ENSG00000068985,PAGE1,0,0.0,0,0.0,0,179,0.0,0,179,0.0,PAAD
pancreas,179,179,tpm_clean,ENSG00000077800,FKBP6,0,0.0,0,0.0,0,179,0.0,0,179,0.0,PAAD
pancreas,179,179,tpm_clean,ENSG00000077935,SMC1B,0,0.0,0,0.0,0,179,0.0,0,179,0.0,PAAD
pancreas,179,179,tpm_clean,ENSG00000092345,DAZL,0,0.0,0,0.0,0,179,0.0,0,179,0.0,PAAD
pancreas,179,179,tpm_clean,ENSG00000095627,TDRD1,0,0.0,0,0.0,0,179,0.0,0,179,0.0,PAAD
pancreas,179,179,tpm_clean,ENSG00000099399,MAGEB2,0,0.0,0,0.0,0,179,0.0,0,179,0.0,PAAD
pancreas,179,179,tpm_clean,ENSG00000102021,LUZP4,0,0.0,0,0.0,0,179,0.0,0,179,0.0,PAAD
pancreas,179,179,tpm_clean,ENSG00000103023,PRSS54,0,0.0,0,0.0,0,179,0.0,0,179,0.0,PAAD
pancreas,179,179,tpm_clean,ENSG00000104755,ADAM2,0,0.0,0,0.0,0,179,0.0,0,179,0.0,PAAD
pancreas,179,179,tpm_clean,ENSG00000104804,TULP2,0,0.0,0,0.0,0,179,0.0,0,179,0.0,PAAD
pancreas,179,179,tpm_clean,ENSG00000104818,CGB2,0,0.0,0,0.0,0,179,0.0,0,179,0.0,PAAD
pancreas,179,179,tpm_clean,ENSG00000104901,DKKL1,0,0.0,0,0.0,0,179,0.0,0,179,0.0,PAAD
pancreas,179,179,tpm_clean,ENSG00000105198,LGALS13,0,0.0,0,0.0,0,179,0.0,0,179,0.0,PAAD
pancreas,179,179,tpm_clean,ENSG00000106013,ANKRD7,0,0.0,0,0.0,0,179,0.0,0,179,0.0,PAAD
pancreas,179,179,tpm_clean,ENSG00000106304,SPAM1,0,0.0,0,0.0,0,179,0.0,0,179,0.0,PAAD
pancreas,179,179,tpm_clean,ENSG00000114487,MORC1,0,0.0,0,0.0,0,179,0.0,0,179,0.0,PAAD
pancreas,179,179,tpm_clean,ENSG00000117148,ACTL8,1,0.56,0,0.0,0,179,0.0,0,179,0.0,PAAD
pancreas,179,179,tpm_clean,ENSG00000118434,SPACA1,0,0.0,0,0.0,0,179,0.0,0,179,0.0,PAAD
pancreas,179,179,tpm_clean,ENSG00000118491,ZC2HC1B,0,0.0,0,0.0,0,179,0.0,0,179,0.0,PAAD
pancreas,179,179,tpm_clean,ENSG00000121101,TEX14,0,0.0,0,0.0,0,179,0.0,0,179,0.0,PAAD
pancreas,179,179,tpm_clean,ENSG00000122304,PRM2,0,0.0,0,0.0,0,179,0.0,0,179,0.0,PAAD
pancreas,179,179,tpm_clean,ENSG00000123576,ESX1,0,0.0,0,0.0,0,179,0.0,0,179,0.0,PAAD
pancreas,179,179,tpm_clean,ENSG00000123584,MAGEA9/MAGEA9B,0,0.0,0,0.0,0,179,0.0,0,179,0.0,PAAD
pancreas,179,179,tpm_clean,ENSG00000124092,CTCFL,0,0.0,0,0.0,0,179,0.0,0,179,0.0,PAAD
pancreas,179,179,tpm_clean,ENSG00000124227,ANKRD60,0,0.0,0,0.0,0,179,0.0,0,179,0.0,PAAD
pancreas,179,179,tpm_clean,ENSG00000124260,MAGEA10,0,0.0,0,0.0,0,179,0.0,0,179,0.0,PAAD
pancreas,179,179,tpm_clean,ENSG00000124467,PSG8,0,0.0,0,0.0,0,179,0.0,0,179,0.0,PAAD
pancreas,179,179,tpm_clean,ENSG00000124490,CRISP2,1,0.56,0,0.0,0,179,0.0,0,179,0.0,PAAD
pancreas,179,179,tpm_clean,ENSG00000125207,PIWIL1,0,0.0,0,0.0,0,179,0.0,0,179,0.0,PAAD
pancreas,179,179,tpm_clean,ENSG00000125823,CSTL1,0,0.0,0,0.0,0,179,0.0,0,179,0.0,PAAD
pancreas,179,179,tpm_clean,ENSG00000126467,TSKS,0,0.0,0,0.0,0,179,0.0,0,179,0.0,PAAD
pancreas,179,179,tpm_clean,ENSG00000126752,SSX1,0,0.0,0,0.0,0,179,0.0,0,179,0.0,PAAD
pancreas,179,179,tpm_clean,ENSG00000126856,PRDM7,0,0.0,0,0.0,0,179,0.0,0,179,0.0,PAAD
pancreas,179,179,tpm_clean,ENSG00000129862,VCY/VCY1B,0,0.0,0,0.0,0,179,0.0,0,179,0.0,PAAD
pancreas,179,179,tpm_clean,ENSG00000130950,NUTM2F,0,0.0,0,0.0,0,179,0.0,0,179,0.0,PAAD
pancreas,179,179,tpm_clean,ENSG00000131126,TEX101,0,0.0,0,0.0,0,179,0.0,0,179,0.0,PAAD
pancreas,179,179,tpm_clean,ENSG00000132446,FTHL17,0,0.0,0,0.0,0,179,0.0,0,179,0.0,PAAD
pancreas,179,179,tpm_clean,ENSG00000135248,GARIN1B,0,0.0,0,0.0,0,179,0.0,0,179,0.0,PAAD
pancreas,179,179,tpm_clean,ENSG00000137090,DMRT1,0,0.0,0,0.0,0,179,0.0,0,179,0.0,PAAD
pancreas,179,179,tpm_clean,ENSG00000137948,BRDT,0,0.0,0,0.0,0,179,0.0,0,179,0.0,PAAD
pancreas,179,179,tpm_clean,ENSG00000139351,SYCP3,0,0.0,0,0.0,0,179,0.0,0,179,0.0,PAAD
pancreas,179,179,tpm_clean,ENSG00000140478,GOLGA6D,0,0.0,0,0.0,0,179,0.0,0,179,0.0,PAAD
pancreas,179,179,tpm_clean,ENSG00000141096,DPEP3,0,0.0,0,0.0,0,179,0.0,0,179,0.0,PAAD
pancreas,179,179,tpm_clean,ENSG00000141255,SPATA22,0,0.0,0,0.0,0,179,0.0,0,179,0.0,PAAD
pancreas,179,179,tpm_clean,ENSG00000141316,SPACA3,0,0.0,0,0.0,0,179,0.0,0,179,0.0,PAAD
pancreas,179,179,tpm_clean,ENSG00000141371,CHCT1,0,0.0,0,0.0,0,179,0.0,0,179,0.0,PAAD
pancreas,179,179,tpm_clean,ENSG00000141437,SLC25A52,0,0.0,0,0.0,0,179,0.0,0,179,0.0,PAAD
pancreas,179,179,tpm_clean,ENSG00000142025,DMRTC2,0,0.0,0,0.0,0,179,0.0,0,179,0.0,PAAD
pancreas,179,179,tpm_clean,ENSG00000142698,C1orf94,0,0.0,0,0.0,0,179,0.0,0,179,0.0,PAAD
pancreas,179,179,tpm_clean,ENSG00000143006,DMRTB1,0,0.0,0,0.0,0,179,0.0,0,179,0.0,PAAD
pancreas,179,179,tpm_clean,ENSG00000143452,HORMAD1,0,0.0,0,0.0,0,179,0.0,0,179,0.0,PAAD
pancreas,179,179,tpm_clean,ENSG00000144962,SPATA16,0,0.0,0,0.0,0,179,0.0,0,179,0.0,PAAD
pancreas,179,179,tpm_clean,ENSG00000145309,CABS1,0,0.0,0,0.0,0,179,0.0,0,179,0.0,PAAD
pancreas,179,179,tpm_clean,ENSG00000147081,AKAP4,0,0.0,0,0.0,0,179,0.0,0,179,0.0,PAAD
pancreas,179,179,tpm_clean,ENSG00000147183,CPXCR1,0,0.0,0,0.0,0,179,0.0,0,179,0.0,PAAD
pancreas,179,179,tpm_clean,ENSG00000147378,FATE1,0,0.0,0,0.0,0,179,0.0,0,179,0.0,PAAD
pancreas,179,179,tpm_clean,ENSG00000147381,MAGEA4,1,0.56,0,0.0,1,179,0.56,0,179,0.0,PAAD
pancreas,179,179,tpm_clean,ENSG00000148156,ACTL7B,0,0.0,0,0.0,0,179,0.0,0,179,0.0,PAAD
pancreas,179,179,tpm_clean,ENSG00000150628,SPATA4,0,0.0,0,0.0,0,179,0.0,0,179,0.0,PAAD
pancreas,179,179,tpm_clean,ENSG00000151962,RBM46,0,0.0,0,0.0,0,179,0.0,0,179,0.0,PAAD
pancreas,179,179,tpm_clean,ENSG00000152430,BOLL,0,0.0,0,0.0,0,179,0.0,0,179,0.0,PAAD
pancreas,179,179,tpm_clean,ENSG00000152670,DDX4,0,0.0,0,0.0,0,179,0.0,0,179,0.0,PAAD
pancreas,179,179,tpm_clean,ENSG00000153060,TEKT5,0,0.0,0,0.0,0,179,0.0,0,179,0.0,PAAD
pancreas,179,179,tpm_clean,ENSG00000153779,TGIF2LX,0,0.0,0,0.0,0,179,0.0,0,179,0.0,PAAD
pancreas,179,179,tpm_clean,ENSG00000155087,ODF1,0,0.0,0,0.0,0,179,0.0,0,179,0.0,PAAD
pancreas,179,179,tpm_clean,ENSG00000155495,MAGEC1,0,0.0,0,0.0,0,179,0.0,0,179,0.0,PAAD
pancreas,179,179,tpm_clean,ENSG00000155622,XAGE2,1,0.56,1,0.56,1,179,0.56,1,179,0.56,PAAD
pancreas,179,179,tpm_clean,ENSG00000156009,MAGEA8,0,0.0,0,0.0,0,179,0.0,0,179,0.0,PAAD
pancreas,179,179,tpm_clean,ENSG00000156269,NAA11,0,0.0,0,0.0,0,179,0.0,0,179,0.0,PAAD
pancreas,179,179,tpm_clean,ENSG00000158639,PAGE5,0,0.0,0,0.0,0,179,0.0,0,179,0.0,PAAD
pancreas,179,179,tpm_clean,ENSG00000159289,GOLGA6A,0,0.0,0,0.0,0,179,0.0,0,179,0.0,PAAD
pancreas,179,179,tpm_clean,ENSG00000159708,LRRC36,0,0.0,0,0.0,0,179,0.0,0,179,0.0,PAAD
pancreas,179,179,tpm_clean,ENSG00000161860,SYCE2,0,0.0,0,0.0,0,179,0.0,0,179,0.0,PAAD
pancreas,179,179,tpm_clean,ENSG00000161973,CCDC42,0,0.0,0,0.0,0,179,0.0,0,179,0.0,PAAD
pancreas,179,179,tpm_clean,ENSG00000162039,MEIOB,0,0.0,0,0.0,0,179,0.0,0,179,0.0,PAAD
pancreas,179,179,tpm_clean,ENSG00000162641,AKNAD1,0,0.0,0,0.0,0,179,0.0,0,179,0.0,PAAD
pancreas,179,179,tpm_clean,ENSG00000162771,GARIN4,0,0.0,0,0.0,0,179,0.0,0,179,0.0,PAAD
pancreas,179,179,tpm_clean,ENSG00000162843,WDR64,0,0.0,0,0.0,0,179,0.0,0,179,0.0,PAAD
pancreas,179,179,tpm_clean,ENSG00000163114,PDHA2,0,0.0,0,0.0,0,179,0.0,0,179,0.0,PAAD
pancreas,179,179,tpm_clean,ENSG00000163530,DPPA2,0,0.0,0,0.0,0,179,0.0,0,179,0.0,PAAD
pancreas,179,179,tpm_clean,ENSG00000164113,ADAD1,0,0.0,0,0.0,0,179,0.0,0,179,0.0,PAAD
pancreas,179,179,tpm_clean,ENSG00000164304,CAGE1,0,0.0,0,0.0,0,179,0.0,0,179,0.0,PAAD
pancreas,179,179,tpm_clean,ENSG00000165583,SSX5,0,0.0,0,0.0,0,179,0.0,0,179,0.0,PAAD
pancreas,179,179,tpm_clean,ENSG00000165584,SSX3,0,0.0,0,0.0,0,179,0.0,0,179,0.0,PAAD
pancreas,179,179,tpm_clean,ENSG00000166049,PASD1,0,0.0,0,0.0,0,179,0.0,0,179,0.0,PAAD
pancreas,179,179,tpm_clean,ENSG00000166069,TMCO5A,0,0.0,0,0.0,0,179,0.0,0,179,0.0,PAAD
pancreas,179,179,tpm_clean,ENSG00000166118,SPATA19,0,0.0,0,0.0,0,179,0.0,0,179,0.0,PAAD
pancreas,179,179,tpm_clean,ENSG00000166796,LDHC,0,0.0,0,0.0,0,179,0.0,0,179,0.0,PAAD
pancreas,179,179,tpm_clean,ENSG00000167098,SUN5,0,0.0,0,0.0,0,179,0.0,0,179,0.0,PAAD
pancreas,179,179,tpm_clean,ENSG00000168594,ADAM29,0,0.0,0,0.0,0,179,0.0,0,179,0.0,PAAD
pancreas,179,179,tpm_clean,ENSG00000168757,TSPY2,0,0.0,0,0.0,0,179,0.0,0,179,0.0,PAAD
pancreas,179,179,tpm_clean,ENSG00000169059,VCX3A,0,0.0,0,0.0,0,179,0.0,0,179,0.0,PAAD
pancreas,179,179,tpm_clean,ENSG00000169551,CT55,0,0.0,0,0.0,0,179,0.0,0,179,0.0,PAAD
pancreas,179,179,tpm_clean,ENSG00000169800,RBMY1F,0,0.0,0,0.0,0,179,0.0,0,179,0.0,PAAD
pancreas,179,179,tpm_clean,ENSG00000170516,COX7B2,0,0.0,0,0.0,0,179,0.0,0,179,0.0,PAAD
pancreas,179,179,tpm_clean,ENSG00000170748,RBMXL2,0,0.0,0,0.0,0,179,0.0,0,179,0.0,PAAD
pancreas,179,179,tpm_clean,ENSG00000170848,PSG6,0,0.0,0,0.0,0,179,0.0,0,179,0.0,PAAD
pancreas,179,179,tpm_clean,ENSG00000170950,PGK2,0,0.0,0,0.0,0,179,0.0,0,179,0.0,PAAD
pancreas,179,179,tpm_clean,ENSG00000170965,PLAC1,0,0.0,0,0.0,0,179,0.0,0,179,0.0,PAAD
pancreas,179,179,tpm_clean,ENSG00000171402,XAGE3,0,0.0,0,0.0,0,179,0.0,0,179,0.0,PAAD
pancreas,179,179,tpm_clean,ENSG00000171405,XAGE5,0,0.0,0,0.0,0,179,0.0,0,179,0.0,PAAD
pancreas,179,179,tpm_clean,ENSG00000171794,UTF1,0,0.0,0,0.0,0,179,0.0,0,179,0.0,PAAD
pancreas,179,179,tpm_clean,ENSG00000172073,TEX37,0,0.0,0,0.0,0,179,0.0,0,179,0.0,PAAD
pancreas,179,179,tpm_clean,ENSG00000172717,GARIN2,0,0.0,0,0.0,0,179,0.0,0,179,0.0,PAAD
pancreas,179,179,tpm_clean,ENSG00000174015,CBY2,0,0.0,0,0.0,0,179,0.0,0,179,0.0,PAAD
pancreas,179,179,tpm_clean,ENSG00000174016,TENT5D,0,0.0,0,0.0,0,179,0.0,0,179,0.0,PAAD
pancreas,179,179,tpm_clean,ENSG00000174898,CATSPERD,0,0.0,0,0.0,0,179,0.0,0,179,0.0,PAAD
pancreas,179,179,tpm_clean,ENSG00000175646,PRM1,0,0.0,0,0.0,0,179,0.0,0,179,0.0,PAAD
pancreas,179,179,tpm_clean,ENSG00000175809,CBLL2,0,0.0,0,0.0,0,179,0.0,0,179,0.0,PAAD
pancreas,179,179,tpm_clean,ENSG00000175820,CCDC168,0,0.0,0,0.0,0,179,0.0,0,179,0.0,PAAD
pancreas,179,179,tpm_clean,ENSG00000175877,TMEM270,0,0.0,0,0.0,0,179,0.0,0,179,0.0,PAAD
pancreas,179,179,tpm_clean,ENSG00000176256,HMGB4,0,0.0,0,0.0,0,179,0.0,0,179,0.0,PAAD
pancreas,179,179,tpm_clean,ENSG00000176566,DCAF4L2,0,0.0,0,0.0,0,179,0.0,0,179,0.0,PAAD
pancreas,179,179,tpm_clean,ENSG00000176635,HORMAD2,0,0.0,0,0.0,0,179,0.0,0,179,0.0,PAAD
pancreas,179,179,tpm_clean,ENSG00000176746,MAGEB6,0,0.0,0,0.0,0,179,0.0,0,179,0.0,PAAD
pancreas,179,179,tpm_clean,ENSG00000176774,MAGEB18,0,0.0,0,0.0,0,179,0.0,0,179,0.0,PAAD
pancreas,179,179,tpm_clean,ENSG00000176988,FMR1NB,0,0.0,0,0.0,0,179,0.0,0,179,0.0,PAAD
pancreas,179,179,tpm_clean,ENSG00000177294,FBXO39,0,0.0,0,0.0,0,179,0.0,0,179,0.0,PAAD
pancreas,179,179,tpm_clean,ENSG00000177673,TEX44,0,0.0,0,0.0,0,179,0.0,0,179,0.0,PAAD
pancreas,179,179,tpm_clean,ENSG00000177689,MAGEB10,0,0.0,0,0.0,0,179,0.0,0,179,0.0,PAAD
pancreas,179,179,tpm_clean,ENSG00000177947,ODF3,0,0.0,0,0.0,0,179,0.0,0,179,0.0,PAAD
pancreas,179,179,tpm_clean,ENSG00000177992,SPATA31E1,0,0.0,0,0.0,0,179,0.0,0,179,0.0,PAAD
pancreas,179,179,tpm_clean,ENSG00000178021,TSPYL6,0,0.0,0,0.0,0,179,0.0,0,179,0.0,PAAD
pancreas,179,179,tpm_clean,ENSG00000178257,PRM3,0,0.0,0,0.0,0,179,0.0,0,179,0.0,PAAD
pancreas,179,179,tpm_clean,ENSG00000178279,TNP2,0,0.0,0,0.0,0,179,0.0,0,179,0.0,PAAD
pancreas,179,179,tpm_clean,ENSG00000178997,EXD1,0,0.0,0,0.0,0,179,0.0,0,179,0.0,PAAD
pancreas,179,179,tpm_clean,ENSG00000179046,TRIML2,0,0.0,0,0.0,0,179,0.0,0,179,0.0,PAAD
pancreas,179,179,tpm_clean,ENSG00000179059,ZFP42,0,0.0,0,0.0,0,179,0.0,0,179,0.0,PAAD
pancreas,179,179,tpm_clean,ENSG00000179088,C12orf42,0,0.0,0,0.0,0,179,0.0,0,179,0.0,PAAD
pancreas,179,179,tpm_clean,ENSG00000179407,DNAJB8,0,0.0,0,0.0,0,179,0.0,0,179,0.0,PAAD
pancreas,179,179,tpm_clean,ENSG00000180138,CSNK1A1L,0,0.0,0,0.0,0,179,0.0,0,179,0.0,PAAD
pancreas,179,179,tpm_clean,ENSG00000180336,MEIOC,0,0.0,0,0.0,0,179,0.0,0,179,0.0,PAAD
pancreas,179,179,tpm_clean,ENSG00000181323,SPEM1,0,0.0,0,0.0,0,179,0.0,0,179,0.0,PAAD
pancreas,179,179,tpm_clean,ENSG00000181433,SAGE1,0,0.0,0,0.0,0,179,0.0,0,179,0.0,PAAD
pancreas,179,179,tpm_clean,ENSG00000182308,DCAF4L1,0,0.0,0,0.0,0,179,0.0,0,179,0.0,PAAD
pancreas,179,179,tpm_clean,ENSG00000182459,TEX19,0,0.0,0,0.0,0,179,0.0,0,179,0.0,PAAD
pancreas,179,179,tpm_clean,ENSG00000182583,VCX,0,0.0,0,0.0,0,179,0.0,0,179,0.0,PAAD
pancreas,179,179,tpm_clean,ENSG00000183206,POTEC,0,0.0,0,0.0,0,179,0.0,0,179,0.0,PAAD
pancreas,179,179,tpm_clean,ENSG00000183305,MAGEA2/MAGEA2B,1,0.56,0,0.0,0,179,0.0,0,179,0.0,PAAD
pancreas,179,179,tpm_clean,ENSG00000183434,TFDP3,0,0.0,0,0.0,0,179,0.0,0,179,0.0,PAAD
pancreas,179,179,tpm_clean,ENSG00000183668,PSG9,0,0.0,0,0.0,0,179,0.0,0,179,0.0,PAAD
pancreas,179,179,tpm_clean,ENSG00000184033,CTAG1A/B,0,0.0,0,0.0,0,179,0.0,0,179,0.0,PAAD
pancreas,179,179,tpm_clean,ENSG00000184361,SPATA32,0,0.0,0,0.0,0,179,0.0,0,179,0.0,PAAD
pancreas,179,179,tpm_clean,ENSG00000184507,NUTM1,0,0.0,0,0.0,0,179,0.0,0,179,0.0,PAAD
pancreas,179,179,tpm_clean,ENSG00000184650,ODF4,0,0.0,0,0.0,0,179,0.0,0,179,0.0,PAAD
pancreas,179,179,tpm_clean,ENSG00000184735,DDX53,0,0.0,0,0.0,0,179,0.0,0,179,0.0,PAAD
pancreas,179,179,tpm_clean,ENSG00000185264,TEX33,0,0.0,0,0.0,0,179,0.0,0,179,0.0,PAAD
pancreas,179,179,tpm_clean,ENSG00000185686,PRAME,1,0.56,0,0.0,0,179,0.0,0,179,0.0,PAAD
pancreas,179,179,tpm_clean,ENSG00000185775,SPATA31A6,0,0.0,0,0.0,0,179,0.0,0,179,0.0,PAAD
pancreas,179,179,tpm_clean,ENSG00000185792,NLRP9,0,0.0,0,0.0,0,179,0.0,0,179,0.0,PAAD
pancreas,179,179,tpm_clean,ENSG00000185863,TMEM210,0,0.0,0,0.0,0,179,0.0,0,179,0.0,PAAD
pancreas,179,179,tpm_clean,ENSG00000186075,ZPBP2,0,0.0,0,0.0,0,179,0.0,0,179,0.0,PAAD
pancreas,179,179,tpm_clean,ENSG00000186118,TEX38,0,0.0,0,0.0,0,179,0.0,0,179,0.0,PAAD
pancreas,179,179,tpm_clean,ENSG00000186451,SPATA12,0,0.0,0,0.0,0,179,0.0,0,179,0.0,PAAD
pancreas,179,179,tpm_clean,ENSG00000186788,SPATA31D3,0,0.0,0,0.0,0,179,0.0,0,179,0.0,PAAD
pancreas,179,179,tpm_clean,ENSG00000187003,ACTL7A,0,0.0,0,0.0,0,179,0.0,0,179,0.0,PAAD
pancreas,179,179,tpm_clean,ENSG00000187191,DAZ3,0,0.0,0,0.0,0,179,0.0,0,179,0.0,PAAD
pancreas,179,179,tpm_clean,ENSG00000187754,SSX7,0,0.0,0,0.0,0,179,0.0,0,179,0.0,PAAD
pancreas,179,179,tpm_clean,ENSG00000187772,LIN28B,0,0.0,0,0.0,0,179,0.0,0,179,0.0,PAAD
pancreas,179,179,tpm_clean,ENSG00000188120,DAZ1,10,5.59,4,2.23,8,179,4.47,2,179,1.12,PAAD
pancreas,179,179,tpm_clean,ENSG00000188425,NANOS2,0,0.0,0,0.0,0,179,0.0,0,179,0.0,PAAD
pancreas,179,179,tpm_clean,ENSG00000188782,CATSPER4,0,0.0,0,0.0,0,179,0.0,0,179,0.0,PAAD
pancreas,179,179,tpm_clean,ENSG00000189023,MAGEB16,0,0.0,0,0.0,0,179,0.0,0,179,0.0,PAAD
pancreas,179,179,tpm_clean,ENSG00000189052,CGB5/8,53,29.61,36,20.11,44,179,24.58,26,179,14.53,PAAD
pancreas,179,179,tpm_clean,ENSG00000189064,GAGE2A,0,0.0,0,0.0,0,179,0.0,0,179,0.0,PAAD
pancreas,179,179,tpm_clean,ENSG00000189186,DCAF8L2,0,0.0,0,0.0,0,179,0.0,0,179,0.0,PAAD
pancreas,179,179,tpm_clean,ENSG00000189252,SPANXN3,0,0.0,0,0.0,0,179,0.0,0,179,0.0,PAAD
pancreas,179,179,tpm_clean,ENSG00000189326,SPANXN4,0,0.0,0,0.0,0,179,0.0,0,179,0.0,PAAD
pancreas,179,179,tpm_clean,ENSG00000189357,SPATA31D4,0,0.0,0,0.0,0,179,0.0,0,179,0.0,PAAD
pancreas,179,179,tpm_clean,ENSG00000196350,ZNF729,0,0.0,0,0.0,0,179,0.0,0,179,0.0,PAAD
pancreas,179,179,tpm_clean,ENSG00000196406,SPANXD,0,0.0,0,0.0,0,179,0.0,0,179,0.0,PAAD
pancreas,179,179,tpm_clean,ENSG00000196553,CCDC196,0,0.0,0,0.0,0,179,0.0,0,179,0.0,PAAD
pancreas,179,179,tpm_clean,ENSG00000196604,POTEF,0,0.0,0,0.0,0,179,0.0,0,179,0.0,PAAD
pancreas,179,179,tpm_clean,ENSG00000196862,RGPD4,0,0.0,0,0.0,0,179,0.0,0,179,0.0,PAAD
pancreas,179,179,tpm_clean,ENSG00000197172,MAGEA6,2,1.12,1,0.56,2,179,1.12,0,179,0.0,PAAD
pancreas,179,179,tpm_clean,ENSG00000198021,SPANXA1/2,0,0.0,0,0.0,0,179,0.0,0,179,0.0,PAAD
pancreas,179,179,tpm_clean,ENSG00000198573,SPANXC,0,0.0,0,0.0,0,179,0.0,0,179,0.0,PAAD
pancreas,179,179,tpm_clean,ENSG00000198681,MAGEA1,0,0.0,0,0.0,0,179,0.0,0,179,0.0,PAAD
pancreas,179,179,tpm_clean,ENSG00000198759,EGFL6,0,0.0,0,0.0,0,179,0.0,0,179,0.0,PAAD
pancreas,179,179,tpm_clean,ENSG00000198765,SYCP1,0,0.0,0,0.0,0,179,0.0,0,179,0.0,PAAD
pancreas,179,179,tpm_clean,ENSG00000198870,STKLD1,0,0.0,0,0.0,0,179,0.0,0,179,0.0,PAAD
pancreas,179,179,tpm_clean,ENSG00000203909,DPPA5,0,0.0,0,0.0,0,179,0.0,0,179,0.0,PAAD
pancreas,179,179,tpm_clean,ENSG00000203923,SPANXN1,0,0.0,0,0.0,0,179,0.0,0,179,0.0,PAAD
pancreas,179,179,tpm_clean,ENSG00000204019,CT83,3,1.68,0,0.0,0,179,0.0,0,179,0.0,PAAD
pancreas,179,179,tpm_clean,ENSG00000204279,PAGE3,0,0.0,0,0.0,0,179,0.0,0,179,0.0,PAAD
pancreas,179,179,tpm_clean,ENSG00000204363,SPANXN5,0,0.0,0,0.0,0,179,0.0,0,179,0.0,PAAD
pancreas,179,179,tpm_clean,ENSG00000204379,XAGE1A/B,0,0.0,0,0.0,0,179,0.0,0,179,0.0,PAAD
pancreas,179,179,tpm_clean,ENSG00000204450,TRIM64,0,0.0,0,0.0,0,179,0.0,0,179,0.0,PAAD
pancreas,179,179,tpm_clean,ENSG00000204849,SPATA31A1,0,0.0,0,0.0,0,179,0.0,0,179,0.0,PAAD
pancreas,179,179,tpm_clean,ENSG00000204941,PSG5,0,0.0,0,0.0,0,179,0.0,0,179,0.0,PAAD
pancreas,179,179,tpm_clean,ENSG00000204961,PCDHA9,0,0.0,0,0.0,0,179,0.0,0,179,0.0,PAAD
pancreas,179,179,tpm_clean,ENSG00000205359,SLCO6A1,0,0.0,0,0.0,0,179,0.0,0,179,0.0,PAAD
pancreas,179,179,tpm_clean,ENSG00000205642,VCX3B,0,0.0,0,0.0,0,179,0.0,0,179,0.0,PAAD
pancreas,179,179,tpm_clean,ENSG00000205777,GAGE1,1,0.56,1,0.56,1,179,0.56,1,179,0.56,PAAD
pancreas,179,179,tpm_clean,ENSG00000212710,CTAGE1,0,0.0,0,0.0,0,179,0.0,0,179,0.0,PAAD
pancreas,179,179,tpm_clean,ENSG00000213218,CSH2,0,0.0,0,0.0,0,179,0.0,0,179,0.0,PAAD
pancreas,179,179,tpm_clean,ENSG00000213401,MAGEA12,0,0.0,0,0.0,0,179,0.0,0,179,0.0,PAAD
pancreas,179,179,tpm_clean,ENSG00000214107,MAGEB1,0,0.0,0,0.0,0,179,0.0,0,179,0.0,PAAD
pancreas,179,179,tpm_clean,ENSG00000215113,CXorf49/CXorf49B,5,2.79,1,0.56,1,179,0.56,1,179,0.56,PAAD
pancreas,179,179,tpm_clean,ENSG00000215269,GAGE12F/G,0,0.0,0,0.0,0,179,0.0,0,179,0.0,PAAD
pancreas,179,179,tpm_clean,ENSG00000215274,GAGE10,0,0.0,0,0.0,0,179,0.0,0,179,0.0,PAAD
pancreas,179,179,tpm_clean,ENSG00000215529,EFCAB8,0,0.0,0,0.0,0,179,0.0,0,179,0.0,PAAD
pancreas,179,179,tpm_clean,ENSG00000215817,ZC3H11B,0,0.0,0,0.0,0,179,0.0,0,179,0.0,PAAD
pancreas,179,179,tpm_clean,ENSG00000216649,GAGE12C/D/E,0,0.0,0,0.0,0,179,0.0,0,179,0.0,PAAD
pancreas,179,179,tpm_clean,ENSG00000221826,PSG3,0,0.0,0,0.0,0,179,0.0,0,179,0.0,PAAD
pancreas,179,179,tpm_clean,ENSG00000221867,MAGEA3,1,0.56,1,0.56,1,179,0.56,0,179,0.0,PAAD
pancreas,179,179,tpm_clean,ENSG00000221878,PSG7,0,0.0,0,0.0,0,179,0.0,0,179,0.0,PAAD
pancreas,179,179,tpm_clean,ENSG00000224089,CT47A1/2/3/4/5/6/7/8/9/10/11/12,0,0.0,0,0.0,0,179,0.0,0,179,0.0,PAAD
pancreas,179,179,tpm_clean,ENSG00000224440,CXorf51A/B,0,0.0,0,0.0,0,179,0.0,0,179,0.0,PAAD
pancreas,179,179,tpm_clean,ENSG00000224659,GAGE12J,0,0.0,0,0.0,0,179,0.0,0,179,0.0,PAAD
pancreas,179,179,tpm_clean,ENSG00000224902,GAGE12H,0,0.0,0,0.0,0,179,0.0,0,179,0.0,PAAD
pancreas,179,0,tpm_clean,ENSG00000224960,PPP4R3C,0,,0,,0,0,,0,0,,PAAD
pancreas,179,179,tpm_clean,ENSG00000226650,KIF4B,0,0.0,0,0.0,0,179,0.0,0,179,0.0,PAAD
pancreas,179,179,tpm_clean,ENSG00000227234,SPANXB1,0,0.0,0,0.0,0,179,0.0,0,179,0.0,PAAD
pancreas,179,179,tpm_clean,ENSG00000228836,CT45A5/6/7,0,0.0,0,0.0,0,179,0.0,0,179,0.0,PAAD
pancreas,179,179,tpm_clean,ENSG00000228927,TSPY3,0,0.0,0,0.0,0,179,0.0,0,179,0.0,PAAD
pancreas,179,179,tpm_clean,ENSG00000229549,TSPY8,0,0.0,0,0.0,0,179,0.0,0,179,0.0,PAAD
pancreas,179,0,tpm_clean,ENSG00000230601,TEX48,0,,0,,0,0,,0,0,,PAAD
pancreas,179,179,tpm_clean,ENSG00000231924,PSG1,0,0.0,0,0.0,0,179,0.0,0,179,0.0,PAAD
pancreas,179,179,tpm_clean,ENSG00000233056,ERVH48-1,0,0.0,0,0.0,0,179,0.0,0,179,0.0,PAAD
pancreas,179,179,tpm_clean,ENSG00000233803,TSPY4,0,0.0,0,0.0,0,179,0.0,0,179,0.0,PAAD
pancreas,179,179,tpm_clean,ENSG00000234068,PAGE2,0,0.0,0,0.0,0,179,0.0,0,179,0.0,PAAD
pancreas,179,179,tpm_clean,ENSG00000234414,RBMY1A1,0,0.0,0,0.0,0,179,0.0,0,179,0.0,PAAD
pancreas,179,179,tpm_clean,ENSG00000235631,RNF148,0,0.0,0,0.0,0,179,0.0,0,179,0.0,PAAD
pancreas,179,179,tpm_clean,ENSG00000236424,TSPY10,0,0.0,0,0.0,0,179,0.0,0,179,0.0,PAAD
pancreas,179,179,tpm_clean,ENSG00000236446,CT47B1,0,0.0,0,0.0,0,179,0.0,0,179,0.0,PAAD
pancreas,179,179,tpm_clean,ENSG00000236761,CTAGE9,0,0.0,0,0.0,0,179,0.0,0,179,0.0,PAAD
pancreas,179,179,tpm_clean,ENSG00000238269,PAGE2B,1,0.56,1,0.56,1,179,0.56,0,179,0.0,PAAD
pancreas,179,179,tpm_clean,ENSG00000240021,TEX35,0,0.0,0,0.0,0,179,0.0,0,179,0.0,PAAD
pancreas,179,0,tpm_clean,ENSG00000241149,ZNF722,0,,0,,0,0,,0,0,,PAAD
pancreas,179,179,tpm_clean,ENSG00000241476,SSX2/SSX2B,0,0.0,0,0.0,0,179,0.0,0,179,0.0,PAAD
pancreas,179,179,tpm_clean,ENSG00000242221,PSG2,0,0.0,0,0.0,0,179,0.0,0,179,0.0,PAAD
pancreas,179,179,tpm_clean,ENSG00000242389,RBMY1E,0,0.0,0,0.0,0,179,0.0,0,179,0.0,PAAD
pancreas,179,179,tpm_clean,ENSG00000242875,RBMY1B,0,0.0,0,0.0,0,179,0.0,0,179,0.0,PAAD
pancreas,179,179,tpm_clean,ENSG00000243130,PSG11,0,0.0,0,0.0,0,179,0.0,0,179,0.0,PAAD
pancreas,179,179,tpm_clean,ENSG00000244395,RBMY1D,0,0.0,0,0.0,0,179,0.0,0,179,0.0,PAAD
pancreas,179,179,tpm_clean,ENSG00000244588,RAD21L1,0,0.0,0,0.0,0,179,0.0,0,179,0.0,PAAD
pancreas,179,179,tpm_clean,ENSG00000249861,LGALS16,0,0.0,0,0.0,0,179,0.0,0,179,0.0,PAAD
pancreas,179,179,tpm_clean,ENSG00000250741,NT5C1B-RDH14,0,0.0,0,0.0,0,179,0.0,0,179,0.0,PAAD
pancreas,179,179,tpm_clean,ENSG00000251258,RFPL4B,0,0.0,0,0.0,0,179,0.0,0,179,0.0,PAAD
pancreas,179,179,tpm_clean,ENSG00000258713,C20orf141,0,0.0,0,0.0,0,179,0.0,0,179,0.0,PAAD
pancreas,179,179,tpm_clean,ENSG00000258992,TSPY1,0,0.0,0,0.0,0,179,0.0,0,179,0.0,PAAD
pancreas,179,179,tpm_clean,ENSG00000261649,GOLGA6L7,0,0.0,0,0.0,0,179,0.0,0,179,0.0,PAAD
pancreas,179,179,tpm_clean,ENSG00000261949,GFY,0,0.0,0,0.0,0,179,0.0,0,179,0.0,PAAD
pancreas,179,179,tpm_clean,ENSG00000268009,SSX4/SSX4B,0,0.0,0,0.0,0,179,0.0,0,179,0.0,PAAD
pancreas,179,179,tpm_clean,ENSG00000268629,TEX13A,0,0.0,0,0.0,0,179,0.0,0,179,0.0,PAAD
pancreas,179,179,tpm_clean,ENSG00000268696,ZNF723,0,0.0,0,0.0,0,179,0.0,0,179,0.0,PAAD
pancreas,179,179,tpm_clean,ENSG00000268964,ERVV-2,0,0.0,0,0.0,0,179,0.0,0,179,0.0,PAAD
pancreas,179,179,tpm_clean,ENSG00000268988,SPANXN2,0,0.0,0,0.0,0,179,0.0,0,179,0.0,PAAD
pancreas,179,179,tpm_clean,ENSG00000269058,CALR3,0,0.0,0,0.0,0,179,0.0,0,179,0.0,PAAD
pancreas,179,179,tpm_clean,ENSG00000269586,CT45A10,0,0.0,0,0.0,0,179,0.0,0,179,0.0,PAAD
pancreas,179,179,tpm_clean,ENSG00000270806,C17orf50,0,0.0,0,0.0,0,179,0.0,0,179,0.0,PAAD
pancreas,179,179,tpm_clean,ENSG00000270946,CT45A2/8/9,0,0.0,0,0.0,0,179,0.0,0,179,0.0,PAAD
pancreas,179,179,tpm_clean,ENSG00000271321,CTAGE6,0,0.0,0,0.0,0,179,0.0,0,179,0.0,PAAD
pancreas,179,179,tpm_clean,ENSG00000274274,GAGE13,1,0.56,0,0.0,1,179,0.56,0,179,0.0,PAAD
pancreas,179,179,tpm_clean,ENSG00000274391,TPTE,0,0.0,0,0.0,0,179,0.0,0,179,0.0,PAAD
pancreas,179,179,tpm_clean,ENSG00000275793,RIMBP3,0,0.0,0,0.0,0,179,0.0,0,179,0.0,PAAD
pancreas,179,179,tpm_clean,ENSG00000275969,SPATA31A3,0,0.0,0,0.0,0,179,0.0,0,179,0.0,PAAD
pancreas,179,179,tpm_clean,ENSG00000276040,SPATA31A7,0,0.0,0,0.0,0,179,0.0,0,179,0.0,PAAD
pancreas,179,179,tpm_clean,ENSG00000276581,SPATA31A5,0,0.0,0,0.0,0,179,0.0,0,179,0.0,PAAD
pancreas,179,179,tpm_clean,ENSG00000277322,GOLGA6L6,0,0.0,0,0.0,0,179,0.0,0,179,0.0,PAAD
pancreas,179,0,tpm_clean,ENSG00000282815,TEX13C,0,,0,,0,0,,0,0,,PAAD
prostate,496,496,tpm_clean,ENSG00000006047,YBX2,0,0.0,0,0.0,0,496,0.0,0,496,0.0,PRAD
prostate,496,496,tpm_clean,ENSG00000006659,LGALS14,0,0.0,0,0.0,0,496,0.0,0,496,0.0,PRAD
prostate,496,496,tpm_clean,ENSG00000007350,TKTL1,0,0.0,0,0.0,0,496,0.0,0,496,0.0,PRAD
prostate,496,496,tpm_clean,ENSG00000010318,PHF7,0,0.0,0,0.0,0,496,0.0,0,496,0.0,PRAD
prostate,496,496,tpm_clean,ENSG00000042813,ZPBP,0,0.0,0,0.0,0,496,0.0,0,496,0.0,PRAD
prostate,496,496,tpm_clean,ENSG00000046774,MAGEC2,2,0.4,0,0.0,0,496,0.0,0,496,0.0,PRAD
prostate,496,496,tpm_clean,ENSG00000054796,SPO11,0,0.0,0,0.0,0,496,0.0,0,496,0.0,PRAD
prostate,496,496,tpm_clean,ENSG00000068985,PAGE1,0,0.0,0,0.0,0,496,0.0,0,496,0.0,PRAD
prostate,496,496,tpm_clean,ENSG00000077800,FKBP6,0,0.0,0,0.0,0,496,0.0,0,496,0.0,PRAD
prostate,496,496,tpm_clean,ENSG00000077935,SMC1B,0,0.0,0,0.0,0,496,0.0,0,496,0.0,PRAD
prostate,496,496,tpm_clean,ENSG00000092345,DAZL,0,0.0,0,0.0,0,496,0.0,0,496,0.0,PRAD
prostate,496,496,tpm_clean,ENSG00000095627,TDRD1,11,2.22,0,0.0,0,496,0.0,0,496,0.0,PRAD
prostate,496,496,tpm_clean,ENSG00000099399,MAGEB2,0,0.0,0,0.0,0,496,0.0,0,496,0.0,PRAD
prostate,496,496,tpm_clean,ENSG00000102021,LUZP4,0,0.0,0,0.0,0,496,0.0,0,496,0.0,PRAD
prostate,496,496,tpm_clean,ENSG00000103023,PRSS54,0,0.0,0,0.0,0,496,0.0,0,496,0.0,PRAD
prostate,496,496,tpm_clean,ENSG00000104755,ADAM2,7,1.41,1,0.2,2,496,0.4,0,496,0.0,PRAD
prostate,496,496,tpm_clean,ENSG00000104804,TULP2,0,0.0,0,0.0,0,496,0.0,0,496,0.0,PRAD
prostate,496,496,tpm_clean,ENSG00000104818,CGB2,0,0.0,0,0.0,0,496,0.0,0,496,0.0,PRAD
prostate,496,496,tpm_clean,ENSG00000104901,DKKL1,0,0.0,0,0.0,0,496,0.0,0,496,0.0,PRAD
prostate,496,496,tpm_clean,ENSG00000105198,LGALS13,0,0.0,0,0.0,0,496,0.0,0,496,0.0,PRAD
prostate,496,496,tpm_clean,ENSG00000106013,ANKRD7,0,0.0,0,0.0,0,496,0.0,0,496,0.0,PRAD
prostate,496,496,tpm_clean,ENSG00000106304,SPAM1,0,0.0,0,0.0,0,496,0.0,0,496,0.0,PRAD
prostate,496,496,tpm_clean,ENSG00000114487,MORC1,0,0.0,0,0.0,0,496,0.0,0,496,0.0,PRAD
prostate,496,496,tpm_clean,ENSG00000117148,ACTL8,0,0.0,0,0.0,0,496,0.0,0,496,0.0,PRAD
prostate,496,496,tpm_clean,ENSG00000118434,SPACA1,0,0.0,0,0.0,0,496,0.0,0,496,0.0,PRAD
prostate,496,496,tpm_clean,ENSG00000118491,ZC2HC1B,0,0.0,0,0.0,0,496,0.0,0,496,0.0,PRAD
prostate,496,496,tpm_clean,ENSG00000121101,TEX14,0,0.0,0,0.0,0,496,0.0,0,496,0.0,PRAD
prostate,496,496,tpm_clean,ENSG00000122304,PRM2,0,0.0,0,0.0,0,496,0.0,0,496,0.0,PRAD
prostate,496,496,tpm_clean,ENSG00000123576,ESX1,0,0.0,0,0.0,0,496,0.0,0,496,0.0,PRAD
prostate,496,496,tpm_clean,ENSG00000123584,MAGEA9/MAGEA9B,0,0.0,0,0.0,0,496,0.0,0,496,0.0,PRAD
prostate,496,496,tpm_clean,ENSG00000124092,CTCFL,0,0.0,0,0.0,0,496,0.0,0,496,0.0,PRAD
prostate,496,496,tpm_clean,ENSG00000124227,ANKRD60,0,0.0,0,0.0,0,496,0.0,0,496,0.0,PRAD
prostate,496,496,tpm_clean,ENSG00000124260,MAGEA10,0,0.0,0,0.0,0,496,0.0,0,496,0.0,PRAD
prostate,496,496,tpm_clean,ENSG00000124467,PSG8,0,0.0,0,0.0,0,496,0.0,0,496,0.0,PRAD
prostate,496,496,tpm_clean,ENSG00000124490,CRISP2,0,0.0,0,0.0,0,496,0.0,0,496,0.0,PRAD
prostate,496,496,tpm_clean,ENSG00000125207,PIWIL1,0,0.0,0,0.0,0,496,0.0,0,496,0.0,PRAD
prostate,496,496,tpm_clean,ENSG00000125823,CSTL1,0,0.0,0,0.0,0,496,0.0,0,496,0.0,PRAD
prostate,496,496,tpm_clean,ENSG00000126467,TSKS,0,0.0,0,0.0,0,496,0.0,0,496,0.0,PRAD
prostate,496,496,tpm_clean,ENSG00000126752,SSX1,0,0.0,0,0.0,0,496,0.0,0,496,0.0,PRAD
prostate,496,496,tpm_clean,ENSG00000126856,PRDM7,0,0.0,0,0.0,0,496,0.0,0,496,0.0,PRAD
prostate,496,496,tpm_clean,ENSG00000129862,VCY/VCY1B,0,0.0,0,0.0,0,496,0.0,0,496,0.0,PRAD
prostate,496,496,tpm_clean,ENSG00000130950,NUTM2F,0,0.0,0,0.0,0,496,0.0,0,496,0.0,PRAD
prostate,496,496,tpm_clean,ENSG00000131126,TEX101,0,0.0,0,0.0,0,496,0.0,0,496,0.0,PRAD
prostate,496,496,tpm_clean,ENSG00000132446,FTHL17,0,0.0,0,0.0,0,496,0.0,0,496,0.0,PRAD
prostate,496,496,tpm_clean,ENSG00000135248,GARIN1B,0,0.0,0,0.0,0,496,0.0,0,496,0.0,PRAD
prostate,496,496,tpm_clean,ENSG00000137090,DMRT1,0,0.0,0,0.0,0,496,0.0,0,496,0.0,PRAD
prostate,496,496,tpm_clean,ENSG00000137948,BRDT,0,0.0,0,0.0,0,496,0.0,0,496,0.0,PRAD
prostate,496,496,tpm_clean,ENSG00000139351,SYCP3,0,0.0,0,0.0,0,496,0.0,0,496,0.0,PRAD
prostate,496,496,tpm_clean,ENSG00000140478,GOLGA6D,0,0.0,0,0.0,0,496,0.0,0,496,0.0,PRAD
prostate,496,496,tpm_clean,ENSG00000141096,DPEP3,0,0.0,0,0.0,0,496,0.0,0,496,0.0,PRAD
prostate,496,496,tpm_clean,ENSG00000141255,SPATA22,0,0.0,0,0.0,0,496,0.0,0,496,0.0,PRAD
prostate,496,496,tpm_clean,ENSG00000141316,SPACA3,0,0.0,0,0.0,0,496,0.0,0,496,0.0,PRAD
prostate,496,496,tpm_clean,ENSG00000141371,CHCT1,0,0.0,0,0.0,0,496,0.0,0,496,0.0,PRAD
prostate,496,496,tpm_clean,ENSG00000141437,SLC25A52,0,0.0,0,0.0,0,496,0.0,0,496,0.0,PRAD
prostate,496,496,tpm_clean,ENSG00000142025,DMRTC2,0,0.0,0,0.0,0,496,0.0,0,496,0.0,PRAD
prostate,496,496,tpm_clean,ENSG00000142698,C1orf94,0,0.0,0,0.0,0,496,0.0,0,496,0.0,PRAD
prostate,496,496,tpm_clean,ENSG00000143006,DMRTB1,0,0.0,0,0.0,0,496,0.0,0,496,0.0,PRAD
prostate,496,496,tpm_clean,ENSG00000143452,HORMAD1,0,0.0,0,0.0,0,496,0.0,0,496,0.0,PRAD
prostate,496,496,tpm_clean,ENSG00000144962,SPATA16,0,0.0,0,0.0,0,496,0.0,0,496,0.0,PRAD
prostate,496,496,tpm_clean,ENSG00000145309,CABS1,1,0.2,0,0.0,0,496,0.0,0,496,0.0,PRAD
prostate,496,496,tpm_clean,ENSG00000147081,AKAP4,0,0.0,0,0.0,0,496,0.0,0,496,0.0,PRAD
prostate,496,496,tpm_clean,ENSG00000147183,CPXCR1,0,0.0,0,0.0,0,496,0.0,0,496,0.0,PRAD
prostate,496,496,tpm_clean,ENSG00000147378,FATE1,0,0.0,0,0.0,0,496,0.0,0,496,0.0,PRAD
prostate,496,496,tpm_clean,ENSG00000147381,MAGEA4,1,0.2,1,0.2,1,496,0.2,1,496,0.2,PRAD
prostate,496,496,tpm_clean,ENSG00000148156,ACTL7B,0,0.0,0,0.0,0,496,0.0,0,496,0.0,PRAD
prostate,496,496,tpm_clean,ENSG00000150628,SPATA4,0,0.0,0,0.0,0,496,0.0,0,496,0.0,PRAD
prostate,496,496,tpm_clean,ENSG00000151962,RBM46,0,0.0,0,0.0,0,496,0.0,0,496,0.0,PRAD
prostate,496,496,tpm_clean,ENSG00000152430,BOLL,0,0.0,0,0.0,0,496,0.0,0,496,0.0,PRAD
prostate,496,496,tpm_clean,ENSG00000152670,DDX4,0,0.0,0,0.0,0,496,0.0,0,496,0.0,PRAD
prostate,496,496,tpm_clean,ENSG00000153060,TEKT5,0,0.0,0,0.0,0,496,0.0,0,496,0.0,PRAD
prostate,496,496,tpm_clean,ENSG00000153779,TGIF2LX,0,0.0,0,0.0,0,496,0.0,0,496,0.0,PRAD
prostate,496,496,tpm_clean,ENSG00000155087,ODF1,0,0.0,0,0.0,0,496,0.0,0,496,0.0,PRAD
prostate,496,496,tpm_clean,ENSG00000155495,MAGEC1,0,0.0,0,0.0,0,496,0.0,0,496,0.0,PRAD
prostate,496,496,tpm_clean,ENSG00000155622,XAGE2,0,0.0,0,0.0,0,496,0.0,0,496,0.0,PRAD
prostate,496,496,tpm_clean,ENSG00000156009,MAGEA8,1,0.2,0,0.0,0,496,0.0,0,496,0.0,PRAD
prostate,496,496,tpm_clean,ENSG00000156269,NAA11,0,0.0,0,0.0,0,496,0.0,0,496,0.0,PRAD
prostate,496,496,tpm_clean,ENSG00000158639,PAGE5,1,0.2,0,0.0,0,496,0.0,0,496,0.0,PRAD
prostate,496,496,tpm_clean,ENSG00000159289,GOLGA6A,0,0.0,0,0.0,0,496,0.0,0,496,0.0,PRAD
prostate,496,496,tpm_clean,ENSG00000159708,LRRC36,0,0.0,0,0.0,0,496,0.0,0,496,0.0,PRAD
prostate,496,496,tpm_clean,ENSG00000161860,SYCE2,0,0.0,0,0.0,0,496,0.0,0,496,0.0,PRAD
prostate,496,496,tpm_clean,ENSG00000161973,CCDC42,0,0.0,0,0.0,0,496,0.0,0,496,0.0,PRAD
prostate,496,496,tpm_clean,ENSG00000162039,MEIOB,0,0.0,0,0.0,0,496,0.0,0,496,0.0,PRAD
prostate,496,496,tpm_clean,ENSG00000162641,AKNAD1,0,0.0,0,0.0,0,496,0.0,0,496,0.0,PRAD
prostate,496,496,tpm_clean,ENSG00000162771,GARIN4,0,0.0,0,0.0,0,496,0.0,0,496,0.0,PRAD
prostate,496,496,tpm_clean,ENSG00000162843,WDR64,0,0.0,0,0.0,0,496,0.0,0,496,0.0,PRAD
prostate,496,496,tpm_clean,ENSG00000163114,PDHA2,0,0.0,0,0.0,0,496,0.0,0,496,0.0,PRAD
prostate,496,496,tpm_clean,ENSG00000163530,DPPA2,0,0.0,0,0.0,0,496,0.0,0,496,0.0,PRAD
prostate,496,496,tpm_clean,ENSG00000164113,ADAD1,0,0.0,0,0.0,0,496,0.0,0,496,0.0,PRAD
prostate,496,496,tpm_clean,ENSG00000164304,CAGE1,0,0.0,0,0.0,0,496,0.0,0,496,0.0,PRAD
prostate,496,496,tpm_clean,ENSG00000165583,SSX5,0,0.0,0,0.0,0,496,0.0,0,496,0.0,PRAD
prostate,496,496,tpm_clean,ENSG00000165584,SSX3,0,0.0,0,0.0,0,496,0.0,0,496,0.0,PRAD
prostate,496,496,tpm_clean,ENSG00000166049,PASD1,0,0.0,0,0.0,0,496,0.0,0,496,0.0,PRAD
prostate,496,496,tpm_clean,ENSG00000166069,TMCO5A,0,0.0,0,0.0,0,496,0.0,0,496,0.0,PRAD
prostate,496,496,tpm_clean,ENSG00000166118,SPATA19,0,0.0,0,0.0,0,496,0.0,0,496,0.0,PRAD
prostate,496,496,tpm_clean,ENSG00000166796,LDHC,0,0.0,0,0.0,0,496,0.0,0,496,0.0,PRAD
prostate,496,496,tpm_clean,ENSG00000167098,SUN5,0,0.0,0,0.0,0,496,0.0,0,496,0.0,PRAD
prostate,496,496,tpm_clean,ENSG00000168594,ADAM29,0,0.0,0,0.0,0,496,0.0,0,496,0.0,PRAD
prostate,496,496,tpm_clean,ENSG00000168757,TSPY2,0,0.0,0,0.0,0,496,0.0,0,496,0.0,PRAD
prostate,496,496,tpm_clean,ENSG00000169059,VCX3A,0,0.0,0,0.0,0,496,0.0,0,496,0.0,PRAD
prostate,496,496,tpm_clean,ENSG00000169551,CT55,0,0.0,0,0.0,0,496,0.0,0,496,0.0,PRAD
prostate,496,496,tpm_clean,ENSG00000169800,RBMY1F,0,0.0,0,0.0,0,496,0.0,0,496,0.0,PRAD
prostate,496,496,tpm_clean,ENSG00000170516,COX7B2,9,1.81,3,0.6,4,496,0.81,1,496,0.2,PRAD
prostate,496,496,tpm_clean,ENSG00000170748,RBMXL2,0,0.0,0,0.0,0,496,0.0,0,496,0.0,PRAD
prostate,496,496,tpm_clean,ENSG00000170848,PSG6,0,0.0,0,0.0,0,496,0.0,0,496,0.0,PRAD
prostate,496,496,tpm_clean,ENSG00000170950,PGK2,0,0.0,0,0.0,0,496,0.0,0,496,0.0,PRAD
prostate,496,496,tpm_clean,ENSG00000170965,PLAC1,0,0.0,0,0.0,0,496,0.0,0,496,0.0,PRAD
prostate,496,496,tpm_clean,ENSG00000171402,XAGE3,0,0.0,0,0.0,0,496,0.0,0,496,0.0,PRAD
prostate,496,496,tpm_clean,ENSG00000171405,XAGE5,0,0.0,0,0.0,0,496,0.0,0,496,0.0,PRAD
prostate,496,496,tpm_clean,ENSG00000171794,UTF1,0,0.0,0,0.0,0,496,0.0,0,496,0.0,PRAD
prostate,496,496,tpm_clean,ENSG00000172073,TEX37,0,0.0,0,0.0,0,496,0.0,0,496,0.0,PRAD
prostate,496,496,tpm_clean,ENSG00000172717,GARIN2,0,0.0,0,0.0,0,496,0.0,0,496,0.0,PRAD
prostate,496,496,tpm_clean,ENSG00000174015,CBY2,0,0.0,0,0.0,0,496,0.0,0,496,0.0,PRAD
prostate,496,496,tpm_clean,ENSG00000174016,TENT5D,0,0.0,0,0.0,0,496,0.0,0,496,0.0,PRAD
prostate,496,496,tpm_clean,ENSG00000174898,CATSPERD,1,0.2,0,0.0,0,496,0.0,0,496,0.0,PRAD
prostate,496,496,tpm_clean,ENSG00000175646,PRM1,0,0.0,0,0.0,0,496,0.0,0,496,0.0,PRAD
prostate,496,496,tpm_clean,ENSG00000175809,CBLL2,0,0.0,0,0.0,0,496,0.0,0,496,0.0,PRAD
prostate,496,496,tpm_clean,ENSG00000175820,CCDC168,0,0.0,0,0.0,0,496,0.0,0,496,0.0,PRAD
prostate,496,496,tpm_clean,ENSG00000175877,TMEM270,0,0.0,0,0.0,0,496,0.0,0,496,0.0,PRAD
prostate,496,496,tpm_clean,ENSG00000176256,HMGB4,0,0.0,0,0.0,0,496,0.0,0,496,0.0,PRAD
prostate,496,496,tpm_clean,ENSG00000176566,DCAF4L2,0,0.0,0,0.0,0,496,0.0,0,496,0.0,PRAD
prostate,496,496,tpm_clean,ENSG00000176635,HORMAD2,0,0.0,0,0.0,0,496,0.0,0,496,0.0,PRAD
prostate,496,496,tpm_clean,ENSG00000176746,MAGEB6,0,0.0,0,0.0,0,496,0.0,0,496,0.0,PRAD
prostate,496,496,tpm_clean,ENSG00000176774,MAGEB18,0,0.0,0,0.0,0,496,0.0,0,496,0.0,PRAD
prostate,496,496,tpm_clean,ENSG00000176988,FMR1NB,0,0.0,0,0.0,0,496,0.0,0,496,0.0,PRAD
prostate,496,496,tpm_clean,ENSG00000177294,FBXO39,0,0.0,0,0.0,0,496,0.0,0,496,0.0,PRAD
prostate,496,496,tpm_clean,ENSG00000177673,TEX44,0,0.0,0,0.0,0,496,0.0,0,496,0.0,PRAD
prostate,496,496,tpm_clean,ENSG00000177689,MAGEB10,0,0.0,0,0.0,0,496,0.0,0,496,0.0,PRAD
prostate,496,496,tpm_clean,ENSG00000177947,ODF3,0,0.0,0,0.0,0,496,0.0,0,496,0.0,PRAD
prostate,496,496,tpm_clean,ENSG00000177992,SPATA31E1,0,0.0,0,0.0,0,496,0.0,0,496,0.0,PRAD
prostate,496,496,tpm_clean,ENSG00000178021,TSPYL6,0,0.0,0,0.0,0,496,0.0,0,496,0.0,PRAD
prostate,496,496,tpm_clean,ENSG00000178257,PRM3,0,0.0,0,0.0,0,496,0.0,0,496,0.0,PRAD
prostate,496,496,tpm_clean,ENSG00000178279,TNP2,0,0.0,0,0.0,0,496,0.0,0,496,0.0,PRAD
prostate,496,496,tpm_clean,ENSG00000178997,EXD1,0,0.0,0,0.0,0,496,0.0,0,496,0.0,PRAD
prostate,496,496,tpm_clean,ENSG00000179046,TRIML2,0,0.0,0,0.0,0,496,0.0,0,496,0.0,PRAD
prostate,496,496,tpm_clean,ENSG00000179059,ZFP42,0,0.0,0,0.0,0,496,0.0,0,496,0.0,PRAD
prostate,496,496,tpm_clean,ENSG00000179088,C12orf42,0,0.0,0,0.0,0,496,0.0,0,496,0.0,PRAD
prostate,496,496,tpm_clean,ENSG00000179407,DNAJB8,0,0.0,0,0.0,0,496,0.0,0,496,0.0,PRAD
prostate,496,496,tpm_clean,ENSG00000180138,CSNK1A1L,0,0.0,0,0.0,0,496,0.0,0,496,0.0,PRAD
prostate,496,496,tpm_clean,ENSG00000180336,MEIOC,0,0.0,0,0.0,0,496,0.0,0,496,0.0,PRAD
prostate,496,496,tpm_clean,ENSG00000181323,SPEM1,0,0.0,0,0.0,0,496,0.0,0,496,0.0,PRAD
prostate,496,496,tpm_clean,ENSG00000181433,SAGE1,0,0.0,0,0.0,0,496,0.0,0,496,0.0,PRAD
prostate,496,496,tpm_clean,ENSG00000182308,DCAF4L1,0,0.0,0,0.0,0,496,0.0,0,496,0.0,PRAD
prostate,496,496,tpm_clean,ENSG00000182459,TEX19,0,0.0,0,0.0,0,496,0.0,0,496,0.0,PRAD
prostate,496,496,tpm_clean,ENSG00000182583,VCX,0,0.0,0,0.0,0,496,0.0,0,496,0.0,PRAD
prostate,496,496,tpm_clean,ENSG00000183206,POTEC,0,0.0,0,0.0,0,496,0.0,0,496,0.0,PRAD
prostate,496,496,tpm_clean,ENSG00000183305,MAGEA2/MAGEA2B,2,0.4,0,0.0,0,496,0.0,0,496,0.0,PRAD
prostate,496,496,tpm_clean,ENSG00000183434,TFDP3,0,0.0,0,0.0,0,496,0.0,0,496,0.0,PRAD
prostate,496,496,tpm_clean,ENSG00000183668,PSG9,0,0.0,0,0.0,0,496,0.0,0,496,0.0,PRAD
prostate,496,496,tpm_clean,ENSG00000184033,CTAG1A/B,7,1.41,4,0.81,4,496,0.81,2,496,0.4,PRAD
prostate,496,496,tpm_clean,ENSG00000184361,SPATA32,0,0.0,0,0.0,0,496,0.0,0,496,0.0,PRAD
prostate,496,496,tpm_clean,ENSG00000184507,NUTM1,0,0.0,0,0.0,0,496,0.0,0,496,0.0,PRAD
prostate,496,496,tpm_clean,ENSG00000184650,ODF4,0,0.0,0,0.0,0,496,0.0,0,496,0.0,PRAD
prostate,496,496,tpm_clean,ENSG00000184735,DDX53,0,0.0,0,0.0,0,496,0.0,0,496,0.0,PRAD
prostate,496,496,tpm_clean,ENSG00000185264,TEX33,0,0.0,0,0.0,0,496,0.0,0,496,0.0,PRAD
prostate,496,496,tpm_clean,ENSG00000185686,PRAME,3,0.6,1,0.2,2,496,0.4,0,496,0.0,PRAD
prostate,496,496,tpm_clean,ENSG00000185775,SPATA31A6,0,0.0,0,0.0,0,496,0.0,0,496,0.0,PRAD
prostate,496,496,tpm_clean,ENSG00000185792,NLRP9,0,0.0,0,0.0,0,496,0.0,0,496,0.0,PRAD
prostate,496,496,tpm_clean,ENSG00000185863,TMEM210,0,0.0,0,0.0,0,496,0.0,0,496,0.0,PRAD
prostate,496,496,tpm_clean,ENSG00000186075,ZPBP2,0,0.0,0,0.0,0,496,0.0,0,496,0.0,PRAD
prostate,496,496,tpm_clean,ENSG00000186118,TEX38,0,0.0,0,0.0,0,496,0.0,0,496,0.0,PRAD
prostate,496,496,tpm_clean,ENSG00000186451,SPATA12,0,0.0,0,0.0,0,496,0.0,0,496,0.0,PRAD
prostate,496,496,tpm_clean,ENSG00000186788,SPATA31D3,0,0.0,0,0.0,0,496,0.0,0,496,0.0,PRAD
prostate,496,496,tpm_clean,ENSG00000187003,ACTL7A,0,0.0,0,0.0,0,496,0.0,0,496,0.0,PRAD
prostate,496,496,tpm_clean,ENSG00000187191,DAZ3,0,0.0,0,0.0,0,496,0.0,0,496,0.0,PRAD
prostate,496,496,tpm_clean,ENSG00000187754,SSX7,0,0.0,0,0.0,0,496,0.0,0,496,0.0,PRAD
prostate,496,496,tpm_clean,ENSG00000187772,LIN28B,0,0.0,0,0.0,0,496,0.0,0,496,0.0,PRAD
prostate,496,496,tpm_clean,ENSG00000188120,DAZ1,2,0.4,1,0.2,1,496,0.2,0,496,0.0,PRAD
prostate,496,496,tpm_clean,ENSG00000188425,NANOS2,0,0.0,0,0.0,0,496,0.0,0,496,0.0,PRAD
prostate,496,496,tpm_clean,ENSG00000188782,CATSPER4,0,0.0,0,0.0,0,496,0.0,0,496,0.0,PRAD
prostate,496,496,tpm_clean,ENSG00000189023,MAGEB16,0,0.0,0,0.0,0,496,0.0,0,496,0.0,PRAD
prostate,496,496,tpm_clean,ENSG00000189052,CGB5/8,0,0.0,0,0.0,0,496,0.0,0,496,0.0,PRAD
prostate,496,496,tpm_clean,ENSG00000189064,GAGE2A,1,0.2,0,0.0,0,496,0.0,0,496,0.0,PRAD
prostate,496,496,tpm_clean,ENSG00000189186,DCAF8L2,0,0.0,0,0.0,0,496,0.0,0,496,0.0,PRAD
prostate,496,496,tpm_clean,ENSG00000189252,SPANXN3,0,0.0,0,0.0,0,496,0.0,0,496,0.0,PRAD
prostate,496,496,tpm_clean,ENSG00000189326,SPANXN4,0,0.0,0,0.0,0,496,0.0,0,496,0.0,PRAD
prostate,496,496,tpm_clean,ENSG00000189357,SPATA31D4,0,0.0,0,0.0,0,496,0.0,0,496,0.0,PRAD
prostate,496,496,tpm_clean,ENSG00000196350,ZNF729,0,0.0,0,0.0,0,496,0.0,0,496,0.0,PRAD
prostate,496,496,tpm_clean,ENSG00000196406,SPANXD,0,0.0,0,0.0,0,496,0.0,0,496,0.0,PRAD
prostate,496,496,tpm_clean,ENSG00000196553,CCDC196,0,0.0,0,0.0,0,496,0.0,0,496,0.0,PRAD
prostate,496,496,tpm_clean,ENSG00000196604,POTEF,0,0.0,0,0.0,0,496,0.0,0,496,0.0,PRAD
prostate,496,496,tpm_clean,ENSG00000196862,RGPD4,0,0.0,0,0.0,0,496,0.0,0,496,0.0,PRAD
prostate,496,496,tpm_clean,ENSG00000197172,MAGEA6,3,0.6,0,0.0,0,496,0.0,0,496,0.0,PRAD
prostate,496,496,tpm_clean,ENSG00000198021,SPANXA1/2,0,0.0,0,0.0,0,496,0.0,0,496,0.0,PRAD
prostate,496,496,tpm_clean,ENSG00000198573,SPANXC,0,0.0,0,0.0,0,496,0.0,0,496,0.0,PRAD
prostate,496,496,tpm_clean,ENSG00000198681,MAGEA1,2,0.4,0,0.0,0,496,0.0,0,496,0.0,PRAD
prostate,496,496,tpm_clean,ENSG00000198759,EGFL6,0,0.0,0,0.0,0,496,0.0,0,496,0.0,PRAD
prostate,496,496,tpm_clean,ENSG00000198765,SYCP1,0,0.0,0,0.0,0,496,0.0,0,496,0.0,PRAD
prostate,496,496,tpm_clean,ENSG00000198870,STKLD1,1,0.2,0,0.0,0,496,0.0,0,496,0.0,PRAD
prostate,496,496,tpm_clean,ENSG00000203909,DPPA5,0,0.0,0,0.0,0,496,0.0,0,496,0.0,PRAD
prostate,496,496,tpm_clean,ENSG00000203923,SPANXN1,0,0.0,0,0.0,0,496,0.0,0,496,0.0,PRAD
prostate,496,496,tpm_clean,ENSG00000204019,CT83,2,0.4,1,0.2,1,496,0.2,0,496,0.0,PRAD
prostate,496,496,tpm_clean,ENSG00000204279,PAGE3,0,0.0,0,0.0,0,496,0.0,0,496,0.0,PRAD
prostate,496,496,tpm_clean,ENSG00000204363,SPANXN5,0,0.0,0,0.0,0,496,0.0,0,496,0.0,PRAD
prostate,496,496,tpm_clean,ENSG00000204379,XAGE1A/B,16,3.23,13,2.62,13,496,2.62,10,496,2.02,PRAD
prostate,496,496,tpm_clean,ENSG00000204450,TRIM64,0,0.0,0,0.0,0,496,0.0,0,496,0.0,PRAD
prostate,496,496,tpm_clean,ENSG00000204849,SPATA31A1,0,0.0,0,0.0,0,496,0.0,0,496,0.0,PRAD
prostate,496,496,tpm_clean,ENSG00000204941,PSG5,0,0.0,0,0.0,0,496,0.0,0,496,0.0,PRAD
prostate,496,496,tpm_clean,ENSG00000204961,PCDHA9,0,0.0,0,0.0,0,496,0.0,0,496,0.0,PRAD
prostate,496,496,tpm_clean,ENSG00000205359,SLCO6A1,0,0.0,0,0.0,0,496,0.0,0,496,0.0,PRAD
prostate,496,496,tpm_clean,ENSG00000205642,VCX3B,0,0.0,0,0.0,0,496,0.0,0,496,0.0,PRAD
prostate,496,496,tpm_clean,ENSG00000205777,GAGE1,1,0.2,1,0.2,1,496,0.2,1,496,0.2,PRAD
prostate,496,496,tpm_clean,ENSG00000212710,CTAGE1,0,0.0,0,0.0,0,496,0.0,0,496,0.0,PRAD
prostate,496,496,tpm_clean,ENSG00000213218,CSH2,0,0.0,0,0.0,0,496,0.0,0,496,0.0,PRAD
prostate,496,496,tpm_clean,ENSG00000213401,MAGEA12,2,0.4,0,0.0,0,496,0.0,0,496,0.0,PRAD
prostate,496,496,tpm_clean,ENSG00000214107,MAGEB1,0,0.0,0,0.0,0,496,0.0,0,496,0.0,PRAD
prostate,496,496,tpm_clean,ENSG00000215113,CXorf49/CXorf49B,0,0.0,0,0.0,0,496,0.0,0,496,0.0,PRAD
prostate,496,496,tpm_clean,ENSG00000215269,GAGE12F/G,0,0.0,0,0.0,0,496,0.0,0,496,0.0,PRAD
prostate,496,496,tpm_clean,ENSG00000215274,GAGE10,0,0.0,0,0.0,0,496,0.0,0,496,0.0,PRAD
prostate,496,496,tpm_clean,ENSG00000215529,EFCAB8,0,0.0,0,0.0,0,496,0.0,0,496,0.0,PRAD
prostate,496,496,tpm_clean,ENSG00000215817,ZC3H11B,0,0.0,0,0.0,0,496,0.0,0,496,0.0,PRAD
prostate,496,496,tpm_clean,ENSG00000216649,GAGE12C/D/E,0,0.0,0,0.0,0,496,0.0,0,496,0.0,PRAD
prostate,496,496,tpm_clean,ENSG00000221826,PSG3,0,0.0,0,0.0,0,496,0.0,0,496,0.0,PRAD
prostate,496,496,tpm_clean,ENSG00000221867,MAGEA3,2,0.4,0,0.0,0,496,0.0,0,496,0.0,PRAD
prostate,496,496,tpm_clean,ENSG00000221878,PSG7,0,0.0,0,0.0,0,496,0.0,0,496,0.0,PRAD
prostate,496,496,tpm_clean,ENSG00000224089,CT47A1/2/3/4/5/6/7/8/9/10/11/12,0,0.0,0,0.0,0,496,0.0,0,496,0.0,PRAD
prostate,496,496,tpm_clean,ENSG00000224440,CXorf51A/B,0,0.0,0,0.0,0,496,0.0,0,496,0.0,PRAD
prostate,496,496,tpm_clean,ENSG00000224659,GAGE12J,0,0.0,0,0.0,0,496,0.0,0,496,0.0,PRAD
prostate,496,496,tpm_clean,ENSG00000224902,GAGE12H,0,0.0,0,0.0,0,496,0.0,0,496,0.0,PRAD
prostate,496,0,tpm_clean,ENSG00000224960,PPP4R3C,0,,0,,0,0,,0,0,,PRAD
prostate,496,496,tpm_clean,ENSG00000226650,KIF4B,0,0.0,0,0.0,0,496,0.0,0,496,0.0,PRAD
prostate,496,496,tpm_clean,ENSG00000227234,SPANXB1,0,0.0,0,0.0,0,496,0.0,0,496,0.0,PRAD
prostate,496,496,tpm_clean,ENSG00000228836,CT45A5/6/7,2,0.4,2,0.4,2,496,0.4,0,496,0.0,PRAD
prostate,496,496,tpm_clean,ENSG00000228927,TSPY3,0,0.0,0,0.0,0,496,0.0,0,496,0.0,PRAD
prostate,496,496,tpm_clean,ENSG00000229549,TSPY8,0,0.0,0,0.0,0,496,0.0,0,496,0.0,PRAD
prostate,496,0,tpm_clean,ENSG00000230601,TEX48,0,,0,,0,0,,0,0,,PRAD
prostate,496,496,tpm_clean,ENSG00000231924,PSG1,0,0.0,0,0.0,0,496,0.0,0,496,0.0,PRAD
prostate,496,496,tpm_clean,ENSG00000233056,ERVH48-1,41,8.27,8,1.61,14,496,2.82,1,496,0.2,PRAD
prostate,496,496,tpm_clean,ENSG00000233803,TSPY4,0,0.0,0,0.0,0,496,0.0,0,496,0.0,PRAD
prostate,496,496,tpm_clean,ENSG00000234068,PAGE2,1,0.2,0,0.0,0,496,0.0,0,496,0.0,PRAD
prostate,496,496,tpm_clean,ENSG00000234414,RBMY1A1,0,0.0,0,0.0,0,496,0.0,0,496,0.0,PRAD
prostate,496,496,tpm_clean,ENSG00000235631,RNF148,0,0.0,0,0.0,0,496,0.0,0,496,0.0,PRAD
prostate,496,496,tpm_clean,ENSG00000236424,TSPY10,0,0.0,0,0.0,0,496,0.0,0,496,0.0,PRAD
prostate,496,496,tpm_clean,ENSG00000236446,CT47B1,0,0.0,0,0.0,0,496,0.0,0,496,0.0,PRAD
prostate,496,496,tpm_clean,ENSG00000236761,CTAGE9,0,0.0,0,0.0,0,496,0.0,0,496,0.0,PRAD
prostate,496,496,tpm_clean,ENSG00000238269,PAGE2B,0,0.0,0,0.0,0,496,0.0,0,496,0.0,PRAD
prostate,496,496,tpm_clean,ENSG00000240021,TEX35,0,0.0,0,0.0,0,496,0.0,0,496,0.0,PRAD
prostate,496,0,tpm_clean,ENSG00000241149,ZNF722,0,,0,,0,0,,0,0,,PRAD
prostate,496,496,tpm_clean,ENSG00000241476,SSX2/SSX2B,0,0.0,0,0.0,0,496,0.0,0,496,0.0,PRAD
prostate,496,496,tpm_clean,ENSG00000242221,PSG2,0,0.0,0,0.0,0,496,0.0,0,496,0.0,PRAD
prostate,496,496,tpm_clean,ENSG00000242389,RBMY1E,0,0.0,0,0.0,0,496,0.0,0,496,0.0,PRAD
prostate,496,496,tpm_clean,ENSG00000242875,RBMY1B,0,0.0,0,0.0,0,496,0.0,0,496,0.0,PRAD
prostate,496,496,tpm_clean,ENSG00000243130,PSG11,0,0.0,0,0.0,0,496,0.0,0,496,0.0,PRAD
prostate,496,496,tpm_clean,ENSG00000244395,RBMY1D,0,0.0,0,0.0,0,496,0.0,0,496,0.0,PRAD
prostate,496,496,tpm_clean,ENSG00000244588,RAD21L1,0,0.0,0,0.0,0,496,0.0,0,496,0.0,PRAD
prostate,496,496,tpm_clean,ENSG00000249861,LGALS16,1,0.2,0,0.0,0,496,0.0,0,496,0.0,PRAD
prostate,496,496,tpm_clean,ENSG00000250741,NT5C1B-RDH14,0,0.0,0,0.0,0,496,0.0,0,496,0.0,PRAD
prostate,496,496,tpm_clean,ENSG00000251258,RFPL4B,0,0.0,0,0.0,0,496,0.0,0,496,0.0,PRAD
prostate,496,496,tpm_clean,ENSG00000258713,C20orf141,0,0.0,0,0.0,0,496,0.0,0,496,0.0,PRAD
prostate,496,496,tpm_clean,ENSG00000258992,TSPY1,0,0.0,0,0.0,0,496,0.0,0,496,0.0,PRAD
prostate,496,496,tpm_clean,ENSG00000261649,GOLGA6L7,0,0.0,0,0.0,0,496,0.0,0,496,0.0,PRAD
prostate,496,496,tpm_clean,ENSG00000261949,GFY,0,0.0,0,0.0,0,496,0.0,0,496,0.0,PRAD
prostate,496,496,tpm_clean,ENSG00000268009,SSX4/SSX4B,0,0.0,0,0.0,0,496,0.0,0,496,0.0,PRAD
prostate,496,496,tpm_clean,ENSG00000268629,TEX13A,0,0.0,0,0.0,0,496,0.0,0,496,0.0,PRAD
prostate,496,496,tpm_clean,ENSG00000268696,ZNF723,0,0.0,0,0.0,0,496,0.0,0,496,0.0,PRAD
prostate,496,496,tpm_clean,ENSG00000268964,ERVV-2,0,0.0,0,0.0,0,496,0.0,0,496,0.0,PRAD
prostate,496,496,tpm_clean,ENSG00000268988,SPANXN2,0,0.0,0,0.0,0,496,0.0,0,496,0.0,PRAD
prostate,496,496,tpm_clean,ENSG00000269058,CALR3,0,0.0,0,0.0,0,496,0.0,0,496,0.0,PRAD
prostate,496,496,tpm_clean,ENSG00000269586,CT45A10,2,0.4,1,0.2,2,496,0.4,0,496,0.0,PRAD
prostate,496,496,tpm_clean,ENSG00000270806,C17orf50,0,0.0,0,0.0,0,496,0.0,0,496,0.0,PRAD
prostate,496,496,tpm_clean,ENSG00000270946,CT45A2/8/9,0,0.0,0,0.0,0,496,0.0,0,496,0.0,PRAD
prostate,496,496,tpm_clean,ENSG00000271321,CTAGE6,0,0.0,0,0.0,0,496,0.0,0,496,0.0,PRAD
prostate,496,496,tpm_clean,ENSG00000274274,GAGE13,1,0.2,1,0.2,1,496,0.2,1,496,0.2,PRAD
prostate,496,496,tpm_clean,ENSG00000274391,TPTE,0,0.0,0,0.0,0,496,0.0,0,496,0.0,PRAD
prostate,496,496,tpm_clean,ENSG00000275793,RIMBP3,0,0.0,0,0.0,0,496,0.0,0,496,0.0,PRAD
prostate,496,496,tpm_clean,ENSG00000275969,SPATA31A3,0,0.0,0,0.0,0,496,0.0,0,496,0.0,PRAD
prostate,496,496,tpm_clean,ENSG00000276040,SPATA31A7,0,0.0,0,0.0,0,496,0.0,0,496,0.0,PRAD
prostate,496,496,tpm_clean,ENSG00000276581,SPATA31A5,0,0.0,0,0.0,0,496,0.0,0,496,0.0,PRAD
prostate,496,496,tpm_clean,ENSG00000277322,GOLGA6L6,0,0.0,0,0.0,0,496,0.0,0,496,0.0,PRAD
prostate,496,0,tpm_clean,ENSG00000282815,TEX13C,0,,0,,0,0,,0,0,,PRAD
eye_ocular,94,94,tpm_clean,ENSG00000006047,YBX2,0,0.0,0,0.0,0,94,0.0,0,94,0.0,RB;UVM
eye_ocular,94,94,tpm_clean,ENSG00000006659,LGALS14,0,0.0,0,0.0,0,94,0.0,0,94,0.0,RB;UVM
eye_ocular,94,94,tpm_clean,ENSG00000007350,TKTL1,0,0.0,0,0.0,0,94,0.0,0,94,0.0,RB;UVM
eye_ocular,94,94,tpm_clean,ENSG00000010318,PHF7,0,0.0,0,0.0,0,94,0.0,0,94,0.0,RB;UVM
eye_ocular,94,94,tpm_clean,ENSG00000042813,ZPBP,2,2.13,0,0.0,0,94,0.0,0,94,0.0,RB;UVM
eye_ocular,94,94,tpm_clean,ENSG00000046774,MAGEC2,0,0.0,0,0.0,0,94,0.0,0,94,0.0,RB;UVM
eye_ocular,94,94,tpm_clean,ENSG00000054796,SPO11,0,0.0,0,0.0,0,94,0.0,0,94,0.0,RB;UVM
eye_ocular,94,94,tpm_clean,ENSG00000068985,PAGE1,0,0.0,0,0.0,0,94,0.0,0,94,0.0,RB;UVM
eye_ocular,94,94,tpm_clean,ENSG00000077800,FKBP6,0,0.0,0,0.0,0,94,0.0,0,94,0.0,RB;UVM
eye_ocular,94,94,tpm_clean,ENSG00000077935,SMC1B,0,0.0,0,0.0,0,94,0.0,0,94,0.0,RB;UVM
eye_ocular,94,94,tpm_clean,ENSG00000092345,DAZL,0,0.0,0,0.0,0,94,0.0,0,94,0.0,RB;UVM
eye_ocular,94,94,tpm_clean,ENSG00000095627,TDRD1,0,0.0,0,0.0,0,94,0.0,0,94,0.0,RB;UVM
eye_ocular,94,94,tpm_clean,ENSG00000099399,MAGEB2,0,0.0,0,0.0,0,94,0.0,0,94,0.0,RB;UVM
eye_ocular,94,94,tpm_clean,ENSG00000102021,LUZP4,0,0.0,0,0.0,0,94,0.0,0,94,0.0,RB;UVM
eye_ocular,94,94,tpm_clean,ENSG00000103023,PRSS54,0,0.0,0,0.0,0,94,0.0,0,94,0.0,RB;UVM
eye_ocular,94,94,tpm_clean,ENSG00000104755,ADAM2,0,0.0,0,0.0,0,94,0.0,0,94,0.0,RB;UVM
eye_ocular,94,94,tpm_clean,ENSG00000104804,TULP2,0,0.0,0,0.0,0,94,0.0,0,94,0.0,RB;UVM
eye_ocular,94,94,tpm_clean,ENSG00000104818,CGB2,0,0.0,0,0.0,0,94,0.0,0,94,0.0,RB;UVM
eye_ocular,94,94,tpm_clean,ENSG00000104901,DKKL1,0,0.0,0,0.0,0,94,0.0,0,94,0.0,RB;UVM
eye_ocular,94,94,tpm_clean,ENSG00000105198,LGALS13,0,0.0,0,0.0,0,94,0.0,0,94,0.0,RB;UVM
eye_ocular,94,94,tpm_clean,ENSG00000106013,ANKRD7,0,0.0,0,0.0,0,94,0.0,0,94,0.0,RB;UVM
eye_ocular,94,94,tpm_clean,ENSG00000106304,SPAM1,0,0.0,0,0.0,0,94,0.0,0,94,0.0,RB;UVM
eye_ocular,94,94,tpm_clean,ENSG00000114487,MORC1,0,0.0,0,0.0,0,94,0.0,0,94,0.0,RB;UVM
eye_ocular,94,94,tpm_clean,ENSG00000117148,ACTL8,0,0.0,0,0.0,0,94,0.0,0,94,0.0,RB;UVM
eye_ocular,94,94,tpm_clean,ENSG00000118434,SPACA1,0,0.0,0,0.0,0,94,0.0,0,94,0.0,RB;UVM
eye_ocular,94,94,tpm_clean,ENSG00000118491,ZC2HC1B,0,0.0,0,0.0,0,94,0.0,0,94,0.0,RB;UVM
eye_ocular,94,94,tpm_clean,ENSG00000121101,TEX14,5,5.32,1,1.06,1,94,1.06,0,94,0.0,RB;UVM
eye_ocular,94,94,tpm_clean,ENSG00000122304,PRM2,0,0.0,0,0.0,0,94,0.0,0,94,0.0,RB;UVM
eye_ocular,94,94,tpm_clean,ENSG00000123576,ESX1,0,0.0,0,0.0,0,94,0.0,0,94,0.0,RB;UVM
eye_ocular,94,94,tpm_clean,ENSG00000123584,MAGEA9/MAGEA9B,0,0.0,0,0.0,0,94,0.0,0,94,0.0,RB;UVM
eye_ocular,94,94,tpm_clean,ENSG00000124092,CTCFL,1,1.06,0,0.0,0,94,0.0,0,94,0.0,RB;UVM
eye_ocular,94,94,tpm_clean,ENSG00000124227,ANKRD60,0,0.0,0,0.0,0,94,0.0,0,94,0.0,RB;UVM
eye_ocular,94,94,tpm_clean,ENSG00000124260,MAGEA10,0,0.0,0,0.0,0,94,0.0,0,94,0.0,RB;UVM
eye_ocular,94,94,tpm_clean,ENSG00000124467,PSG8,0,0.0,0,0.0,0,94,0.0,0,94,0.0,RB;UVM
eye_ocular,94,94,tpm_clean,ENSG00000124490,CRISP2,0,0.0,0,0.0,0,94,0.0,0,94,0.0,RB;UVM
eye_ocular,94,94,tpm_clean,ENSG00000125207,PIWIL1,0,0.0,0,0.0,0,94,0.0,0,94,0.0,RB;UVM
eye_ocular,94,94,tpm_clean,ENSG00000125823,CSTL1,0,0.0,0,0.0,0,94,0.0,0,94,0.0,RB;UVM
eye_ocular,94,94,tpm_clean,ENSG00000126467,TSKS,0,0.0,0,0.0,0,94,0.0,0,94,0.0,RB;UVM
eye_ocular,94,94,tpm_clean,ENSG00000126752,SSX1,2,2.13,1,1.06,2,94,2.13,1,94,1.06,RB;UVM
eye_ocular,94,94,tpm_clean,ENSG00000126856,PRDM7,0,0.0,0,0.0,0,94,0.0,0,94,0.0,RB;UVM
eye_ocular,94,94,tpm_clean,ENSG00000129862,VCY/VCY1B,0,0.0,0,0.0,0,94,0.0,0,94,0.0,RB;UVM
eye_ocular,94,94,tpm_clean,ENSG00000130950,NUTM2F,0,0.0,0,0.0,0,94,0.0,0,94,0.0,RB;UVM
eye_ocular,94,94,tpm_clean,ENSG00000131126,TEX101,0,0.0,0,0.0,0,94,0.0,0,94,0.0,RB;UVM
eye_ocular,94,94,tpm_clean,ENSG00000132446,FTHL17,0,0.0,0,0.0,0,94,0.0,0,94,0.0,RB;UVM
eye_ocular,94,94,tpm_clean,ENSG00000135248,GARIN1B,0,0.0,0,0.0,0,94,0.0,0,94,0.0,RB;UVM
eye_ocular,94,94,tpm_clean,ENSG00000137090,DMRT1,0,0.0,0,0.0,0,94,0.0,0,94,0.0,RB;UVM
eye_ocular,94,94,tpm_clean,ENSG00000137948,BRDT,0,0.0,0,0.0,0,94,0.0,0,94,0.0,RB;UVM
eye_ocular,94,94,tpm_clean,ENSG00000139351,SYCP3,0,0.0,0,0.0,0,94,0.0,0,94,0.0,RB;UVM
eye_ocular,94,94,tpm_clean,ENSG00000140478,GOLGA6D,0,0.0,0,0.0,0,94,0.0,0,94,0.0,RB;UVM
eye_ocular,94,94,tpm_clean,ENSG00000141096,DPEP3,0,0.0,0,0.0,0,94,0.0,0,94,0.0,RB;UVM
eye_ocular,94,94,tpm_clean,ENSG00000141255,SPATA22,0,0.0,0,0.0,0,94,0.0,0,94,0.0,RB;UVM
eye_ocular,94,94,tpm_clean,ENSG00000141316,SPACA3,0,0.0,0,0.0,0,94,0.0,0,94,0.0,RB;UVM
eye_ocular,94,94,tpm_clean,ENSG00000141371,CHCT1,0,0.0,0,0.0,0,94,0.0,0,94,0.0,RB;UVM
eye_ocular,94,94,tpm_clean,ENSG00000141437,SLC25A52,0,0.0,0,0.0,0,94,0.0,0,94,0.0,RB;UVM
eye_ocular,94,94,tpm_clean,ENSG00000142025,DMRTC2,0,0.0,0,0.0,0,94,0.0,0,94,0.0,RB;UVM
eye_ocular,94,94,tpm_clean,ENSG00000142698,C1orf94,0,0.0,0,0.0,0,94,0.0,0,94,0.0,RB;UVM
eye_ocular,94,94,tpm_clean,ENSG00000143006,DMRTB1,0,0.0,0,0.0,0,94,0.0,0,94,0.0,RB;UVM
eye_ocular,94,94,tpm_clean,ENSG00000143452,HORMAD1,1,1.06,1,1.06,0,94,0.0,0,94,0.0,RB;UVM
eye_ocular,94,94,tpm_clean,ENSG00000144962,SPATA16,0,0.0,0,0.0,0,94,0.0,0,94,0.0,RB;UVM
eye_ocular,94,94,tpm_clean,ENSG00000145309,CABS1,0,0.0,0,0.0,0,94,0.0,0,94,0.0,RB;UVM
eye_ocular,94,94,tpm_clean,ENSG00000147081,AKAP4,0,0.0,0,0.0,0,94,0.0,0,94,0.0,RB;UVM
eye_ocular,94,94,tpm_clean,ENSG00000147183,CPXCR1,0,0.0,0,0.0,0,94,0.0,0,94,0.0,RB;UVM
eye_ocular,94,94,tpm_clean,ENSG00000147378,FATE1,0,0.0,0,0.0,0,94,0.0,0,94,0.0,RB;UVM
eye_ocular,94,94,tpm_clean,ENSG00000147381,MAGEA4,0,0.0,0,0.0,0,94,0.0,0,94,0.0,RB;UVM
eye_ocular,94,94,tpm_clean,ENSG00000148156,ACTL7B,0,0.0,0,0.0,0,94,0.0,0,94,0.0,RB;UVM
eye_ocular,94,94,tpm_clean,ENSG00000150628,SPATA4,0,0.0,0,0.0,0,94,0.0,0,94,0.0,RB;UVM
eye_ocular,94,94,tpm_clean,ENSG00000151962,RBM46,0,0.0,0,0.0,0,94,0.0,0,94,0.0,RB;UVM
eye_ocular,94,94,tpm_clean,ENSG00000152430,BOLL,0,0.0,0,0.0,0,94,0.0,0,94,0.0,RB;UVM
eye_ocular,94,94,tpm_clean,ENSG00000152670,DDX4,0,0.0,0,0.0,0,94,0.0,0,94,0.0,RB;UVM
eye_ocular,94,94,tpm_clean,ENSG00000153060,TEKT5,0,0.0,0,0.0,0,94,0.0,0,94,0.0,RB;UVM
eye_ocular,94,94,tpm_clean,ENSG00000153779,TGIF2LX,0,0.0,0,0.0,0,94,0.0,0,94,0.0,RB;UVM
eye_ocular,94,94,tpm_clean,ENSG00000155087,ODF1,0,0.0,0,0.0,0,94,0.0,0,94,0.0,RB;UVM
eye_ocular,94,94,tpm_clean,ENSG00000155495,MAGEC1,0,0.0,0,0.0,0,94,0.0,0,94,0.0,RB;UVM
eye_ocular,94,94,tpm_clean,ENSG00000155622,XAGE2,2,2.13,1,1.06,1,94,1.06,1,94,1.06,RB;UVM
eye_ocular,94,94,tpm_clean,ENSG00000156009,MAGEA8,0,0.0,0,0.0,0,94,0.0,0,94,0.0,RB;UVM
eye_ocular,94,94,tpm_clean,ENSG00000156269,NAA11,0,0.0,0,0.0,0,94,0.0,0,94,0.0,RB;UVM
eye_ocular,94,94,tpm_clean,ENSG00000158639,PAGE5,0,0.0,0,0.0,0,94,0.0,0,94,0.0,RB;UVM
eye_ocular,94,94,tpm_clean,ENSG00000159289,GOLGA6A,0,0.0,0,0.0,0,94,0.0,0,94,0.0,RB;UVM
eye_ocular,94,94,tpm_clean,ENSG00000159708,LRRC36,0,0.0,0,0.0,0,94,0.0,0,94,0.0,RB;UVM
eye_ocular,94,94,tpm_clean,ENSG00000161860,SYCE2,0,0.0,0,0.0,0,94,0.0,0,94,0.0,RB;UVM
eye_ocular,94,94,tpm_clean,ENSG00000161973,CCDC42,0,0.0,0,0.0,0,94,0.0,0,94,0.0,RB;UVM
eye_ocular,94,94,tpm_clean,ENSG00000162039,MEIOB,0,0.0,0,0.0,0,94,0.0,0,94,0.0,RB;UVM
eye_ocular,94,94,tpm_clean,ENSG00000162641,AKNAD1,0,0.0,0,0.0,0,94,0.0,0,94,0.0,RB;UVM
eye_ocular,94,94,tpm_clean,ENSG00000162771,GARIN4,0,0.0,0,0.0,0,94,0.0,0,94,0.0,RB;UVM
eye_ocular,94,94,tpm_clean,ENSG00000162843,WDR64,0,0.0,0,0.0,0,94,0.0,0,94,0.0,RB;UVM
eye_ocular,94,94,tpm_clean,ENSG00000163114,PDHA2,0,0.0,0,0.0,0,94,0.0,0,94,0.0,RB;UVM
eye_ocular,94,94,tpm_clean,ENSG00000163530,DPPA2,0,0.0,0,0.0,0,94,0.0,0,94,0.0,RB;UVM
eye_ocular,94,94,tpm_clean,ENSG00000164113,ADAD1,0,0.0,0,0.0,0,94,0.0,0,94,0.0,RB;UVM
eye_ocular,94,94,tpm_clean,ENSG00000164304,CAGE1,0,0.0,0,0.0,0,94,0.0,0,94,0.0,RB;UVM
eye_ocular,94,94,tpm_clean,ENSG00000165583,SSX5,4,4.26,2,2.13,2,94,2.13,2,94,2.13,RB;UVM
eye_ocular,94,94,tpm_clean,ENSG00000165584,SSX3,0,0.0,0,0.0,0,94,0.0,0,94,0.0,RB;UVM
eye_ocular,94,94,tpm_clean,ENSG00000166049,PASD1,0,0.0,0,0.0,0,94,0.0,0,94,0.0,RB;UVM
eye_ocular,94,94,tpm_clean,ENSG00000166069,TMCO5A,0,0.0,0,0.0,0,94,0.0,0,94,0.0,RB;UVM
eye_ocular,94,94,tpm_clean,ENSG00000166118,SPATA19,0,0.0,0,0.0,0,94,0.0,0,94,0.0,RB;UVM
eye_ocular,94,94,tpm_clean,ENSG00000166796,LDHC,1,1.06,0,0.0,1,94,1.06,0,94,0.0,RB;UVM
eye_ocular,94,94,tpm_clean,ENSG00000167098,SUN5,0,0.0,0,0.0,0,94,0.0,0,94,0.0,RB;UVM
eye_ocular,94,94,tpm_clean,ENSG00000168594,ADAM29,0,0.0,0,0.0,0,94,0.0,0,94,0.0,RB;UVM
eye_ocular,94,94,tpm_clean,ENSG00000168757,TSPY2,0,0.0,0,0.0,0,94,0.0,0,94,0.0,RB;UVM
eye_ocular,94,94,tpm_clean,ENSG00000169059,VCX3A,0,0.0,0,0.0,0,94,0.0,0,94,0.0,RB;UVM
eye_ocular,94,94,tpm_clean,ENSG00000169551,CT55,0,0.0,0,0.0,0,94,0.0,0,94,0.0,RB;UVM
eye_ocular,94,94,tpm_clean,ENSG00000169800,RBMY1F,0,0.0,0,0.0,0,94,0.0,0,94,0.0,RB;UVM
eye_ocular,94,94,tpm_clean,ENSG00000170516,COX7B2,0,0.0,0,0.0,0,94,0.0,0,94,0.0,RB;UVM
eye_ocular,94,94,tpm_clean,ENSG00000170748,RBMXL2,0,0.0,0,0.0,0,94,0.0,0,94,0.0,RB;UVM
eye_ocular,94,94,tpm_clean,ENSG00000170848,PSG6,0,0.0,0,0.0,0,94,0.0,0,94,0.0,RB;UVM
eye_ocular,94,94,tpm_clean,ENSG00000170950,PGK2,0,0.0,0,0.0,0,94,0.0,0,94,0.0,RB;UVM
eye_ocular,94,94,tpm_clean,ENSG00000170965,PLAC1,0,0.0,0,0.0,0,94,0.0,0,94,0.0,RB;UVM
eye_ocular,94,94,tpm_clean,ENSG00000171402,XAGE3,0,0.0,0,0.0,0,94,0.0,0,94,0.0,RB;UVM
eye_ocular,94,94,tpm_clean,ENSG00000171405,XAGE5,0,0.0,0,0.0,0,94,0.0,0,94,0.0,RB;UVM
eye_ocular,94,94,tpm_clean,ENSG00000171794,UTF1,0,0.0,0,0.0,0,94,0.0,0,94,0.0,RB;UVM
eye_ocular,94,94,tpm_clean,ENSG00000172073,TEX37,0,0.0,0,0.0,0,94,0.0,0,94,0.0,RB;UVM
eye_ocular,94,94,tpm_clean,ENSG00000172717,GARIN2,0,0.0,0,0.0,0,94,0.0,0,94,0.0,RB;UVM
eye_ocular,94,94,tpm_clean,ENSG00000174015,CBY2,0,0.0,0,0.0,0,94,0.0,0,94,0.0,RB;UVM
eye_ocular,94,94,tpm_clean,ENSG00000174016,TENT5D,0,0.0,0,0.0,0,94,0.0,0,94,0.0,RB;UVM
eye_ocular,94,94,tpm_clean,ENSG00000174898,CATSPERD,0,0.0,0,0.0,0,94,0.0,0,94,0.0,RB;UVM
eye_ocular,94,94,tpm_clean,ENSG00000175646,PRM1,0,0.0,0,0.0,0,94,0.0,0,94,0.0,RB;UVM
eye_ocular,94,94,tpm_clean,ENSG00000175809,CBLL2,0,0.0,0,0.0,0,94,0.0,0,94,0.0,RB;UVM
eye_ocular,94,94,tpm_clean,ENSG00000175820,CCDC168,0,0.0,0,0.0,0,94,0.0,0,94,0.0,RB;UVM
eye_ocular,94,94,tpm_clean,ENSG00000175877,TMEM270,0,0.0,0,0.0,0,94,0.0,0,94,0.0,RB;UVM
eye_ocular,94,94,tpm_clean,ENSG00000176256,HMGB4,0,0.0,0,0.0,0,94,0.0,0,94,0.0,RB;UVM
eye_ocular,94,94,tpm_clean,ENSG00000176566,DCAF4L2,0,0.0,0,0.0,0,94,0.0,0,94,0.0,RB;UVM
eye_ocular,94,94,tpm_clean,ENSG00000176635,HORMAD2,0,0.0,0,0.0,0,94,0.0,0,94,0.0,RB;UVM
eye_ocular,94,94,tpm_clean,ENSG00000176746,MAGEB6,0,0.0,0,0.0,0,94,0.0,0,94,0.0,RB;UVM
eye_ocular,94,94,tpm_clean,ENSG00000176774,MAGEB18,0,0.0,0,0.0,0,94,0.0,0,94,0.0,RB;UVM
eye_ocular,94,94,tpm_clean,ENSG00000176988,FMR1NB,0,0.0,0,0.0,0,94,0.0,0,94,0.0,RB;UVM
eye_ocular,94,94,tpm_clean,ENSG00000177294,FBXO39,0,0.0,0,0.0,0,94,0.0,0,94,0.0,RB;UVM
eye_ocular,94,94,tpm_clean,ENSG00000177673,TEX44,0,0.0,0,0.0,0,94,0.0,0,94,0.0,RB;UVM
eye_ocular,94,94,tpm_clean,ENSG00000177689,MAGEB10,0,0.0,0,0.0,0,94,0.0,0,94,0.0,RB;UVM
eye_ocular,94,94,tpm_clean,ENSG00000177947,ODF3,0,0.0,0,0.0,0,94,0.0,0,94,0.0,RB;UVM
eye_ocular,94,94,tpm_clean,ENSG00000177992,SPATA31E1,0,0.0,0,0.0,0,94,0.0,0,94,0.0,RB;UVM
eye_ocular,94,94,tpm_clean,ENSG00000178021,TSPYL6,0,0.0,0,0.0,0,94,0.0,0,94,0.0,RB;UVM
eye_ocular,94,94,tpm_clean,ENSG00000178257,PRM3,0,0.0,0,0.0,0,94,0.0,0,94,0.0,RB;UVM
eye_ocular,94,94,tpm_clean,ENSG00000178279,TNP2,0,0.0,0,0.0,0,94,0.0,0,94,0.0,RB;UVM
eye_ocular,94,94,tpm_clean,ENSG00000178997,EXD1,0,0.0,0,0.0,0,94,0.0,0,94,0.0,RB;UVM
eye_ocular,94,94,tpm_clean,ENSG00000179046,TRIML2,0,0.0,0,0.0,0,94,0.0,0,94,0.0,RB;UVM
eye_ocular,94,94,tpm_clean,ENSG00000179059,ZFP42,0,0.0,0,0.0,0,94,0.0,0,94,0.0,RB;UVM
eye_ocular,94,94,tpm_clean,ENSG00000179088,C12orf42,0,0.0,0,0.0,0,94,0.0,0,94,0.0,RB;UVM
eye_ocular,94,94,tpm_clean,ENSG00000179407,DNAJB8,0,0.0,0,0.0,0,94,0.0,0,94,0.0,RB;UVM
eye_ocular,94,94,tpm_clean,ENSG00000180138,CSNK1A1L,0,0.0,0,0.0,0,94,0.0,0,94,0.0,RB;UVM
eye_ocular,94,94,tpm_clean,ENSG00000180336,MEIOC,0,0.0,0,0.0,0,94,0.0,0,94,0.0,RB;UVM
eye_ocular,94,94,tpm_clean,ENSG00000181323,SPEM1,0,0.0,0,0.0,0,94,0.0,0,94,0.0,RB;UVM
eye_ocular,94,94,tpm_clean,ENSG00000181433,SAGE1,0,0.0,0,0.0,0,94,0.0,0,94,0.0,RB;UVM
eye_ocular,94,94,tpm_clean,ENSG00000182308,DCAF4L1,0,0.0,0,0.0,0,94,0.0,0,94,0.0,RB;UVM
eye_ocular,94,94,tpm_clean,ENSG00000182459,TEX19,0,0.0,0,0.0,0,94,0.0,0,94,0.0,RB;UVM
eye_ocular,94,94,tpm_clean,ENSG00000182583,VCX,0,0.0,0,0.0,0,94,0.0,0,94,0.0,RB;UVM
eye_ocular,94,94,tpm_clean,ENSG00000183206,POTEC,0,0.0,0,0.0,0,94,0.0,0,94,0.0,RB;UVM
eye_ocular,94,94,tpm_clean,ENSG00000183305,MAGEA2/MAGEA2B,0,0.0,0,0.0,0,94,0.0,0,94,0.0,RB;UVM
eye_ocular,94,94,tpm_clean,ENSG00000183434,TFDP3,0,0.0,0,0.0,0,94,0.0,0,94,0.0,RB;UVM
eye_ocular,94,94,tpm_clean,ENSG00000183668,PSG9,0,0.0,0,0.0,0,94,0.0,0,94,0.0,RB;UVM
eye_ocular,94,94,tpm_clean,ENSG00000184033,CTAG1A/B,0,0.0,0,0.0,0,94,0.0,0,94,0.0,RB;UVM
eye_ocular,94,94,tpm_clean,ENSG00000184361,SPATA32,0,0.0,0,0.0,0,94,0.0,0,94,0.0,RB;UVM
eye_ocular,94,94,tpm_clean,ENSG00000184507,NUTM1,0,0.0,0,0.0,0,94,0.0,0,94,0.0,RB;UVM
eye_ocular,94,94,tpm_clean,ENSG00000184650,ODF4,0,0.0,0,0.0,0,94,0.0,0,94,0.0,RB;UVM
eye_ocular,94,94,tpm_clean,ENSG00000184735,DDX53,0,0.0,0,0.0,0,94,0.0,0,94,0.0,RB;UVM
eye_ocular,94,94,tpm_clean,ENSG00000185264,TEX33,0,0.0,0,0.0,0,94,0.0,0,94,0.0,RB;UVM
eye_ocular,94,94,tpm_clean,ENSG00000185686,PRAME,38,40.43,33,35.11,35,94,37.23,29,94,30.85,RB;UVM
eye_ocular,94,94,tpm_clean,ENSG00000185775,SPATA31A6,0,0.0,0,0.0,0,94,0.0,0,94,0.0,RB;UVM
eye_ocular,94,94,tpm_clean,ENSG00000185792,NLRP9,0,0.0,0,0.0,0,94,0.0,0,94,0.0,RB;UVM
eye_ocular,94,94,tpm_clean,ENSG00000185863,TMEM210,0,0.0,0,0.0,0,94,0.0,0,94,0.0,RB;UVM
eye_ocular,94,94,tpm_clean,ENSG00000186075,ZPBP2,0,0.0,0,0.0,0,94,0.0,0,94,0.0,RB;UVM
eye_ocular,94,94,tpm_clean,ENSG00000186118,TEX38,0,0.0,0,0.0,0,94,0.0,0,94,0.0,RB;UVM
eye_ocular,94,94,tpm_clean,ENSG00000186451,SPATA12,0,0.0,0,0.0,0,94,0.0,0,94,0.0,RB;UVM
eye_ocular,94,94,tpm_clean,ENSG00000186788,SPATA31D3,0,0.0,0,0.0,0,94,0.0,0,94,0.0,RB;UVM
eye_ocular,94,94,tpm_clean,ENSG00000187003,ACTL7A,0,0.0,0,0.0,0,94,0.0,0,94,0.0,RB;UVM
eye_ocular,94,94,tpm_clean,ENSG00000187191,DAZ3,0,0.0,0,0.0,0,94,0.0,0,94,0.0,RB;UVM
eye_ocular,94,94,tpm_clean,ENSG00000187754,SSX7,0,0.0,0,0.0,0,94,0.0,0,94,0.0,RB;UVM
eye_ocular,94,94,tpm_clean,ENSG00000187772,LIN28B,0,0.0,0,0.0,0,94,0.0,0,94,0.0,RB;UVM
eye_ocular,94,94,tpm_clean,ENSG00000188120,DAZ1,0,0.0,0,0.0,0,94,0.0,0,94,0.0,RB;UVM
eye_ocular,94,94,tpm_clean,ENSG00000188425,NANOS2,0,0.0,0,0.0,0,94,0.0,0,94,0.0,RB;UVM
eye_ocular,94,94,tpm_clean,ENSG00000188782,CATSPER4,0,0.0,0,0.0,0,94,0.0,0,94,0.0,RB;UVM
eye_ocular,94,94,tpm_clean,ENSG00000189023,MAGEB16,0,0.0,0,0.0,0,94,0.0,0,94,0.0,RB;UVM
eye_ocular,94,94,tpm_clean,ENSG00000189052,CGB5/8,0,0.0,0,0.0,0,94,0.0,0,94,0.0,RB;UVM
eye_ocular,94,94,tpm_clean,ENSG00000189064,GAGE2A,0,0.0,0,0.0,0,94,0.0,0,94,0.0,RB;UVM
eye_ocular,94,94,tpm_clean,ENSG00000189186,DCAF8L2,0,0.0,0,0.0,0,94,0.0,0,94,0.0,RB;UVM
eye_ocular,94,94,tpm_clean,ENSG00000189252,SPANXN3,0,0.0,0,0.0,0,94,0.0,0,94,0.0,RB;UVM
eye_ocular,94,94,tpm_clean,ENSG00000189326,SPANXN4,0,0.0,0,0.0,0,94,0.0,0,94,0.0,RB;UVM
eye_ocular,94,94,tpm_clean,ENSG00000189357,SPATA31D4,0,0.0,0,0.0,0,94,0.0,0,94,0.0,RB;UVM
eye_ocular,94,94,tpm_clean,ENSG00000196350,ZNF729,0,0.0,0,0.0,0,94,0.0,0,94,0.0,RB;UVM
eye_ocular,94,94,tpm_clean,ENSG00000196406,SPANXD,0,0.0,0,0.0,0,94,0.0,0,94,0.0,RB;UVM
eye_ocular,94,94,tpm_clean,ENSG00000196553,CCDC196,0,0.0,0,0.0,0,94,0.0,0,94,0.0,RB;UVM
eye_ocular,94,94,tpm_clean,ENSG00000196604,POTEF,0,0.0,0,0.0,0,94,0.0,0,94,0.0,RB;UVM
eye_ocular,94,94,tpm_clean,ENSG00000196862,RGPD4,0,0.0,0,0.0,0,94,0.0,0,94,0.0,RB;UVM
eye_ocular,94,94,tpm_clean,ENSG00000197172,MAGEA6,0,0.0,0,0.0,0,94,0.0,0,94,0.0,RB;UVM
eye_ocular,94,94,tpm_clean,ENSG00000198021,SPANXA1/2,0,0.0,0,0.0,0,94,0.0,0,94,0.0,RB;UVM
eye_ocular,94,94,tpm_clean,ENSG00000198573,SPANXC,0,0.0,0,0.0,0,94,0.0,0,94,0.0,RB;UVM
eye_ocular,94,94,tpm_clean,ENSG00000198681,MAGEA1,0,0.0,0,0.0,0,94,0.0,0,94,0.0,RB;UVM
eye_ocular,94,94,tpm_clean,ENSG00000198759,EGFL6,3,3.19,3,3.19,3,94,3.19,3,94,3.19,RB;UVM
eye_ocular,94,94,tpm_clean,ENSG00000198765,SYCP1,0,0.0,0,0.0,0,94,0.0,0,94,0.0,RB;UVM
eye_ocular,94,94,tpm_clean,ENSG00000198870,STKLD1,0,0.0,0,0.0,0,94,0.0,0,94,0.0,RB;UVM
eye_ocular,94,94,tpm_clean,ENSG00000203909,DPPA5,0,0.0,0,0.0,0,94,0.0,0,94,0.0,RB;UVM
eye_ocular,94,94,tpm_clean,ENSG00000203923,SPANXN1,0,0.0,0,0.0,0,94,0.0,0,94,0.0,RB;UVM
eye_ocular,94,94,tpm_clean,ENSG00000204019,CT83,0,0.0,0,0.0,0,94,0.0,0,94,0.0,RB;UVM
eye_ocular,94,94,tpm_clean,ENSG00000204279,PAGE3,0,0.0,0,0.0,0,94,0.0,0,94,0.0,RB;UVM
eye_ocular,94,94,tpm_clean,ENSG00000204363,SPANXN5,0,0.0,0,0.0,0,94,0.0,0,94,0.0,RB;UVM
eye_ocular,94,94,tpm_clean,ENSG00000204379,XAGE1A/B,0,0.0,0,0.0,0,94,0.0,0,94,0.0,RB;UVM
eye_ocular,94,94,tpm_clean,ENSG00000204450,TRIM64,0,0.0,0,0.0,0,94,0.0,0,94,0.0,RB;UVM
eye_ocular,94,94,tpm_clean,ENSG00000204849,SPATA31A1,0,0.0,0,0.0,0,94,0.0,0,94,0.0,RB;UVM
eye_ocular,94,94,tpm_clean,ENSG00000204941,PSG5,0,0.0,0,0.0,0,94,0.0,0,94,0.0,RB;UVM
eye_ocular,94,94,tpm_clean,ENSG00000204961,PCDHA9,0,0.0,0,0.0,0,94,0.0,0,94,0.0,RB;UVM
eye_ocular,94,94,tpm_clean,ENSG00000205359,SLCO6A1,0,0.0,0,0.0,0,94,0.0,0,94,0.0,RB;UVM
eye_ocular,94,94,tpm_clean,ENSG00000205642,VCX3B,0,0.0,0,0.0,0,94,0.0,0,94,0.0,RB;UVM
eye_ocular,94,94,tpm_clean,ENSG00000205777,GAGE1,0,0.0,0,0.0,0,94,0.0,0,94,0.0,RB;UVM
eye_ocular,94,94,tpm_clean,ENSG00000212710,CTAGE1,0,0.0,0,0.0,0,94,0.0,0,94,0.0,RB;UVM
eye_ocular,94,94,tpm_clean,ENSG00000213218,CSH2,0,0.0,0,0.0,0,94,0.0,0,94,0.0,RB;UVM
eye_ocular,94,94,tpm_clean,ENSG00000213401,MAGEA12,0,0.0,0,0.0,0,94,0.0,0,94,0.0,RB;UVM
eye_ocular,94,94,tpm_clean,ENSG00000214107,MAGEB1,0,0.0,0,0.0,0,94,0.0,0,94,0.0,RB;UVM
eye_ocular,94,94,tpm_clean,ENSG00000215113,CXorf49/CXorf49B,0,0.0,0,0.0,0,94,0.0,0,94,0.0,RB;UVM
eye_ocular,94,94,tpm_clean,ENSG00000215269,GAGE12F/G,0,0.0,0,0.0,0,94,0.0,0,94,0.0,RB;UVM
eye_ocular,94,94,tpm_clean,ENSG00000215274,GAGE10,0,0.0,0,0.0,0,94,0.0,0,94,0.0,RB;UVM
eye_ocular,94,94,tpm_clean,ENSG00000215529,EFCAB8,0,0.0,0,0.0,0,94,0.0,0,94,0.0,RB;UVM
eye_ocular,94,94,tpm_clean,ENSG00000215817,ZC3H11B,0,0.0,0,0.0,0,94,0.0,0,94,0.0,RB;UVM
eye_ocular,94,94,tpm_clean,ENSG00000216649,GAGE12C/D/E,0,0.0,0,0.0,0,94,0.0,0,94,0.0,RB;UVM
eye_ocular,94,94,tpm_clean,ENSG00000221826,PSG3,0,0.0,0,0.0,0,94,0.0,0,94,0.0,RB;UVM
eye_ocular,94,94,tpm_clean,ENSG00000221867,MAGEA3,0,0.0,0,0.0,0,94,0.0,0,94,0.0,RB;UVM
eye_ocular,94,94,tpm_clean,ENSG00000221878,PSG7,0,0.0,0,0.0,0,94,0.0,0,94,0.0,RB;UVM
eye_ocular,94,94,tpm_clean,ENSG00000224089,CT47A1/2/3/4/5/6/7/8/9/10/11/12,0,0.0,0,0.0,0,94,0.0,0,94,0.0,RB;UVM
eye_ocular,94,94,tpm_clean,ENSG00000224440,CXorf51A/B,0,0.0,0,0.0,0,94,0.0,0,94,0.0,RB;UVM
eye_ocular,94,94,tpm_clean,ENSG00000224659,GAGE12J,0,0.0,0,0.0,0,94,0.0,0,94,0.0,RB;UVM
eye_ocular,94,94,tpm_clean,ENSG00000224902,GAGE12H,0,0.0,0,0.0,0,94,0.0,0,94,0.0,RB;UVM
eye_ocular,94,0,tpm_clean,ENSG00000224960,PPP4R3C,0,,0,,0,0,,0,0,,RB;UVM
eye_ocular,94,94,tpm_clean,ENSG00000226650,KIF4B,0,0.0,0,0.0,0,94,0.0,0,94,0.0,RB;UVM
eye_ocular,94,94,tpm_clean,ENSG00000227234,SPANXB1,0,0.0,0,0.0,0,94,0.0,0,94,0.0,RB;UVM
eye_ocular,94,94,tpm_clean,ENSG00000228836,CT45A5/6/7,0,0.0,0,0.0,0,94,0.0,0,94,0.0,RB;UVM
eye_ocular,94,94,tpm_clean,ENSG00000228927,TSPY3,0,0.0,0,0.0,0,94,0.0,0,94,0.0,RB;UVM
eye_ocular,94,94,tpm_clean,ENSG00000229549,TSPY8,0,0.0,0,0.0,0,94,0.0,0,94,0.0,RB;UVM
eye_ocular,94,0,tpm_clean,ENSG00000230601,TEX48,0,,0,,0,0,,0,0,,RB;UVM
eye_ocular,94,94,tpm_clean,ENSG00000231924,PSG1,0,0.0,0,0.0,0,94,0.0,0,94,0.0,RB;UVM
eye_ocular,94,94,tpm_clean,ENSG00000233056,ERVH48-1,0,0.0,0,0.0,0,94,0.0,0,94,0.0,RB;UVM
eye_ocular,94,94,tpm_clean,ENSG00000233803,TSPY4,0,0.0,0,0.0,0,94,0.0,0,94,0.0,RB;UVM
eye_ocular,94,94,tpm_clean,ENSG00000234068,PAGE2,0,0.0,0,0.0,0,94,0.0,0,94,0.0,RB;UVM
eye_ocular,94,94,tpm_clean,ENSG00000234414,RBMY1A1,0,0.0,0,0.0,0,94,0.0,0,94,0.0,RB;UVM
eye_ocular,94,94,tpm_clean,ENSG00000235631,RNF148,0,0.0,0,0.0,0,94,0.0,0,94,0.0,RB;UVM
eye_ocular,94,94,tpm_clean,ENSG00000236424,TSPY10,0,0.0,0,0.0,0,94,0.0,0,94,0.0,RB;UVM
eye_ocular,94,94,tpm_clean,ENSG00000236446,CT47B1,0,0.0,0,0.0,0,94,0.0,0,94,0.0,RB;UVM
eye_ocular,94,94,tpm_clean,ENSG00000236761,CTAGE9,0,0.0,0,0.0,0,94,0.0,0,94,0.0,RB;UVM
eye_ocular,94,94,tpm_clean,ENSG00000238269,PAGE2B,0,0.0,0,0.0,0,94,0.0,0,94,0.0,RB;UVM
eye_ocular,94,94,tpm_clean,ENSG00000240021,TEX35,0,0.0,0,0.0,0,94,0.0,0,94,0.0,RB;UVM
eye_ocular,94,0,tpm_clean,ENSG00000241149,ZNF722,0,,0,,0,0,,0,0,,RB;UVM
eye_ocular,94,94,tpm_clean,ENSG00000241476,SSX2/SSX2B,0,0.0,0,0.0,0,94,0.0,0,94,0.0,RB;UVM
eye_ocular,94,94,tpm_clean,ENSG00000242221,PSG2,0,0.0,0,0.0,0,94,0.0,0,94,0.0,RB;UVM
eye_ocular,94,94,tpm_clean,ENSG00000242389,RBMY1E,0,0.0,0,0.0,0,94,0.0,0,94,0.0,RB;UVM
eye_ocular,94,94,tpm_clean,ENSG00000242875,RBMY1B,0,0.0,0,0.0,0,94,0.0,0,94,0.0,RB;UVM
eye_ocular,94,94,tpm_clean,ENSG00000243130,PSG11,0,0.0,0,0.0,0,94,0.0,0,94,0.0,RB;UVM
eye_ocular,94,94,tpm_clean,ENSG00000244395,RBMY1D,0,0.0,0,0.0,0,94,0.0,0,94,0.0,RB;UVM
eye_ocular,94,94,tpm_clean,ENSG00000244588,RAD21L1,0,0.0,0,0.0,0,94,0.0,0,94,0.0,RB;UVM
eye_ocular,94,94,tpm_clean,ENSG00000249861,LGALS16,0,0.0,0,0.0,0,94,0.0,0,94,0.0,RB;UVM
eye_ocular,94,94,tpm_clean,ENSG00000250741,NT5C1B-RDH14,0,0.0,0,0.0,0,94,0.0,0,94,0.0,RB;UVM
eye_ocular,94,94,tpm_clean,ENSG00000251258,RFPL4B,0,0.0,0,0.0,0,94,0.0,0,94,0.0,RB;UVM
eye_ocular,94,94,tpm_clean,ENSG00000258713,C20orf141,3,3.19,1,1.06,2,94,2.13,0,94,0.0,RB;UVM
eye_ocular,94,94,tpm_clean,ENSG00000258992,TSPY1,0,0.0,0,0.0,0,94,0.0,0,94,0.0,RB;UVM
eye_ocular,94,94,tpm_clean,ENSG00000261649,GOLGA6L7,0,0.0,0,0.0,0,94,0.0,0,94,0.0,RB;UVM
eye_ocular,94,94,tpm_clean,ENSG00000261949,GFY,0,0.0,0,0.0,0,94,0.0,0,94,0.0,RB;UVM
eye_ocular,94,94,tpm_clean,ENSG00000268009,SSX4/SSX4B,15,15.96,8,8.51,12,94,12.77,3,94,3.19,RB;UVM
eye_ocular,94,94,tpm_clean,ENSG00000268629,TEX13A,0,0.0,0,0.0,0,94,0.0,0,94,0.0,RB;UVM
eye_ocular,94,94,tpm_clean,ENSG00000268696,ZNF723,0,0.0,0,0.0,0,94,0.0,0,94,0.0,RB;UVM
eye_ocular,94,94,tpm_clean,ENSG00000268964,ERVV-2,0,0.0,0,0.0,0,94,0.0,0,94,0.0,RB;UVM
eye_ocular,94,94,tpm_clean,ENSG00000268988,SPANXN2,0,0.0,0,0.0,0,94,0.0,0,94,0.0,RB;UVM
eye_ocular,94,94,tpm_clean,ENSG00000269058,CALR3,0,0.0,0,0.0,0,94,0.0,0,94,0.0,RB;UVM
eye_ocular,94,94,tpm_clean,ENSG00000269586,CT45A10,0,0.0,0,0.0,0,94,0.0,0,94,0.0,RB;UVM
eye_ocular,94,94,tpm_clean,ENSG00000270806,C17orf50,0,0.0,0,0.0,0,94,0.0,0,94,0.0,RB;UVM
eye_ocular,94,94,tpm_clean,ENSG00000270946,CT45A2/8/9,0,0.0,0,0.0,0,94,0.0,0,94,0.0,RB;UVM
eye_ocular,94,94,tpm_clean,ENSG00000271321,CTAGE6,0,0.0,0,0.0,0,94,0.0,0,94,0.0,RB;UVM
eye_ocular,94,94,tpm_clean,ENSG00000274274,GAGE13,0,0.0,0,0.0,0,94,0.0,0,94,0.0,RB;UVM
eye_ocular,94,94,tpm_clean,ENSG00000274391,TPTE,0,0.0,0,0.0,0,94,0.0,0,94,0.0,RB;UVM
eye_ocular,94,94,tpm_clean,ENSG00000275793,RIMBP3,0,0.0,0,0.0,0,94,0.0,0,94,0.0,RB;UVM
eye_ocular,94,94,tpm_clean,ENSG00000275969,SPATA31A3,0,0.0,0,0.0,0,94,0.0,0,94,0.0,RB;UVM
eye_ocular,94,94,tpm_clean,ENSG00000276040,SPATA31A7,1,1.06,0,0.0,0,94,0.0,0,94,0.0,RB;UVM
eye_ocular,94,94,tpm_clean,ENSG00000276581,SPATA31A5,0,0.0,0,0.0,0,94,0.0,0,94,0.0,RB;UVM
eye_ocular,94,94,tpm_clean,ENSG00000277322,GOLGA6L6,0,0.0,0,0.0,0,94,0.0,0,94,0.0,RB;UVM
eye_ocular,94,0,tpm_clean,ENSG00000282815,TEX13C,0,,0,,0,0,,0,0,,RB;UVM
soft_tissue_sarcoma,704,704,tpm_clean,ENSG00000006047,YBX2,18,2.56,4,0.57,4,704,0.57,1,704,0.14,SARC_ANGIO;SARC_ASPS;SARC_DDLPS;SARC_DSRCT;SARC_EHE;SARC_EPITH;SARC_GIST;SARC_IFS;SARC_IMT;SARC_LGFMS;SARC_LMS;SARC_LPS_UNSPEC;SARC_MPNST;SARC_MYXFIB;SARC_RMS_ARMS;SARC_RMS_ERMS;SARC_RMS_PRMS;SARC_RMS_SSRMS;SARC_SYN;SARC_UPS;SARC_WDLPS
soft_tissue_sarcoma,704,704,tpm_clean,ENSG00000006659,LGALS14,0,0.0,0,0.0,0,704,0.0,0,704,0.0,SARC_ANGIO;SARC_ASPS;SARC_DDLPS;SARC_DSRCT;SARC_EHE;SARC_EPITH;SARC_GIST;SARC_IFS;SARC_IMT;SARC_LGFMS;SARC_LMS;SARC_LPS_UNSPEC;SARC_MPNST;SARC_MYXFIB;SARC_RMS_ARMS;SARC_RMS_ERMS;SARC_RMS_PRMS;SARC_RMS_SSRMS;SARC_SYN;SARC_UPS;SARC_WDLPS
soft_tissue_sarcoma,704,704,tpm_clean,ENSG00000007350,TKTL1,10,1.42,6,0.85,7,704,0.99,5,704,0.71,SARC_ANGIO;SARC_ASPS;SARC_DDLPS;SARC_DSRCT;SARC_EHE;SARC_EPITH;SARC_GIST;SARC_IFS;SARC_IMT;SARC_LGFMS;SARC_LMS;SARC_LPS_UNSPEC;SARC_MPNST;SARC_MYXFIB;SARC_RMS_ARMS;SARC_RMS_ERMS;SARC_RMS_PRMS;SARC_RMS_SSRMS;SARC_SYN;SARC_UPS;SARC_WDLPS
soft_tissue_sarcoma,704,704,tpm_clean,ENSG00000010318,PHF7,8,1.14,0,0.0,0,704,0.0,0,704,0.0,SARC_ANGIO;SARC_ASPS;SARC_DDLPS;SARC_DSRCT;SARC_EHE;SARC_EPITH;SARC_GIST;SARC_IFS;SARC_IMT;SARC_LGFMS;SARC_LMS;SARC_LPS_UNSPEC;SARC_MPNST;SARC_MYXFIB;SARC_RMS_ARMS;SARC_RMS_ERMS;SARC_RMS_PRMS;SARC_RMS_SSRMS;SARC_SYN;SARC_UPS;SARC_WDLPS
soft_tissue_sarcoma,704,704,tpm_clean,ENSG00000042813,ZPBP,0,0.0,0,0.0,0,704,0.0,0,704,0.0,SARC_ANGIO;SARC_ASPS;SARC_DDLPS;SARC_DSRCT;SARC_EHE;SARC_EPITH;SARC_GIST;SARC_IFS;SARC_IMT;SARC_LGFMS;SARC_LMS;SARC_LPS_UNSPEC;SARC_MPNST;SARC_MYXFIB;SARC_RMS_ARMS;SARC_RMS_ERMS;SARC_RMS_PRMS;SARC_RMS_SSRMS;SARC_SYN;SARC_UPS;SARC_WDLPS
soft_tissue_sarcoma,704,704,tpm_clean,ENSG00000046774,MAGEC2,12,1.7,9,1.28,10,704,1.42,1,704,0.14,SARC_ANGIO;SARC_ASPS;SARC_DDLPS;SARC_DSRCT;SARC_EHE;SARC_EPITH;SARC_GIST;SARC_IFS;SARC_IMT;SARC_LGFMS;SARC_LMS;SARC_LPS_UNSPEC;SARC_MPNST;SARC_MYXFIB;SARC_RMS_ARMS;SARC_RMS_ERMS;SARC_RMS_PRMS;SARC_RMS_SSRMS;SARC_SYN;SARC_UPS;SARC_WDLPS
soft_tissue_sarcoma,704,704,tpm_clean,ENSG00000054796,SPO11,0,0.0,0,0.0,0,704,0.0,0,704,0.0,SARC_ANGIO;SARC_ASPS;SARC_DDLPS;SARC_DSRCT;SARC_EHE;SARC_EPITH;SARC_GIST;SARC_IFS;SARC_IMT;SARC_LGFMS;SARC_LMS;SARC_LPS_UNSPEC;SARC_MPNST;SARC_MYXFIB;SARC_RMS_ARMS;SARC_RMS_ERMS;SARC_RMS_PRMS;SARC_RMS_SSRMS;SARC_SYN;SARC_UPS;SARC_WDLPS
soft_tissue_sarcoma,704,704,tpm_clean,ENSG00000068985,PAGE1,5,0.71,4,0.57,5,704,0.71,1,704,0.14,SARC_ANGIO;SARC_ASPS;SARC_DDLPS;SARC_DSRCT;SARC_EHE;SARC_EPITH;SARC_GIST;SARC_IFS;SARC_IMT;SARC_LGFMS;SARC_LMS;SARC_LPS_UNSPEC;SARC_MPNST;SARC_MYXFIB;SARC_RMS_ARMS;SARC_RMS_ERMS;SARC_RMS_PRMS;SARC_RMS_SSRMS;SARC_SYN;SARC_UPS;SARC_WDLPS
soft_tissue_sarcoma,704,704,tpm_clean,ENSG00000077800,FKBP6,0,0.0,0,0.0,0,704,0.0,0,704,0.0,SARC_ANGIO;SARC_ASPS;SARC_DDLPS;SARC_DSRCT;SARC_EHE;SARC_EPITH;SARC_GIST;SARC_IFS;SARC_IMT;SARC_LGFMS;SARC_LMS;SARC_LPS_UNSPEC;SARC_MPNST;SARC_MYXFIB;SARC_RMS_ARMS;SARC_RMS_ERMS;SARC_RMS_PRMS;SARC_RMS_SSRMS;SARC_SYN;SARC_UPS;SARC_WDLPS
soft_tissue_sarcoma,704,704,tpm_clean,ENSG00000077935,SMC1B,0,0.0,0,0.0,0,704,0.0,0,704,0.0,SARC_ANGIO;SARC_ASPS;SARC_DDLPS;SARC_DSRCT;SARC_EHE;SARC_EPITH;SARC_GIST;SARC_IFS;SARC_IMT;SARC_LGFMS;SARC_LMS;SARC_LPS_UNSPEC;SARC_MPNST;SARC_MYXFIB;SARC_RMS_ARMS;SARC_RMS_ERMS;SARC_RMS_PRMS;SARC_RMS_SSRMS;SARC_SYN;SARC_UPS;SARC_WDLPS
soft_tissue_sarcoma,704,704,tpm_clean,ENSG00000092345,DAZL,1,0.14,0,0.0,1,704,0.14,0,704,0.0,SARC_ANGIO;SARC_ASPS;SARC_DDLPS;SARC_DSRCT;SARC_EHE;SARC_EPITH;SARC_GIST;SARC_IFS;SARC_IMT;SARC_LGFMS;SARC_LMS;SARC_LPS_UNSPEC;SARC_MPNST;SARC_MYXFIB;SARC_RMS_ARMS;SARC_RMS_ERMS;SARC_RMS_PRMS;SARC_RMS_SSRMS;SARC_SYN;SARC_UPS;SARC_WDLPS
soft_tissue_sarcoma,704,704,tpm_clean,ENSG00000095627,TDRD1,0,0.0,0,0.0,0,704,0.0,0,704,0.0,SARC_ANGIO;SARC_ASPS;SARC_DDLPS;SARC_DSRCT;SARC_EHE;SARC_EPITH;SARC_GIST;SARC_IFS;SARC_IMT;SARC_LGFMS;SARC_LMS;SARC_LPS_UNSPEC;SARC_MPNST;SARC_MYXFIB;SARC_RMS_ARMS;SARC_RMS_ERMS;SARC_RMS_PRMS;SARC_RMS_SSRMS;SARC_SYN;SARC_UPS;SARC_WDLPS
soft_tissue_sarcoma,704,704,tpm_clean,ENSG00000099399,MAGEB2,12,1.7,4,0.57,6,704,0.85,3,704,0.43,SARC_ANGIO;SARC_ASPS;SARC_DDLPS;SARC_DSRCT;SARC_EHE;SARC_EPITH;SARC_GIST;SARC_IFS;SARC_IMT;SARC_LGFMS;SARC_LMS;SARC_LPS_UNSPEC;SARC_MPNST;SARC_MYXFIB;SARC_RMS_ARMS;SARC_RMS_ERMS;SARC_RMS_PRMS;SARC_RMS_SSRMS;SARC_SYN;SARC_UPS;SARC_WDLPS
soft_tissue_sarcoma,704,704,tpm_clean,ENSG00000102021,LUZP4,0,0.0,0,0.0,0,704,0.0,0,704,0.0,SARC_ANGIO;SARC_ASPS;SARC_DDLPS;SARC_DSRCT;SARC_EHE;SARC_EPITH;SARC_GIST;SARC_IFS;SARC_IMT;SARC_LGFMS;SARC_LMS;SARC_LPS_UNSPEC;SARC_MPNST;SARC_MYXFIB;SARC_RMS_ARMS;SARC_RMS_ERMS;SARC_RMS_PRMS;SARC_RMS_SSRMS;SARC_SYN;SARC_UPS;SARC_WDLPS
soft_tissue_sarcoma,704,704,tpm_clean,ENSG00000103023,PRSS54,0,0.0,0,0.0,0,704,0.0,0,704,0.0,SARC_ANGIO;SARC_ASPS;SARC_DDLPS;SARC_DSRCT;SARC_EHE;SARC_EPITH;SARC_GIST;SARC_IFS;SARC_IMT;SARC_LGFMS;SARC_LMS;SARC_LPS_UNSPEC;SARC_MPNST;SARC_MYXFIB;SARC_RMS_ARMS;SARC_RMS_ERMS;SARC_RMS_PRMS;SARC_RMS_SSRMS;SARC_SYN;SARC_UPS;SARC_WDLPS
soft_tissue_sarcoma,704,704,tpm_clean,ENSG00000104755,ADAM2,0,0.0,0,0.0,0,704,0.0,0,704,0.0,SARC_ANGIO;SARC_ASPS;SARC_DDLPS;SARC_DSRCT;SARC_EHE;SARC_EPITH;SARC_GIST;SARC_IFS;SARC_IMT;SARC_LGFMS;SARC_LMS;SARC_LPS_UNSPEC;SARC_MPNST;SARC_MYXFIB;SARC_RMS_ARMS;SARC_RMS_ERMS;SARC_RMS_PRMS;SARC_RMS_SSRMS;SARC_SYN;SARC_UPS;SARC_WDLPS
soft_tissue_sarcoma,704,704,tpm_clean,ENSG00000104804,TULP2,0,0.0,0,0.0,0,704,0.0,0,704,0.0,SARC_ANGIO;SARC_ASPS;SARC_DDLPS;SARC_DSRCT;SARC_EHE;SARC_EPITH;SARC_GIST;SARC_IFS;SARC_IMT;SARC_LGFMS;SARC_LMS;SARC_LPS_UNSPEC;SARC_MPNST;SARC_MYXFIB;SARC_RMS_ARMS;SARC_RMS_ERMS;SARC_RMS_PRMS;SARC_RMS_SSRMS;SARC_SYN;SARC_UPS;SARC_WDLPS
soft_tissue_sarcoma,704,704,tpm_clean,ENSG00000104818,CGB2,0,0.0,0,0.0,0,704,0.0,0,704,0.0,SARC_ANGIO;SARC_ASPS;SARC_DDLPS;SARC_DSRCT;SARC_EHE;SARC_EPITH;SARC_GIST;SARC_IFS;SARC_IMT;SARC_LGFMS;SARC_LMS;SARC_LPS_UNSPEC;SARC_MPNST;SARC_MYXFIB;SARC_RMS_ARMS;SARC_RMS_ERMS;SARC_RMS_PRMS;SARC_RMS_SSRMS;SARC_SYN;SARC_UPS;SARC_WDLPS
soft_tissue_sarcoma,704,704,tpm_clean,ENSG00000104901,DKKL1,2,0.28,0,0.0,0,704,0.0,0,704,0.0,SARC_ANGIO;SARC_ASPS;SARC_DDLPS;SARC_DSRCT;SARC_EHE;SARC_EPITH;SARC_GIST;SARC_IFS;SARC_IMT;SARC_LGFMS;SARC_LMS;SARC_LPS_UNSPEC;SARC_MPNST;SARC_MYXFIB;SARC_RMS_ARMS;SARC_RMS_ERMS;SARC_RMS_PRMS;SARC_RMS_SSRMS;SARC_SYN;SARC_UPS;SARC_WDLPS
soft_tissue_sarcoma,704,704,tpm_clean,ENSG00000105198,LGALS13,0,0.0,0,0.0,0,704,0.0,0,704,0.0,SARC_ANGIO;SARC_ASPS;SARC_DDLPS;SARC_DSRCT;SARC_EHE;SARC_EPITH;SARC_GIST;SARC_IFS;SARC_IMT;SARC_LGFMS;SARC_LMS;SARC_LPS_UNSPEC;SARC_MPNST;SARC_MYXFIB;SARC_RMS_ARMS;SARC_RMS_ERMS;SARC_RMS_PRMS;SARC_RMS_SSRMS;SARC_SYN;SARC_UPS;SARC_WDLPS
soft_tissue_sarcoma,704,704,tpm_clean,ENSG00000106013,ANKRD7,0,0.0,0,0.0,0,704,0.0,0,704,0.0,SARC_ANGIO;SARC_ASPS;SARC_DDLPS;SARC_DSRCT;SARC_EHE;SARC_EPITH;SARC_GIST;SARC_IFS;SARC_IMT;SARC_LGFMS;SARC_LMS;SARC_LPS_UNSPEC;SARC_MPNST;SARC_MYXFIB;SARC_RMS_ARMS;SARC_RMS_ERMS;SARC_RMS_PRMS;SARC_RMS_SSRMS;SARC_SYN;SARC_UPS;SARC_WDLPS
soft_tissue_sarcoma,704,704,tpm_clean,ENSG00000106304,SPAM1,0,0.0,0,0.0,0,704,0.0,0,704,0.0,SARC_ANGIO;SARC_ASPS;SARC_DDLPS;SARC_DSRCT;SARC_EHE;SARC_EPITH;SARC_GIST;SARC_IFS;SARC_IMT;SARC_LGFMS;SARC_LMS;SARC_LPS_UNSPEC;SARC_MPNST;SARC_MYXFIB;SARC_RMS_ARMS;SARC_RMS_ERMS;SARC_RMS_PRMS;SARC_RMS_SSRMS;SARC_SYN;SARC_UPS;SARC_WDLPS
soft_tissue_sarcoma,704,704,tpm_clean,ENSG00000114487,MORC1,0,0.0,0,0.0,0,704,0.0,0,704,0.0,SARC_ANGIO;SARC_ASPS;SARC_DDLPS;SARC_DSRCT;SARC_EHE;SARC_EPITH;SARC_GIST;SARC_IFS;SARC_IMT;SARC_LGFMS;SARC_LMS;SARC_LPS_UNSPEC;SARC_MPNST;SARC_MYXFIB;SARC_RMS_ARMS;SARC_RMS_ERMS;SARC_RMS_PRMS;SARC_RMS_SSRMS;SARC_SYN;SARC_UPS;SARC_WDLPS
soft_tissue_sarcoma,704,704,tpm_clean,ENSG00000117148,ACTL8,1,0.14,0,0.0,0,704,0.0,0,704,0.0,SARC_ANGIO;SARC_ASPS;SARC_DDLPS;SARC_DSRCT;SARC_EHE;SARC_EPITH;SARC_GIST;SARC_IFS;SARC_IMT;SARC_LGFMS;SARC_LMS;SARC_LPS_UNSPEC;SARC_MPNST;SARC_MYXFIB;SARC_RMS_ARMS;SARC_RMS_ERMS;SARC_RMS_PRMS;SARC_RMS_SSRMS;SARC_SYN;SARC_UPS;SARC_WDLPS
soft_tissue_sarcoma,704,704,tpm_clean,ENSG00000118434,SPACA1,0,0.0,0,0.0,0,704,0.0,0,704,0.0,SARC_ANGIO;SARC_ASPS;SARC_DDLPS;SARC_DSRCT;SARC_EHE;SARC_EPITH;SARC_GIST;SARC_IFS;SARC_IMT;SARC_LGFMS;SARC_LMS;SARC_LPS_UNSPEC;SARC_MPNST;SARC_MYXFIB;SARC_RMS_ARMS;SARC_RMS_ERMS;SARC_RMS_PRMS;SARC_RMS_SSRMS;SARC_SYN;SARC_UPS;SARC_WDLPS
soft_tissue_sarcoma,704,704,tpm_clean,ENSG00000118491,ZC2HC1B,0,0.0,0,0.0,0,704,0.0,0,704,0.0,SARC_ANGIO;SARC_ASPS;SARC_DDLPS;SARC_DSRCT;SARC_EHE;SARC_EPITH;SARC_GIST;SARC_IFS;SARC_IMT;SARC_LGFMS;SARC_LMS;SARC_LPS_UNSPEC;SARC_MPNST;SARC_MYXFIB;SARC_RMS_ARMS;SARC_RMS_ERMS;SARC_RMS_PRMS;SARC_RMS_SSRMS;SARC_SYN;SARC_UPS;SARC_WDLPS
soft_tissue_sarcoma,704,704,tpm_clean,ENSG00000121101,TEX14,28,3.98,13,1.85,13,704,1.85,3,704,0.43,SARC_ANGIO;SARC_ASPS;SARC_DDLPS;SARC_DSRCT;SARC_EHE;SARC_EPITH;SARC_GIST;SARC_IFS;SARC_IMT;SARC_LGFMS;SARC_LMS;SARC_LPS_UNSPEC;SARC_MPNST;SARC_MYXFIB;SARC_RMS_ARMS;SARC_RMS_ERMS;SARC_RMS_PRMS;SARC_RMS_SSRMS;SARC_SYN;SARC_UPS;SARC_WDLPS
soft_tissue_sarcoma,704,704,tpm_clean,ENSG00000122304,PRM2,0,0.0,0,0.0,0,704,0.0,0,704,0.0,SARC_ANGIO;SARC_ASPS;SARC_DDLPS;SARC_DSRCT;SARC_EHE;SARC_EPITH;SARC_GIST;SARC_IFS;SARC_IMT;SARC_LGFMS;SARC_LMS;SARC_LPS_UNSPEC;SARC_MPNST;SARC_MYXFIB;SARC_RMS_ARMS;SARC_RMS_ERMS;SARC_RMS_PRMS;SARC_RMS_SSRMS;SARC_SYN;SARC_UPS;SARC_WDLPS
soft_tissue_sarcoma,704,704,tpm_clean,ENSG00000123576,ESX1,0,0.0,0,0.0,0,704,0.0,0,704,0.0,SARC_ANGIO;SARC_ASPS;SARC_DDLPS;SARC_DSRCT;SARC_EHE;SARC_EPITH;SARC_GIST;SARC_IFS;SARC_IMT;SARC_LGFMS;SARC_LMS;SARC_LPS_UNSPEC;SARC_MPNST;SARC_MYXFIB;SARC_RMS_ARMS;SARC_RMS_ERMS;SARC_RMS_PRMS;SARC_RMS_SSRMS;SARC_SYN;SARC_UPS;SARC_WDLPS
soft_tissue_sarcoma,704,704,tpm_clean,ENSG00000123584,MAGEA9/MAGEA9B,36,5.11,18,2.56,22,704,3.12,6,704,0.85,SARC_ANGIO;SARC_ASPS;SARC_DDLPS;SARC_DSRCT;SARC_EHE;SARC_EPITH;SARC_GIST;SARC_IFS;SARC_IMT;SARC_LGFMS;SARC_LMS;SARC_LPS_UNSPEC;SARC_MPNST;SARC_MYXFIB;SARC_RMS_ARMS;SARC_RMS_ERMS;SARC_RMS_PRMS;SARC_RMS_SSRMS;SARC_SYN;SARC_UPS;SARC_WDLPS
soft_tissue_sarcoma,704,704,tpm_clean,ENSG00000124092,CTCFL,14,1.99,8,1.14,8,704,1.14,1,704,0.14,SARC_ANGIO;SARC_ASPS;SARC_DDLPS;SARC_DSRCT;SARC_EHE;SARC_EPITH;SARC_GIST;SARC_IFS;SARC_IMT;SARC_LGFMS;SARC_LMS;SARC_LPS_UNSPEC;SARC_MPNST;SARC_MYXFIB;SARC_RMS_ARMS;SARC_RMS_ERMS;SARC_RMS_PRMS;SARC_RMS_SSRMS;SARC_SYN;SARC_UPS;SARC_WDLPS
soft_tissue_sarcoma,704,704,tpm_clean,ENSG00000124227,ANKRD60,0,0.0,0,0.0,0,704,0.0,0,704,0.0,SARC_ANGIO;SARC_ASPS;SARC_DDLPS;SARC_DSRCT;SARC_EHE;SARC_EPITH;SARC_GIST;SARC_IFS;SARC_IMT;SARC_LGFMS;SARC_LMS;SARC_LPS_UNSPEC;SARC_MPNST;SARC_MYXFIB;SARC_RMS_ARMS;SARC_RMS_ERMS;SARC_RMS_PRMS;SARC_RMS_SSRMS;SARC_SYN;SARC_UPS;SARC_WDLPS
soft_tissue_sarcoma,704,704,tpm_clean,ENSG00000124260,MAGEA10,13,1.85,4,0.57,6,704,0.85,0,704,0.0,SARC_ANGIO;SARC_ASPS;SARC_DDLPS;SARC_DSRCT;SARC_EHE;SARC_EPITH;SARC_GIST;SARC_IFS;SARC_IMT;SARC_LGFMS;SARC_LMS;SARC_LPS_UNSPEC;SARC_MPNST;SARC_MYXFIB;SARC_RMS_ARMS;SARC_RMS_ERMS;SARC_RMS_PRMS;SARC_RMS_SSRMS;SARC_SYN;SARC_UPS;SARC_WDLPS
soft_tissue_sarcoma,704,704,tpm_clean,ENSG00000124467,PSG8,0,0.0,0,0.0,0,704,0.0,0,704,0.0,SARC_ANGIO;SARC_ASPS;SARC_DDLPS;SARC_DSRCT;SARC_EHE;SARC_EPITH;SARC_GIST;SARC_IFS;SARC_IMT;SARC_LGFMS;SARC_LMS;SARC_LPS_UNSPEC;SARC_MPNST;SARC_MYXFIB;SARC_RMS_ARMS;SARC_RMS_ERMS;SARC_RMS_PRMS;SARC_RMS_SSRMS;SARC_SYN;SARC_UPS;SARC_WDLPS
soft_tissue_sarcoma,704,704,tpm_clean,ENSG00000124490,CRISP2,0,0.0,0,0.0,0,704,0.0,0,704,0.0,SARC_ANGIO;SARC_ASPS;SARC_DDLPS;SARC_DSRCT;SARC_EHE;SARC_EPITH;SARC_GIST;SARC_IFS;SARC_IMT;SARC_LGFMS;SARC_LMS;SARC_LPS_UNSPEC;SARC_MPNST;SARC_MYXFIB;SARC_RMS_ARMS;SARC_RMS_ERMS;SARC_RMS_PRMS;SARC_RMS_SSRMS;SARC_SYN;SARC_UPS;SARC_WDLPS
soft_tissue_sarcoma,704,704,tpm_clean,ENSG00000125207,PIWIL1,0,0.0,0,0.0,0,704,0.0,0,704,0.0,SARC_ANGIO;SARC_ASPS;SARC_DDLPS;SARC_DSRCT;SARC_EHE;SARC_EPITH;SARC_GIST;SARC_IFS;SARC_IMT;SARC_LGFMS;SARC_LMS;SARC_LPS_UNSPEC;SARC_MPNST;SARC_MYXFIB;SARC_RMS_ARMS;SARC_RMS_ERMS;SARC_RMS_PRMS;SARC_RMS_SSRMS;SARC_SYN;SARC_UPS;SARC_WDLPS
soft_tissue_sarcoma,704,704,tpm_clean,ENSG00000125823,CSTL1,0,0.0,0,0.0,0,704,0.0,0,704,0.0,SARC_ANGIO;SARC_ASPS;SARC_DDLPS;SARC_DSRCT;SARC_EHE;SARC_EPITH;SARC_GIST;SARC_IFS;SARC_IMT;SARC_LGFMS;SARC_LMS;SARC_LPS_UNSPEC;SARC_MPNST;SARC_MYXFIB;SARC_RMS_ARMS;SARC_RMS_ERMS;SARC_RMS_PRMS;SARC_RMS_SSRMS;SARC_SYN;SARC_UPS;SARC_WDLPS
soft_tissue_sarcoma,704,704,tpm_clean,ENSG00000126467,TSKS,2,0.28,1,0.14,1,704,0.14,1,704,0.14,SARC_ANGIO;SARC_ASPS;SARC_DDLPS;SARC_DSRCT;SARC_EHE;SARC_EPITH;SARC_GIST;SARC_IFS;SARC_IMT;SARC_LGFMS;SARC_LMS;SARC_LPS_UNSPEC;SARC_MPNST;SARC_MYXFIB;SARC_RMS_ARMS;SARC_RMS_ERMS;SARC_RMS_PRMS;SARC_RMS_SSRMS;SARC_SYN;SARC_UPS;SARC_WDLPS
soft_tissue_sarcoma,704,704,tpm_clean,ENSG00000126752,SSX1,56,7.95,42,5.97,44,704,6.25,17,704,2.41,SARC_ANGIO;SARC_ASPS;SARC_DDLPS;SARC_DSRCT;SARC_EHE;SARC_EPITH;SARC_GIST;SARC_IFS;SARC_IMT;SARC_LGFMS;SARC_LMS;SARC_LPS_UNSPEC;SARC_MPNST;SARC_MYXFIB;SARC_RMS_ARMS;SARC_RMS_ERMS;SARC_RMS_PRMS;SARC_RMS_SSRMS;SARC_SYN;SARC_UPS;SARC_WDLPS
soft_tissue_sarcoma,704,704,tpm_clean,ENSG00000126856,PRDM7,0,0.0,0,0.0,0,704,0.0,0,704,0.0,SARC_ANGIO;SARC_ASPS;SARC_DDLPS;SARC_DSRCT;SARC_EHE;SARC_EPITH;SARC_GIST;SARC_IFS;SARC_IMT;SARC_LGFMS;SARC_LMS;SARC_LPS_UNSPEC;SARC_MPNST;SARC_MYXFIB;SARC_RMS_ARMS;SARC_RMS_ERMS;SARC_RMS_PRMS;SARC_RMS_SSRMS;SARC_SYN;SARC_UPS;SARC_WDLPS
soft_tissue_sarcoma,704,704,tpm_clean,ENSG00000129862,VCY/VCY1B,7,0.99,6,0.85,6,704,0.85,4,704,0.57,SARC_ANGIO;SARC_ASPS;SARC_DDLPS;SARC_DSRCT;SARC_EHE;SARC_EPITH;SARC_GIST;SARC_IFS;SARC_IMT;SARC_LGFMS;SARC_LMS;SARC_LPS_UNSPEC;SARC_MPNST;SARC_MYXFIB;SARC_RMS_ARMS;SARC_RMS_ERMS;SARC_RMS_PRMS;SARC_RMS_SSRMS;SARC_SYN;SARC_UPS;SARC_WDLPS
soft_tissue_sarcoma,704,704,tpm_clean,ENSG00000130950,NUTM2F,0,0.0,0,0.0,0,704,0.0,0,704,0.0,SARC_ANGIO;SARC_ASPS;SARC_DDLPS;SARC_DSRCT;SARC_EHE;SARC_EPITH;SARC_GIST;SARC_IFS;SARC_IMT;SARC_LGFMS;SARC_LMS;SARC_LPS_UNSPEC;SARC_MPNST;SARC_MYXFIB;SARC_RMS_ARMS;SARC_RMS_ERMS;SARC_RMS_PRMS;SARC_RMS_SSRMS;SARC_SYN;SARC_UPS;SARC_WDLPS
soft_tissue_sarcoma,704,704,tpm_clean,ENSG00000131126,TEX101,0,0.0,0,0.0,0,704,0.0,0,704,0.0,SARC_ANGIO;SARC_ASPS;SARC_DDLPS;SARC_DSRCT;SARC_EHE;SARC_EPITH;SARC_GIST;SARC_IFS;SARC_IMT;SARC_LGFMS;SARC_LMS;SARC_LPS_UNSPEC;SARC_MPNST;SARC_MYXFIB;SARC_RMS_ARMS;SARC_RMS_ERMS;SARC_RMS_PRMS;SARC_RMS_SSRMS;SARC_SYN;SARC_UPS;SARC_WDLPS
soft_tissue_sarcoma,704,704,tpm_clean,ENSG00000132446,FTHL17,1,0.14,1,0.14,1,704,0.14,0,704,0.0,SARC_ANGIO;SARC_ASPS;SARC_DDLPS;SARC_DSRCT;SARC_EHE;SARC_EPITH;SARC_GIST;SARC_IFS;SARC_IMT;SARC_LGFMS;SARC_LMS;SARC_LPS_UNSPEC;SARC_MPNST;SARC_MYXFIB;SARC_RMS_ARMS;SARC_RMS_ERMS;SARC_RMS_PRMS;SARC_RMS_SSRMS;SARC_SYN;SARC_UPS;SARC_WDLPS
soft_tissue_sarcoma,704,704,tpm_clean,ENSG00000135248,GARIN1B,0,0.0,0,0.0,0,704,0.0,0,704,0.0,SARC_ANGIO;SARC_ASPS;SARC_DDLPS;SARC_DSRCT;SARC_EHE;SARC_EPITH;SARC_GIST;SARC_IFS;SARC_IMT;SARC_LGFMS;SARC_LMS;SARC_LPS_UNSPEC;SARC_MPNST;SARC_MYXFIB;SARC_RMS_ARMS;SARC_RMS_ERMS;SARC_RMS_PRMS;SARC_RMS_SSRMS;SARC_SYN;SARC_UPS;SARC_WDLPS
soft_tissue_sarcoma,704,704,tpm_clean,ENSG00000137090,DMRT1,4,0.57,2,0.28,2,704,0.28,0,704,0.0,SARC_ANGIO;SARC_ASPS;SARC_DDLPS;SARC_DSRCT;SARC_EHE;SARC_EPITH;SARC_GIST;SARC_IFS;SARC_IMT;SARC_LGFMS;SARC_LMS;SARC_LPS_UNSPEC;SARC_MPNST;SARC_MYXFIB;SARC_RMS_ARMS;SARC_RMS_ERMS;SARC_RMS_PRMS;SARC_RMS_SSRMS;SARC_SYN;SARC_UPS;SARC_WDLPS
soft_tissue_sarcoma,704,704,tpm_clean,ENSG00000137948,BRDT,3,0.43,0,0.0,0,704,0.0,0,704,0.0,SARC_ANGIO;SARC_ASPS;SARC_DDLPS;SARC_DSRCT;SARC_EHE;SARC_EPITH;SARC_GIST;SARC_IFS;SARC_IMT;SARC_LGFMS;SARC_LMS;SARC_LPS_UNSPEC;SARC_MPNST;SARC_MYXFIB;SARC_RMS_ARMS;SARC_RMS_ERMS;SARC_RMS_PRMS;SARC_RMS_SSRMS;SARC_SYN;SARC_UPS;SARC_WDLPS
soft_tissue_sarcoma,704,704,tpm_clean,ENSG00000139351,SYCP3,1,0.14,1,0.14,1,704,0.14,0,704,0.0,SARC_ANGIO;SARC_ASPS;SARC_DDLPS;SARC_DSRCT;SARC_EHE;SARC_EPITH;SARC_GIST;SARC_IFS;SARC_IMT;SARC_LGFMS;SARC_LMS;SARC_LPS_UNSPEC;SARC_MPNST;SARC_MYXFIB;SARC_RMS_ARMS;SARC_RMS_ERMS;SARC_RMS_PRMS;SARC_RMS_SSRMS;SARC_SYN;SARC_UPS;SARC_WDLPS
soft_tissue_sarcoma,704,704,tpm_clean,ENSG00000140478,GOLGA6D,0,0.0,0,0.0,0,704,0.0,0,704,0.0,SARC_ANGIO;SARC_ASPS;SARC_DDLPS;SARC_DSRCT;SARC_EHE;SARC_EPITH;SARC_GIST;SARC_IFS;SARC_IMT;SARC_LGFMS;SARC_LMS;SARC_LPS_UNSPEC;SARC_MPNST;SARC_MYXFIB;SARC_RMS_ARMS;SARC_RMS_ERMS;SARC_RMS_PRMS;SARC_RMS_SSRMS;SARC_SYN;SARC_UPS;SARC_WDLPS
soft_tissue_sarcoma,704,704,tpm_clean,ENSG00000141096,DPEP3,6,0.85,6,0.85,6,704,0.85,4,704,0.57,SARC_ANGIO;SARC_ASPS;SARC_DDLPS;SARC_DSRCT;SARC_EHE;SARC_EPITH;SARC_GIST;SARC_IFS;SARC_IMT;SARC_LGFMS;SARC_LMS;SARC_LPS_UNSPEC;SARC_MPNST;SARC_MYXFIB;SARC_RMS_ARMS;SARC_RMS_ERMS;SARC_RMS_PRMS;SARC_RMS_SSRMS;SARC_SYN;SARC_UPS;SARC_WDLPS
soft_tissue_sarcoma,704,704,tpm_clean,ENSG00000141255,SPATA22,0,0.0,0,0.0,0,704,0.0,0,704,0.0,SARC_ANGIO;SARC_ASPS;SARC_DDLPS;SARC_DSRCT;SARC_EHE;SARC_EPITH;SARC_GIST;SARC_IFS;SARC_IMT;SARC_LGFMS;SARC_LMS;SARC_LPS_UNSPEC;SARC_MPNST;SARC_MYXFIB;SARC_RMS_ARMS;SARC_RMS_ERMS;SARC_RMS_PRMS;SARC_RMS_SSRMS;SARC_SYN;SARC_UPS;SARC_WDLPS
soft_tissue_sarcoma,704,704,tpm_clean,ENSG00000141316,SPACA3,5,0.71,3,0.43,3,704,0.43,0,704,0.0,SARC_ANGIO;SARC_ASPS;SARC_DDLPS;SARC_DSRCT;SARC_EHE;SARC_EPITH;SARC_GIST;SARC_IFS;SARC_IMT;SARC_LGFMS;SARC_LMS;SARC_LPS_UNSPEC;SARC_MPNST;SARC_MYXFIB;SARC_RMS_ARMS;SARC_RMS_ERMS;SARC_RMS_PRMS;SARC_RMS_SSRMS;SARC_SYN;SARC_UPS;SARC_WDLPS
soft_tissue_sarcoma,704,704,tpm_clean,ENSG00000141371,CHCT1,0,0.0,0,0.0,0,704,0.0,0,704,0.0,SARC_ANGIO;SARC_ASPS;SARC_DDLPS;SARC_DSRCT;SARC_EHE;SARC_EPITH;SARC_GIST;SARC_IFS;SARC_IMT;SARC_LGFMS;SARC_LMS;SARC_LPS_UNSPEC;SARC_MPNST;SARC_MYXFIB;SARC_RMS_ARMS;SARC_RMS_ERMS;SARC_RMS_PRMS;SARC_RMS_SSRMS;SARC_SYN;SARC_UPS;SARC_WDLPS
soft_tissue_sarcoma,704,704,tpm_clean,ENSG00000141437,SLC25A52,0,0.0,0,0.0,0,704,0.0,0,704,0.0,SARC_ANGIO;SARC_ASPS;SARC_DDLPS;SARC_DSRCT;SARC_EHE;SARC_EPITH;SARC_GIST;SARC_IFS;SARC_IMT;SARC_LGFMS;SARC_LMS;SARC_LPS_UNSPEC;SARC_MPNST;SARC_MYXFIB;SARC_RMS_ARMS;SARC_RMS_ERMS;SARC_RMS_PRMS;SARC_RMS_SSRMS;SARC_SYN;SARC_UPS;SARC_WDLPS
soft_tissue_sarcoma,704,704,tpm_clean,ENSG00000142025,DMRTC2,0,0.0,0,0.0,0,704,0.0,0,704,0.0,SARC_ANGIO;SARC_ASPS;SARC_DDLPS;SARC_DSRCT;SARC_EHE;SARC_EPITH;SARC_GIST;SARC_IFS;SARC_IMT;SARC_LGFMS;SARC_LMS;SARC_LPS_UNSPEC;SARC_MPNST;SARC_MYXFIB;SARC_RMS_ARMS;SARC_RMS_ERMS;SARC_RMS_PRMS;SARC_RMS_SSRMS;SARC_SYN;SARC_UPS;SARC_WDLPS
soft_tissue_sarcoma,704,704,tpm_clean,ENSG00000142698,C1orf94,1,0.14,1,0.14,1,704,0.14,0,704,0.0,SARC_ANGIO;SARC_ASPS;SARC_DDLPS;SARC_DSRCT;SARC_EHE;SARC_EPITH;SARC_GIST;SARC_IFS;SARC_IMT;SARC_LGFMS;SARC_LMS;SARC_LPS_UNSPEC;SARC_MPNST;SARC_MYXFIB;SARC_RMS_ARMS;SARC_RMS_ERMS;SARC_RMS_PRMS;SARC_RMS_SSRMS;SARC_SYN;SARC_UPS;SARC_WDLPS
soft_tissue_sarcoma,704,704,tpm_clean,ENSG00000143006,DMRTB1,0,0.0,0,0.0,0,704,0.0,0,704,0.0,SARC_ANGIO;SARC_ASPS;SARC_DDLPS;SARC_DSRCT;SARC_EHE;SARC_EPITH;SARC_GIST;SARC_IFS;SARC_IMT;SARC_LGFMS;SARC_LMS;SARC_LPS_UNSPEC;SARC_MPNST;SARC_MYXFIB;SARC_RMS_ARMS;SARC_RMS_ERMS;SARC_RMS_PRMS;SARC_RMS_SSRMS;SARC_SYN;SARC_UPS;SARC_WDLPS
soft_tissue_sarcoma,704,704,tpm_clean,ENSG00000143452,HORMAD1,4,0.57,0,0.0,0,704,0.0,0,704,0.0,SARC_ANGIO;SARC_ASPS;SARC_DDLPS;SARC_DSRCT;SARC_EHE;SARC_EPITH;SARC_GIST;SARC_IFS;SARC_IMT;SARC_LGFMS;SARC_LMS;SARC_LPS_UNSPEC;SARC_MPNST;SARC_MYXFIB;SARC_RMS_ARMS;SARC_RMS_ERMS;SARC_RMS_PRMS;SARC_RMS_SSRMS;SARC_SYN;SARC_UPS;SARC_WDLPS
soft_tissue_sarcoma,704,704,tpm_clean,ENSG00000144962,SPATA16,0,0.0,0,0.0,0,704,0.0,0,704,0.0,SARC_ANGIO;SARC_ASPS;SARC_DDLPS;SARC_DSRCT;SARC_EHE;SARC_EPITH;SARC_GIST;SARC_IFS;SARC_IMT;SARC_LGFMS;SARC_LMS;SARC_LPS_UNSPEC;SARC_MPNST;SARC_MYXFIB;SARC_RMS_ARMS;SARC_RMS_ERMS;SARC_RMS_PRMS;SARC_RMS_SSRMS;SARC_SYN;SARC_UPS;SARC_WDLPS
soft_tissue_sarcoma,704,704,tpm_clean,ENSG00000145309,CABS1,0,0.0,0,0.0,0,704,0.0,0,704,0.0,SARC_ANGIO;SARC_ASPS;SARC_DDLPS;SARC_DSRCT;SARC_EHE;SARC_EPITH;SARC_GIST;SARC_IFS;SARC_IMT;SARC_LGFMS;SARC_LMS;SARC_LPS_UNSPEC;SARC_MPNST;SARC_MYXFIB;SARC_RMS_ARMS;SARC_RMS_ERMS;SARC_RMS_PRMS;SARC_RMS_SSRMS;SARC_SYN;SARC_UPS;SARC_WDLPS
soft_tissue_sarcoma,704,704,tpm_clean,ENSG00000147081,AKAP4,0,0.0,0,0.0,0,704,0.0,0,704,0.0,SARC_ANGIO;SARC_ASPS;SARC_DDLPS;SARC_DSRCT;SARC_EHE;SARC_EPITH;SARC_GIST;SARC_IFS;SARC_IMT;SARC_LGFMS;SARC_LMS;SARC_LPS_UNSPEC;SARC_MPNST;SARC_MYXFIB;SARC_RMS_ARMS;SARC_RMS_ERMS;SARC_RMS_PRMS;SARC_RMS_SSRMS;SARC_SYN;SARC_UPS;SARC_WDLPS
soft_tissue_sarcoma,704,704,tpm_clean,ENSG00000147183,CPXCR1,0,0.0,0,0.0,0,704,0.0,0,704,0.0,SARC_ANGIO;SARC_ASPS;SARC_DDLPS;SARC_DSRCT;SARC_EHE;SARC_EPITH;SARC_GIST;SARC_IFS;SARC_IMT;SARC_LGFMS;SARC_LMS;SARC_LPS_UNSPEC;SARC_MPNST;SARC_MYXFIB;SARC_RMS_ARMS;SARC_RMS_ERMS;SARC_RMS_PRMS;SARC_RMS_SSRMS;SARC_SYN;SARC_UPS;SARC_WDLPS
soft_tissue_sarcoma,704,704,tpm_clean,ENSG00000147378,FATE1,1,0.14,0,0.0,0,704,0.0,0,704,0.0,SARC_ANGIO;SARC_ASPS;SARC_DDLPS;SARC_DSRCT;SARC_EHE;SARC_EPITH;SARC_GIST;SARC_IFS;SARC_IMT;SARC_LGFMS;SARC_LMS;SARC_LPS_UNSPEC;SARC_MPNST;SARC_MYXFIB;SARC_RMS_ARMS;SARC_RMS_ERMS;SARC_RMS_PRMS;SARC_RMS_SSRMS;SARC_SYN;SARC_UPS;SARC_WDLPS
soft_tissue_sarcoma,704,704,tpm_clean,ENSG00000147381,MAGEA4,24,3.41,15,2.13,15,704,2.13,9,704,1.28,SARC_ANGIO;SARC_ASPS;SARC_DDLPS;SARC_DSRCT;SARC_EHE;SARC_EPITH;SARC_GIST;SARC_IFS;SARC_IMT;SARC_LGFMS;SARC_LMS;SARC_LPS_UNSPEC;SARC_MPNST;SARC_MYXFIB;SARC_RMS_ARMS;SARC_RMS_ERMS;SARC_RMS_PRMS;SARC_RMS_SSRMS;SARC_SYN;SARC_UPS;SARC_WDLPS
soft_tissue_sarcoma,704,704,tpm_clean,ENSG00000148156,ACTL7B,0,0.0,0,0.0,0,704,0.0,0,704,0.0,SARC_ANGIO;SARC_ASPS;SARC_DDLPS;SARC_DSRCT;SARC_EHE;SARC_EPITH;SARC_GIST;SARC_IFS;SARC_IMT;SARC_LGFMS;SARC_LMS;SARC_LPS_UNSPEC;SARC_MPNST;SARC_MYXFIB;SARC_RMS_ARMS;SARC_RMS_ERMS;SARC_RMS_PRMS;SARC_RMS_SSRMS;SARC_SYN;SARC_UPS;SARC_WDLPS
soft_tissue_sarcoma,704,704,tpm_clean,ENSG00000150628,SPATA4,0,0.0,0,0.0,0,704,0.0,0,704,0.0,SARC_ANGIO;SARC_ASPS;SARC_DDLPS;SARC_DSRCT;SARC_EHE;SARC_EPITH;SARC_GIST;SARC_IFS;SARC_IMT;SARC_LGFMS;SARC_LMS;SARC_LPS_UNSPEC;SARC_MPNST;SARC_MYXFIB;SARC_RMS_ARMS;SARC_RMS_ERMS;SARC_RMS_PRMS;SARC_RMS_SSRMS;SARC_SYN;SARC_UPS;SARC_WDLPS
soft_tissue_sarcoma,704,704,tpm_clean,ENSG00000151962,RBM46,0,0.0,0,0.0,0,704,0.0,0,704,0.0,SARC_ANGIO;SARC_ASPS;SARC_DDLPS;SARC_DSRCT;SARC_EHE;SARC_EPITH;SARC_GIST;SARC_IFS;SARC_IMT;SARC_LGFMS;SARC_LMS;SARC_LPS_UNSPEC;SARC_MPNST;SARC_MYXFIB;SARC_RMS_ARMS;SARC_RMS_ERMS;SARC_RMS_PRMS;SARC_RMS_SSRMS;SARC_SYN;SARC_UPS;SARC_WDLPS
soft_tissue_sarcoma,704,704,tpm_clean,ENSG00000152430,BOLL,0,0.0,0,0.0,0,704,0.0,0,704,0.0,SARC_ANGIO;SARC_ASPS;SARC_DDLPS;SARC_DSRCT;SARC_EHE;SARC_EPITH;SARC_GIST;SARC_IFS;SARC_IMT;SARC_LGFMS;SARC_LMS;SARC_LPS_UNSPEC;SARC_MPNST;SARC_MYXFIB;SARC_RMS_ARMS;SARC_RMS_ERMS;SARC_RMS_PRMS;SARC_RMS_SSRMS;SARC_SYN;SARC_UPS;SARC_WDLPS
soft_tissue_sarcoma,704,704,tpm_clean,ENSG00000152670,DDX4,0,0.0,0,0.0,0,704,0.0,0,704,0.0,SARC_ANGIO;SARC_ASPS;SARC_DDLPS;SARC_DSRCT;SARC_EHE;SARC_EPITH;SARC_GIST;SARC_IFS;SARC_IMT;SARC_LGFMS;SARC_LMS;SARC_LPS_UNSPEC;SARC_MPNST;SARC_MYXFIB;SARC_RMS_ARMS;SARC_RMS_ERMS;SARC_RMS_PRMS;SARC_RMS_SSRMS;SARC_SYN;SARC_UPS;SARC_WDLPS
soft_tissue_sarcoma,704,704,tpm_clean,ENSG00000153060,TEKT5,1,0.14,1,0.14,1,704,0.14,0,704,0.0,SARC_ANGIO;SARC_ASPS;SARC_DDLPS;SARC_DSRCT;SARC_EHE;SARC_EPITH;SARC_GIST;SARC_IFS;SARC_IMT;SARC_LGFMS;SARC_LMS;SARC_LPS_UNSPEC;SARC_MPNST;SARC_MYXFIB;SARC_RMS_ARMS;SARC_RMS_ERMS;SARC_RMS_PRMS;SARC_RMS_SSRMS;SARC_SYN;SARC_UPS;SARC_WDLPS
soft_tissue_sarcoma,704,704,tpm_clean,ENSG00000153779,TGIF2LX,0,0.0,0,0.0,0,704,0.0,0,704,0.0,SARC_ANGIO;SARC_ASPS;SARC_DDLPS;SARC_DSRCT;SARC_EHE;SARC_EPITH;SARC_GIST;SARC_IFS;SARC_IMT;SARC_LGFMS;SARC_LMS;SARC_LPS_UNSPEC;SARC_MPNST;SARC_MYXFIB;SARC_RMS_ARMS;SARC_RMS_ERMS;SARC_RMS_PRMS;SARC_RMS_SSRMS;SARC_SYN;SARC_UPS;SARC_WDLPS
soft_tissue_sarcoma,704,704,tpm_clean,ENSG00000155087,ODF1,0,0.0,0,0.0,0,704,0.0,0,704,0.0,SARC_ANGIO;SARC_ASPS;SARC_DDLPS;SARC_DSRCT;SARC_EHE;SARC_EPITH;SARC_GIST;SARC_IFS;SARC_IMT;SARC_LGFMS;SARC_LMS;SARC_LPS_UNSPEC;SARC_MPNST;SARC_MYXFIB;SARC_RMS_ARMS;SARC_RMS_ERMS;SARC_RMS_PRMS;SARC_RMS_SSRMS;SARC_SYN;SARC_UPS;SARC_WDLPS
soft_tissue_sarcoma,704,704,tpm_clean,ENSG00000155495,MAGEC1,9,1.28,3,0.43,4,704,0.57,0,704,0.0,SARC_ANGIO;SARC_ASPS;SARC_DDLPS;SARC_DSRCT;SARC_EHE;SARC_EPITH;SARC_GIST;SARC_IFS;SARC_IMT;SARC_LGFMS;SARC_LMS;SARC_LPS_UNSPEC;SARC_MPNST;SARC_MYXFIB;SARC_RMS_ARMS;SARC_RMS_ERMS;SARC_RMS_PRMS;SARC_RMS_SSRMS;SARC_SYN;SARC_UPS;SARC_WDLPS
soft_tissue_sarcoma,704,704,tpm_clean,ENSG00000155622,XAGE2,7,0.99,4,0.57,5,704,0.71,1,704,0.14,SARC_ANGIO;SARC_ASPS;SARC_DDLPS;SARC_DSRCT;SARC_EHE;SARC_EPITH;SARC_GIST;SARC_IFS;SARC_IMT;SARC_LGFMS;SARC_LMS;SARC_LPS_UNSPEC;SARC_MPNST;SARC_MYXFIB;SARC_RMS_ARMS;SARC_RMS_ERMS;SARC_RMS_PRMS;SARC_RMS_SSRMS;SARC_SYN;SARC_UPS;SARC_WDLPS
soft_tissue_sarcoma,704,704,tpm_clean,ENSG00000156009,MAGEA8,0,0.0,0,0.0,0,704,0.0,0,704,0.0,SARC_ANGIO;SARC_ASPS;SARC_DDLPS;SARC_DSRCT;SARC_EHE;SARC_EPITH;SARC_GIST;SARC_IFS;SARC_IMT;SARC_LGFMS;SARC_LMS;SARC_LPS_UNSPEC;SARC_MPNST;SARC_MYXFIB;SARC_RMS_ARMS;SARC_RMS_ERMS;SARC_RMS_PRMS;SARC_RMS_SSRMS;SARC_SYN;SARC_UPS;SARC_WDLPS
soft_tissue_sarcoma,704,704,tpm_clean,ENSG00000156269,NAA11,1,0.14,0,0.0,0,704,0.0,0,704,0.0,SARC_ANGIO;SARC_ASPS;SARC_DDLPS;SARC_DSRCT;SARC_EHE;SARC_EPITH;SARC_GIST;SARC_IFS;SARC_IMT;SARC_LGFMS;SARC_LMS;SARC_LPS_UNSPEC;SARC_MPNST;SARC_MYXFIB;SARC_RMS_ARMS;SARC_RMS_ERMS;SARC_RMS_PRMS;SARC_RMS_SSRMS;SARC_SYN;SARC_UPS;SARC_WDLPS
soft_tissue_sarcoma,704,704,tpm_clean,ENSG00000158639,PAGE5,61,8.66,54,7.67,55,704,7.81,44,704,6.25,SARC_ANGIO;SARC_ASPS;SARC_DDLPS;SARC_DSRCT;SARC_EHE;SARC_EPITH;SARC_GIST;SARC_IFS;SARC_IMT;SARC_LGFMS;SARC_LMS;SARC_LPS_UNSPEC;SARC_MPNST;SARC_MYXFIB;SARC_RMS_ARMS;SARC_RMS_ERMS;SARC_RMS_PRMS;SARC_RMS_SSRMS;SARC_SYN;SARC_UPS;SARC_WDLPS
soft_tissue_sarcoma,704,704,tpm_clean,ENSG00000159289,GOLGA6A,0,0.0,0,0.0,0,704,0.0,0,704,0.0,SARC_ANGIO;SARC_ASPS;SARC_DDLPS;SARC_DSRCT;SARC_EHE;SARC_EPITH;SARC_GIST;SARC_IFS;SARC_IMT;SARC_LGFMS;SARC_LMS;SARC_LPS_UNSPEC;SARC_MPNST;SARC_MYXFIB;SARC_RMS_ARMS;SARC_RMS_ERMS;SARC_RMS_PRMS;SARC_RMS_SSRMS;SARC_SYN;SARC_UPS;SARC_WDLPS
soft_tissue_sarcoma,704,704,tpm_clean,ENSG00000159708,LRRC36,3,0.43,1,0.14,1,704,0.14,0,704,0.0,SARC_ANGIO;SARC_ASPS;SARC_DDLPS;SARC_DSRCT;SARC_EHE;SARC_EPITH;SARC_GIST;SARC_IFS;SARC_IMT;SARC_LGFMS;SARC_LMS;SARC_LPS_UNSPEC;SARC_MPNST;SARC_MYXFIB;SARC_RMS_ARMS;SARC_RMS_ERMS;SARC_RMS_PRMS;SARC_RMS_SSRMS;SARC_SYN;SARC_UPS;SARC_WDLPS
soft_tissue_sarcoma,704,704,tpm_clean,ENSG00000161860,SYCE2,2,0.28,0,0.0,0,704,0.0,0,704,0.0,SARC_ANGIO;SARC_ASPS;SARC_DDLPS;SARC_DSRCT;SARC_EHE;SARC_EPITH;SARC_GIST;SARC_IFS;SARC_IMT;SARC_LGFMS;SARC_LMS;SARC_LPS_UNSPEC;SARC_MPNST;SARC_MYXFIB;SARC_RMS_ARMS;SARC_RMS_ERMS;SARC_RMS_PRMS;SARC_RMS_SSRMS;SARC_SYN;SARC_UPS;SARC_WDLPS
soft_tissue_sarcoma,704,704,tpm_clean,ENSG00000161973,CCDC42,0,0.0,0,0.0,0,704,0.0,0,704,0.0,SARC_ANGIO;SARC_ASPS;SARC_DDLPS;SARC_DSRCT;SARC_EHE;SARC_EPITH;SARC_GIST;SARC_IFS;SARC_IMT;SARC_LGFMS;SARC_LMS;SARC_LPS_UNSPEC;SARC_MPNST;SARC_MYXFIB;SARC_RMS_ARMS;SARC_RMS_ERMS;SARC_RMS_PRMS;SARC_RMS_SSRMS;SARC_SYN;SARC_UPS;SARC_WDLPS
soft_tissue_sarcoma,704,704,tpm_clean,ENSG00000162039,MEIOB,5,0.71,2,0.28,2,704,0.28,1,704,0.14,SARC_ANGIO;SARC_ASPS;SARC_DDLPS;SARC_DSRCT;SARC_EHE;SARC_EPITH;SARC_GIST;SARC_IFS;SARC_IMT;SARC_LGFMS;SARC_LMS;SARC_LPS_UNSPEC;SARC_MPNST;SARC_MYXFIB;SARC_RMS_ARMS;SARC_RMS_ERMS;SARC_RMS_PRMS;SARC_RMS_SSRMS;SARC_SYN;SARC_UPS;SARC_WDLPS
soft_tissue_sarcoma,704,704,tpm_clean,ENSG00000162641,AKNAD1,0,0.0,0,0.0,0,704,0.0,0,704,0.0,SARC_ANGIO;SARC_ASPS;SARC_DDLPS;SARC_DSRCT;SARC_EHE;SARC_EPITH;SARC_GIST;SARC_IFS;SARC_IMT;SARC_LGFMS;SARC_LMS;SARC_LPS_UNSPEC;SARC_MPNST;SARC_MYXFIB;SARC_RMS_ARMS;SARC_RMS_ERMS;SARC_RMS_PRMS;SARC_RMS_SSRMS;SARC_SYN;SARC_UPS;SARC_WDLPS
soft_tissue_sarcoma,704,704,tpm_clean,ENSG00000162771,GARIN4,0,0.0,0,0.0,0,704,0.0,0,704,0.0,SARC_ANGIO;SARC_ASPS;SARC_DDLPS;SARC_DSRCT;SARC_EHE;SARC_EPITH;SARC_GIST;SARC_IFS;SARC_IMT;SARC_LGFMS;SARC_LMS;SARC_LPS_UNSPEC;SARC_MPNST;SARC_MYXFIB;SARC_RMS_ARMS;SARC_RMS_ERMS;SARC_RMS_PRMS;SARC_RMS_SSRMS;SARC_SYN;SARC_UPS;SARC_WDLPS
soft_tissue_sarcoma,704,704,tpm_clean,ENSG00000162843,WDR64,1,0.14,0,0.0,1,704,0.14,0,704,0.0,SARC_ANGIO;SARC_ASPS;SARC_DDLPS;SARC_DSRCT;SARC_EHE;SARC_EPITH;SARC_GIST;SARC_IFS;SARC_IMT;SARC_LGFMS;SARC_LMS;SARC_LPS_UNSPEC;SARC_MPNST;SARC_MYXFIB;SARC_RMS_ARMS;SARC_RMS_ERMS;SARC_RMS_PRMS;SARC_RMS_SSRMS;SARC_SYN;SARC_UPS;SARC_WDLPS
soft_tissue_sarcoma,704,704,tpm_clean,ENSG00000163114,PDHA2,0,0.0,0,0.0,0,704,0.0,0,704,0.0,SARC_ANGIO;SARC_ASPS;SARC_DDLPS;SARC_DSRCT;SARC_EHE;SARC_EPITH;SARC_GIST;SARC_IFS;SARC_IMT;SARC_LGFMS;SARC_LMS;SARC_LPS_UNSPEC;SARC_MPNST;SARC_MYXFIB;SARC_RMS_ARMS;SARC_RMS_ERMS;SARC_RMS_PRMS;SARC_RMS_SSRMS;SARC_SYN;SARC_UPS;SARC_WDLPS
soft_tissue_sarcoma,704,704,tpm_clean,ENSG00000163530,DPPA2,0,0.0,0,0.0,0,704,0.0,0,704,0.0,SARC_ANGIO;SARC_ASPS;SARC_DDLPS;SARC_DSRCT;SARC_EHE;SARC_EPITH;SARC_GIST;SARC_IFS;SARC_IMT;SARC_LGFMS;SARC_LMS;SARC_LPS_UNSPEC;SARC_MPNST;SARC_MYXFIB;SARC_RMS_ARMS;SARC_RMS_ERMS;SARC_RMS_PRMS;SARC_RMS_SSRMS;SARC_SYN;SARC_UPS;SARC_WDLPS
soft_tissue_sarcoma,704,704,tpm_clean,ENSG00000164113,ADAD1,0,0.0,0,0.0,0,704,0.0,0,704,0.0,SARC_ANGIO;SARC_ASPS;SARC_DDLPS;SARC_DSRCT;SARC_EHE;SARC_EPITH;SARC_GIST;SARC_IFS;SARC_IMT;SARC_LGFMS;SARC_LMS;SARC_LPS_UNSPEC;SARC_MPNST;SARC_MYXFIB;SARC_RMS_ARMS;SARC_RMS_ERMS;SARC_RMS_PRMS;SARC_RMS_SSRMS;SARC_SYN;SARC_UPS;SARC_WDLPS
soft_tissue_sarcoma,704,704,tpm_clean,ENSG00000164304,CAGE1,0,0.0,0,0.0,0,704,0.0,0,704,0.0,SARC_ANGIO;SARC_ASPS;SARC_DDLPS;SARC_DSRCT;SARC_EHE;SARC_EPITH;SARC_GIST;SARC_IFS;SARC_IMT;SARC_LGFMS;SARC_LMS;SARC_LPS_UNSPEC;SARC_MPNST;SARC_MYXFIB;SARC_RMS_ARMS;SARC_RMS_ERMS;SARC_RMS_PRMS;SARC_RMS_SSRMS;SARC_SYN;SARC_UPS;SARC_WDLPS
soft_tissue_sarcoma,704,704,tpm_clean,ENSG00000165583,SSX5,0,0.0,0,0.0,0,704,0.0,0,704,0.0,SARC_ANGIO;SARC_ASPS;SARC_DDLPS;SARC_DSRCT;SARC_EHE;SARC_EPITH;SARC_GIST;SARC_IFS;SARC_IMT;SARC_LGFMS;SARC_LMS;SARC_LPS_UNSPEC;SARC_MPNST;SARC_MYXFIB;SARC_RMS_ARMS;SARC_RMS_ERMS;SARC_RMS_PRMS;SARC_RMS_SSRMS;SARC_SYN;SARC_UPS;SARC_WDLPS
soft_tissue_sarcoma,704,704,tpm_clean,ENSG00000165584,SSX3,1,0.14,0,0.0,0,704,0.0,0,704,0.0,SARC_ANGIO;SARC_ASPS;SARC_DDLPS;SARC_DSRCT;SARC_EHE;SARC_EPITH;SARC_GIST;SARC_IFS;SARC_IMT;SARC_LGFMS;SARC_LMS;SARC_LPS_UNSPEC;SARC_MPNST;SARC_MYXFIB;SARC_RMS_ARMS;SARC_RMS_ERMS;SARC_RMS_PRMS;SARC_RMS_SSRMS;SARC_SYN;SARC_UPS;SARC_WDLPS
soft_tissue_sarcoma,704,704,tpm_clean,ENSG00000166049,PASD1,2,0.28,0,0.0,0,704,0.0,0,704,0.0,SARC_ANGIO;SARC_ASPS;SARC_DDLPS;SARC_DSRCT;SARC_EHE;SARC_EPITH;SARC_GIST;SARC_IFS;SARC_IMT;SARC_LGFMS;SARC_LMS;SARC_LPS_UNSPEC;SARC_MPNST;SARC_MYXFIB;SARC_RMS_ARMS;SARC_RMS_ERMS;SARC_RMS_PRMS;SARC_RMS_SSRMS;SARC_SYN;SARC_UPS;SARC_WDLPS
soft_tissue_sarcoma,704,704,tpm_clean,ENSG00000166069,TMCO5A,0,0.0,0,0.0,0,704,0.0,0,704,0.0,SARC_ANGIO;SARC_ASPS;SARC_DDLPS;SARC_DSRCT;SARC_EHE;SARC_EPITH;SARC_GIST;SARC_IFS;SARC_IMT;SARC_LGFMS;SARC_LMS;SARC_LPS_UNSPEC;SARC_MPNST;SARC_MYXFIB;SARC_RMS_ARMS;SARC_RMS_ERMS;SARC_RMS_PRMS;SARC_RMS_SSRMS;SARC_SYN;SARC_UPS;SARC_WDLPS
soft_tissue_sarcoma,704,704,tpm_clean,ENSG00000166118,SPATA19,0,0.0,0,0.0,0,704,0.0,0,704,0.0,SARC_ANGIO;SARC_ASPS;SARC_DDLPS;SARC_DSRCT;SARC_EHE;SARC_EPITH;SARC_GIST;SARC_IFS;SARC_IMT;SARC_LGFMS;SARC_LMS;SARC_LPS_UNSPEC;SARC_MPNST;SARC_MYXFIB;SARC_RMS_ARMS;SARC_RMS_ERMS;SARC_RMS_PRMS;SARC_RMS_SSRMS;SARC_SYN;SARC_UPS;SARC_WDLPS
soft_tissue_sarcoma,704,704,tpm_clean,ENSG00000166796,LDHC,0,0.0,0,0.0,0,704,0.0,0,704,0.0,SARC_ANGIO;SARC_ASPS;SARC_DDLPS;SARC_DSRCT;SARC_EHE;SARC_EPITH;SARC_GIST;SARC_IFS;SARC_IMT;SARC_LGFMS;SARC_LMS;SARC_LPS_UNSPEC;SARC_MPNST;SARC_MYXFIB;SARC_RMS_ARMS;SARC_RMS_ERMS;SARC_RMS_PRMS;SARC_RMS_SSRMS;SARC_SYN;SARC_UPS;SARC_WDLPS
soft_tissue_sarcoma,704,704,tpm_clean,ENSG00000167098,SUN5,0,0.0,0,0.0,0,704,0.0,0,704,0.0,SARC_ANGIO;SARC_ASPS;SARC_DDLPS;SARC_DSRCT;SARC_EHE;SARC_EPITH;SARC_GIST;SARC_IFS;SARC_IMT;SARC_LGFMS;SARC_LMS;SARC_LPS_UNSPEC;SARC_MPNST;SARC_MYXFIB;SARC_RMS_ARMS;SARC_RMS_ERMS;SARC_RMS_PRMS;SARC_RMS_SSRMS;SARC_SYN;SARC_UPS;SARC_WDLPS
soft_tissue_sarcoma,704,704,tpm_clean,ENSG00000168594,ADAM29,0,0.0,0,0.0,0,704,0.0,0,704,0.0,SARC_ANGIO;SARC_ASPS;SARC_DDLPS;SARC_DSRCT;SARC_EHE;SARC_EPITH;SARC_GIST;SARC_IFS;SARC_IMT;SARC_LGFMS;SARC_LMS;SARC_LPS_UNSPEC;SARC_MPNST;SARC_MYXFIB;SARC_RMS_ARMS;SARC_RMS_ERMS;SARC_RMS_PRMS;SARC_RMS_SSRMS;SARC_SYN;SARC_UPS;SARC_WDLPS
soft_tissue_sarcoma,704,704,tpm_clean,ENSG00000168757,TSPY2,3,0.43,0,0.0,0,704,0.0,0,704,0.0,SARC_ANGIO;SARC_ASPS;SARC_DDLPS;SARC_DSRCT;SARC_EHE;SARC_EPITH;SARC_GIST;SARC_IFS;SARC_IMT;SARC_LGFMS;SARC_LMS;SARC_LPS_UNSPEC;SARC_MPNST;SARC_MYXFIB;SARC_RMS_ARMS;SARC_RMS_ERMS;SARC_RMS_PRMS;SARC_RMS_SSRMS;SARC_SYN;SARC_UPS;SARC_WDLPS
soft_tissue_sarcoma,704,704,tpm_clean,ENSG00000169059,VCX3A,7,0.99,2,0.28,4,704,0.57,0,704,0.0,SARC_ANGIO;SARC_ASPS;SARC_DDLPS;SARC_DSRCT;SARC_EHE;SARC_EPITH;SARC_GIST;SARC_IFS;SARC_IMT;SARC_LGFMS;SARC_LMS;SARC_LPS_UNSPEC;SARC_MPNST;SARC_MYXFIB;SARC_RMS_ARMS;SARC_RMS_ERMS;SARC_RMS_PRMS;SARC_RMS_SSRMS;SARC_SYN;SARC_UPS;SARC_WDLPS
soft_tissue_sarcoma,704,704,tpm_clean,ENSG00000169551,CT55,0,0.0,0,0.0,0,704,0.0,0,704,0.0,SARC_ANGIO;SARC_ASPS;SARC_DDLPS;SARC_DSRCT;SARC_EHE;SARC_EPITH;SARC_GIST;SARC_IFS;SARC_IMT;SARC_LGFMS;SARC_LMS;SARC_LPS_UNSPEC;SARC_MPNST;SARC_MYXFIB;SARC_RMS_ARMS;SARC_RMS_ERMS;SARC_RMS_PRMS;SARC_RMS_SSRMS;SARC_SYN;SARC_UPS;SARC_WDLPS
soft_tissue_sarcoma,704,704,tpm_clean,ENSG00000169800,RBMY1F,0,0.0,0,0.0,0,704,0.0,0,704,0.0,SARC_ANGIO;SARC_ASPS;SARC_DDLPS;SARC_DSRCT;SARC_EHE;SARC_EPITH;SARC_GIST;SARC_IFS;SARC_IMT;SARC_LGFMS;SARC_LMS;SARC_LPS_UNSPEC;SARC_MPNST;SARC_MYXFIB;SARC_RMS_ARMS;SARC_RMS_ERMS;SARC_RMS_PRMS;SARC_RMS_SSRMS;SARC_SYN;SARC_UPS;SARC_WDLPS
soft_tissue_sarcoma,704,704,tpm_clean,ENSG00000170516,COX7B2,7,0.99,3,0.43,3,704,0.43,1,704,0.14,SARC_ANGIO;SARC_ASPS;SARC_DDLPS;SARC_DSRCT;SARC_EHE;SARC_EPITH;SARC_GIST;SARC_IFS;SARC_IMT;SARC_LGFMS;SARC_LMS;SARC_LPS_UNSPEC;SARC_MPNST;SARC_MYXFIB;SARC_RMS_ARMS;SARC_RMS_ERMS;SARC_RMS_PRMS;SARC_RMS_SSRMS;SARC_SYN;SARC_UPS;SARC_WDLPS
soft_tissue_sarcoma,704,704,tpm_clean,ENSG00000170748,RBMXL2,0,0.0,0,0.0,0,704,0.0,0,704,0.0,SARC_ANGIO;SARC_ASPS;SARC_DDLPS;SARC_DSRCT;SARC_EHE;SARC_EPITH;SARC_GIST;SARC_IFS;SARC_IMT;SARC_LGFMS;SARC_LMS;SARC_LPS_UNSPEC;SARC_MPNST;SARC_MYXFIB;SARC_RMS_ARMS;SARC_RMS_ERMS;SARC_RMS_PRMS;SARC_RMS_SSRMS;SARC_SYN;SARC_UPS;SARC_WDLPS
soft_tissue_sarcoma,704,704,tpm_clean,ENSG00000170848,PSG6,0,0.0,0,0.0,0,704,0.0,0,704,0.0,SARC_ANGIO;SARC_ASPS;SARC_DDLPS;SARC_DSRCT;SARC_EHE;SARC_EPITH;SARC_GIST;SARC_IFS;SARC_IMT;SARC_LGFMS;SARC_LMS;SARC_LPS_UNSPEC;SARC_MPNST;SARC_MYXFIB;SARC_RMS_ARMS;SARC_RMS_ERMS;SARC_RMS_PRMS;SARC_RMS_SSRMS;SARC_SYN;SARC_UPS;SARC_WDLPS
soft_tissue_sarcoma,704,704,tpm_clean,ENSG00000170950,PGK2,0,0.0,0,0.0,0,704,0.0,0,704,0.0,SARC_ANGIO;SARC_ASPS;SARC_DDLPS;SARC_DSRCT;SARC_EHE;SARC_EPITH;SARC_GIST;SARC_IFS;SARC_IMT;SARC_LGFMS;SARC_LMS;SARC_LPS_UNSPEC;SARC_MPNST;SARC_MYXFIB;SARC_RMS_ARMS;SARC_RMS_ERMS;SARC_RMS_PRMS;SARC_RMS_SSRMS;SARC_SYN;SARC_UPS;SARC_WDLPS
soft_tissue_sarcoma,704,704,tpm_clean,ENSG00000170965,PLAC1,19,2.7,6,0.85,10,704,1.42,1,704,0.14,SARC_ANGIO;SARC_ASPS;SARC_DDLPS;SARC_DSRCT;SARC_EHE;SARC_EPITH;SARC_GIST;SARC_IFS;SARC_IMT;SARC_LGFMS;SARC_LMS;SARC_LPS_UNSPEC;SARC_MPNST;SARC_MYXFIB;SARC_RMS_ARMS;SARC_RMS_ERMS;SARC_RMS_PRMS;SARC_RMS_SSRMS;SARC_SYN;SARC_UPS;SARC_WDLPS
soft_tissue_sarcoma,704,704,tpm_clean,ENSG00000171402,XAGE3,1,0.14,1,0.14,1,704,0.14,0,704,0.0,SARC_ANGIO;SARC_ASPS;SARC_DDLPS;SARC_DSRCT;SARC_EHE;SARC_EPITH;SARC_GIST;SARC_IFS;SARC_IMT;SARC_LGFMS;SARC_LMS;SARC_LPS_UNSPEC;SARC_MPNST;SARC_MYXFIB;SARC_RMS_ARMS;SARC_RMS_ERMS;SARC_RMS_PRMS;SARC_RMS_SSRMS;SARC_SYN;SARC_UPS;SARC_WDLPS
soft_tissue_sarcoma,704,704,tpm_clean,ENSG00000171405,XAGE5,2,0.28,1,0.14,1,704,0.14,0,704,0.0,SARC_ANGIO;SARC_ASPS;SARC_DDLPS;SARC_DSRCT;SARC_EHE;SARC_EPITH;SARC_GIST;SARC_IFS;SARC_IMT;SARC_LGFMS;SARC_LMS;SARC_LPS_UNSPEC;SARC_MPNST;SARC_MYXFIB;SARC_RMS_ARMS;SARC_RMS_ERMS;SARC_RMS_PRMS;SARC_RMS_SSRMS;SARC_SYN;SARC_UPS;SARC_WDLPS
soft_tissue_sarcoma,704,704,tpm_clean,ENSG00000171794,UTF1,2,0.28,1,0.14,1,704,0.14,0,704,0.0,SARC_ANGIO;SARC_ASPS;SARC_DDLPS;SARC_DSRCT;SARC_EHE;SARC_EPITH;SARC_GIST;SARC_IFS;SARC_IMT;SARC_LGFMS;SARC_LMS;SARC_LPS_UNSPEC;SARC_MPNST;SARC_MYXFIB;SARC_RMS_ARMS;SARC_RMS_ERMS;SARC_RMS_PRMS;SARC_RMS_SSRMS;SARC_SYN;SARC_UPS;SARC_WDLPS
soft_tissue_sarcoma,704,704,tpm_clean,ENSG00000172073,TEX37,0,0.0,0,0.0,0,704,0.0,0,704,0.0,SARC_ANGIO;SARC_ASPS;SARC_DDLPS;SARC_DSRCT;SARC_EHE;SARC_EPITH;SARC_GIST;SARC_IFS;SARC_IMT;SARC_LGFMS;SARC_LMS;SARC_LPS_UNSPEC;SARC_MPNST;SARC_MYXFIB;SARC_RMS_ARMS;SARC_RMS_ERMS;SARC_RMS_PRMS;SARC_RMS_SSRMS;SARC_SYN;SARC_UPS;SARC_WDLPS
soft_tissue_sarcoma,704,704,tpm_clean,ENSG00000172717,GARIN2,0,0.0,0,0.0,0,704,0.0,0,704,0.0,SARC_ANGIO;SARC_ASPS;SARC_DDLPS;SARC_DSRCT;SARC_EHE;SARC_EPITH;SARC_GIST;SARC_IFS;SARC_IMT;SARC_LGFMS;SARC_LMS;SARC_LPS_UNSPEC;SARC_MPNST;SARC_MYXFIB;SARC_RMS_ARMS;SARC_RMS_ERMS;SARC_RMS_PRMS;SARC_RMS_SSRMS;SARC_SYN;SARC_UPS;SARC_WDLPS
soft_tissue_sarcoma,704,704,tpm_clean,ENSG00000174015,CBY2,0,0.0,0,0.0,0,704,0.0,0,704,0.0,SARC_ANGIO;SARC_ASPS;SARC_DDLPS;SARC_DSRCT;SARC_EHE;SARC_EPITH;SARC_GIST;SARC_IFS;SARC_IMT;SARC_LGFMS;SARC_LMS;SARC_LPS_UNSPEC;SARC_MPNST;SARC_MYXFIB;SARC_RMS_ARMS;SARC_RMS_ERMS;SARC_RMS_PRMS;SARC_RMS_SSRMS;SARC_SYN;SARC_UPS;SARC_WDLPS
soft_tissue_sarcoma,704,704,tpm_clean,ENSG00000174016,TENT5D,0,0.0,0,0.0,0,704,0.0,0,704,0.0,SARC_ANGIO;SARC_ASPS;SARC_DDLPS;SARC_DSRCT;SARC_EHE;SARC_EPITH;SARC_GIST;SARC_IFS;SARC_IMT;SARC_LGFMS;SARC_LMS;SARC_LPS_UNSPEC;SARC_MPNST;SARC_MYXFIB;SARC_RMS_ARMS;SARC_RMS_ERMS;SARC_RMS_PRMS;SARC_RMS_SSRMS;SARC_SYN;SARC_UPS;SARC_WDLPS
soft_tissue_sarcoma,704,704,tpm_clean,ENSG00000174898,CATSPERD,0,0.0,0,0.0,0,704,0.0,0,704,0.0,SARC_ANGIO;SARC_ASPS;SARC_DDLPS;SARC_DSRCT;SARC_EHE;SARC_EPITH;SARC_GIST;SARC_IFS;SARC_IMT;SARC_LGFMS;SARC_LMS;SARC_LPS_UNSPEC;SARC_MPNST;SARC_MYXFIB;SARC_RMS_ARMS;SARC_RMS_ERMS;SARC_RMS_PRMS;SARC_RMS_SSRMS;SARC_SYN;SARC_UPS;SARC_WDLPS
soft_tissue_sarcoma,704,704,tpm_clean,ENSG00000175646,PRM1,0,0.0,0,0.0,0,704,0.0,0,704,0.0,SARC_ANGIO;SARC_ASPS;SARC_DDLPS;SARC_DSRCT;SARC_EHE;SARC_EPITH;SARC_GIST;SARC_IFS;SARC_IMT;SARC_LGFMS;SARC_LMS;SARC_LPS_UNSPEC;SARC_MPNST;SARC_MYXFIB;SARC_RMS_ARMS;SARC_RMS_ERMS;SARC_RMS_PRMS;SARC_RMS_SSRMS;SARC_SYN;SARC_UPS;SARC_WDLPS
soft_tissue_sarcoma,704,704,tpm_clean,ENSG00000175809,CBLL2,0,0.0,0,0.0,0,704,0.0,0,704,0.0,SARC_ANGIO;SARC_ASPS;SARC_DDLPS;SARC_DSRCT;SARC_EHE;SARC_EPITH;SARC_GIST;SARC_IFS;SARC_IMT;SARC_LGFMS;SARC_LMS;SARC_LPS_UNSPEC;SARC_MPNST;SARC_MYXFIB;SARC_RMS_ARMS;SARC_RMS_ERMS;SARC_RMS_PRMS;SARC_RMS_SSRMS;SARC_SYN;SARC_UPS;SARC_WDLPS
soft_tissue_sarcoma,704,704,tpm_clean,ENSG00000175820,CCDC168,0,0.0,0,0.0,0,704,0.0,0,704,0.0,SARC_ANGIO;SARC_ASPS;SARC_DDLPS;SARC_DSRCT;SARC_EHE;SARC_EPITH;SARC_GIST;SARC_IFS;SARC_IMT;SARC_LGFMS;SARC_LMS;SARC_LPS_UNSPEC;SARC_MPNST;SARC_MYXFIB;SARC_RMS_ARMS;SARC_RMS_ERMS;SARC_RMS_PRMS;SARC_RMS_SSRMS;SARC_SYN;SARC_UPS;SARC_WDLPS
soft_tissue_sarcoma,704,704,tpm_clean,ENSG00000175877,TMEM270,0,0.0,0,0.0,0,704,0.0,0,704,0.0,SARC_ANGIO;SARC_ASPS;SARC_DDLPS;SARC_DSRCT;SARC_EHE;SARC_EPITH;SARC_GIST;SARC_IFS;SARC_IMT;SARC_LGFMS;SARC_LMS;SARC_LPS_UNSPEC;SARC_MPNST;SARC_MYXFIB;SARC_RMS_ARMS;SARC_RMS_ERMS;SARC_RMS_PRMS;SARC_RMS_SSRMS;SARC_SYN;SARC_UPS;SARC_WDLPS
soft_tissue_sarcoma,704,704,tpm_clean,ENSG00000176256,HMGB4,0,0.0,0,0.0,0,704,0.0,0,704,0.0,SARC_ANGIO;SARC_ASPS;SARC_DDLPS;SARC_DSRCT;SARC_EHE;SARC_EPITH;SARC_GIST;SARC_IFS;SARC_IMT;SARC_LGFMS;SARC_LMS;SARC_LPS_UNSPEC;SARC_MPNST;SARC_MYXFIB;SARC_RMS_ARMS;SARC_RMS_ERMS;SARC_RMS_PRMS;SARC_RMS_SSRMS;SARC_SYN;SARC_UPS;SARC_WDLPS
soft_tissue_sarcoma,704,704,tpm_clean,ENSG00000176566,DCAF4L2,0,0.0,0,0.0,0,704,0.0,0,704,0.0,SARC_ANGIO;SARC_ASPS;SARC_DDLPS;SARC_DSRCT;SARC_EHE;SARC_EPITH;SARC_GIST;SARC_IFS;SARC_IMT;SARC_LGFMS;SARC_LMS;SARC_LPS_UNSPEC;SARC_MPNST;SARC_MYXFIB;SARC_RMS_ARMS;SARC_RMS_ERMS;SARC_RMS_PRMS;SARC_RMS_SSRMS;SARC_SYN;SARC_UPS;SARC_WDLPS
soft_tissue_sarcoma,704,704,tpm_clean,ENSG00000176635,HORMAD2,0,0.0,0,0.0,0,704,0.0,0,704,0.0,SARC_ANGIO;SARC_ASPS;SARC_DDLPS;SARC_DSRCT;SARC_EHE;SARC_EPITH;SARC_GIST;SARC_IFS;SARC_IMT;SARC_LGFMS;SARC_LMS;SARC_LPS_UNSPEC;SARC_MPNST;SARC_MYXFIB;SARC_RMS_ARMS;SARC_RMS_ERMS;SARC_RMS_PRMS;SARC_RMS_SSRMS;SARC_SYN;SARC_UPS;SARC_WDLPS
soft_tissue_sarcoma,704,704,tpm_clean,ENSG00000176746,MAGEB6,0,0.0,0,0.0,0,704,0.0,0,704,0.0,SARC_ANGIO;SARC_ASPS;SARC_DDLPS;SARC_DSRCT;SARC_EHE;SARC_EPITH;SARC_GIST;SARC_IFS;SARC_IMT;SARC_LGFMS;SARC_LMS;SARC_LPS_UNSPEC;SARC_MPNST;SARC_MYXFIB;SARC_RMS_ARMS;SARC_RMS_ERMS;SARC_RMS_PRMS;SARC_RMS_SSRMS;SARC_SYN;SARC_UPS;SARC_WDLPS
soft_tissue_sarcoma,704,704,tpm_clean,ENSG00000176774,MAGEB18,0,0.0,0,0.0,0,704,0.0,0,704,0.0,SARC_ANGIO;SARC_ASPS;SARC_DDLPS;SARC_DSRCT;SARC_EHE;SARC_EPITH;SARC_GIST;SARC_IFS;SARC_IMT;SARC_LGFMS;SARC_LMS;SARC_LPS_UNSPEC;SARC_MPNST;SARC_MYXFIB;SARC_RMS_ARMS;SARC_RMS_ERMS;SARC_RMS_PRMS;SARC_RMS_SSRMS;SARC_SYN;SARC_UPS;SARC_WDLPS
soft_tissue_sarcoma,704,704,tpm_clean,ENSG00000176988,FMR1NB,2,0.28,1,0.14,1,704,0.14,1,704,0.14,SARC_ANGIO;SARC_ASPS;SARC_DDLPS;SARC_DSRCT;SARC_EHE;SARC_EPITH;SARC_GIST;SARC_IFS;SARC_IMT;SARC_LGFMS;SARC_LMS;SARC_LPS_UNSPEC;SARC_MPNST;SARC_MYXFIB;SARC_RMS_ARMS;SARC_RMS_ERMS;SARC_RMS_PRMS;SARC_RMS_SSRMS;SARC_SYN;SARC_UPS;SARC_WDLPS
soft_tissue_sarcoma,704,704,tpm_clean,ENSG00000177294,FBXO39,0,0.0,0,0.0,0,704,0.0,0,704,0.0,SARC_ANGIO;SARC_ASPS;SARC_DDLPS;SARC_DSRCT;SARC_EHE;SARC_EPITH;SARC_GIST;SARC_IFS;SARC_IMT;SARC_LGFMS;SARC_LMS;SARC_LPS_UNSPEC;SARC_MPNST;SARC_MYXFIB;SARC_RMS_ARMS;SARC_RMS_ERMS;SARC_RMS_PRMS;SARC_RMS_SSRMS;SARC_SYN;SARC_UPS;SARC_WDLPS
soft_tissue_sarcoma,704,704,tpm_clean,ENSG00000177673,TEX44,0,0.0,0,0.0,0,704,0.0,0,704,0.0,SARC_ANGIO;SARC_ASPS;SARC_DDLPS;SARC_DSRCT;SARC_EHE;SARC_EPITH;SARC_GIST;SARC_IFS;SARC_IMT;SARC_LGFMS;SARC_LMS;SARC_LPS_UNSPEC;SARC_MPNST;SARC_MYXFIB;SARC_RMS_ARMS;SARC_RMS_ERMS;SARC_RMS_PRMS;SARC_RMS_SSRMS;SARC_SYN;SARC_UPS;SARC_WDLPS
soft_tissue_sarcoma,704,704,tpm_clean,ENSG00000177689,MAGEB10,0,0.0,0,0.0,0,704,0.0,0,704,0.0,SARC_ANGIO;SARC_ASPS;SARC_DDLPS;SARC_DSRCT;SARC_EHE;SARC_EPITH;SARC_GIST;SARC_IFS;SARC_IMT;SARC_LGFMS;SARC_LMS;SARC_LPS_UNSPEC;SARC_MPNST;SARC_MYXFIB;SARC_RMS_ARMS;SARC_RMS_ERMS;SARC_RMS_PRMS;SARC_RMS_SSRMS;SARC_SYN;SARC_UPS;SARC_WDLPS
soft_tissue_sarcoma,704,704,tpm_clean,ENSG00000177947,ODF3,0,0.0,0,0.0,0,704,0.0,0,704,0.0,SARC_ANGIO;SARC_ASPS;SARC_DDLPS;SARC_DSRCT;SARC_EHE;SARC_EPITH;SARC_GIST;SARC_IFS;SARC_IMT;SARC_LGFMS;SARC_LMS;SARC_LPS_UNSPEC;SARC_MPNST;SARC_MYXFIB;SARC_RMS_ARMS;SARC_RMS_ERMS;SARC_RMS_PRMS;SARC_RMS_SSRMS;SARC_SYN;SARC_UPS;SARC_WDLPS
soft_tissue_sarcoma,704,704,tpm_clean,ENSG00000177992,SPATA31E1,0,0.0,0,0.0,0,704,0.0,0,704,0.0,SARC_ANGIO;SARC_ASPS;SARC_DDLPS;SARC_DSRCT;SARC_EHE;SARC_EPITH;SARC_GIST;SARC_IFS;SARC_IMT;SARC_LGFMS;SARC_LMS;SARC_LPS_UNSPEC;SARC_MPNST;SARC_MYXFIB;SARC_RMS_ARMS;SARC_RMS_ERMS;SARC_RMS_PRMS;SARC_RMS_SSRMS;SARC_SYN;SARC_UPS;SARC_WDLPS
soft_tissue_sarcoma,704,704,tpm_clean,ENSG00000178021,TSPYL6,0,0.0,0,0.0,0,704,0.0,0,704,0.0,SARC_ANGIO;SARC_ASPS;SARC_DDLPS;SARC_DSRCT;SARC_EHE;SARC_EPITH;SARC_GIST;SARC_IFS;SARC_IMT;SARC_LGFMS;SARC_LMS;SARC_LPS_UNSPEC;SARC_MPNST;SARC_MYXFIB;SARC_RMS_ARMS;SARC_RMS_ERMS;SARC_RMS_PRMS;SARC_RMS_SSRMS;SARC_SYN;SARC_UPS;SARC_WDLPS
soft_tissue_sarcoma,704,704,tpm_clean,ENSG00000178257,PRM3,0,0.0,0,0.0,0,704,0.0,0,704,0.0,SARC_ANGIO;SARC_ASPS;SARC_DDLPS;SARC_DSRCT;SARC_EHE;SARC_EPITH;SARC_GIST;SARC_IFS;SARC_IMT;SARC_LGFMS;SARC_LMS;SARC_LPS_UNSPEC;SARC_MPNST;SARC_MYXFIB;SARC_RMS_ARMS;SARC_RMS_ERMS;SARC_RMS_PRMS;SARC_RMS_SSRMS;SARC_SYN;SARC_UPS;SARC_WDLPS
soft_tissue_sarcoma,704,704,tpm_clean,ENSG00000178279,TNP2,0,0.0,0,0.0,0,704,0.0,0,704,0.0,SARC_ANGIO;SARC_ASPS;SARC_DDLPS;SARC_DSRCT;SARC_EHE;SARC_EPITH;SARC_GIST;SARC_IFS;SARC_IMT;SARC_LGFMS;SARC_LMS;SARC_LPS_UNSPEC;SARC_MPNST;SARC_MYXFIB;SARC_RMS_ARMS;SARC_RMS_ERMS;SARC_RMS_PRMS;SARC_RMS_SSRMS;SARC_SYN;SARC_UPS;SARC_WDLPS
soft_tissue_sarcoma,704,704,tpm_clean,ENSG00000178997,EXD1,0,0.0,0,0.0,0,704,0.0,0,704,0.0,SARC_ANGIO;SARC_ASPS;SARC_DDLPS;SARC_DSRCT;SARC_EHE;SARC_EPITH;SARC_GIST;SARC_IFS;SARC_IMT;SARC_LGFMS;SARC_LMS;SARC_LPS_UNSPEC;SARC_MPNST;SARC_MYXFIB;SARC_RMS_ARMS;SARC_RMS_ERMS;SARC_RMS_PRMS;SARC_RMS_SSRMS;SARC_SYN;SARC_UPS;SARC_WDLPS
soft_tissue_sarcoma,704,704,tpm_clean,ENSG00000179046,TRIML2,3,0.43,2,0.28,2,704,0.28,0,704,0.0,SARC_ANGIO;SARC_ASPS;SARC_DDLPS;SARC_DSRCT;SARC_EHE;SARC_EPITH;SARC_GIST;SARC_IFS;SARC_IMT;SARC_LGFMS;SARC_LMS;SARC_LPS_UNSPEC;SARC_MPNST;SARC_MYXFIB;SARC_RMS_ARMS;SARC_RMS_ERMS;SARC_RMS_PRMS;SARC_RMS_SSRMS;SARC_SYN;SARC_UPS;SARC_WDLPS
soft_tissue_sarcoma,704,704,tpm_clean,ENSG00000179059,ZFP42,0,0.0,0,0.0,0,704,0.0,0,704,0.0,SARC_ANGIO;SARC_ASPS;SARC_DDLPS;SARC_DSRCT;SARC_EHE;SARC_EPITH;SARC_GIST;SARC_IFS;SARC_IMT;SARC_LGFMS;SARC_LMS;SARC_LPS_UNSPEC;SARC_MPNST;SARC_MYXFIB;SARC_RMS_ARMS;SARC_RMS_ERMS;SARC_RMS_PRMS;SARC_RMS_SSRMS;SARC_SYN;SARC_UPS;SARC_WDLPS
soft_tissue_sarcoma,704,704,tpm_clean,ENSG00000179088,C12orf42,0,0.0,0,0.0,0,704,0.0,0,704,0.0,SARC_ANGIO;SARC_ASPS;SARC_DDLPS;SARC_DSRCT;SARC_EHE;SARC_EPITH;SARC_GIST;SARC_IFS;SARC_IMT;SARC_LGFMS;SARC_LMS;SARC_LPS_UNSPEC;SARC_MPNST;SARC_MYXFIB;SARC_RMS_ARMS;SARC_RMS_ERMS;SARC_RMS_PRMS;SARC_RMS_SSRMS;SARC_SYN;SARC_UPS;SARC_WDLPS
soft_tissue_sarcoma,704,704,tpm_clean,ENSG00000179407,DNAJB8,0,0.0,0,0.0,0,704,0.0,0,704,0.0,SARC_ANGIO;SARC_ASPS;SARC_DDLPS;SARC_DSRCT;SARC_EHE;SARC_EPITH;SARC_GIST;SARC_IFS;SARC_IMT;SARC_LGFMS;SARC_LMS;SARC_LPS_UNSPEC;SARC_MPNST;SARC_MYXFIB;SARC_RMS_ARMS;SARC_RMS_ERMS;SARC_RMS_PRMS;SARC_RMS_SSRMS;SARC_SYN;SARC_UPS;SARC_WDLPS
soft_tissue_sarcoma,704,704,tpm_clean,ENSG00000180138,CSNK1A1L,0,0.0,0,0.0,0,704,0.0,0,704,0.0,SARC_ANGIO;SARC_ASPS;SARC_DDLPS;SARC_DSRCT;SARC_EHE;SARC_EPITH;SARC_GIST;SARC_IFS;SARC_IMT;SARC_LGFMS;SARC_LMS;SARC_LPS_UNSPEC;SARC_MPNST;SARC_MYXFIB;SARC_RMS_ARMS;SARC_RMS_ERMS;SARC_RMS_PRMS;SARC_RMS_SSRMS;SARC_SYN;SARC_UPS;SARC_WDLPS
soft_tissue_sarcoma,704,704,tpm_clean,ENSG00000180336,MEIOC,0,0.0,0,0.0,0,704,0.0,0,704,0.0,SARC_ANGIO;SARC_ASPS;SARC_DDLPS;SARC_DSRCT;SARC_EHE;SARC_EPITH;SARC_GIST;SARC_IFS;SARC_IMT;SARC_LGFMS;SARC_LMS;SARC_LPS_UNSPEC;SARC_MPNST;SARC_MYXFIB;SARC_RMS_ARMS;SARC_RMS_ERMS;SARC_RMS_PRMS;SARC_RMS_SSRMS;SARC_SYN;SARC_UPS;SARC_WDLPS
soft_tissue_sarcoma,704,704,tpm_clean,ENSG00000181323,SPEM1,0,0.0,0,0.0,0,704,0.0,0,704,0.0,SARC_ANGIO;SARC_ASPS;SARC_DDLPS;SARC_DSRCT;SARC_EHE;SARC_EPITH;SARC_GIST;SARC_IFS;SARC_IMT;SARC_LGFMS;SARC_LMS;SARC_LPS_UNSPEC;SARC_MPNST;SARC_MYXFIB;SARC_RMS_ARMS;SARC_RMS_ERMS;SARC_RMS_PRMS;SARC_RMS_SSRMS;SARC_SYN;SARC_UPS;SARC_WDLPS
soft_tissue_sarcoma,704,704,tpm_clean,ENSG00000181433,SAGE1,1,0.14,0,0.0,0,704,0.0,0,704,0.0,SARC_ANGIO;SARC_ASPS;SARC_DDLPS;SARC_DSRCT;SARC_EHE;SARC_EPITH;SARC_GIST;SARC_IFS;SARC_IMT;SARC_LGFMS;SARC_LMS;SARC_LPS_UNSPEC;SARC_MPNST;SARC_MYXFIB;SARC_RMS_ARMS;SARC_RMS_ERMS;SARC_RMS_PRMS;SARC_RMS_SSRMS;SARC_SYN;SARC_UPS;SARC_WDLPS
soft_tissue_sarcoma,704,704,tpm_clean,ENSG00000182308,DCAF4L1,0,0.0,0,0.0,0,704,0.0,0,704,0.0,SARC_ANGIO;SARC_ASPS;SARC_DDLPS;SARC_DSRCT;SARC_EHE;SARC_EPITH;SARC_GIST;SARC_IFS;SARC_IMT;SARC_LGFMS;SARC_LMS;SARC_LPS_UNSPEC;SARC_MPNST;SARC_MYXFIB;SARC_RMS_ARMS;SARC_RMS_ERMS;SARC_RMS_PRMS;SARC_RMS_SSRMS;SARC_SYN;SARC_UPS;SARC_WDLPS
soft_tissue_sarcoma,704,704,tpm_clean,ENSG00000182459,TEX19,0,0.0,0,0.0,0,704,0.0,0,704,0.0,SARC_ANGIO;SARC_ASPS;SARC_DDLPS;SARC_DSRCT;SARC_EHE;SARC_EPITH;SARC_GIST;SARC_IFS;SARC_IMT;SARC_LGFMS;SARC_LMS;SARC_LPS_UNSPEC;SARC_MPNST;SARC_MYXFIB;SARC_RMS_ARMS;SARC_RMS_ERMS;SARC_RMS_PRMS;SARC_RMS_SSRMS;SARC_SYN;SARC_UPS;SARC_WDLPS
soft_tissue_sarcoma,704,704,tpm_clean,ENSG00000182583,VCX,3,0.43,2,0.28,2,704,0.28,1,704,0.14,SARC_ANGIO;SARC_ASPS;SARC_DDLPS;SARC_DSRCT;SARC_EHE;SARC_EPITH;SARC_GIST;SARC_IFS;SARC_IMT;SARC_LGFMS;SARC_LMS;SARC_LPS_UNSPEC;SARC_MPNST;SARC_MYXFIB;SARC_RMS_ARMS;SARC_RMS_ERMS;SARC_RMS_PRMS;SARC_RMS_SSRMS;SARC_SYN;SARC_UPS;SARC_WDLPS
soft_tissue_sarcoma,704,704,tpm_clean,ENSG00000183206,POTEC,0,0.0,0,0.0,0,704,0.0,0,704,0.0,SARC_ANGIO;SARC_ASPS;SARC_DDLPS;SARC_DSRCT;SARC_EHE;SARC_EPITH;SARC_GIST;SARC_IFS;SARC_IMT;SARC_LGFMS;SARC_LMS;SARC_LPS_UNSPEC;SARC_MPNST;SARC_MYXFIB;SARC_RMS_ARMS;SARC_RMS_ERMS;SARC_RMS_PRMS;SARC_RMS_SSRMS;SARC_SYN;SARC_UPS;SARC_WDLPS
soft_tissue_sarcoma,704,704,tpm_clean,ENSG00000183305,MAGEA2/MAGEA2B,73,10.37,34,4.83,45,704,6.39,10,704,1.42,SARC_ANGIO;SARC_ASPS;SARC_DDLPS;SARC_DSRCT;SARC_EHE;SARC_EPITH;SARC_GIST;SARC_IFS;SARC_IMT;SARC_LGFMS;SARC_LMS;SARC_LPS_UNSPEC;SARC_MPNST;SARC_MYXFIB;SARC_RMS_ARMS;SARC_RMS_ERMS;SARC_RMS_PRMS;SARC_RMS_SSRMS;SARC_SYN;SARC_UPS;SARC_WDLPS
soft_tissue_sarcoma,704,704,tpm_clean,ENSG00000183434,TFDP3,0,0.0,0,0.0,0,704,0.0,0,704,0.0,SARC_ANGIO;SARC_ASPS;SARC_DDLPS;SARC_DSRCT;SARC_EHE;SARC_EPITH;SARC_GIST;SARC_IFS;SARC_IMT;SARC_LGFMS;SARC_LMS;SARC_LPS_UNSPEC;SARC_MPNST;SARC_MYXFIB;SARC_RMS_ARMS;SARC_RMS_ERMS;SARC_RMS_PRMS;SARC_RMS_SSRMS;SARC_SYN;SARC_UPS;SARC_WDLPS
soft_tissue_sarcoma,704,704,tpm_clean,ENSG00000183668,PSG9,3,0.43,1,0.14,1,704,0.14,0,704,0.0,SARC_ANGIO;SARC_ASPS;SARC_DDLPS;SARC_DSRCT;SARC_EHE;SARC_EPITH;SARC_GIST;SARC_IFS;SARC_IMT;SARC_LGFMS;SARC_LMS;SARC_LPS_UNSPEC;SARC_MPNST;SARC_MYXFIB;SARC_RMS_ARMS;SARC_RMS_ERMS;SARC_RMS_PRMS;SARC_RMS_SSRMS;SARC_SYN;SARC_UPS;SARC_WDLPS
soft_tissue_sarcoma,704,704,tpm_clean,ENSG00000184033,CTAG1A/B,67,9.52,61,8.66,62,704,8.81,56,704,7.95,SARC_ANGIO;SARC_ASPS;SARC_DDLPS;SARC_DSRCT;SARC_EHE;SARC_EPITH;SARC_GIST;SARC_IFS;SARC_IMT;SARC_LGFMS;SARC_LMS;SARC_LPS_UNSPEC;SARC_MPNST;SARC_MYXFIB;SARC_RMS_ARMS;SARC_RMS_ERMS;SARC_RMS_PRMS;SARC_RMS_SSRMS;SARC_SYN;SARC_UPS;SARC_WDLPS
soft_tissue_sarcoma,704,704,tpm_clean,ENSG00000184361,SPATA32,0,0.0,0,0.0,0,704,0.0,0,704,0.0,SARC_ANGIO;SARC_ASPS;SARC_DDLPS;SARC_DSRCT;SARC_EHE;SARC_EPITH;SARC_GIST;SARC_IFS;SARC_IMT;SARC_LGFMS;SARC_LMS;SARC_LPS_UNSPEC;SARC_MPNST;SARC_MYXFIB;SARC_RMS_ARMS;SARC_RMS_ERMS;SARC_RMS_PRMS;SARC_RMS_SSRMS;SARC_SYN;SARC_UPS;SARC_WDLPS
soft_tissue_sarcoma,704,704,tpm_clean,ENSG00000184507,NUTM1,0,0.0,0,0.0,0,704,0.0,0,704,0.0,SARC_ANGIO;SARC_ASPS;SARC_DDLPS;SARC_DSRCT;SARC_EHE;SARC_EPITH;SARC_GIST;SARC_IFS;SARC_IMT;SARC_LGFMS;SARC_LMS;SARC_LPS_UNSPEC;SARC_MPNST;SARC_MYXFIB;SARC_RMS_ARMS;SARC_RMS_ERMS;SARC_RMS_PRMS;SARC_RMS_SSRMS;SARC_SYN;SARC_UPS;SARC_WDLPS
soft_tissue_sarcoma,704,704,tpm_clean,ENSG00000184650,ODF4,0,0.0,0,0.0,0,704,0.0,0,704,0.0,SARC_ANGIO;SARC_ASPS;SARC_DDLPS;SARC_DSRCT;SARC_EHE;SARC_EPITH;SARC_GIST;SARC_IFS;SARC_IMT;SARC_LGFMS;SARC_LMS;SARC_LPS_UNSPEC;SARC_MPNST;SARC_MYXFIB;SARC_RMS_ARMS;SARC_RMS_ERMS;SARC_RMS_PRMS;SARC_RMS_SSRMS;SARC_SYN;SARC_UPS;SARC_WDLPS
soft_tissue_sarcoma,704,704,tpm_clean,ENSG00000184735,DDX53,0,0.0,0,0.0,0,704,0.0,0,704,0.0,SARC_ANGIO;SARC_ASPS;SARC_DDLPS;SARC_DSRCT;SARC_EHE;SARC_EPITH;SARC_GIST;SARC_IFS;SARC_IMT;SARC_LGFMS;SARC_LMS;SARC_LPS_UNSPEC;SARC_MPNST;SARC_MYXFIB;SARC_RMS_ARMS;SARC_RMS_ERMS;SARC_RMS_PRMS;SARC_RMS_SSRMS;SARC_SYN;SARC_UPS;SARC_WDLPS
soft_tissue_sarcoma,704,704,tpm_clean,ENSG00000185264,TEX33,0,0.0,0,0.0,0,704,0.0,0,704,0.0,SARC_ANGIO;SARC_ASPS;SARC_DDLPS;SARC_DSRCT;SARC_EHE;SARC_EPITH;SARC_GIST;SARC_IFS;SARC_IMT;SARC_LGFMS;SARC_LMS;SARC_LPS_UNSPEC;SARC_MPNST;SARC_MYXFIB;SARC_RMS_ARMS;SARC_RMS_ERMS;SARC_RMS_PRMS;SARC_RMS_SSRMS;SARC_SYN;SARC_UPS;SARC_WDLPS
soft_tissue_sarcoma,704,704,tpm_clean,ENSG00000185686,PRAME,216,30.68,195,27.7,200,704,28.41,178,704,25.28,SARC_ANGIO;SARC_ASPS;SARC_DDLPS;SARC_DSRCT;SARC_EHE;SARC_EPITH;SARC_GIST;SARC_IFS;SARC_IMT;SARC_LGFMS;SARC_LMS;SARC_LPS_UNSPEC;SARC_MPNST;SARC_MYXFIB;SARC_RMS_ARMS;SARC_RMS_ERMS;SARC_RMS_PRMS;SARC_RMS_SSRMS;SARC_SYN;SARC_UPS;SARC_WDLPS
soft_tissue_sarcoma,704,704,tpm_clean,ENSG00000185775,SPATA31A6,0,0.0,0,0.0,0,704,0.0,0,704,0.0,SARC_ANGIO;SARC_ASPS;SARC_DDLPS;SARC_DSRCT;SARC_EHE;SARC_EPITH;SARC_GIST;SARC_IFS;SARC_IMT;SARC_LGFMS;SARC_LMS;SARC_LPS_UNSPEC;SARC_MPNST;SARC_MYXFIB;SARC_RMS_ARMS;SARC_RMS_ERMS;SARC_RMS_PRMS;SARC_RMS_SSRMS;SARC_SYN;SARC_UPS;SARC_WDLPS
soft_tissue_sarcoma,704,704,tpm_clean,ENSG00000185792,NLRP9,0,0.0,0,0.0,0,704,0.0,0,704,0.0,SARC_ANGIO;SARC_ASPS;SARC_DDLPS;SARC_DSRCT;SARC_EHE;SARC_EPITH;SARC_GIST;SARC_IFS;SARC_IMT;SARC_LGFMS;SARC_LMS;SARC_LPS_UNSPEC;SARC_MPNST;SARC_MYXFIB;SARC_RMS_ARMS;SARC_RMS_ERMS;SARC_RMS_PRMS;SARC_RMS_SSRMS;SARC_SYN;SARC_UPS;SARC_WDLPS
soft_tissue_sarcoma,704,704,tpm_clean,ENSG00000185863,TMEM210,0,0.0,0,0.0,0,704,0.0,0,704,0.0,SARC_ANGIO;SARC_ASPS;SARC_DDLPS;SARC_DSRCT;SARC_EHE;SARC_EPITH;SARC_GIST;SARC_IFS;SARC_IMT;SARC_LGFMS;SARC_LMS;SARC_LPS_UNSPEC;SARC_MPNST;SARC_MYXFIB;SARC_RMS_ARMS;SARC_RMS_ERMS;SARC_RMS_PRMS;SARC_RMS_SSRMS;SARC_SYN;SARC_UPS;SARC_WDLPS
soft_tissue_sarcoma,704,704,tpm_clean,ENSG00000186075,ZPBP2,0,0.0,0,0.0,0,704,0.0,0,704,0.0,SARC_ANGIO;SARC_ASPS;SARC_DDLPS;SARC_DSRCT;SARC_EHE;SARC_EPITH;SARC_GIST;SARC_IFS;SARC_IMT;SARC_LGFMS;SARC_LMS;SARC_LPS_UNSPEC;SARC_MPNST;SARC_MYXFIB;SARC_RMS_ARMS;SARC_RMS_ERMS;SARC_RMS_PRMS;SARC_RMS_SSRMS;SARC_SYN;SARC_UPS;SARC_WDLPS
soft_tissue_sarcoma,704,704,tpm_clean,ENSG00000186118,TEX38,0,0.0,0,0.0,0,704,0.0,0,704,0.0,SARC_ANGIO;SARC_ASPS;SARC_DDLPS;SARC_DSRCT;SARC_EHE;SARC_EPITH;SARC_GIST;SARC_IFS;SARC_IMT;SARC_LGFMS;SARC_LMS;SARC_LPS_UNSPEC;SARC_MPNST;SARC_MYXFIB;SARC_RMS_ARMS;SARC_RMS_ERMS;SARC_RMS_PRMS;SARC_RMS_SSRMS;SARC_SYN;SARC_UPS;SARC_WDLPS
soft_tissue_sarcoma,704,704,tpm_clean,ENSG00000186451,SPATA12,0,0.0,0,0.0,0,704,0.0,0,704,0.0,SARC_ANGIO;SARC_ASPS;SARC_DDLPS;SARC_DSRCT;SARC_EHE;SARC_EPITH;SARC_GIST;SARC_IFS;SARC_IMT;SARC_LGFMS;SARC_LMS;SARC_LPS_UNSPEC;SARC_MPNST;SARC_MYXFIB;SARC_RMS_ARMS;SARC_RMS_ERMS;SARC_RMS_PRMS;SARC_RMS_SSRMS;SARC_SYN;SARC_UPS;SARC_WDLPS
soft_tissue_sarcoma,704,704,tpm_clean,ENSG00000186788,SPATA31D3,0,0.0,0,0.0,0,704,0.0,0,704,0.0,SARC_ANGIO;SARC_ASPS;SARC_DDLPS;SARC_DSRCT;SARC_EHE;SARC_EPITH;SARC_GIST;SARC_IFS;SARC_IMT;SARC_LGFMS;SARC_LMS;SARC_LPS_UNSPEC;SARC_MPNST;SARC_MYXFIB;SARC_RMS_ARMS;SARC_RMS_ERMS;SARC_RMS_PRMS;SARC_RMS_SSRMS;SARC_SYN;SARC_UPS;SARC_WDLPS
soft_tissue_sarcoma,704,704,tpm_clean,ENSG00000187003,ACTL7A,0,0.0,0,0.0,0,704,0.0,0,704,0.0,SARC_ANGIO;SARC_ASPS;SARC_DDLPS;SARC_DSRCT;SARC_EHE;SARC_EPITH;SARC_GIST;SARC_IFS;SARC_IMT;SARC_LGFMS;SARC_LMS;SARC_LPS_UNSPEC;SARC_MPNST;SARC_MYXFIB;SARC_RMS_ARMS;SARC_RMS_ERMS;SARC_RMS_PRMS;SARC_RMS_SSRMS;SARC_SYN;SARC_UPS;SARC_WDLPS
soft_tissue_sarcoma,704,704,tpm_clean,ENSG00000187191,DAZ3,3,0.43,1,0.14,2,704,0.28,0,704,0.0,SARC_ANGIO;SARC_ASPS;SARC_DDLPS;SARC_DSRCT;SARC_EHE;SARC_EPITH;SARC_GIST;SARC_IFS;SARC_IMT;SARC_LGFMS;SARC_LMS;SARC_LPS_UNSPEC;SARC_MPNST;SARC_MYXFIB;SARC_RMS_ARMS;SARC_RMS_ERMS;SARC_RMS_PRMS;SARC_RMS_SSRMS;SARC_SYN;SARC_UPS;SARC_WDLPS
soft_tissue_sarcoma,704,704,tpm_clean,ENSG00000187754,SSX7,0,0.0,0,0.0,0,704,0.0,0,704,0.0,SARC_ANGIO;SARC_ASPS;SARC_DDLPS;SARC_DSRCT;SARC_EHE;SARC_EPITH;SARC_GIST;SARC_IFS;SARC_IMT;SARC_LGFMS;SARC_LMS;SARC_LPS_UNSPEC;SARC_MPNST;SARC_MYXFIB;SARC_RMS_ARMS;SARC_RMS_ERMS;SARC_RMS_PRMS;SARC_RMS_SSRMS;SARC_SYN;SARC_UPS;SARC_WDLPS
soft_tissue_sarcoma,704,704,tpm_clean,ENSG00000187772,LIN28B,2,0.28,1,0.14,1,704,0.14,0,704,0.0,SARC_ANGIO;SARC_ASPS;SARC_DDLPS;SARC_DSRCT;SARC_EHE;SARC_EPITH;SARC_GIST;SARC_IFS;SARC_IMT;SARC_LGFMS;SARC_LMS;SARC_LPS_UNSPEC;SARC_MPNST;SARC_MYXFIB;SARC_RMS_ARMS;SARC_RMS_ERMS;SARC_RMS_PRMS;SARC_RMS_SSRMS;SARC_SYN;SARC_UPS;SARC_WDLPS
soft_tissue_sarcoma,704,704,tpm_clean,ENSG00000188120,DAZ1,16,2.27,14,1.99,14,704,1.99,12,704,1.7,SARC_ANGIO;SARC_ASPS;SARC_DDLPS;SARC_DSRCT;SARC_EHE;SARC_EPITH;SARC_GIST;SARC_IFS;SARC_IMT;SARC_LGFMS;SARC_LMS;SARC_LPS_UNSPEC;SARC_MPNST;SARC_MYXFIB;SARC_RMS_ARMS;SARC_RMS_ERMS;SARC_RMS_PRMS;SARC_RMS_SSRMS;SARC_SYN;SARC_UPS;SARC_WDLPS
soft_tissue_sarcoma,704,704,tpm_clean,ENSG00000188425,NANOS2,0,0.0,0,0.0,0,704,0.0,0,704,0.0,SARC_ANGIO;SARC_ASPS;SARC_DDLPS;SARC_DSRCT;SARC_EHE;SARC_EPITH;SARC_GIST;SARC_IFS;SARC_IMT;SARC_LGFMS;SARC_LMS;SARC_LPS_UNSPEC;SARC_MPNST;SARC_MYXFIB;SARC_RMS_ARMS;SARC_RMS_ERMS;SARC_RMS_PRMS;SARC_RMS_SSRMS;SARC_SYN;SARC_UPS;SARC_WDLPS
soft_tissue_sarcoma,704,704,tpm_clean,ENSG00000188782,CATSPER4,0,0.0,0,0.0,0,704,0.0,0,704,0.0,SARC_ANGIO;SARC_ASPS;SARC_DDLPS;SARC_DSRCT;SARC_EHE;SARC_EPITH;SARC_GIST;SARC_IFS;SARC_IMT;SARC_LGFMS;SARC_LMS;SARC_LPS_UNSPEC;SARC_MPNST;SARC_MYXFIB;SARC_RMS_ARMS;SARC_RMS_ERMS;SARC_RMS_PRMS;SARC_RMS_SSRMS;SARC_SYN;SARC_UPS;SARC_WDLPS
soft_tissue_sarcoma,704,704,tpm_clean,ENSG00000189023,MAGEB16,0,0.0,0,0.0,0,704,0.0,0,704,0.0,SARC_ANGIO;SARC_ASPS;SARC_DDLPS;SARC_DSRCT;SARC_EHE;SARC_EPITH;SARC_GIST;SARC_IFS;SARC_IMT;SARC_LGFMS;SARC_LMS;SARC_LPS_UNSPEC;SARC_MPNST;SARC_MYXFIB;SARC_RMS_ARMS;SARC_RMS_ERMS;SARC_RMS_PRMS;SARC_RMS_SSRMS;SARC_SYN;SARC_UPS;SARC_WDLPS
soft_tissue_sarcoma,704,704,tpm_clean,ENSG00000189052,CGB5/8,10,1.42,6,0.85,8,704,1.14,4,704,0.57,SARC_ANGIO;SARC_ASPS;SARC_DDLPS;SARC_DSRCT;SARC_EHE;SARC_EPITH;SARC_GIST;SARC_IFS;SARC_IMT;SARC_LGFMS;SARC_LMS;SARC_LPS_UNSPEC;SARC_MPNST;SARC_MYXFIB;SARC_RMS_ARMS;SARC_RMS_ERMS;SARC_RMS_PRMS;SARC_RMS_SSRMS;SARC_SYN;SARC_UPS;SARC_WDLPS
soft_tissue_sarcoma,704,704,tpm_clean,ENSG00000189064,GAGE2A,26,3.69,20,2.84,22,704,3.12,16,704,2.27,SARC_ANGIO;SARC_ASPS;SARC_DDLPS;SARC_DSRCT;SARC_EHE;SARC_EPITH;SARC_GIST;SARC_IFS;SARC_IMT;SARC_LGFMS;SARC_LMS;SARC_LPS_UNSPEC;SARC_MPNST;SARC_MYXFIB;SARC_RMS_ARMS;SARC_RMS_ERMS;SARC_RMS_PRMS;SARC_RMS_SSRMS;SARC_SYN;SARC_UPS;SARC_WDLPS
soft_tissue_sarcoma,704,704,tpm_clean,ENSG00000189186,DCAF8L2,1,0.14,0,0.0,0,704,0.0,0,704,0.0,SARC_ANGIO;SARC_ASPS;SARC_DDLPS;SARC_DSRCT;SARC_EHE;SARC_EPITH;SARC_GIST;SARC_IFS;SARC_IMT;SARC_LGFMS;SARC_LMS;SARC_LPS_UNSPEC;SARC_MPNST;SARC_MYXFIB;SARC_RMS_ARMS;SARC_RMS_ERMS;SARC_RMS_PRMS;SARC_RMS_SSRMS;SARC_SYN;SARC_UPS;SARC_WDLPS
soft_tissue_sarcoma,704,704,tpm_clean,ENSG00000189252,SPANXN3,0,0.0,0,0.0,0,704,0.0,0,704,0.0,SARC_ANGIO;SARC_ASPS;SARC_DDLPS;SARC_DSRCT;SARC_EHE;SARC_EPITH;SARC_GIST;SARC_IFS;SARC_IMT;SARC_LGFMS;SARC_LMS;SARC_LPS_UNSPEC;SARC_MPNST;SARC_MYXFIB;SARC_RMS_ARMS;SARC_RMS_ERMS;SARC_RMS_PRMS;SARC_RMS_SSRMS;SARC_SYN;SARC_UPS;SARC_WDLPS
soft_tissue_sarcoma,704,704,tpm_clean,ENSG00000189326,SPANXN4,0,0.0,0,0.0,0,704,0.0,0,704,0.0,SARC_ANGIO;SARC_ASPS;SARC_DDLPS;SARC_DSRCT;SARC_EHE;SARC_EPITH;SARC_GIST;SARC_IFS;SARC_IMT;SARC_LGFMS;SARC_LMS;SARC_LPS_UNSPEC;SARC_MPNST;SARC_MYXFIB;SARC_RMS_ARMS;SARC_RMS_ERMS;SARC_RMS_PRMS;SARC_RMS_SSRMS;SARC_SYN;SARC_UPS;SARC_WDLPS
soft_tissue_sarcoma,704,704,tpm_clean,ENSG00000189357,SPATA31D4,0,0.0,0,0.0,0,704,0.0,0,704,0.0,SARC_ANGIO;SARC_ASPS;SARC_DDLPS;SARC_DSRCT;SARC_EHE;SARC_EPITH;SARC_GIST;SARC_IFS;SARC_IMT;SARC_LGFMS;SARC_LMS;SARC_LPS_UNSPEC;SARC_MPNST;SARC_MYXFIB;SARC_RMS_ARMS;SARC_RMS_ERMS;SARC_RMS_PRMS;SARC_RMS_SSRMS;SARC_SYN;SARC_UPS;SARC_WDLPS
soft_tissue_sarcoma,704,704,tpm_clean,ENSG00000196350,ZNF729,0,0.0,0,0.0,0,704,0.0,0,704,0.0,SARC_ANGIO;SARC_ASPS;SARC_DDLPS;SARC_DSRCT;SARC_EHE;SARC_EPITH;SARC_GIST;SARC_IFS;SARC_IMT;SARC_LGFMS;SARC_LMS;SARC_LPS_UNSPEC;SARC_MPNST;SARC_MYXFIB;SARC_RMS_ARMS;SARC_RMS_ERMS;SARC_RMS_PRMS;SARC_RMS_SSRMS;SARC_SYN;SARC_UPS;SARC_WDLPS
soft_tissue_sarcoma,704,704,tpm_clean,ENSG00000196406,SPANXD,3,0.43,2,0.28,2,704,0.28,1,704,0.14,SARC_ANGIO;SARC_ASPS;SARC_DDLPS;SARC_DSRCT;SARC_EHE;SARC_EPITH;SARC_GIST;SARC_IFS;SARC_IMT;SARC_LGFMS;SARC_LMS;SARC_LPS_UNSPEC;SARC_MPNST;SARC_MYXFIB;SARC_RMS_ARMS;SARC_RMS_ERMS;SARC_RMS_PRMS;SARC_RMS_SSRMS;SARC_SYN;SARC_UPS;SARC_WDLPS
soft_tissue_sarcoma,704,704,tpm_clean,ENSG00000196553,CCDC196,0,0.0,0,0.0,0,704,0.0,0,704,0.0,SARC_ANGIO;SARC_ASPS;SARC_DDLPS;SARC_DSRCT;SARC_EHE;SARC_EPITH;SARC_GIST;SARC_IFS;SARC_IMT;SARC_LGFMS;SARC_LMS;SARC_LPS_UNSPEC;SARC_MPNST;SARC_MYXFIB;SARC_RMS_ARMS;SARC_RMS_ERMS;SARC_RMS_PRMS;SARC_RMS_SSRMS;SARC_SYN;SARC_UPS;SARC_WDLPS
soft_tissue_sarcoma,704,704,tpm_clean,ENSG00000196604,POTEF,3,0.43,2,0.28,2,704,0.28,2,704,0.28,SARC_ANGIO;SARC_ASPS;SARC_DDLPS;SARC_DSRCT;SARC_EHE;SARC_EPITH;SARC_GIST;SARC_IFS;SARC_IMT;SARC_LGFMS;SARC_LMS;SARC_LPS_UNSPEC;SARC_MPNST;SARC_MYXFIB;SARC_RMS_ARMS;SARC_RMS_ERMS;SARC_RMS_PRMS;SARC_RMS_SSRMS;SARC_SYN;SARC_UPS;SARC_WDLPS
soft_tissue_sarcoma,704,704,tpm_clean,ENSG00000196862,RGPD4,0,0.0,0,0.0,0,704,0.0,0,704,0.0,SARC_ANGIO;SARC_ASPS;SARC_DDLPS;SARC_DSRCT;SARC_EHE;SARC_EPITH;SARC_GIST;SARC_IFS;SARC_IMT;SARC_LGFMS;SARC_LMS;SARC_LPS_UNSPEC;SARC_MPNST;SARC_MYXFIB;SARC_RMS_ARMS;SARC_RMS_ERMS;SARC_RMS_PRMS;SARC_RMS_SSRMS;SARC_SYN;SARC_UPS;SARC_WDLPS
soft_tissue_sarcoma,704,704,tpm_clean,ENSG00000197172,MAGEA6,70,9.94,32,4.55,38,704,5.4,5,704,0.71,SARC_ANGIO;SARC_ASPS;SARC_DDLPS;SARC_DSRCT;SARC_EHE;SARC_EPITH;SARC_GIST;SARC_IFS;SARC_IMT;SARC_LGFMS;SARC_LMS;SARC_LPS_UNSPEC;SARC_MPNST;SARC_MYXFIB;SARC_RMS_ARMS;SARC_RMS_ERMS;SARC_RMS_PRMS;SARC_RMS_SSRMS;SARC_SYN;SARC_UPS;SARC_WDLPS
soft_tissue_sarcoma,704,704,tpm_clean,ENSG00000198021,SPANXA1/2,4,0.57,2,0.28,2,704,0.28,0,704,0.0,SARC_ANGIO;SARC_ASPS;SARC_DDLPS;SARC_DSRCT;SARC_EHE;SARC_EPITH;SARC_GIST;SARC_IFS;SARC_IMT;SARC_LGFMS;SARC_LMS;SARC_LPS_UNSPEC;SARC_MPNST;SARC_MYXFIB;SARC_RMS_ARMS;SARC_RMS_ERMS;SARC_RMS_PRMS;SARC_RMS_SSRMS;SARC_SYN;SARC_UPS;SARC_WDLPS
soft_tissue_sarcoma,704,704,tpm_clean,ENSG00000198573,SPANXC,2,0.28,1,0.14,1,704,0.14,0,704,0.0,SARC_ANGIO;SARC_ASPS;SARC_DDLPS;SARC_DSRCT;SARC_EHE;SARC_EPITH;SARC_GIST;SARC_IFS;SARC_IMT;SARC_LGFMS;SARC_LMS;SARC_LPS_UNSPEC;SARC_MPNST;SARC_MYXFIB;SARC_RMS_ARMS;SARC_RMS_ERMS;SARC_RMS_PRMS;SARC_RMS_SSRMS;SARC_SYN;SARC_UPS;SARC_WDLPS
soft_tissue_sarcoma,704,704,tpm_clean,ENSG00000198681,MAGEA1,9,1.28,2,0.28,2,704,0.28,0,704,0.0,SARC_ANGIO;SARC_ASPS;SARC_DDLPS;SARC_DSRCT;SARC_EHE;SARC_EPITH;SARC_GIST;SARC_IFS;SARC_IMT;SARC_LGFMS;SARC_LMS;SARC_LPS_UNSPEC;SARC_MPNST;SARC_MYXFIB;SARC_RMS_ARMS;SARC_RMS_ERMS;SARC_RMS_PRMS;SARC_RMS_SSRMS;SARC_SYN;SARC_UPS;SARC_WDLPS
soft_tissue_sarcoma,704,704,tpm_clean,ENSG00000198759,EGFL6,46,6.53,26,3.69,31,704,4.4,13,704,1.85,SARC_ANGIO;SARC_ASPS;SARC_DDLPS;SARC_DSRCT;SARC_EHE;SARC_EPITH;SARC_GIST;SARC_IFS;SARC_IMT;SARC_LGFMS;SARC_LMS;SARC_LPS_UNSPEC;SARC_MPNST;SARC_MYXFIB;SARC_RMS_ARMS;SARC_RMS_ERMS;SARC_RMS_PRMS;SARC_RMS_SSRMS;SARC_SYN;SARC_UPS;SARC_WDLPS
soft_tissue_sarcoma,704,704,tpm_clean,ENSG00000198765,SYCP1,0,0.0,0,0.0,0,704,0.0,0,704,0.0,SARC_ANGIO;SARC_ASPS;SARC_DDLPS;SARC_DSRCT;SARC_EHE;SARC_EPITH;SARC_GIST;SARC_IFS;SARC_IMT;SARC_LGFMS;SARC_LMS;SARC_LPS_UNSPEC;SARC_MPNST;SARC_MYXFIB;SARC_RMS_ARMS;SARC_RMS_ERMS;SARC_RMS_PRMS;SARC_RMS_SSRMS;SARC_SYN;SARC_UPS;SARC_WDLPS
soft_tissue_sarcoma,704,704,tpm_clean,ENSG00000198870,STKLD1,0,0.0,0,0.0,0,704,0.0,0,704,0.0,SARC_ANGIO;SARC_ASPS;SARC_DDLPS;SARC_DSRCT;SARC_EHE;SARC_EPITH;SARC_GIST;SARC_IFS;SARC_IMT;SARC_LGFMS;SARC_LMS;SARC_LPS_UNSPEC;SARC_MPNST;SARC_MYXFIB;SARC_RMS_ARMS;SARC_RMS_ERMS;SARC_RMS_PRMS;SARC_RMS_SSRMS;SARC_SYN;SARC_UPS;SARC_WDLPS
soft_tissue_sarcoma,704,704,tpm_clean,ENSG00000203909,DPPA5,0,0.0,0,0.0,0,704,0.0,0,704,0.0,SARC_ANGIO;SARC_ASPS;SARC_DDLPS;SARC_DSRCT;SARC_EHE;SARC_EPITH;SARC_GIST;SARC_IFS;SARC_IMT;SARC_LGFMS;SARC_LMS;SARC_LPS_UNSPEC;SARC_MPNST;SARC_MYXFIB;SARC_RMS_ARMS;SARC_RMS_ERMS;SARC_RMS_PRMS;SARC_RMS_SSRMS;SARC_SYN;SARC_UPS;SARC_WDLPS
soft_tissue_sarcoma,704,704,tpm_clean,ENSG00000203923,SPANXN1,0,0.0,0,0.0,0,704,0.0,0,704,0.0,SARC_ANGIO;SARC_ASPS;SARC_DDLPS;SARC_DSRCT;SARC_EHE;SARC_EPITH;SARC_GIST;SARC_IFS;SARC_IMT;SARC_LGFMS;SARC_LMS;SARC_LPS_UNSPEC;SARC_MPNST;SARC_MYXFIB;SARC_RMS_ARMS;SARC_RMS_ERMS;SARC_RMS_PRMS;SARC_RMS_SSRMS;SARC_SYN;SARC_UPS;SARC_WDLPS
soft_tissue_sarcoma,704,704,tpm_clean,ENSG00000204019,CT83,0,0.0,0,0.0,0,704,0.0,0,704,0.0,SARC_ANGIO;SARC_ASPS;SARC_DDLPS;SARC_DSRCT;SARC_EHE;SARC_EPITH;SARC_GIST;SARC_IFS;SARC_IMT;SARC_LGFMS;SARC_LMS;SARC_LPS_UNSPEC;SARC_MPNST;SARC_MYXFIB;SARC_RMS_ARMS;SARC_RMS_ERMS;SARC_RMS_PRMS;SARC_RMS_SSRMS;SARC_SYN;SARC_UPS;SARC_WDLPS
soft_tissue_sarcoma,704,704,tpm_clean,ENSG00000204279,PAGE3,0,0.0,0,0.0,0,704,0.0,0,704,0.0,SARC_ANGIO;SARC_ASPS;SARC_DDLPS;SARC_DSRCT;SARC_EHE;SARC_EPITH;SARC_GIST;SARC_IFS;SARC_IMT;SARC_LGFMS;SARC_LMS;SARC_LPS_UNSPEC;SARC_MPNST;SARC_MYXFIB;SARC_RMS_ARMS;SARC_RMS_ERMS;SARC_RMS_PRMS;SARC_RMS_SSRMS;SARC_SYN;SARC_UPS;SARC_WDLPS
soft_tissue_sarcoma,704,704,tpm_clean,ENSG00000204363,SPANXN5,0,0.0,0,0.0,0,704,0.0,0,704,0.0,SARC_ANGIO;SARC_ASPS;SARC_DDLPS;SARC_DSRCT;SARC_EHE;SARC_EPITH;SARC_GIST;SARC_IFS;SARC_IMT;SARC_LGFMS;SARC_LMS;SARC_LPS_UNSPEC;SARC_MPNST;SARC_MYXFIB;SARC_RMS_ARMS;SARC_RMS_ERMS;SARC_RMS_PRMS;SARC_RMS_SSRMS;SARC_SYN;SARC_UPS;SARC_WDLPS
soft_tissue_sarcoma,704,704,tpm_clean,ENSG00000204379,XAGE1A/B,77,10.94,66,9.38,69,704,9.8,58,704,8.24,SARC_ANGIO;SARC_ASPS;SARC_DDLPS;SARC_DSRCT;SARC_EHE;SARC_EPITH;SARC_GIST;SARC_IFS;SARC_IMT;SARC_LGFMS;SARC_LMS;SARC_LPS_UNSPEC;SARC_MPNST;SARC_MYXFIB;SARC_RMS_ARMS;SARC_RMS_ERMS;SARC_RMS_PRMS;SARC_RMS_SSRMS;SARC_SYN;SARC_UPS;SARC_WDLPS
soft_tissue_sarcoma,704,704,tpm_clean,ENSG00000204450,TRIM64,0,0.0,0,0.0,0,704,0.0,0,704,0.0,SARC_ANGIO;SARC_ASPS;SARC_DDLPS;SARC_DSRCT;SARC_EHE;SARC_EPITH;SARC_GIST;SARC_IFS;SARC_IMT;SARC_LGFMS;SARC_LMS;SARC_LPS_UNSPEC;SARC_MPNST;SARC_MYXFIB;SARC_RMS_ARMS;SARC_RMS_ERMS;SARC_RMS_PRMS;SARC_RMS_SSRMS;SARC_SYN;SARC_UPS;SARC_WDLPS
soft_tissue_sarcoma,704,704,tpm_clean,ENSG00000204849,SPATA31A1,0,0.0,0,0.0,0,704,0.0,0,704,0.0,SARC_ANGIO;SARC_ASPS;SARC_DDLPS;SARC_DSRCT;SARC_EHE;SARC_EPITH;SARC_GIST;SARC_IFS;SARC_IMT;SARC_LGFMS;SARC_LMS;SARC_LPS_UNSPEC;SARC_MPNST;SARC_MYXFIB;SARC_RMS_ARMS;SARC_RMS_ERMS;SARC_RMS_PRMS;SARC_RMS_SSRMS;SARC_SYN;SARC_UPS;SARC_WDLPS
soft_tissue_sarcoma,704,704,tpm_clean,ENSG00000204941,PSG5,14,1.99,6,0.85,10,704,1.42,4,704,0.57,SARC_ANGIO;SARC_ASPS;SARC_DDLPS;SARC_DSRCT;SARC_EHE;SARC_EPITH;SARC_GIST;SARC_IFS;SARC_IMT;SARC_LGFMS;SARC_LMS;SARC_LPS_UNSPEC;SARC_MPNST;SARC_MYXFIB;SARC_RMS_ARMS;SARC_RMS_ERMS;SARC_RMS_PRMS;SARC_RMS_SSRMS;SARC_SYN;SARC_UPS;SARC_WDLPS
soft_tissue_sarcoma,704,704,tpm_clean,ENSG00000204961,PCDHA9,0,0.0,0,0.0,0,704,0.0,0,704,0.0,SARC_ANGIO;SARC_ASPS;SARC_DDLPS;SARC_DSRCT;SARC_EHE;SARC_EPITH;SARC_GIST;SARC_IFS;SARC_IMT;SARC_LGFMS;SARC_LMS;SARC_LPS_UNSPEC;SARC_MPNST;SARC_MYXFIB;SARC_RMS_ARMS;SARC_RMS_ERMS;SARC_RMS_PRMS;SARC_RMS_SSRMS;SARC_SYN;SARC_UPS;SARC_WDLPS
soft_tissue_sarcoma,704,704,tpm_clean,ENSG00000205359,SLCO6A1,0,0.0,0,0.0,0,704,0.0,0,704,0.0,SARC_ANGIO;SARC_ASPS;SARC_DDLPS;SARC_DSRCT;SARC_EHE;SARC_EPITH;SARC_GIST;SARC_IFS;SARC_IMT;SARC_LGFMS;SARC_LMS;SARC_LPS_UNSPEC;SARC_MPNST;SARC_MYXFIB;SARC_RMS_ARMS;SARC_RMS_ERMS;SARC_RMS_PRMS;SARC_RMS_SSRMS;SARC_SYN;SARC_UPS;SARC_WDLPS
soft_tissue_sarcoma,704,704,tpm_clean,ENSG00000205642,VCX3B,5,0.71,0,0.0,2,704,0.28,0,704,0.0,SARC_ANGIO;SARC_ASPS;SARC_DDLPS;SARC_DSRCT;SARC_EHE;SARC_EPITH;SARC_GIST;SARC_IFS;SARC_IMT;SARC_LGFMS;SARC_LMS;SARC_LPS_UNSPEC;SARC_MPNST;SARC_MYXFIB;SARC_RMS_ARMS;SARC_RMS_ERMS;SARC_RMS_PRMS;SARC_RMS_SSRMS;SARC_SYN;SARC_UPS;SARC_WDLPS
soft_tissue_sarcoma,704,704,tpm_clean,ENSG00000205777,GAGE1,30,4.26,20,2.84,23,704,3.27,16,704,2.27,SARC_ANGIO;SARC_ASPS;SARC_DDLPS;SARC_DSRCT;SARC_EHE;SARC_EPITH;SARC_GIST;SARC_IFS;SARC_IMT;SARC_LGFMS;SARC_LMS;SARC_LPS_UNSPEC;SARC_MPNST;SARC_MYXFIB;SARC_RMS_ARMS;SARC_RMS_ERMS;SARC_RMS_PRMS;SARC_RMS_SSRMS;SARC_SYN;SARC_UPS;SARC_WDLPS
soft_tissue_sarcoma,704,704,tpm_clean,ENSG00000212710,CTAGE1,0,0.0,0,0.0,0,704,0.0,0,704,0.0,SARC_ANGIO;SARC_ASPS;SARC_DDLPS;SARC_DSRCT;SARC_EHE;SARC_EPITH;SARC_GIST;SARC_IFS;SARC_IMT;SARC_LGFMS;SARC_LMS;SARC_LPS_UNSPEC;SARC_MPNST;SARC_MYXFIB;SARC_RMS_ARMS;SARC_RMS_ERMS;SARC_RMS_PRMS;SARC_RMS_SSRMS;SARC_SYN;SARC_UPS;SARC_WDLPS
soft_tissue_sarcoma,704,704,tpm_clean,ENSG00000213218,CSH2,1,0.14,0,0.0,0,704,0.0,0,704,0.0,SARC_ANGIO;SARC_ASPS;SARC_DDLPS;SARC_DSRCT;SARC_EHE;SARC_EPITH;SARC_GIST;SARC_IFS;SARC_IMT;SARC_LGFMS;SARC_LMS;SARC_LPS_UNSPEC;SARC_MPNST;SARC_MYXFIB;SARC_RMS_ARMS;SARC_RMS_ERMS;SARC_RMS_PRMS;SARC_RMS_SSRMS;SARC_SYN;SARC_UPS;SARC_WDLPS
soft_tissue_sarcoma,704,704,tpm_clean,ENSG00000213401,MAGEA12,51,7.24,18,2.56,24,704,3.41,4,704,0.57,SARC_ANGIO;SARC_ASPS;SARC_DDLPS;SARC_DSRCT;SARC_EHE;SARC_EPITH;SARC_GIST;SARC_IFS;SARC_IMT;SARC_LGFMS;SARC_LMS;SARC_LPS_UNSPEC;SARC_MPNST;SARC_MYXFIB;SARC_RMS_ARMS;SARC_RMS_ERMS;SARC_RMS_PRMS;SARC_RMS_SSRMS;SARC_SYN;SARC_UPS;SARC_WDLPS
soft_tissue_sarcoma,704,704,tpm_clean,ENSG00000214107,MAGEB1,2,0.28,0,0.0,0,704,0.0,0,704,0.0,SARC_ANGIO;SARC_ASPS;SARC_DDLPS;SARC_DSRCT;SARC_EHE;SARC_EPITH;SARC_GIST;SARC_IFS;SARC_IMT;SARC_LGFMS;SARC_LMS;SARC_LPS_UNSPEC;SARC_MPNST;SARC_MYXFIB;SARC_RMS_ARMS;SARC_RMS_ERMS;SARC_RMS_PRMS;SARC_RMS_SSRMS;SARC_SYN;SARC_UPS;SARC_WDLPS
soft_tissue_sarcoma,704,704,tpm_clean,ENSG00000215113,CXorf49/CXorf49B,11,1.56,4,0.57,4,704,0.57,1,704,0.14,SARC_ANGIO;SARC_ASPS;SARC_DDLPS;SARC_DSRCT;SARC_EHE;SARC_EPITH;SARC_GIST;SARC_IFS;SARC_IMT;SARC_LGFMS;SARC_LMS;SARC_LPS_UNSPEC;SARC_MPNST;SARC_MYXFIB;SARC_RMS_ARMS;SARC_RMS_ERMS;SARC_RMS_PRMS;SARC_RMS_SSRMS;SARC_SYN;SARC_UPS;SARC_WDLPS
soft_tissue_sarcoma,704,704,tpm_clean,ENSG00000215269,GAGE12F/G,0,0.0,0,0.0,0,704,0.0,0,704,0.0,SARC_ANGIO;SARC_ASPS;SARC_DDLPS;SARC_DSRCT;SARC_EHE;SARC_EPITH;SARC_GIST;SARC_IFS;SARC_IMT;SARC_LGFMS;SARC_LMS;SARC_LPS_UNSPEC;SARC_MPNST;SARC_MYXFIB;SARC_RMS_ARMS;SARC_RMS_ERMS;SARC_RMS_PRMS;SARC_RMS_SSRMS;SARC_SYN;SARC_UPS;SARC_WDLPS
soft_tissue_sarcoma,704,704,tpm_clean,ENSG00000215274,GAGE10,4,0.57,0,0.0,2,704,0.28,0,704,0.0,SARC_ANGIO;SARC_ASPS;SARC_DDLPS;SARC_DSRCT;SARC_EHE;SARC_EPITH;SARC_GIST;SARC_IFS;SARC_IMT;SARC_LGFMS;SARC_LMS;SARC_LPS_UNSPEC;SARC_MPNST;SARC_MYXFIB;SARC_RMS_ARMS;SARC_RMS_ERMS;SARC_RMS_PRMS;SARC_RMS_SSRMS;SARC_SYN;SARC_UPS;SARC_WDLPS
soft_tissue_sarcoma,704,704,tpm_clean,ENSG00000215529,EFCAB8,0,0.0,0,0.0,0,704,0.0,0,704,0.0,SARC_ANGIO;SARC_ASPS;SARC_DDLPS;SARC_DSRCT;SARC_EHE;SARC_EPITH;SARC_GIST;SARC_IFS;SARC_IMT;SARC_LGFMS;SARC_LMS;SARC_LPS_UNSPEC;SARC_MPNST;SARC_MYXFIB;SARC_RMS_ARMS;SARC_RMS_ERMS;SARC_RMS_PRMS;SARC_RMS_SSRMS;SARC_SYN;SARC_UPS;SARC_WDLPS
soft_tissue_sarcoma,704,704,tpm_clean,ENSG00000215817,ZC3H11B,0,0.0,0,0.0,0,704,0.0,0,704,0.0,SARC_ANGIO;SARC_ASPS;SARC_DDLPS;SARC_DSRCT;SARC_EHE;SARC_EPITH;SARC_GIST;SARC_IFS;SARC_IMT;SARC_LGFMS;SARC_LMS;SARC_LPS_UNSPEC;SARC_MPNST;SARC_MYXFIB;SARC_RMS_ARMS;SARC_RMS_ERMS;SARC_RMS_PRMS;SARC_RMS_SSRMS;SARC_SYN;SARC_UPS;SARC_WDLPS
soft_tissue_sarcoma,704,704,tpm_clean,ENSG00000216649,GAGE12C/D/E,7,0.99,5,0.71,5,704,0.71,3,704,0.43,SARC_ANGIO;SARC_ASPS;SARC_DDLPS;SARC_DSRCT;SARC_EHE;SARC_EPITH;SARC_GIST;SARC_IFS;SARC_IMT;SARC_LGFMS;SARC_LMS;SARC_LPS_UNSPEC;SARC_MPNST;SARC_MYXFIB;SARC_RMS_ARMS;SARC_RMS_ERMS;SARC_RMS_PRMS;SARC_RMS_SSRMS;SARC_SYN;SARC_UPS;SARC_WDLPS
soft_tissue_sarcoma,704,704,tpm_clean,ENSG00000221826,PSG3,0,0.0,0,0.0,0,704,0.0,0,704,0.0,SARC_ANGIO;SARC_ASPS;SARC_DDLPS;SARC_DSRCT;SARC_EHE;SARC_EPITH;SARC_GIST;SARC_IFS;SARC_IMT;SARC_LGFMS;SARC_LMS;SARC_LPS_UNSPEC;SARC_MPNST;SARC_MYXFIB;SARC_RMS_ARMS;SARC_RMS_ERMS;SARC_RMS_PRMS;SARC_RMS_SSRMS;SARC_SYN;SARC_UPS;SARC_WDLPS
soft_tissue_sarcoma,704,704,tpm_clean,ENSG00000221867,MAGEA3,78,11.08,40,5.68,52,704,7.39,9,704,1.28,SARC_ANGIO;SARC_ASPS;SARC_DDLPS;SARC_DSRCT;SARC_EHE;SARC_EPITH;SARC_GIST;SARC_IFS;SARC_IMT;SARC_LGFMS;SARC_LMS;SARC_LPS_UNSPEC;SARC_MPNST;SARC_MYXFIB;SARC_RMS_ARMS;SARC_RMS_ERMS;SARC_RMS_PRMS;SARC_RMS_SSRMS;SARC_SYN;SARC_UPS;SARC_WDLPS
soft_tissue_sarcoma,704,704,tpm_clean,ENSG00000221878,PSG7,0,0.0,0,0.0,0,704,0.0,0,704,0.0,SARC_ANGIO;SARC_ASPS;SARC_DDLPS;SARC_DSRCT;SARC_EHE;SARC_EPITH;SARC_GIST;SARC_IFS;SARC_IMT;SARC_LGFMS;SARC_LMS;SARC_LPS_UNSPEC;SARC_MPNST;SARC_MYXFIB;SARC_RMS_ARMS;SARC_RMS_ERMS;SARC_RMS_PRMS;SARC_RMS_SSRMS;SARC_SYN;SARC_UPS;SARC_WDLPS
soft_tissue_sarcoma,704,704,tpm_clean,ENSG00000224089,CT47A1/2/3/4/5/6/7/8/9/10/11/12,0,0.0,0,0.0,0,704,0.0,0,704,0.0,SARC_ANGIO;SARC_ASPS;SARC_DDLPS;SARC_DSRCT;SARC_EHE;SARC_EPITH;SARC_GIST;SARC_IFS;SARC_IMT;SARC_LGFMS;SARC_LMS;SARC_LPS_UNSPEC;SARC_MPNST;SARC_MYXFIB;SARC_RMS_ARMS;SARC_RMS_ERMS;SARC_RMS_PRMS;SARC_RMS_SSRMS;SARC_SYN;SARC_UPS;SARC_WDLPS
soft_tissue_sarcoma,704,704,tpm_clean,ENSG00000224440,CXorf51A/B,0,0.0,0,0.0,0,704,0.0,0,704,0.0,SARC_ANGIO;SARC_ASPS;SARC_DDLPS;SARC_DSRCT;SARC_EHE;SARC_EPITH;SARC_GIST;SARC_IFS;SARC_IMT;SARC_LGFMS;SARC_LMS;SARC_LPS_UNSPEC;SARC_MPNST;SARC_MYXFIB;SARC_RMS_ARMS;SARC_RMS_ERMS;SARC_RMS_PRMS;SARC_RMS_SSRMS;SARC_SYN;SARC_UPS;SARC_WDLPS
soft_tissue_sarcoma,704,704,tpm_clean,ENSG00000224659,GAGE12J,7,0.99,5,0.71,6,704,0.85,2,704,0.28,SARC_ANGIO;SARC_ASPS;SARC_DDLPS;SARC_DSRCT;SARC_EHE;SARC_EPITH;SARC_GIST;SARC_IFS;SARC_IMT;SARC_LGFMS;SARC_LMS;SARC_LPS_UNSPEC;SARC_MPNST;SARC_MYXFIB;SARC_RMS_ARMS;SARC_RMS_ERMS;SARC_RMS_PRMS;SARC_RMS_SSRMS;SARC_SYN;SARC_UPS;SARC_WDLPS
soft_tissue_sarcoma,704,704,tpm_clean,ENSG00000224902,GAGE12H,7,0.99,4,0.57,5,704,0.71,3,704,0.43,SARC_ANGIO;SARC_ASPS;SARC_DDLPS;SARC_DSRCT;SARC_EHE;SARC_EPITH;SARC_GIST;SARC_IFS;SARC_IMT;SARC_LGFMS;SARC_LMS;SARC_LPS_UNSPEC;SARC_MPNST;SARC_MYXFIB;SARC_RMS_ARMS;SARC_RMS_ERMS;SARC_RMS_PRMS;SARC_RMS_SSRMS;SARC_SYN;SARC_UPS;SARC_WDLPS
soft_tissue_sarcoma,704,0,tpm_clean,ENSG00000224960,PPP4R3C,0,,0,,0,0,,0,0,,SARC_ANGIO;SARC_ASPS;SARC_DDLPS;SARC_DSRCT;SARC_EHE;SARC_EPITH;SARC_GIST;SARC_IFS;SARC_IMT;SARC_LGFMS;SARC_LMS;SARC_LPS_UNSPEC;SARC_MPNST;SARC_MYXFIB;SARC_RMS_ARMS;SARC_RMS_ERMS;SARC_RMS_PRMS;SARC_RMS_SSRMS;SARC_SYN;SARC_UPS;SARC_WDLPS
soft_tissue_sarcoma,704,704,tpm_clean,ENSG00000226650,KIF4B,0,0.0,0,0.0,0,704,0.0,0,704,0.0,SARC_ANGIO;SARC_ASPS;SARC_DDLPS;SARC_DSRCT;SARC_EHE;SARC_EPITH;SARC_GIST;SARC_IFS;SARC_IMT;SARC_LGFMS;SARC_LMS;SARC_LPS_UNSPEC;SARC_MPNST;SARC_MYXFIB;SARC_RMS_ARMS;SARC_RMS_ERMS;SARC_RMS_PRMS;SARC_RMS_SSRMS;SARC_SYN;SARC_UPS;SARC_WDLPS
soft_tissue_sarcoma,704,704,tpm_clean,ENSG00000227234,SPANXB1,16,2.27,6,0.85,6,704,0.85,4,704,0.57,SARC_ANGIO;SARC_ASPS;SARC_DDLPS;SARC_DSRCT;SARC_EHE;SARC_EPITH;SARC_GIST;SARC_IFS;SARC_IMT;SARC_LGFMS;SARC_LMS;SARC_LPS_UNSPEC;SARC_MPNST;SARC_MYXFIB;SARC_RMS_ARMS;SARC_RMS_ERMS;SARC_RMS_PRMS;SARC_RMS_SSRMS;SARC_SYN;SARC_UPS;SARC_WDLPS
soft_tissue_sarcoma,704,704,tpm_clean,ENSG00000228836,CT45A5/6/7,3,0.43,3,0.43,3,704,0.43,0,704,0.0,SARC_ANGIO;SARC_ASPS;SARC_DDLPS;SARC_DSRCT;SARC_EHE;SARC_EPITH;SARC_GIST;SARC_IFS;SARC_IMT;SARC_LGFMS;SARC_LMS;SARC_LPS_UNSPEC;SARC_MPNST;SARC_MYXFIB;SARC_RMS_ARMS;SARC_RMS_ERMS;SARC_RMS_PRMS;SARC_RMS_SSRMS;SARC_SYN;SARC_UPS;SARC_WDLPS
soft_tissue_sarcoma,704,704,tpm_clean,ENSG00000228927,TSPY3,0,0.0,0,0.0,0,704,0.0,0,704,0.0,SARC_ANGIO;SARC_ASPS;SARC_DDLPS;SARC_DSRCT;SARC_EHE;SARC_EPITH;SARC_GIST;SARC_IFS;SARC_IMT;SARC_LGFMS;SARC_LMS;SARC_LPS_UNSPEC;SARC_MPNST;SARC_MYXFIB;SARC_RMS_ARMS;SARC_RMS_ERMS;SARC_RMS_PRMS;SARC_RMS_SSRMS;SARC_SYN;SARC_UPS;SARC_WDLPS
soft_tissue_sarcoma,704,704,tpm_clean,ENSG00000229549,TSPY8,0,0.0,0,0.0,0,704,0.0,0,704,0.0,SARC_ANGIO;SARC_ASPS;SARC_DDLPS;SARC_DSRCT;SARC_EHE;SARC_EPITH;SARC_GIST;SARC_IFS;SARC_IMT;SARC_LGFMS;SARC_LMS;SARC_LPS_UNSPEC;SARC_MPNST;SARC_MYXFIB;SARC_RMS_ARMS;SARC_RMS_ERMS;SARC_RMS_PRMS;SARC_RMS_SSRMS;SARC_SYN;SARC_UPS;SARC_WDLPS
soft_tissue_sarcoma,704,0,tpm_clean,ENSG00000230601,TEX48,0,,0,,0,0,,0,0,,SARC_ANGIO;SARC_ASPS;SARC_DDLPS;SARC_DSRCT;SARC_EHE;SARC_EPITH;SARC_GIST;SARC_IFS;SARC_IMT;SARC_LGFMS;SARC_LMS;SARC_LPS_UNSPEC;SARC_MPNST;SARC_MYXFIB;SARC_RMS_ARMS;SARC_RMS_ERMS;SARC_RMS_PRMS;SARC_RMS_SSRMS;SARC_SYN;SARC_UPS;SARC_WDLPS
soft_tissue_sarcoma,704,704,tpm_clean,ENSG00000231924,PSG1,10,1.42,5,0.71,5,704,0.71,2,704,0.28,SARC_ANGIO;SARC_ASPS;SARC_DDLPS;SARC_DSRCT;SARC_EHE;SARC_EPITH;SARC_GIST;SARC_IFS;SARC_IMT;SARC_LGFMS;SARC_LMS;SARC_LPS_UNSPEC;SARC_MPNST;SARC_MYXFIB;SARC_RMS_ARMS;SARC_RMS_ERMS;SARC_RMS_PRMS;SARC_RMS_SSRMS;SARC_SYN;SARC_UPS;SARC_WDLPS
soft_tissue_sarcoma,704,704,tpm_clean,ENSG00000233056,ERVH48-1,3,0.43,0,0.0,1,704,0.14,0,704,0.0,SARC_ANGIO;SARC_ASPS;SARC_DDLPS;SARC_DSRCT;SARC_EHE;SARC_EPITH;SARC_GIST;SARC_IFS;SARC_IMT;SARC_LGFMS;SARC_LMS;SARC_LPS_UNSPEC;SARC_MPNST;SARC_MYXFIB;SARC_RMS_ARMS;SARC_RMS_ERMS;SARC_RMS_PRMS;SARC_RMS_SSRMS;SARC_SYN;SARC_UPS;SARC_WDLPS
soft_tissue_sarcoma,704,704,tpm_clean,ENSG00000233803,TSPY4,4,0.57,1,0.14,2,704,0.28,1,704,0.14,SARC_ANGIO;SARC_ASPS;SARC_DDLPS;SARC_DSRCT;SARC_EHE;SARC_EPITH;SARC_GIST;SARC_IFS;SARC_IMT;SARC_LGFMS;SARC_LMS;SARC_LPS_UNSPEC;SARC_MPNST;SARC_MYXFIB;SARC_RMS_ARMS;SARC_RMS_ERMS;SARC_RMS_PRMS;SARC_RMS_SSRMS;SARC_SYN;SARC_UPS;SARC_WDLPS
soft_tissue_sarcoma,704,704,tpm_clean,ENSG00000234068,PAGE2,41,5.82,36,5.11,37,704,5.26,32,704,4.55,SARC_ANGIO;SARC_ASPS;SARC_DDLPS;SARC_DSRCT;SARC_EHE;SARC_EPITH;SARC_GIST;SARC_IFS;SARC_IMT;SARC_LGFMS;SARC_LMS;SARC_LPS_UNSPEC;SARC_MPNST;SARC_MYXFIB;SARC_RMS_ARMS;SARC_RMS_ERMS;SARC_RMS_PRMS;SARC_RMS_SSRMS;SARC_SYN;SARC_UPS;SARC_WDLPS
soft_tissue_sarcoma,704,704,tpm_clean,ENSG00000234414,RBMY1A1,1,0.14,0,0.0,0,704,0.0,0,704,0.0,SARC_ANGIO;SARC_ASPS;SARC_DDLPS;SARC_DSRCT;SARC_EHE;SARC_EPITH;SARC_GIST;SARC_IFS;SARC_IMT;SARC_LGFMS;SARC_LMS;SARC_LPS_UNSPEC;SARC_MPNST;SARC_MYXFIB;SARC_RMS_ARMS;SARC_RMS_ERMS;SARC_RMS_PRMS;SARC_RMS_SSRMS;SARC_SYN;SARC_UPS;SARC_WDLPS
soft_tissue_sarcoma,704,704,tpm_clean,ENSG00000235631,RNF148,0,0.0,0,0.0,0,704,0.0,0,704,0.0,SARC_ANGIO;SARC_ASPS;SARC_DDLPS;SARC_DSRCT;SARC_EHE;SARC_EPITH;SARC_GIST;SARC_IFS;SARC_IMT;SARC_LGFMS;SARC_LMS;SARC_LPS_UNSPEC;SARC_MPNST;SARC_MYXFIB;SARC_RMS_ARMS;SARC_RMS_ERMS;SARC_RMS_PRMS;SARC_RMS_SSRMS;SARC_SYN;SARC_UPS;SARC_WDLPS
soft_tissue_sarcoma,704,704,tpm_clean,ENSG00000236424,TSPY10,1,0.14,1,0.14,1,704,0.14,0,704,0.0,SARC_ANGIO;SARC_ASPS;SARC_DDLPS;SARC_DSRCT;SARC_EHE;SARC_EPITH;SARC_GIST;SARC_IFS;SARC_IMT;SARC_LGFMS;SARC_LMS;SARC_LPS_UNSPEC;SARC_MPNST;SARC_MYXFIB;SARC_RMS_ARMS;SARC_RMS_ERMS;SARC_RMS_PRMS;SARC_RMS_SSRMS;SARC_SYN;SARC_UPS;SARC_WDLPS
soft_tissue_sarcoma,704,704,tpm_clean,ENSG00000236446,CT47B1,1,0.14,0,0.0,0,704,0.0,0,704,0.0,SARC_ANGIO;SARC_ASPS;SARC_DDLPS;SARC_DSRCT;SARC_EHE;SARC_EPITH;SARC_GIST;SARC_IFS;SARC_IMT;SARC_LGFMS;SARC_LMS;SARC_LPS_UNSPEC;SARC_MPNST;SARC_MYXFIB;SARC_RMS_ARMS;SARC_RMS_ERMS;SARC_RMS_PRMS;SARC_RMS_SSRMS;SARC_SYN;SARC_UPS;SARC_WDLPS
soft_tissue_sarcoma,704,704,tpm_clean,ENSG00000236761,CTAGE9,0,0.0,0,0.0,0,704,0.0,0,704,0.0,SARC_ANGIO;SARC_ASPS;SARC_DDLPS;SARC_DSRCT;SARC_EHE;SARC_EPITH;SARC_GIST;SARC_IFS;SARC_IMT;SARC_LGFMS;SARC_LMS;SARC_LPS_UNSPEC;SARC_MPNST;SARC_MYXFIB;SARC_RMS_ARMS;SARC_RMS_ERMS;SARC_RMS_PRMS;SARC_RMS_SSRMS;SARC_SYN;SARC_UPS;SARC_WDLPS
soft_tissue_sarcoma,704,704,tpm_clean,ENSG00000238269,PAGE2B,35,4.97,31,4.4,33,704,4.69,24,704,3.41,SARC_ANGIO;SARC_ASPS;SARC_DDLPS;SARC_DSRCT;SARC_EHE;SARC_EPITH;SARC_GIST;SARC_IFS;SARC_IMT;SARC_LGFMS;SARC_LMS;SARC_LPS_UNSPEC;SARC_MPNST;SARC_MYXFIB;SARC_RMS_ARMS;SARC_RMS_ERMS;SARC_RMS_PRMS;SARC_RMS_SSRMS;SARC_SYN;SARC_UPS;SARC_WDLPS
soft_tissue_sarcoma,704,704,tpm_clean,ENSG00000240021,TEX35,0,0.0,0,0.0,0,704,0.0,0,704,0.0,SARC_ANGIO;SARC_ASPS;SARC_DDLPS;SARC_DSRCT;SARC_EHE;SARC_EPITH;SARC_GIST;SARC_IFS;SARC_IMT;SARC_LGFMS;SARC_LMS;SARC_LPS_UNSPEC;SARC_MPNST;SARC_MYXFIB;SARC_RMS_ARMS;SARC_RMS_ERMS;SARC_RMS_PRMS;SARC_RMS_SSRMS;SARC_SYN;SARC_UPS;SARC_WDLPS
soft_tissue_sarcoma,704,0,tpm_clean,ENSG00000241149,ZNF722,0,,0,,0,0,,0,0,,SARC_ANGIO;SARC_ASPS;SARC_DDLPS;SARC_DSRCT;SARC_EHE;SARC_EPITH;SARC_GIST;SARC_IFS;SARC_IMT;SARC_LGFMS;SARC_LMS;SARC_LPS_UNSPEC;SARC_MPNST;SARC_MYXFIB;SARC_RMS_ARMS;SARC_RMS_ERMS;SARC_RMS_PRMS;SARC_RMS_SSRMS;SARC_SYN;SARC_UPS;SARC_WDLPS
soft_tissue_sarcoma,704,704,tpm_clean,ENSG00000241476,SSX2/SSX2B,38,5.4,27,3.84,29,704,4.12,14,704,1.99,SARC_ANGIO;SARC_ASPS;SARC_DDLPS;SARC_DSRCT;SARC_EHE;SARC_EPITH;SARC_GIST;SARC_IFS;SARC_IMT;SARC_LGFMS;SARC_LMS;SARC_LPS_UNSPEC;SARC_MPNST;SARC_MYXFIB;SARC_RMS_ARMS;SARC_RMS_ERMS;SARC_RMS_PRMS;SARC_RMS_SSRMS;SARC_SYN;SARC_UPS;SARC_WDLPS
soft_tissue_sarcoma,704,704,tpm_clean,ENSG00000242221,PSG2,1,0.14,1,0.14,1,704,0.14,1,704,0.14,SARC_ANGIO;SARC_ASPS;SARC_DDLPS;SARC_DSRCT;SARC_EHE;SARC_EPITH;SARC_GIST;SARC_IFS;SARC_IMT;SARC_LGFMS;SARC_LMS;SARC_LPS_UNSPEC;SARC_MPNST;SARC_MYXFIB;SARC_RMS_ARMS;SARC_RMS_ERMS;SARC_RMS_PRMS;SARC_RMS_SSRMS;SARC_SYN;SARC_UPS;SARC_WDLPS
soft_tissue_sarcoma,704,704,tpm_clean,ENSG00000242389,RBMY1E,1,0.14,1,0.14,1,704,0.14,0,704,0.0,SARC_ANGIO;SARC_ASPS;SARC_DDLPS;SARC_DSRCT;SARC_EHE;SARC_EPITH;SARC_GIST;SARC_IFS;SARC_IMT;SARC_LGFMS;SARC_LMS;SARC_LPS_UNSPEC;SARC_MPNST;SARC_MYXFIB;SARC_RMS_ARMS;SARC_RMS_ERMS;SARC_RMS_PRMS;SARC_RMS_SSRMS;SARC_SYN;SARC_UPS;SARC_WDLPS
soft_tissue_sarcoma,704,704,tpm_clean,ENSG00000242875,RBMY1B,0,0.0,0,0.0,0,704,0.0,0,704,0.0,SARC_ANGIO;SARC_ASPS;SARC_DDLPS;SARC_DSRCT;SARC_EHE;SARC_EPITH;SARC_GIST;SARC_IFS;SARC_IMT;SARC_LGFMS;SARC_LMS;SARC_LPS_UNSPEC;SARC_MPNST;SARC_MYXFIB;SARC_RMS_ARMS;SARC_RMS_ERMS;SARC_RMS_PRMS;SARC_RMS_SSRMS;SARC_SYN;SARC_UPS;SARC_WDLPS
soft_tissue_sarcoma,704,704,tpm_clean,ENSG00000243130,PSG11,7,0.99,3,0.43,5,704,0.71,2,704,0.28,SARC_ANGIO;SARC_ASPS;SARC_DDLPS;SARC_DSRCT;SARC_EHE;SARC_EPITH;SARC_GIST;SARC_IFS;SARC_IMT;SARC_LGFMS;SARC_LMS;SARC_LPS_UNSPEC;SARC_MPNST;SARC_MYXFIB;SARC_RMS_ARMS;SARC_RMS_ERMS;SARC_RMS_PRMS;SARC_RMS_SSRMS;SARC_SYN;SARC_UPS;SARC_WDLPS
soft_tissue_sarcoma,704,704,tpm_clean,ENSG00000244395,RBMY1D,0,0.0,0,0.0,0,704,0.0,0,704,0.0,SARC_ANGIO;SARC_ASPS;SARC_DDLPS;SARC_DSRCT;SARC_EHE;SARC_EPITH;SARC_GIST;SARC_IFS;SARC_IMT;SARC_LGFMS;SARC_LMS;SARC_LPS_UNSPEC;SARC_MPNST;SARC_MYXFIB;SARC_RMS_ARMS;SARC_RMS_ERMS;SARC_RMS_PRMS;SARC_RMS_SSRMS;SARC_SYN;SARC_UPS;SARC_WDLPS
soft_tissue_sarcoma,704,704,tpm_clean,ENSG00000244588,RAD21L1,0,0.0,0,0.0,0,704,0.0,0,704,0.0,SARC_ANGIO;SARC_ASPS;SARC_DDLPS;SARC_DSRCT;SARC_EHE;SARC_EPITH;SARC_GIST;SARC_IFS;SARC_IMT;SARC_LGFMS;SARC_LMS;SARC_LPS_UNSPEC;SARC_MPNST;SARC_MYXFIB;SARC_RMS_ARMS;SARC_RMS_ERMS;SARC_RMS_PRMS;SARC_RMS_SSRMS;SARC_SYN;SARC_UPS;SARC_WDLPS
soft_tissue_sarcoma,704,704,tpm_clean,ENSG00000249861,LGALS16,0,0.0,0,0.0,0,704,0.0,0,704,0.0,SARC_ANGIO;SARC_ASPS;SARC_DDLPS;SARC_DSRCT;SARC_EHE;SARC_EPITH;SARC_GIST;SARC_IFS;SARC_IMT;SARC_LGFMS;SARC_LMS;SARC_LPS_UNSPEC;SARC_MPNST;SARC_MYXFIB;SARC_RMS_ARMS;SARC_RMS_ERMS;SARC_RMS_PRMS;SARC_RMS_SSRMS;SARC_SYN;SARC_UPS;SARC_WDLPS
soft_tissue_sarcoma,704,704,tpm_clean,ENSG00000250741,NT5C1B-RDH14,0,0.0,0,0.0,0,704,0.0,0,704,0.0,SARC_ANGIO;SARC_ASPS;SARC_DDLPS;SARC_DSRCT;SARC_EHE;SARC_EPITH;SARC_GIST;SARC_IFS;SARC_IMT;SARC_LGFMS;SARC_LMS;SARC_LPS_UNSPEC;SARC_MPNST;SARC_MYXFIB;SARC_RMS_ARMS;SARC_RMS_ERMS;SARC_RMS_PRMS;SARC_RMS_SSRMS;SARC_SYN;SARC_UPS;SARC_WDLPS
soft_tissue_sarcoma,704,704,tpm_clean,ENSG00000251258,RFPL4B,4,0.57,3,0.43,3,704,0.43,1,704,0.14,SARC_ANGIO;SARC_ASPS;SARC_DDLPS;SARC_DSRCT;SARC_EHE;SARC_EPITH;SARC_GIST;SARC_IFS;SARC_IMT;SARC_LGFMS;SARC_LMS;SARC_LPS_UNSPEC;SARC_MPNST;SARC_MYXFIB;SARC_RMS_ARMS;SARC_RMS_ERMS;SARC_RMS_PRMS;SARC_RMS_SSRMS;SARC_SYN;SARC_UPS;SARC_WDLPS
soft_tissue_sarcoma,704,704,tpm_clean,ENSG00000258713,C20orf141,0,0.0,0,0.0,0,704,0.0,0,704,0.0,SARC_ANGIO;SARC_ASPS;SARC_DDLPS;SARC_DSRCT;SARC_EHE;SARC_EPITH;SARC_GIST;SARC_IFS;SARC_IMT;SARC_LGFMS;SARC_LMS;SARC_LPS_UNSPEC;SARC_MPNST;SARC_MYXFIB;SARC_RMS_ARMS;SARC_RMS_ERMS;SARC_RMS_PRMS;SARC_RMS_SSRMS;SARC_SYN;SARC_UPS;SARC_WDLPS
soft_tissue_sarcoma,704,704,tpm_clean,ENSG00000258992,TSPY1,0,0.0,0,0.0,0,704,0.0,0,704,0.0,SARC_ANGIO;SARC_ASPS;SARC_DDLPS;SARC_DSRCT;SARC_EHE;SARC_EPITH;SARC_GIST;SARC_IFS;SARC_IMT;SARC_LGFMS;SARC_LMS;SARC_LPS_UNSPEC;SARC_MPNST;SARC_MYXFIB;SARC_RMS_ARMS;SARC_RMS_ERMS;SARC_RMS_PRMS;SARC_RMS_SSRMS;SARC_SYN;SARC_UPS;SARC_WDLPS
soft_tissue_sarcoma,704,704,tpm_clean,ENSG00000261649,GOLGA6L7,0,0.0,0,0.0,0,704,0.0,0,704,0.0,SARC_ANGIO;SARC_ASPS;SARC_DDLPS;SARC_DSRCT;SARC_EHE;SARC_EPITH;SARC_GIST;SARC_IFS;SARC_IMT;SARC_LGFMS;SARC_LMS;SARC_LPS_UNSPEC;SARC_MPNST;SARC_MYXFIB;SARC_RMS_ARMS;SARC_RMS_ERMS;SARC_RMS_PRMS;SARC_RMS_SSRMS;SARC_SYN;SARC_UPS;SARC_WDLPS
soft_tissue_sarcoma,704,704,tpm_clean,ENSG00000261949,GFY,0,0.0,0,0.0,0,704,0.0,0,704,0.0,SARC_ANGIO;SARC_ASPS;SARC_DDLPS;SARC_DSRCT;SARC_EHE;SARC_EPITH;SARC_GIST;SARC_IFS;SARC_IMT;SARC_LGFMS;SARC_LMS;SARC_LPS_UNSPEC;SARC_MPNST;SARC_MYXFIB;SARC_RMS_ARMS;SARC_RMS_ERMS;SARC_RMS_PRMS;SARC_RMS_SSRMS;SARC_SYN;SARC_UPS;SARC_WDLPS
soft_tissue_sarcoma,704,704,tpm_clean,ENSG00000268009,SSX4/SSX4B,3,0.43,2,0.28,2,704,0.28,1,704,0.14,SARC_ANGIO;SARC_ASPS;SARC_DDLPS;SARC_DSRCT;SARC_EHE;SARC_EPITH;SARC_GIST;SARC_IFS;SARC_IMT;SARC_LGFMS;SARC_LMS;SARC_LPS_UNSPEC;SARC_MPNST;SARC_MYXFIB;SARC_RMS_ARMS;SARC_RMS_ERMS;SARC_RMS_PRMS;SARC_RMS_SSRMS;SARC_SYN;SARC_UPS;SARC_WDLPS
soft_tissue_sarcoma,704,704,tpm_clean,ENSG00000268629,TEX13A,0,0.0,0,0.0,0,704,0.0,0,704,0.0,SARC_ANGIO;SARC_ASPS;SARC_DDLPS;SARC_DSRCT;SARC_EHE;SARC_EPITH;SARC_GIST;SARC_IFS;SARC_IMT;SARC_LGFMS;SARC_LMS;SARC_LPS_UNSPEC;SARC_MPNST;SARC_MYXFIB;SARC_RMS_ARMS;SARC_RMS_ERMS;SARC_RMS_PRMS;SARC_RMS_SSRMS;SARC_SYN;SARC_UPS;SARC_WDLPS
soft_tissue_sarcoma,704,704,tpm_clean,ENSG00000268696,ZNF723,0,0.0,0,0.0,0,704,0.0,0,704,0.0,SARC_ANGIO;SARC_ASPS;SARC_DDLPS;SARC_DSRCT;SARC_EHE;SARC_EPITH;SARC_GIST;SARC_IFS;SARC_IMT;SARC_LGFMS;SARC_LMS;SARC_LPS_UNSPEC;SARC_MPNST;SARC_MYXFIB;SARC_RMS_ARMS;SARC_RMS_ERMS;SARC_RMS_PRMS;SARC_RMS_SSRMS;SARC_SYN;SARC_UPS;SARC_WDLPS
soft_tissue_sarcoma,704,704,tpm_clean,ENSG00000268964,ERVV-2,0,0.0,0,0.0,0,704,0.0,0,704,0.0,SARC_ANGIO;SARC_ASPS;SARC_DDLPS;SARC_DSRCT;SARC_EHE;SARC_EPITH;SARC_GIST;SARC_IFS;SARC_IMT;SARC_LGFMS;SARC_LMS;SARC_LPS_UNSPEC;SARC_MPNST;SARC_MYXFIB;SARC_RMS_ARMS;SARC_RMS_ERMS;SARC_RMS_PRMS;SARC_RMS_SSRMS;SARC_SYN;SARC_UPS;SARC_WDLPS
soft_tissue_sarcoma,704,704,tpm_clean,ENSG00000268988,SPANXN2,0,0.0,0,0.0,0,704,0.0,0,704,0.0,SARC_ANGIO;SARC_ASPS;SARC_DDLPS;SARC_DSRCT;SARC_EHE;SARC_EPITH;SARC_GIST;SARC_IFS;SARC_IMT;SARC_LGFMS;SARC_LMS;SARC_LPS_UNSPEC;SARC_MPNST;SARC_MYXFIB;SARC_RMS_ARMS;SARC_RMS_ERMS;SARC_RMS_PRMS;SARC_RMS_SSRMS;SARC_SYN;SARC_UPS;SARC_WDLPS
soft_tissue_sarcoma,704,704,tpm_clean,ENSG00000269058,CALR3,0,0.0,0,0.0,0,704,0.0,0,704,0.0,SARC_ANGIO;SARC_ASPS;SARC_DDLPS;SARC_DSRCT;SARC_EHE;SARC_EPITH;SARC_GIST;SARC_IFS;SARC_IMT;SARC_LGFMS;SARC_LMS;SARC_LPS_UNSPEC;SARC_MPNST;SARC_MYXFIB;SARC_RMS_ARMS;SARC_RMS_ERMS;SARC_RMS_PRMS;SARC_RMS_SSRMS;SARC_SYN;SARC_UPS;SARC_WDLPS
soft_tissue_sarcoma,704,704,tpm_clean,ENSG00000269586,CT45A10,13,1.85,2,0.28,3,704,0.43,0,704,0.0,SARC_ANGIO;SARC_ASPS;SARC_DDLPS;SARC_DSRCT;SARC_EHE;SARC_EPITH;SARC_GIST;SARC_IFS;SARC_IMT;SARC_LGFMS;SARC_LMS;SARC_LPS_UNSPEC;SARC_MPNST;SARC_MYXFIB;SARC_RMS_ARMS;SARC_RMS_ERMS;SARC_RMS_PRMS;SARC_RMS_SSRMS;SARC_SYN;SARC_UPS;SARC_WDLPS
soft_tissue_sarcoma,704,704,tpm_clean,ENSG00000270806,C17orf50,0,0.0,0,0.0,0,704,0.0,0,704,0.0,SARC_ANGIO;SARC_ASPS;SARC_DDLPS;SARC_DSRCT;SARC_EHE;SARC_EPITH;SARC_GIST;SARC_IFS;SARC_IMT;SARC_LGFMS;SARC_LMS;SARC_LPS_UNSPEC;SARC_MPNST;SARC_MYXFIB;SARC_RMS_ARMS;SARC_RMS_ERMS;SARC_RMS_PRMS;SARC_RMS_SSRMS;SARC_SYN;SARC_UPS;SARC_WDLPS
soft_tissue_sarcoma,704,704,tpm_clean,ENSG00000270946,CT45A2/8/9,3,0.43,0,0.0,0,704,0.0,0,704,0.0,SARC_ANGIO;SARC_ASPS;SARC_DDLPS;SARC_DSRCT;SARC_EHE;SARC_EPITH;SARC_GIST;SARC_IFS;SARC_IMT;SARC_LGFMS;SARC_LMS;SARC_LPS_UNSPEC;SARC_MPNST;SARC_MYXFIB;SARC_RMS_ARMS;SARC_RMS_ERMS;SARC_RMS_PRMS;SARC_RMS_SSRMS;SARC_SYN;SARC_UPS;SARC_WDLPS
soft_tissue_sarcoma,704,704,tpm_clean,ENSG00000271321,CTAGE6,0,0.0,0,0.0,0,704,0.0,0,704,0.0,SARC_ANGIO;SARC_ASPS;SARC_DDLPS;SARC_DSRCT;SARC_EHE;SARC_EPITH;SARC_GIST;SARC_IFS;SARC_IMT;SARC_LGFMS;SARC_LMS;SARC_LPS_UNSPEC;SARC_MPNST;SARC_MYXFIB;SARC_RMS_ARMS;SARC_RMS_ERMS;SARC_RMS_PRMS;SARC_RMS_SSRMS;SARC_SYN;SARC_UPS;SARC_WDLPS
soft_tissue_sarcoma,704,704,tpm_clean,ENSG00000274274,GAGE13,20,2.84,14,1.99,15,704,2.13,8,704,1.14,SARC_ANGIO;SARC_ASPS;SARC_DDLPS;SARC_DSRCT;SARC_EHE;SARC_EPITH;SARC_GIST;SARC_IFS;SARC_IMT;SARC_LGFMS;SARC_LMS;SARC_LPS_UNSPEC;SARC_MPNST;SARC_MYXFIB;SARC_RMS_ARMS;SARC_RMS_ERMS;SARC_RMS_PRMS;SARC_RMS_SSRMS;SARC_SYN;SARC_UPS;SARC_WDLPS
soft_tissue_sarcoma,704,704,tpm_clean,ENSG00000274391,TPTE,0,0.0,0,0.0,0,704,0.0,0,704,0.0,SARC_ANGIO;SARC_ASPS;SARC_DDLPS;SARC_DSRCT;SARC_EHE;SARC_EPITH;SARC_GIST;SARC_IFS;SARC_IMT;SARC_LGFMS;SARC_LMS;SARC_LPS_UNSPEC;SARC_MPNST;SARC_MYXFIB;SARC_RMS_ARMS;SARC_RMS_ERMS;SARC_RMS_PRMS;SARC_RMS_SSRMS;SARC_SYN;SARC_UPS;SARC_WDLPS
soft_tissue_sarcoma,704,704,tpm_clean,ENSG00000275793,RIMBP3,0,0.0,0,0.0,0,704,0.0,0,704,0.0,SARC_ANGIO;SARC_ASPS;SARC_DDLPS;SARC_DSRCT;SARC_EHE;SARC_EPITH;SARC_GIST;SARC_IFS;SARC_IMT;SARC_LGFMS;SARC_LMS;SARC_LPS_UNSPEC;SARC_MPNST;SARC_MYXFIB;SARC_RMS_ARMS;SARC_RMS_ERMS;SARC_RMS_PRMS;SARC_RMS_SSRMS;SARC_SYN;SARC_UPS;SARC_WDLPS
soft_tissue_sarcoma,704,704,tpm_clean,ENSG00000275969,SPATA31A3,0,0.0,0,0.0,0,704,0.0,0,704,0.0,SARC_ANGIO;SARC_ASPS;SARC_DDLPS;SARC_DSRCT;SARC_EHE;SARC_EPITH;SARC_GIST;SARC_IFS;SARC_IMT;SARC_LGFMS;SARC_LMS;SARC_LPS_UNSPEC;SARC_MPNST;SARC_MYXFIB;SARC_RMS_ARMS;SARC_RMS_ERMS;SARC_RMS_PRMS;SARC_RMS_SSRMS;SARC_SYN;SARC_UPS;SARC_WDLPS
soft_tissue_sarcoma,704,704,tpm_clean,ENSG00000276040,SPATA31A7,0,0.0,0,0.0,0,704,0.0,0,704,0.0,SARC_ANGIO;SARC_ASPS;SARC_DDLPS;SARC_DSRCT;SARC_EHE;SARC_EPITH;SARC_GIST;SARC_IFS;SARC_IMT;SARC_LGFMS;SARC_LMS;SARC_LPS_UNSPEC;SARC_MPNST;SARC_MYXFIB;SARC_RMS_ARMS;SARC_RMS_ERMS;SARC_RMS_PRMS;SARC_RMS_SSRMS;SARC_SYN;SARC_UPS;SARC_WDLPS
soft_tissue_sarcoma,704,704,tpm_clean,ENSG00000276581,SPATA31A5,0,0.0,0,0.0,0,704,0.0,0,704,0.0,SARC_ANGIO;SARC_ASPS;SARC_DDLPS;SARC_DSRCT;SARC_EHE;SARC_EPITH;SARC_GIST;SARC_IFS;SARC_IMT;SARC_LGFMS;SARC_LMS;SARC_LPS_UNSPEC;SARC_MPNST;SARC_MYXFIB;SARC_RMS_ARMS;SARC_RMS_ERMS;SARC_RMS_PRMS;SARC_RMS_SSRMS;SARC_SYN;SARC_UPS;SARC_WDLPS
soft_tissue_sarcoma,704,704,tpm_clean,ENSG00000277322,GOLGA6L6,0,0.0,0,0.0,0,704,0.0,0,704,0.0,SARC_ANGIO;SARC_ASPS;SARC_DDLPS;SARC_DSRCT;SARC_EHE;SARC_EPITH;SARC_GIST;SARC_IFS;SARC_IMT;SARC_LGFMS;SARC_LMS;SARC_LPS_UNSPEC;SARC_MPNST;SARC_MYXFIB;SARC_RMS_ARMS;SARC_RMS_ERMS;SARC_RMS_PRMS;SARC_RMS_SSRMS;SARC_SYN;SARC_UPS;SARC_WDLPS
soft_tissue_sarcoma,704,0,tpm_clean,ENSG00000282815,TEX13C,0,,0,,0,0,,0,0,,SARC_ANGIO;SARC_ASPS;SARC_DDLPS;SARC_DSRCT;SARC_EHE;SARC_EPITH;SARC_GIST;SARC_IFS;SARC_IMT;SARC_LGFMS;SARC_LMS;SARC_LPS_UNSPEC;SARC_MPNST;SARC_MYXFIB;SARC_RMS_ARMS;SARC_RMS_ERMS;SARC_RMS_PRMS;SARC_RMS_SSRMS;SARC_SYN;SARC_UPS;SARC_WDLPS
bone_and_joint,383,383,tpm_clean,ENSG00000006047,YBX2,1,0.26,0,0.0,1,383,0.26,0,383,0.0,SARC_CHOR;SARC_EWS;SARC_OS
bone_and_joint,383,383,tpm_clean,ENSG00000006659,LGALS14,0,0.0,0,0.0,0,383,0.0,0,383,0.0,SARC_CHOR;SARC_EWS;SARC_OS
bone_and_joint,383,383,tpm_clean,ENSG00000007350,TKTL1,1,0.26,0,0.0,1,383,0.26,0,383,0.0,SARC_CHOR;SARC_EWS;SARC_OS
bone_and_joint,383,383,tpm_clean,ENSG00000010318,PHF7,2,0.52,0,0.0,0,383,0.0,0,383,0.0,SARC_CHOR;SARC_EWS;SARC_OS
bone_and_joint,383,383,tpm_clean,ENSG00000042813,ZPBP,0,0.0,0,0.0,0,383,0.0,0,383,0.0,SARC_CHOR;SARC_EWS;SARC_OS
bone_and_joint,383,383,tpm_clean,ENSG00000046774,MAGEC2,17,4.44,7,1.83,9,383,2.35,2,383,0.52,SARC_CHOR;SARC_EWS;SARC_OS
bone_and_joint,383,383,tpm_clean,ENSG00000054796,SPO11,0,0.0,0,0.0,0,383,0.0,0,383,0.0,SARC_CHOR;SARC_EWS;SARC_OS
bone_and_joint,383,383,tpm_clean,ENSG00000068985,PAGE1,1,0.26,1,0.26,1,383,0.26,0,383,0.0,SARC_CHOR;SARC_EWS;SARC_OS
bone_and_joint,383,383,tpm_clean,ENSG00000077800,FKBP6,0,0.0,0,0.0,0,383,0.0,0,383,0.0,SARC_CHOR;SARC_EWS;SARC_OS
bone_and_joint,383,383,tpm_clean,ENSG00000077935,SMC1B,0,0.0,0,0.0,0,383,0.0,0,383,0.0,SARC_CHOR;SARC_EWS;SARC_OS
bone_and_joint,383,383,tpm_clean,ENSG00000092345,DAZL,0,0.0,0,0.0,0,383,0.0,0,383,0.0,SARC_CHOR;SARC_EWS;SARC_OS
bone_and_joint,383,383,tpm_clean,ENSG00000095627,TDRD1,0,0.0,0,0.0,0,383,0.0,0,383,0.0,SARC_CHOR;SARC_EWS;SARC_OS
bone_and_joint,383,383,tpm_clean,ENSG00000099399,MAGEB2,18,4.7,11,2.87,13,383,3.39,4,383,1.04,SARC_CHOR;SARC_EWS;SARC_OS
bone_and_joint,383,383,tpm_clean,ENSG00000102021,LUZP4,0,0.0,0,0.0,0,383,0.0,0,383,0.0,SARC_CHOR;SARC_EWS;SARC_OS
bone_and_joint,383,383,tpm_clean,ENSG00000103023,PRSS54,0,0.0,0,0.0,0,383,0.0,0,383,0.0,SARC_CHOR;SARC_EWS;SARC_OS
bone_and_joint,383,383,tpm_clean,ENSG00000104755,ADAM2,0,0.0,0,0.0,0,383,0.0,0,383,0.0,SARC_CHOR;SARC_EWS;SARC_OS
bone_and_joint,383,383,tpm_clean,ENSG00000104804,TULP2,0,0.0,0,0.0,0,383,0.0,0,383,0.0,SARC_CHOR;SARC_EWS;SARC_OS
bone_and_joint,383,383,tpm_clean,ENSG00000104818,CGB2,0,0.0,0,0.0,0,383,0.0,0,383,0.0,SARC_CHOR;SARC_EWS;SARC_OS
bone_and_joint,383,383,tpm_clean,ENSG00000104901,DKKL1,0,0.0,0,0.0,0,383,0.0,0,383,0.0,SARC_CHOR;SARC_EWS;SARC_OS
bone_and_joint,383,383,tpm_clean,ENSG00000105198,LGALS13,0,0.0,0,0.0,0,383,0.0,0,383,0.0,SARC_CHOR;SARC_EWS;SARC_OS
bone_and_joint,383,383,tpm_clean,ENSG00000106013,ANKRD7,0,0.0,0,0.0,0,383,0.0,0,383,0.0,SARC_CHOR;SARC_EWS;SARC_OS
bone_and_joint,383,383,tpm_clean,ENSG00000106304,SPAM1,0,0.0,0,0.0,0,383,0.0,0,383,0.0,SARC_CHOR;SARC_EWS;SARC_OS
bone_and_joint,383,383,tpm_clean,ENSG00000114487,MORC1,0,0.0,0,0.0,0,383,0.0,0,383,0.0,SARC_CHOR;SARC_EWS;SARC_OS
bone_and_joint,383,383,tpm_clean,ENSG00000117148,ACTL8,5,1.31,4,1.04,4,383,1.04,2,383,0.52,SARC_CHOR;SARC_EWS;SARC_OS
bone_and_joint,383,383,tpm_clean,ENSG00000118434,SPACA1,0,0.0,0,0.0,0,383,0.0,0,383,0.0,SARC_CHOR;SARC_EWS;SARC_OS
bone_and_joint,383,383,tpm_clean,ENSG00000118491,ZC2HC1B,0,0.0,0,0.0,0,383,0.0,0,383,0.0,SARC_CHOR;SARC_EWS;SARC_OS
bone_and_joint,383,383,tpm_clean,ENSG00000121101,TEX14,0,0.0,0,0.0,0,383,0.0,0,383,0.0,SARC_CHOR;SARC_EWS;SARC_OS
bone_and_joint,383,383,tpm_clean,ENSG00000122304,PRM2,0,0.0,0,0.0,0,383,0.0,0,383,0.0,SARC_CHOR;SARC_EWS;SARC_OS
bone_and_joint,383,383,tpm_clean,ENSG00000123576,ESX1,0,0.0,0,0.0,0,383,0.0,0,383,0.0,SARC_CHOR;SARC_EWS;SARC_OS
bone_and_joint,383,383,tpm_clean,ENSG00000123584,MAGEA9/MAGEA9B,13,3.39,8,2.09,8,383,2.09,3,383,0.78,SARC_CHOR;SARC_EWS;SARC_OS
bone_and_joint,383,383,tpm_clean,ENSG00000124092,CTCFL,6,1.57,3,0.78,3,383,0.78,3,383,0.78,SARC_CHOR;SARC_EWS;SARC_OS
bone_and_joint,383,383,tpm_clean,ENSG00000124227,ANKRD60,0,0.0,0,0.0,0,383,0.0,0,383,0.0,SARC_CHOR;SARC_EWS;SARC_OS
bone_and_joint,383,383,tpm_clean,ENSG00000124260,MAGEA10,14,3.66,4,1.04,6,383,1.57,3,383,0.78,SARC_CHOR;SARC_EWS;SARC_OS
bone_and_joint,383,383,tpm_clean,ENSG00000124467,PSG8,0,0.0,0,0.0,0,383,0.0,0,383,0.0,SARC_CHOR;SARC_EWS;SARC_OS
bone_and_joint,383,383,tpm_clean,ENSG00000124490,CRISP2,1,0.26,0,0.0,0,383,0.0,0,383,0.0,SARC_CHOR;SARC_EWS;SARC_OS
bone_and_joint,383,383,tpm_clean,ENSG00000125207,PIWIL1,0,0.0,0,0.0,0,383,0.0,0,383,0.0,SARC_CHOR;SARC_EWS;SARC_OS
bone_and_joint,383,383,tpm_clean,ENSG00000125823,CSTL1,0,0.0,0,0.0,0,383,0.0,0,383,0.0,SARC_CHOR;SARC_EWS;SARC_OS
bone_and_joint,383,383,tpm_clean,ENSG00000126467,TSKS,0,0.0,0,0.0,0,383,0.0,0,383,0.0,SARC_CHOR;SARC_EWS;SARC_OS
bone_and_joint,383,383,tpm_clean,ENSG00000126752,SSX1,39,10.18,25,6.53,30,383,7.83,14,383,3.66,SARC_CHOR;SARC_EWS;SARC_OS
bone_and_joint,383,383,tpm_clean,ENSG00000126856,PRDM7,0,0.0,0,0.0,0,383,0.0,0,383,0.0,SARC_CHOR;SARC_EWS;SARC_OS
bone_and_joint,383,383,tpm_clean,ENSG00000129862,VCY/VCY1B,10,2.61,7,1.83,7,383,1.83,6,383,1.57,SARC_CHOR;SARC_EWS;SARC_OS
bone_and_joint,383,383,tpm_clean,ENSG00000130950,NUTM2F,0,0.0,0,0.0,0,383,0.0,0,383,0.0,SARC_CHOR;SARC_EWS;SARC_OS
bone_and_joint,383,383,tpm_clean,ENSG00000131126,TEX101,1,0.26,0,0.0,0,383,0.0,0,383,0.0,SARC_CHOR;SARC_EWS;SARC_OS
bone_and_joint,383,383,tpm_clean,ENSG00000132446,FTHL17,1,0.26,0,0.0,0,383,0.0,0,383,0.0,SARC_CHOR;SARC_EWS;SARC_OS
bone_and_joint,383,383,tpm_clean,ENSG00000135248,GARIN1B,1,0.26,0,0.0,0,383,0.0,0,383,0.0,SARC_CHOR;SARC_EWS;SARC_OS
bone_and_joint,383,383,tpm_clean,ENSG00000137090,DMRT1,0,0.0,0,0.0,0,383,0.0,0,383,0.0,SARC_CHOR;SARC_EWS;SARC_OS
bone_and_joint,383,383,tpm_clean,ENSG00000137948,BRDT,1,0.26,0,0.0,0,383,0.0,0,383,0.0,SARC_CHOR;SARC_EWS;SARC_OS
bone_and_joint,383,383,tpm_clean,ENSG00000139351,SYCP3,0,0.0,0,0.0,0,383,0.0,0,383,0.0,SARC_CHOR;SARC_EWS;SARC_OS
bone_and_joint,383,383,tpm_clean,ENSG00000140478,GOLGA6D,0,0.0,0,0.0,0,383,0.0,0,383,0.0,SARC_CHOR;SARC_EWS;SARC_OS
bone_and_joint,383,383,tpm_clean,ENSG00000141096,DPEP3,2,0.52,2,0.52,2,383,0.52,1,383,0.26,SARC_CHOR;SARC_EWS;SARC_OS
bone_and_joint,383,383,tpm_clean,ENSG00000141255,SPATA22,0,0.0,0,0.0,0,383,0.0,0,383,0.0,SARC_CHOR;SARC_EWS;SARC_OS
bone_and_joint,383,383,tpm_clean,ENSG00000141316,SPACA3,0,0.0,0,0.0,0,383,0.0,0,383,0.0,SARC_CHOR;SARC_EWS;SARC_OS
bone_and_joint,383,383,tpm_clean,ENSG00000141371,CHCT1,0,0.0,0,0.0,0,383,0.0,0,383,0.0,SARC_CHOR;SARC_EWS;SARC_OS
bone_and_joint,383,383,tpm_clean,ENSG00000141437,SLC25A52,0,0.0,0,0.0,0,383,0.0,0,383,0.0,SARC_CHOR;SARC_EWS;SARC_OS
bone_and_joint,383,383,tpm_clean,ENSG00000142025,DMRTC2,0,0.0,0,0.0,0,383,0.0,0,383,0.0,SARC_CHOR;SARC_EWS;SARC_OS
bone_and_joint,383,383,tpm_clean,ENSG00000142698,C1orf94,0,0.0,0,0.0,0,383,0.0,0,383,0.0,SARC_CHOR;SARC_EWS;SARC_OS
bone_and_joint,383,383,tpm_clean,ENSG00000143006,DMRTB1,0,0.0,0,0.0,0,383,0.0,0,383,0.0,SARC_CHOR;SARC_EWS;SARC_OS
bone_and_joint,383,383,tpm_clean,ENSG00000143452,HORMAD1,2,0.52,0,0.0,2,383,0.52,0,383,0.0,SARC_CHOR;SARC_EWS;SARC_OS
bone_and_joint,383,383,tpm_clean,ENSG00000144962,SPATA16,0,0.0,0,0.0,0,383,0.0,0,383,0.0,SARC_CHOR;SARC_EWS;SARC_OS
bone_and_joint,383,383,tpm_clean,ENSG00000145309,CABS1,0,0.0,0,0.0,0,383,0.0,0,383,0.0,SARC_CHOR;SARC_EWS;SARC_OS
bone_and_joint,383,383,tpm_clean,ENSG00000147081,AKAP4,0,0.0,0,0.0,0,383,0.0,0,383,0.0,SARC_CHOR;SARC_EWS;SARC_OS
bone_and_joint,383,383,tpm_clean,ENSG00000147183,CPXCR1,0,0.0,0,0.0,0,383,0.0,0,383,0.0,SARC_CHOR;SARC_EWS;SARC_OS
bone_and_joint,383,383,tpm_clean,ENSG00000147378,FATE1,0,0.0,0,0.0,0,383,0.0,0,383,0.0,SARC_CHOR;SARC_EWS;SARC_OS
bone_and_joint,383,383,tpm_clean,ENSG00000147381,MAGEA4,11,2.87,5,1.31,6,383,1.57,3,383,0.78,SARC_CHOR;SARC_EWS;SARC_OS
bone_and_joint,383,383,tpm_clean,ENSG00000148156,ACTL7B,0,0.0,0,0.0,0,383,0.0,0,383,0.0,SARC_CHOR;SARC_EWS;SARC_OS
bone_and_joint,383,383,tpm_clean,ENSG00000150628,SPATA4,0,0.0,0,0.0,0,383,0.0,0,383,0.0,SARC_CHOR;SARC_EWS;SARC_OS
bone_and_joint,383,383,tpm_clean,ENSG00000151962,RBM46,0,0.0,0,0.0,0,383,0.0,0,383,0.0,SARC_CHOR;SARC_EWS;SARC_OS
bone_and_joint,383,383,tpm_clean,ENSG00000152430,BOLL,0,0.0,0,0.0,0,383,0.0,0,383,0.0,SARC_CHOR;SARC_EWS;SARC_OS
bone_and_joint,383,383,tpm_clean,ENSG00000152670,DDX4,0,0.0,0,0.0,0,383,0.0,0,383,0.0,SARC_CHOR;SARC_EWS;SARC_OS
bone_and_joint,383,383,tpm_clean,ENSG00000153060,TEKT5,0,0.0,0,0.0,0,383,0.0,0,383,0.0,SARC_CHOR;SARC_EWS;SARC_OS
bone_and_joint,383,383,tpm_clean,ENSG00000153779,TGIF2LX,0,0.0,0,0.0,0,383,0.0,0,383,0.0,SARC_CHOR;SARC_EWS;SARC_OS
bone_and_joint,383,383,tpm_clean,ENSG00000155087,ODF1,0,0.0,0,0.0,0,383,0.0,0,383,0.0,SARC_CHOR;SARC_EWS;SARC_OS
bone_and_joint,383,383,tpm_clean,ENSG00000155495,MAGEC1,8,2.09,0,0.0,1,383,0.26,0,383,0.0,SARC_CHOR;SARC_EWS;SARC_OS
bone_and_joint,383,383,tpm_clean,ENSG00000155622,XAGE2,8,2.09,2,0.52,2,383,0.52,2,383,0.52,SARC_CHOR;SARC_EWS;SARC_OS
bone_and_joint,383,383,tpm_clean,ENSG00000156009,MAGEA8,2,0.52,0,0.0,0,383,0.0,0,383,0.0,SARC_CHOR;SARC_EWS;SARC_OS
bone_and_joint,383,383,tpm_clean,ENSG00000156269,NAA11,2,0.52,0,0.0,0,383,0.0,0,383,0.0,SARC_CHOR;SARC_EWS;SARC_OS
bone_and_joint,383,383,tpm_clean,ENSG00000158639,PAGE5,67,17.49,51,13.32,57,383,14.88,45,383,11.75,SARC_CHOR;SARC_EWS;SARC_OS
bone_and_joint,383,383,tpm_clean,ENSG00000159289,GOLGA6A,0,0.0,0,0.0,0,383,0.0,0,383,0.0,SARC_CHOR;SARC_EWS;SARC_OS
bone_and_joint,383,383,tpm_clean,ENSG00000159708,LRRC36,3,0.78,1,0.26,1,383,0.26,0,383,0.0,SARC_CHOR;SARC_EWS;SARC_OS
bone_and_joint,383,383,tpm_clean,ENSG00000161860,SYCE2,1,0.26,0,0.0,0,383,0.0,0,383,0.0,SARC_CHOR;SARC_EWS;SARC_OS
bone_and_joint,383,383,tpm_clean,ENSG00000161973,CCDC42,0,0.0,0,0.0,0,383,0.0,0,383,0.0,SARC_CHOR;SARC_EWS;SARC_OS
bone_and_joint,383,383,tpm_clean,ENSG00000162039,MEIOB,12,3.13,0,0.0,2,383,0.52,0,383,0.0,SARC_CHOR;SARC_EWS;SARC_OS
bone_and_joint,383,383,tpm_clean,ENSG00000162641,AKNAD1,1,0.26,0,0.0,0,383,0.0,0,383,0.0,SARC_CHOR;SARC_EWS;SARC_OS
bone_and_joint,383,383,tpm_clean,ENSG00000162771,GARIN4,1,0.26,0,0.0,2,383,0.52,0,383,0.0,SARC_CHOR;SARC_EWS;SARC_OS
bone_and_joint,383,383,tpm_clean,ENSG00000162843,WDR64,0,0.0,0,0.0,0,383,0.0,0,383,0.0,SARC_CHOR;SARC_EWS;SARC_OS
bone_and_joint,383,383,tpm_clean,ENSG00000163114,PDHA2,0,0.0,0,0.0,0,383,0.0,0,383,0.0,SARC_CHOR;SARC_EWS;SARC_OS
bone_and_joint,383,383,tpm_clean,ENSG00000163530,DPPA2,0,0.0,0,0.0,0,383,0.0,0,383,0.0,SARC_CHOR;SARC_EWS;SARC_OS
bone_and_joint,383,383,tpm_clean,ENSG00000164113,ADAD1,0,0.0,0,0.0,0,383,0.0,0,383,0.0,SARC_CHOR;SARC_EWS;SARC_OS
bone_and_joint,383,383,tpm_clean,ENSG00000164304,CAGE1,0,0.0,0,0.0,0,383,0.0,0,383,0.0,SARC_CHOR;SARC_EWS;SARC_OS
bone_and_joint,383,383,tpm_clean,ENSG00000165583,SSX5,3,0.78,0,0.0,0,383,0.0,0,383,0.0,SARC_CHOR;SARC_EWS;SARC_OS
bone_and_joint,383,383,tpm_clean,ENSG00000165584,SSX3,6,1.57,3,0.78,3,383,0.78,1,383,0.26,SARC_CHOR;SARC_EWS;SARC_OS
bone_and_joint,383,383,tpm_clean,ENSG00000166049,PASD1,4,1.04,0,0.0,0,383,0.0,0,383,0.0,SARC_CHOR;SARC_EWS;SARC_OS
bone_and_joint,383,383,tpm_clean,ENSG00000166069,TMCO5A,0,0.0,0,0.0,0,383,0.0,0,383,0.0,SARC_CHOR;SARC_EWS;SARC_OS
bone_and_joint,383,383,tpm_clean,ENSG00000166118,SPATA19,0,0.0,0,0.0,0,383,0.0,0,383,0.0,SARC_CHOR;SARC_EWS;SARC_OS
bone_and_joint,383,383,tpm_clean,ENSG00000166796,LDHC,0,0.0,0,0.0,0,383,0.0,0,383,0.0,SARC_CHOR;SARC_EWS;SARC_OS
bone_and_joint,383,383,tpm_clean,ENSG00000167098,SUN5,0,0.0,0,0.0,0,383,0.0,0,383,0.0,SARC_CHOR;SARC_EWS;SARC_OS
bone_and_joint,383,383,tpm_clean,ENSG00000168594,ADAM29,0,0.0,0,0.0,0,383,0.0,0,383,0.0,SARC_CHOR;SARC_EWS;SARC_OS
bone_and_joint,383,383,tpm_clean,ENSG00000168757,TSPY2,1,0.26,0,0.0,1,383,0.26,0,383,0.0,SARC_CHOR;SARC_EWS;SARC_OS
bone_and_joint,383,383,tpm_clean,ENSG00000169059,VCX3A,9,2.35,3,0.78,5,383,1.31,0,383,0.0,SARC_CHOR;SARC_EWS;SARC_OS
bone_and_joint,383,383,tpm_clean,ENSG00000169551,CT55,0,0.0,0,0.0,0,383,0.0,0,383,0.0,SARC_CHOR;SARC_EWS;SARC_OS
bone_and_joint,383,383,tpm_clean,ENSG00000169800,RBMY1F,0,0.0,0,0.0,0,383,0.0,0,383,0.0,SARC_CHOR;SARC_EWS;SARC_OS
bone_and_joint,383,383,tpm_clean,ENSG00000170516,COX7B2,4,1.04,2,0.52,3,383,0.78,1,383,0.26,SARC_CHOR;SARC_EWS;SARC_OS
bone_and_joint,383,383,tpm_clean,ENSG00000170748,RBMXL2,0,0.0,0,0.0,0,383,0.0,0,383,0.0,SARC_CHOR;SARC_EWS;SARC_OS
bone_and_joint,383,383,tpm_clean,ENSG00000170848,PSG6,0,0.0,0,0.0,0,383,0.0,0,383,0.0,SARC_CHOR;SARC_EWS;SARC_OS
bone_and_joint,383,383,tpm_clean,ENSG00000170950,PGK2,0,0.0,0,0.0,0,383,0.0,0,383,0.0,SARC_CHOR;SARC_EWS;SARC_OS
bone_and_joint,383,383,tpm_clean,ENSG00000170965,PLAC1,0,0.0,0,0.0,0,383,0.0,0,383,0.0,SARC_CHOR;SARC_EWS;SARC_OS
bone_and_joint,383,383,tpm_clean,ENSG00000171402,XAGE3,1,0.26,1,0.26,1,383,0.26,1,383,0.26,SARC_CHOR;SARC_EWS;SARC_OS
bone_and_joint,383,383,tpm_clean,ENSG00000171405,XAGE5,5,1.31,2,0.52,3,383,0.78,0,383,0.0,SARC_CHOR;SARC_EWS;SARC_OS
bone_and_joint,383,383,tpm_clean,ENSG00000171794,UTF1,0,0.0,0,0.0,0,383,0.0,0,383,0.0,SARC_CHOR;SARC_EWS;SARC_OS
bone_and_joint,383,383,tpm_clean,ENSG00000172073,TEX37,0,0.0,0,0.0,0,383,0.0,0,383,0.0,SARC_CHOR;SARC_EWS;SARC_OS
bone_and_joint,383,383,tpm_clean,ENSG00000172717,GARIN2,0,0.0,0,0.0,0,383,0.0,0,383,0.0,SARC_CHOR;SARC_EWS;SARC_OS
bone_and_joint,383,383,tpm_clean,ENSG00000174015,CBY2,0,0.0,0,0.0,0,383,0.0,0,383,0.0,SARC_CHOR;SARC_EWS;SARC_OS
bone_and_joint,383,383,tpm_clean,ENSG00000174016,TENT5D,0,0.0,0,0.0,0,383,0.0,0,383,0.0,SARC_CHOR;SARC_EWS;SARC_OS
bone_and_joint,383,383,tpm_clean,ENSG00000174898,CATSPERD,2,0.52,0,0.0,1,383,0.26,0,383,0.0,SARC_CHOR;SARC_EWS;SARC_OS
bone_and_joint,383,383,tpm_clean,ENSG00000175646,PRM1,0,0.0,0,0.0,0,383,0.0,0,383,0.0,SARC_CHOR;SARC_EWS;SARC_OS
bone_and_joint,383,383,tpm_clean,ENSG00000175809,CBLL2,0,0.0,0,0.0,0,383,0.0,0,383,0.0,SARC_CHOR;SARC_EWS;SARC_OS
bone_and_joint,383,383,tpm_clean,ENSG00000175820,CCDC168,0,0.0,0,0.0,0,383,0.0,0,383,0.0,SARC_CHOR;SARC_EWS;SARC_OS
bone_and_joint,383,383,tpm_clean,ENSG00000175877,TMEM270,0,0.0,0,0.0,0,383,0.0,0,383,0.0,SARC_CHOR;SARC_EWS;SARC_OS
bone_and_joint,383,383,tpm_clean,ENSG00000176256,HMGB4,0,0.0,0,0.0,0,383,0.0,0,383,0.0,SARC_CHOR;SARC_EWS;SARC_OS
bone_and_joint,383,383,tpm_clean,ENSG00000176566,DCAF4L2,0,0.0,0,0.0,0,383,0.0,0,383,0.0,SARC_CHOR;SARC_EWS;SARC_OS
bone_and_joint,383,383,tpm_clean,ENSG00000176635,HORMAD2,0,0.0,0,0.0,0,383,0.0,0,383,0.0,SARC_CHOR;SARC_EWS;SARC_OS
bone_and_joint,383,383,tpm_clean,ENSG00000176746,MAGEB6,0,0.0,0,0.0,0,383,0.0,0,383,0.0,SARC_CHOR;SARC_EWS;SARC_OS
bone_and_joint,383,383,tpm_clean,ENSG00000176774,MAGEB18,0,0.0,0,0.0,0,383,0.0,0,383,0.0,SARC_CHOR;SARC_EWS;SARC_OS
bone_and_joint,383,383,tpm_clean,ENSG00000176988,FMR1NB,2,0.52,0,0.0,1,383,0.26,0,383,0.0,SARC_CHOR;SARC_EWS;SARC_OS
bone_and_joint,383,383,tpm_clean,ENSG00000177294,FBXO39,0,0.0,0,0.0,0,383,0.0,0,383,0.0,SARC_CHOR;SARC_EWS;SARC_OS
bone_and_joint,383,383,tpm_clean,ENSG00000177673,TEX44,0,0.0,0,0.0,0,383,0.0,0,383,0.0,SARC_CHOR;SARC_EWS;SARC_OS
bone_and_joint,383,383,tpm_clean,ENSG00000177689,MAGEB10,0,0.0,0,0.0,0,383,0.0,0,383,0.0,SARC_CHOR;SARC_EWS;SARC_OS
bone_and_joint,383,383,tpm_clean,ENSG00000177947,ODF3,0,0.0,0,0.0,0,383,0.0,0,383,0.0,SARC_CHOR;SARC_EWS;SARC_OS
bone_and_joint,383,383,tpm_clean,ENSG00000177992,SPATA31E1,0,0.0,0,0.0,0,383,0.0,0,383,0.0,SARC_CHOR;SARC_EWS;SARC_OS
bone_and_joint,383,383,tpm_clean,ENSG00000178021,TSPYL6,0,0.0,0,0.0,0,383,0.0,0,383,0.0,SARC_CHOR;SARC_EWS;SARC_OS
bone_and_joint,383,383,tpm_clean,ENSG00000178257,PRM3,0,0.0,0,0.0,0,383,0.0,0,383,0.0,SARC_CHOR;SARC_EWS;SARC_OS
bone_and_joint,383,383,tpm_clean,ENSG00000178279,TNP2,0,0.0,0,0.0,0,383,0.0,0,383,0.0,SARC_CHOR;SARC_EWS;SARC_OS
bone_and_joint,383,383,tpm_clean,ENSG00000178997,EXD1,0,0.0,0,0.0,0,383,0.0,0,383,0.0,SARC_CHOR;SARC_EWS;SARC_OS
bone_and_joint,383,383,tpm_clean,ENSG00000179046,TRIML2,3,0.78,0,0.0,0,383,0.0,0,383,0.0,SARC_CHOR;SARC_EWS;SARC_OS
bone_and_joint,383,383,tpm_clean,ENSG00000179059,ZFP42,1,0.26,0,0.0,2,383,0.52,0,383,0.0,SARC_CHOR;SARC_EWS;SARC_OS
bone_and_joint,383,383,tpm_clean,ENSG00000179088,C12orf42,0,0.0,0,0.0,0,383,0.0,0,383,0.0,SARC_CHOR;SARC_EWS;SARC_OS
bone_and_joint,383,383,tpm_clean,ENSG00000179407,DNAJB8,0,0.0,0,0.0,0,383,0.0,0,383,0.0,SARC_CHOR;SARC_EWS;SARC_OS
bone_and_joint,383,383,tpm_clean,ENSG00000180138,CSNK1A1L,0,0.0,0,0.0,0,383,0.0,0,383,0.0,SARC_CHOR;SARC_EWS;SARC_OS
bone_and_joint,383,383,tpm_clean,ENSG00000180336,MEIOC,0,0.0,0,0.0,0,383,0.0,0,383,0.0,SARC_CHOR;SARC_EWS;SARC_OS
bone_and_joint,383,383,tpm_clean,ENSG00000181323,SPEM1,0,0.0,0,0.0,0,383,0.0,0,383,0.0,SARC_CHOR;SARC_EWS;SARC_OS
bone_and_joint,383,383,tpm_clean,ENSG00000181433,SAGE1,0,0.0,0,0.0,0,383,0.0,0,383,0.0,SARC_CHOR;SARC_EWS;SARC_OS
bone_and_joint,383,383,tpm_clean,ENSG00000182308,DCAF4L1,0,0.0,0,0.0,0,383,0.0,0,383,0.0,SARC_CHOR;SARC_EWS;SARC_OS
bone_and_joint,383,383,tpm_clean,ENSG00000182459,TEX19,0,0.0,0,0.0,0,383,0.0,0,383,0.0,SARC_CHOR;SARC_EWS;SARC_OS
bone_and_joint,383,383,tpm_clean,ENSG00000182583,VCX,4,1.04,1,0.26,1,383,0.26,0,383,0.0,SARC_CHOR;SARC_EWS;SARC_OS
bone_and_joint,383,383,tpm_clean,ENSG00000183206,POTEC,0,0.0,0,0.0,0,383,0.0,0,383,0.0,SARC_CHOR;SARC_EWS;SARC_OS
bone_and_joint,383,383,tpm_clean,ENSG00000183305,MAGEA2/MAGEA2B,59,15.4,26,6.79,36,383,9.4,9,383,2.35,SARC_CHOR;SARC_EWS;SARC_OS
bone_and_joint,383,383,tpm_clean,ENSG00000183434,TFDP3,0,0.0,0,0.0,0,383,0.0,0,383,0.0,SARC_CHOR;SARC_EWS;SARC_OS
bone_and_joint,383,383,tpm_clean,ENSG00000183668,PSG9,0,0.0,0,0.0,0,383,0.0,0,383,0.0,SARC_CHOR;SARC_EWS;SARC_OS
bone_and_joint,383,383,tpm_clean,ENSG00000184033,CTAG1A/B,27,7.05,20,5.22,20,383,5.22,17,383,4.44,SARC_CHOR;SARC_EWS;SARC_OS
bone_and_joint,383,383,tpm_clean,ENSG00000184361,SPATA32,0,0.0,0,0.0,0,383,0.0,0,383,0.0,SARC_CHOR;SARC_EWS;SARC_OS
bone_and_joint,383,383,tpm_clean,ENSG00000184507,NUTM1,0,0.0,0,0.0,0,383,0.0,0,383,0.0,SARC_CHOR;SARC_EWS;SARC_OS
bone_and_joint,383,383,tpm_clean,ENSG00000184650,ODF4,0,0.0,0,0.0,0,383,0.0,0,383,0.0,SARC_CHOR;SARC_EWS;SARC_OS
bone_and_joint,383,383,tpm_clean,ENSG00000184735,DDX53,0,0.0,0,0.0,0,383,0.0,0,383,0.0,SARC_CHOR;SARC_EWS;SARC_OS
bone_and_joint,383,383,tpm_clean,ENSG00000185264,TEX33,0,0.0,0,0.0,0,383,0.0,0,383,0.0,SARC_CHOR;SARC_EWS;SARC_OS
bone_and_joint,383,383,tpm_clean,ENSG00000185686,PRAME,116,30.29,79,20.63,91,383,23.76,56,383,14.62,SARC_CHOR;SARC_EWS;SARC_OS
bone_and_joint,383,383,tpm_clean,ENSG00000185775,SPATA31A6,0,0.0,0,0.0,0,383,0.0,0,383,0.0,SARC_CHOR;SARC_EWS;SARC_OS
bone_and_joint,383,383,tpm_clean,ENSG00000185792,NLRP9,0,0.0,0,0.0,0,383,0.0,0,383,0.0,SARC_CHOR;SARC_EWS;SARC_OS
bone_and_joint,383,383,tpm_clean,ENSG00000185863,TMEM210,0,0.0,0,0.0,0,383,0.0,0,383,0.0,SARC_CHOR;SARC_EWS;SARC_OS
bone_and_joint,383,383,tpm_clean,ENSG00000186075,ZPBP2,0,0.0,0,0.0,0,383,0.0,0,383,0.0,SARC_CHOR;SARC_EWS;SARC_OS
bone_and_joint,383,383,tpm_clean,ENSG00000186118,TEX38,0,0.0,0,0.0,0,383,0.0,0,383,0.0,SARC_CHOR;SARC_EWS;SARC_OS
bone_and_joint,383,383,tpm_clean,ENSG00000186451,SPATA12,0,0.0,0,0.0,0,383,0.0,0,383,0.0,SARC_CHOR;SARC_EWS;SARC_OS
bone_and_joint,383,383,tpm_clean,ENSG00000186788,SPATA31D3,0,0.0,0,0.0,0,383,0.0,0,383,0.0,SARC_CHOR;SARC_EWS;SARC_OS
bone_and_joint,383,383,tpm_clean,ENSG00000187003,ACTL7A,0,0.0,0,0.0,0,383,0.0,0,383,0.0,SARC_CHOR;SARC_EWS;SARC_OS
bone_and_joint,383,383,tpm_clean,ENSG00000187191,DAZ3,1,0.26,0,0.0,0,383,0.0,0,383,0.0,SARC_CHOR;SARC_EWS;SARC_OS
bone_and_joint,383,383,tpm_clean,ENSG00000187754,SSX7,0,0.0,0,0.0,0,383,0.0,0,383,0.0,SARC_CHOR;SARC_EWS;SARC_OS
bone_and_joint,383,383,tpm_clean,ENSG00000187772,LIN28B,0,0.0,0,0.0,0,383,0.0,0,383,0.0,SARC_CHOR;SARC_EWS;SARC_OS
bone_and_joint,383,383,tpm_clean,ENSG00000188120,DAZ1,17,4.44,12,3.13,13,383,3.39,5,383,1.31,SARC_CHOR;SARC_EWS;SARC_OS
bone_and_joint,383,383,tpm_clean,ENSG00000188425,NANOS2,0,0.0,0,0.0,0,383,0.0,0,383,0.0,SARC_CHOR;SARC_EWS;SARC_OS
bone_and_joint,383,383,tpm_clean,ENSG00000188782,CATSPER4,0,0.0,0,0.0,0,383,0.0,0,383,0.0,SARC_CHOR;SARC_EWS;SARC_OS
bone_and_joint,383,383,tpm_clean,ENSG00000189023,MAGEB16,0,0.0,0,0.0,0,383,0.0,0,383,0.0,SARC_CHOR;SARC_EWS;SARC_OS
bone_and_joint,383,383,tpm_clean,ENSG00000189052,CGB5/8,2,0.52,1,0.26,1,383,0.26,1,383,0.26,SARC_CHOR;SARC_EWS;SARC_OS
bone_and_joint,383,383,tpm_clean,ENSG00000189064,GAGE2A,17,4.44,12,3.13,13,383,3.39,7,383,1.83,SARC_CHOR;SARC_EWS;SARC_OS
bone_and_joint,383,383,tpm_clean,ENSG00000189186,DCAF8L2,0,0.0,0,0.0,0,383,0.0,0,383,0.0,SARC_CHOR;SARC_EWS;SARC_OS
bone_and_joint,383,383,tpm_clean,ENSG00000189252,SPANXN3,0,0.0,0,0.0,0,383,0.0,0,383,0.0,SARC_CHOR;SARC_EWS;SARC_OS
bone_and_joint,383,383,tpm_clean,ENSG00000189326,SPANXN4,0,0.0,0,0.0,0,383,0.0,0,383,0.0,SARC_CHOR;SARC_EWS;SARC_OS
bone_and_joint,383,383,tpm_clean,ENSG00000189357,SPATA31D4,0,0.0,0,0.0,0,383,0.0,0,383,0.0,SARC_CHOR;SARC_EWS;SARC_OS
bone_and_joint,383,383,tpm_clean,ENSG00000196350,ZNF729,0,0.0,0,0.0,0,383,0.0,0,383,0.0,SARC_CHOR;SARC_EWS;SARC_OS
bone_and_joint,383,383,tpm_clean,ENSG00000196406,SPANXD,1,0.26,1,0.26,1,383,0.26,1,383,0.26,SARC_CHOR;SARC_EWS;SARC_OS
bone_and_joint,383,383,tpm_clean,ENSG00000196553,CCDC196,0,0.0,0,0.0,0,383,0.0,0,383,0.0,SARC_CHOR;SARC_EWS;SARC_OS
bone_and_joint,383,383,tpm_clean,ENSG00000196604,POTEF,1,0.26,0,0.0,1,383,0.26,0,383,0.0,SARC_CHOR;SARC_EWS;SARC_OS
bone_and_joint,383,383,tpm_clean,ENSG00000196862,RGPD4,0,0.0,0,0.0,0,383,0.0,0,383,0.0,SARC_CHOR;SARC_EWS;SARC_OS
bone_and_joint,383,383,tpm_clean,ENSG00000197172,MAGEA6,78,20.37,44,11.49,58,383,15.14,15,383,3.92,SARC_CHOR;SARC_EWS;SARC_OS
bone_and_joint,383,383,tpm_clean,ENSG00000198021,SPANXA1/2,3,0.78,2,0.52,2,383,0.52,1,383,0.26,SARC_CHOR;SARC_EWS;SARC_OS
bone_and_joint,383,383,tpm_clean,ENSG00000198573,SPANXC,2,0.52,0,0.0,0,383,0.0,0,383,0.0,SARC_CHOR;SARC_EWS;SARC_OS
bone_and_joint,383,383,tpm_clean,ENSG00000198681,MAGEA1,22,5.74,5,1.31,10,383,2.61,0,383,0.0,SARC_CHOR;SARC_EWS;SARC_OS
bone_and_joint,383,383,tpm_clean,ENSG00000198759,EGFL6,83,21.67,56,14.62,68,383,17.75,42,383,10.97,SARC_CHOR;SARC_EWS;SARC_OS
bone_and_joint,383,383,tpm_clean,ENSG00000198765,SYCP1,24,6.27,18,4.7,19,383,4.96,13,383,3.39,SARC_CHOR;SARC_EWS;SARC_OS
bone_and_joint,383,383,tpm_clean,ENSG00000198870,STKLD1,0,0.0,0,0.0,0,383,0.0,0,383,0.0,SARC_CHOR;SARC_EWS;SARC_OS
bone_and_joint,383,383,tpm_clean,ENSG00000203909,DPPA5,0,0.0,0,0.0,0,383,0.0,0,383,0.0,SARC_CHOR;SARC_EWS;SARC_OS
bone_and_joint,383,383,tpm_clean,ENSG00000203923,SPANXN1,0,0.0,0,0.0,0,383,0.0,0,383,0.0,SARC_CHOR;SARC_EWS;SARC_OS
bone_and_joint,383,383,tpm_clean,ENSG00000204019,CT83,0,0.0,0,0.0,0,383,0.0,0,383,0.0,SARC_CHOR;SARC_EWS;SARC_OS
bone_and_joint,383,383,tpm_clean,ENSG00000204279,PAGE3,0,0.0,0,0.0,0,383,0.0,0,383,0.0,SARC_CHOR;SARC_EWS;SARC_OS
bone_and_joint,383,383,tpm_clean,ENSG00000204363,SPANXN5,0,0.0,0,0.0,0,383,0.0,0,383,0.0,SARC_CHOR;SARC_EWS;SARC_OS
bone_and_joint,383,383,tpm_clean,ENSG00000204379,XAGE1A/B,129,33.68,109,28.46,118,383,30.81,94,383,24.54,SARC_CHOR;SARC_EWS;SARC_OS
bone_and_joint,383,383,tpm_clean,ENSG00000204450,TRIM64,0,0.0,0,0.0,0,383,0.0,0,383,0.0,SARC_CHOR;SARC_EWS;SARC_OS
bone_and_joint,383,383,tpm_clean,ENSG00000204849,SPATA31A1,0,0.0,0,0.0,0,383,0.0,0,383,0.0,SARC_CHOR;SARC_EWS;SARC_OS
bone_and_joint,383,383,tpm_clean,ENSG00000204941,PSG5,2,0.52,0,0.0,1,383,0.26,0,383,0.0,SARC_CHOR;SARC_EWS;SARC_OS
bone_and_joint,383,383,tpm_clean,ENSG00000204961,PCDHA9,0,0.0,0,0.0,0,383,0.0,0,383,0.0,SARC_CHOR;SARC_EWS;SARC_OS
bone_and_joint,383,383,tpm_clean,ENSG00000205359,SLCO6A1,0,0.0,0,0.0,0,383,0.0,0,383,0.0,SARC_CHOR;SARC_EWS;SARC_OS
bone_and_joint,383,383,tpm_clean,ENSG00000205642,VCX3B,4,1.04,1,0.26,2,383,0.52,0,383,0.0,SARC_CHOR;SARC_EWS;SARC_OS
bone_and_joint,383,383,tpm_clean,ENSG00000205777,GAGE1,13,3.39,9,2.35,10,383,2.61,7,383,1.83,SARC_CHOR;SARC_EWS;SARC_OS
bone_and_joint,383,383,tpm_clean,ENSG00000212710,CTAGE1,0,0.0,0,0.0,0,383,0.0,0,383,0.0,SARC_CHOR;SARC_EWS;SARC_OS
bone_and_joint,383,383,tpm_clean,ENSG00000213218,CSH2,0,0.0,0,0.0,0,383,0.0,0,383,0.0,SARC_CHOR;SARC_EWS;SARC_OS
bone_and_joint,383,383,tpm_clean,ENSG00000213401,MAGEA12,44,11.49,14,3.66,22,383,5.74,3,383,0.78,SARC_CHOR;SARC_EWS;SARC_OS
bone_and_joint,383,383,tpm_clean,ENSG00000214107,MAGEB1,7,1.83,1,0.26,3,383,0.78,1,383,0.26,SARC_CHOR;SARC_EWS;SARC_OS
bone_and_joint,383,383,tpm_clean,ENSG00000215113,CXorf49/CXorf49B,0,0.0,0,0.0,0,383,0.0,0,383,0.0,SARC_CHOR;SARC_EWS;SARC_OS
bone_and_joint,383,383,tpm_clean,ENSG00000215269,GAGE12F/G,0,0.0,0,0.0,0,383,0.0,0,383,0.0,SARC_CHOR;SARC_EWS;SARC_OS
bone_and_joint,383,383,tpm_clean,ENSG00000215274,GAGE10,0,0.0,0,0.0,0,383,0.0,0,383,0.0,SARC_CHOR;SARC_EWS;SARC_OS
bone_and_joint,383,383,tpm_clean,ENSG00000215529,EFCAB8,0,0.0,0,0.0,0,383,0.0,0,383,0.0,SARC_CHOR;SARC_EWS;SARC_OS
bone_and_joint,383,383,tpm_clean,ENSG00000215817,ZC3H11B,0,0.0,0,0.0,0,383,0.0,0,383,0.0,SARC_CHOR;SARC_EWS;SARC_OS
bone_and_joint,383,383,tpm_clean,ENSG00000216649,GAGE12C/D/E,3,0.78,2,0.52,2,383,0.52,0,383,0.0,SARC_CHOR;SARC_EWS;SARC_OS
bone_and_joint,383,383,tpm_clean,ENSG00000221826,PSG3,0,0.0,0,0.0,0,383,0.0,0,383,0.0,SARC_CHOR;SARC_EWS;SARC_OS
bone_and_joint,383,383,tpm_clean,ENSG00000221867,MAGEA3,81,21.15,54,14.1,66,383,17.23,21,383,5.48,SARC_CHOR;SARC_EWS;SARC_OS
bone_and_joint,383,383,tpm_clean,ENSG00000221878,PSG7,0,0.0,0,0.0,0,383,0.0,0,383,0.0,SARC_CHOR;SARC_EWS;SARC_OS
bone_and_joint,383,383,tpm_clean,ENSG00000224089,CT47A1/2/3/4/5/6/7/8/9/10/11/12,0,0.0,0,0.0,0,383,0.0,0,383,0.0,SARC_CHOR;SARC_EWS;SARC_OS
bone_and_joint,383,383,tpm_clean,ENSG00000224440,CXorf51A/B,0,0.0,0,0.0,0,383,0.0,0,383,0.0,SARC_CHOR;SARC_EWS;SARC_OS
bone_and_joint,383,383,tpm_clean,ENSG00000224659,GAGE12J,3,0.78,1,0.26,2,383,0.52,1,383,0.26,SARC_CHOR;SARC_EWS;SARC_OS
bone_and_joint,383,383,tpm_clean,ENSG00000224902,GAGE12H,3,0.78,1,0.26,2,383,0.52,1,383,0.26,SARC_CHOR;SARC_EWS;SARC_OS
bone_and_joint,383,20,tpm_clean,ENSG00000224960,PPP4R3C,1,5.0,0,0.0,1,20,5.0,1,20,5.0,SARC_CHOR;SARC_EWS;SARC_OS
bone_and_joint,383,383,tpm_clean,ENSG00000226650,KIF4B,0,0.0,0,0.0,0,383,0.0,0,383,0.0,SARC_CHOR;SARC_EWS;SARC_OS
bone_and_joint,383,383,tpm_clean,ENSG00000227234,SPANXB1,20,5.22,14,3.66,17,383,4.44,10,383,2.61,SARC_CHOR;SARC_EWS;SARC_OS
bone_and_joint,383,383,tpm_clean,ENSG00000228836,CT45A5/6/7,4,1.04,1,0.26,2,383,0.52,0,383,0.0,SARC_CHOR;SARC_EWS;SARC_OS
bone_and_joint,383,383,tpm_clean,ENSG00000228927,TSPY3,1,0.26,0,0.0,0,383,0.0,0,383,0.0,SARC_CHOR;SARC_EWS;SARC_OS
bone_and_joint,383,383,tpm_clean,ENSG00000229549,TSPY8,0,0.0,0,0.0,0,383,0.0,0,383,0.0,SARC_CHOR;SARC_EWS;SARC_OS
bone_and_joint,383,20,tpm_clean,ENSG00000230601,TEX48,0,0.0,0,0.0,0,20,0.0,0,20,0.0,SARC_CHOR;SARC_EWS;SARC_OS
bone_and_joint,383,383,tpm_clean,ENSG00000231924,PSG1,0,0.0,0,0.0,0,383,0.0,0,383,0.0,SARC_CHOR;SARC_EWS;SARC_OS
bone_and_joint,383,383,tpm_clean,ENSG00000233056,ERVH48-1,3,0.78,2,0.52,3,383,0.78,2,383,0.52,SARC_CHOR;SARC_EWS;SARC_OS
bone_and_joint,383,383,tpm_clean,ENSG00000233803,TSPY4,1,0.26,1,0.26,1,383,0.26,1,383,0.26,SARC_CHOR;SARC_EWS;SARC_OS
bone_and_joint,383,383,tpm_clean,ENSG00000234068,PAGE2,42,10.97,31,8.09,36,383,9.4,26,383,6.79,SARC_CHOR;SARC_EWS;SARC_OS
bone_and_joint,383,383,tpm_clean,ENSG00000234414,RBMY1A1,4,1.04,1,0.26,1,383,0.26,0,383,0.0,SARC_CHOR;SARC_EWS;SARC_OS
bone_and_joint,383,383,tpm_clean,ENSG00000235631,RNF148,4,1.04,0,0.0,9,383,2.35,3,383,0.78,SARC_CHOR;SARC_EWS;SARC_OS
bone_and_joint,383,383,tpm_clean,ENSG00000236424,TSPY10,1,0.26,1,0.26,1,383,0.26,1,383,0.26,SARC_CHOR;SARC_EWS;SARC_OS
bone_and_joint,383,383,tpm_clean,ENSG00000236446,CT47B1,0,0.0,0,0.0,0,383,0.0,0,383,0.0,SARC_CHOR;SARC_EWS;SARC_OS
bone_and_joint,383,383,tpm_clean,ENSG00000236761,CTAGE9,0,0.0,0,0.0,0,383,0.0,0,383,0.0,SARC_CHOR;SARC_EWS;SARC_OS
bone_and_joint,383,383,tpm_clean,ENSG00000238269,PAGE2B,70,18.28,58,15.14,63,383,16.45,52,383,13.58,SARC_CHOR;SARC_EWS;SARC_OS
bone_and_joint,383,383,tpm_clean,ENSG00000240021,TEX35,0,0.0,0,0.0,0,383,0.0,0,383,0.0,SARC_CHOR;SARC_EWS;SARC_OS
bone_and_joint,383,20,tpm_clean,ENSG00000241149,ZNF722,0,0.0,0,0.0,0,20,0.0,0,20,0.0,SARC_CHOR;SARC_EWS;SARC_OS
bone_and_joint,383,383,tpm_clean,ENSG00000241476,SSX2/SSX2B,43,11.23,30,7.83,34,383,8.88,14,383,3.66,SARC_CHOR;SARC_EWS;SARC_OS
bone_and_joint,383,383,tpm_clean,ENSG00000242221,PSG2,0,0.0,0,0.0,0,383,0.0,0,383,0.0,SARC_CHOR;SARC_EWS;SARC_OS
bone_and_joint,383,383,tpm_clean,ENSG00000242389,RBMY1E,0,0.0,0,0.0,0,383,0.0,0,383,0.0,SARC_CHOR;SARC_EWS;SARC_OS
bone_and_joint,383,383,tpm_clean,ENSG00000242875,RBMY1B,0,0.0,0,0.0,0,383,0.0,0,383,0.0,SARC_CHOR;SARC_EWS;SARC_OS
bone_and_joint,383,383,tpm_clean,ENSG00000243130,PSG11,0,0.0,0,0.0,0,383,0.0,0,383,0.0,SARC_CHOR;SARC_EWS;SARC_OS
bone_and_joint,383,383,tpm_clean,ENSG00000244395,RBMY1D,0,0.0,0,0.0,0,383,0.0,0,383,0.0,SARC_CHOR;SARC_EWS;SARC_OS
bone_and_joint,383,383,tpm_clean,ENSG00000244588,RAD21L1,0,0.0,0,0.0,0,383,0.0,0,383,0.0,SARC_CHOR;SARC_EWS;SARC_OS
bone_and_joint,383,383,tpm_clean,ENSG00000249861,LGALS16,0,0.0,0,0.0,0,383,0.0,0,383,0.0,SARC_CHOR;SARC_EWS;SARC_OS
bone_and_joint,383,383,tpm_clean,ENSG00000250741,NT5C1B-RDH14,0,0.0,0,0.0,0,383,0.0,0,383,0.0,SARC_CHOR;SARC_EWS;SARC_OS
bone_and_joint,383,383,tpm_clean,ENSG00000251258,RFPL4B,0,0.0,0,0.0,0,383,0.0,0,383,0.0,SARC_CHOR;SARC_EWS;SARC_OS
bone_and_joint,383,383,tpm_clean,ENSG00000258713,C20orf141,0,0.0,0,0.0,0,383,0.0,0,383,0.0,SARC_CHOR;SARC_EWS;SARC_OS
bone_and_joint,383,383,tpm_clean,ENSG00000258992,TSPY1,2,0.52,1,0.26,1,383,0.26,0,383,0.0,SARC_CHOR;SARC_EWS;SARC_OS
bone_and_joint,383,383,tpm_clean,ENSG00000261649,GOLGA6L7,1,0.26,1,0.26,1,383,0.26,0,383,0.0,SARC_CHOR;SARC_EWS;SARC_OS
bone_and_joint,383,383,tpm_clean,ENSG00000261949,GFY,0,0.0,0,0.0,0,383,0.0,0,383,0.0,SARC_CHOR;SARC_EWS;SARC_OS
bone_and_joint,383,383,tpm_clean,ENSG00000268009,SSX4/SSX4B,10,2.61,5,1.31,7,383,1.83,3,383,0.78,SARC_CHOR;SARC_EWS;SARC_OS
bone_and_joint,383,383,tpm_clean,ENSG00000268629,TEX13A,0,0.0,0,0.0,0,383,0.0,0,383,0.0,SARC_CHOR;SARC_EWS;SARC_OS
bone_and_joint,383,383,tpm_clean,ENSG00000268696,ZNF723,0,0.0,0,0.0,0,383,0.0,0,383,0.0,SARC_CHOR;SARC_EWS;SARC_OS
bone_and_joint,383,383,tpm_clean,ENSG00000268964,ERVV-2,0,0.0,0,0.0,0,383,0.0,0,383,0.0,SARC_CHOR;SARC_EWS;SARC_OS
bone_and_joint,383,383,tpm_clean,ENSG00000268988,SPANXN2,0,0.0,0,0.0,0,383,0.0,0,383,0.0,SARC_CHOR;SARC_EWS;SARC_OS
bone_and_joint,383,383,tpm_clean,ENSG00000269058,CALR3,0,0.0,0,0.0,0,383,0.0,0,383,0.0,SARC_CHOR;SARC_EWS;SARC_OS
bone_and_joint,383,383,tpm_clean,ENSG00000269586,CT45A10,8,2.09,4,1.04,5,383,1.31,2,383,0.52,SARC_CHOR;SARC_EWS;SARC_OS
bone_and_joint,383,383,tpm_clean,ENSG00000270806,C17orf50,0,0.0,0,0.0,0,383,0.0,0,383,0.0,SARC_CHOR;SARC_EWS;SARC_OS
bone_and_joint,383,383,tpm_clean,ENSG00000270946,CT45A2/8/9,0,0.0,0,0.0,0,383,0.0,0,383,0.0,SARC_CHOR;SARC_EWS;SARC_OS
bone_and_joint,383,383,tpm_clean,ENSG00000271321,CTAGE6,0,0.0,0,0.0,0,383,0.0,0,383,0.0,SARC_CHOR;SARC_EWS;SARC_OS
bone_and_joint,383,383,tpm_clean,ENSG00000274274,GAGE13,8,2.09,4,1.04,4,383,1.04,1,383,0.26,SARC_CHOR;SARC_EWS;SARC_OS
bone_and_joint,383,383,tpm_clean,ENSG00000274391,TPTE,1,0.26,0,0.0,0,383,0.0,0,383,0.0,SARC_CHOR;SARC_EWS;SARC_OS
bone_and_joint,383,383,tpm_clean,ENSG00000275793,RIMBP3,0,0.0,0,0.0,0,383,0.0,0,383,0.0,SARC_CHOR;SARC_EWS;SARC_OS
bone_and_joint,383,383,tpm_clean,ENSG00000275969,SPATA31A3,0,0.0,0,0.0,0,383,0.0,0,383,0.0,SARC_CHOR;SARC_EWS;SARC_OS
bone_and_joint,383,383,tpm_clean,ENSG00000276040,SPATA31A7,0,0.0,0,0.0,0,383,0.0,0,383,0.0,SARC_CHOR;SARC_EWS;SARC_OS
bone_and_joint,383,383,tpm_clean,ENSG00000276581,SPATA31A5,0,0.0,0,0.0,0,383,0.0,0,383,0.0,SARC_CHOR;SARC_EWS;SARC_OS
bone_and_joint,383,383,tpm_clean,ENSG00000277322,GOLGA6L6,0,0.0,0,0.0,0,383,0.0,0,383,0.0,SARC_CHOR;SARC_EWS;SARC_OS
bone_and_joint,383,20,tpm_clean,ENSG00000282815,TEX13C,0,0.0,0,0.0,0,20,0.0,0,20,0.0,SARC_CHOR;SARC_EWS;SARC_OS
melanoma,469,469,tpm_clean,ENSG00000006047,YBX2,0,0.0,0,0.0,0,469,0.0,0,469,0.0,SKCM
melanoma,469,469,tpm_clean,ENSG00000006659,LGALS14,0,0.0,0,0.0,0,469,0.0,0,469,0.0,SKCM
melanoma,469,469,tpm_clean,ENSG00000007350,TKTL1,19,4.05,10,2.13,12,469,2.56,8,469,1.71,SKCM
melanoma,469,469,tpm_clean,ENSG00000010318,PHF7,0,0.0,0,0.0,0,469,0.0,0,469,0.0,SKCM
melanoma,469,469,tpm_clean,ENSG00000042813,ZPBP,0,0.0,0,0.0,0,469,0.0,0,469,0.0,SKCM
melanoma,469,469,tpm_clean,ENSG00000046774,MAGEC2,131,27.93,107,22.81,117,469,24.95,83,469,17.7,SKCM
melanoma,469,469,tpm_clean,ENSG00000054796,SPO11,0,0.0,0,0.0,0,469,0.0,0,469,0.0,SKCM
melanoma,469,469,tpm_clean,ENSG00000068985,PAGE1,23,4.9,20,4.26,22,469,4.69,15,469,3.2,SKCM
melanoma,469,469,tpm_clean,ENSG00000077800,FKBP6,0,0.0,0,0.0,0,469,0.0,0,469,0.0,SKCM
melanoma,469,469,tpm_clean,ENSG00000077935,SMC1B,0,0.0,0,0.0,0,469,0.0,0,469,0.0,SKCM
melanoma,469,469,tpm_clean,ENSG00000092345,DAZL,0,0.0,0,0.0,0,469,0.0,0,469,0.0,SKCM
melanoma,469,469,tpm_clean,ENSG00000095627,TDRD1,0,0.0,0,0.0,0,469,0.0,0,469,0.0,SKCM
melanoma,469,469,tpm_clean,ENSG00000099399,MAGEB2,52,11.09,30,6.4,42,469,8.96,10,469,2.13,SKCM
melanoma,469,469,tpm_clean,ENSG00000102021,LUZP4,5,1.07,3,0.64,3,469,0.64,3,469,0.64,SKCM
melanoma,469,469,tpm_clean,ENSG00000103023,PRSS54,0,0.0,0,0.0,0,469,0.0,0,469,0.0,SKCM
melanoma,469,469,tpm_clean,ENSG00000104755,ADAM2,0,0.0,0,0.0,0,469,0.0,0,469,0.0,SKCM
melanoma,469,469,tpm_clean,ENSG00000104804,TULP2,0,0.0,0,0.0,0,469,0.0,0,469,0.0,SKCM
melanoma,469,469,tpm_clean,ENSG00000104818,CGB2,0,0.0,0,0.0,0,469,0.0,0,469,0.0,SKCM
melanoma,469,469,tpm_clean,ENSG00000104901,DKKL1,2,0.43,1,0.21,2,469,0.43,0,469,0.0,SKCM
melanoma,469,469,tpm_clean,ENSG00000105198,LGALS13,0,0.0,0,0.0,0,469,0.0,0,469,0.0,SKCM
melanoma,469,469,tpm_clean,ENSG00000106013,ANKRD7,0,0.0,0,0.0,0,469,0.0,0,469,0.0,SKCM
melanoma,469,469,tpm_clean,ENSG00000106304,SPAM1,0,0.0,0,0.0,0,469,0.0,0,469,0.0,SKCM
melanoma,469,469,tpm_clean,ENSG00000114487,MORC1,0,0.0,0,0.0,0,469,0.0,0,469,0.0,SKCM
melanoma,469,469,tpm_clean,ENSG00000117148,ACTL8,4,0.85,2,0.43,2,469,0.43,2,469,0.43,SKCM
melanoma,469,469,tpm_clean,ENSG00000118434,SPACA1,0,0.0,0,0.0,0,469,0.0,0,469,0.0,SKCM
melanoma,469,469,tpm_clean,ENSG00000118491,ZC2HC1B,0,0.0,0,0.0,0,469,0.0,0,469,0.0,SKCM
melanoma,469,469,tpm_clean,ENSG00000121101,TEX14,0,0.0,0,0.0,0,469,0.0,0,469,0.0,SKCM
melanoma,469,469,tpm_clean,ENSG00000122304,PRM2,0,0.0,0,0.0,0,469,0.0,0,469,0.0,SKCM
melanoma,469,469,tpm_clean,ENSG00000123576,ESX1,0,0.0,0,0.0,0,469,0.0,0,469,0.0,SKCM
melanoma,469,469,tpm_clean,ENSG00000123584,MAGEA9/MAGEA9B,26,5.54,16,3.41,23,469,4.9,6,469,1.28,SKCM
melanoma,469,469,tpm_clean,ENSG00000124092,CTCFL,14,2.99,4,0.85,8,469,1.71,1,469,0.21,SKCM
melanoma,469,469,tpm_clean,ENSG00000124227,ANKRD60,0,0.0,0,0.0,0,469,0.0,0,469,0.0,SKCM
melanoma,469,469,tpm_clean,ENSG00000124260,MAGEA10,60,12.79,26,5.54,32,469,6.82,2,469,0.43,SKCM
melanoma,469,469,tpm_clean,ENSG00000124467,PSG8,0,0.0,0,0.0,0,469,0.0,0,469,0.0,SKCM
melanoma,469,469,tpm_clean,ENSG00000124490,CRISP2,0,0.0,0,0.0,0,469,0.0,0,469,0.0,SKCM
melanoma,469,469,tpm_clean,ENSG00000125207,PIWIL1,0,0.0,0,0.0,0,469,0.0,0,469,0.0,SKCM
melanoma,469,469,tpm_clean,ENSG00000125823,CSTL1,0,0.0,0,0.0,0,469,0.0,0,469,0.0,SKCM
melanoma,469,469,tpm_clean,ENSG00000126467,TSKS,0,0.0,0,0.0,0,469,0.0,0,469,0.0,SKCM
melanoma,469,469,tpm_clean,ENSG00000126752,SSX1,35,7.46,16,3.41,22,469,4.69,6,469,1.28,SKCM
melanoma,469,469,tpm_clean,ENSG00000126856,PRDM7,46,9.81,21,4.48,31,469,6.61,2,469,0.43,SKCM
melanoma,469,469,tpm_clean,ENSG00000129862,VCY/VCY1B,18,3.84,12,2.56,14,469,2.99,11,469,2.35,SKCM
melanoma,469,469,tpm_clean,ENSG00000130950,NUTM2F,0,0.0,0,0.0,0,469,0.0,0,469,0.0,SKCM
melanoma,469,469,tpm_clean,ENSG00000131126,TEX101,0,0.0,0,0.0,0,469,0.0,0,469,0.0,SKCM
melanoma,469,469,tpm_clean,ENSG00000132446,FTHL17,0,0.0,0,0.0,0,469,0.0,0,469,0.0,SKCM
melanoma,469,469,tpm_clean,ENSG00000135248,GARIN1B,0,0.0,0,0.0,0,469,0.0,0,469,0.0,SKCM
melanoma,469,469,tpm_clean,ENSG00000137090,DMRT1,0,0.0,0,0.0,0,469,0.0,0,469,0.0,SKCM
melanoma,469,469,tpm_clean,ENSG00000137948,BRDT,0,0.0,0,0.0,0,469,0.0,0,469,0.0,SKCM
melanoma,469,469,tpm_clean,ENSG00000139351,SYCP3,0,0.0,0,0.0,0,469,0.0,0,469,0.0,SKCM
melanoma,469,469,tpm_clean,ENSG00000140478,GOLGA6D,0,0.0,0,0.0,0,469,0.0,0,469,0.0,SKCM
melanoma,469,469,tpm_clean,ENSG00000141096,DPEP3,16,3.41,11,2.35,14,469,2.99,8,469,1.71,SKCM
melanoma,469,469,tpm_clean,ENSG00000141255,SPATA22,3,0.64,0,0.0,0,469,0.0,0,469,0.0,SKCM
melanoma,469,469,tpm_clean,ENSG00000141316,SPACA3,2,0.43,1,0.21,1,469,0.21,0,469,0.0,SKCM
melanoma,469,469,tpm_clean,ENSG00000141371,CHCT1,0,0.0,0,0.0,0,469,0.0,0,469,0.0,SKCM
melanoma,469,469,tpm_clean,ENSG00000141437,SLC25A52,0,0.0,0,0.0,0,469,0.0,0,469,0.0,SKCM
melanoma,469,469,tpm_clean,ENSG00000142025,DMRTC2,0,0.0,0,0.0,0,469,0.0,0,469,0.0,SKCM
melanoma,469,469,tpm_clean,ENSG00000142698,C1orf94,0,0.0,0,0.0,0,469,0.0,0,469,0.0,SKCM
melanoma,469,469,tpm_clean,ENSG00000143006,DMRTB1,0,0.0,0,0.0,0,469,0.0,0,469,0.0,SKCM
melanoma,469,469,tpm_clean,ENSG00000143452,HORMAD1,14,2.99,4,0.85,5,469,1.07,0,469,0.0,SKCM
melanoma,469,469,tpm_clean,ENSG00000144962,SPATA16,0,0.0,0,0.0,0,469,0.0,0,469,0.0,SKCM
melanoma,469,469,tpm_clean,ENSG00000145309,CABS1,0,0.0,0,0.0,0,469,0.0,0,469,0.0,SKCM
melanoma,469,469,tpm_clean,ENSG00000147081,AKAP4,0,0.0,0,0.0,0,469,0.0,0,469,0.0,SKCM
melanoma,469,469,tpm_clean,ENSG00000147183,CPXCR1,0,0.0,0,0.0,0,469,0.0,0,469,0.0,SKCM
melanoma,469,469,tpm_clean,ENSG00000147378,FATE1,0,0.0,0,0.0,0,469,0.0,0,469,0.0,SKCM
melanoma,469,469,tpm_clean,ENSG00000147381,MAGEA4,73,15.57,62,13.22,66,469,14.07,52,469,11.09,SKCM
melanoma,469,469,tpm_clean,ENSG00000148156,ACTL7B,0,0.0,0,0.0,0,469,0.0,0,469,0.0,SKCM
melanoma,469,469,tpm_clean,ENSG00000150628,SPATA4,0,0.0,0,0.0,0,469,0.0,0,469,0.0,SKCM
melanoma,469,469,tpm_clean,ENSG00000151962,RBM46,0,0.0,0,0.0,0,469,0.0,0,469,0.0,SKCM
melanoma,469,469,tpm_clean,ENSG00000152430,BOLL,0,0.0,0,0.0,0,469,0.0,0,469,0.0,SKCM
melanoma,469,469,tpm_clean,ENSG00000152670,DDX4,0,0.0,0,0.0,0,469,0.0,0,469,0.0,SKCM
melanoma,469,469,tpm_clean,ENSG00000153060,TEKT5,18,3.84,9,1.92,9,469,1.92,6,469,1.28,SKCM
melanoma,469,469,tpm_clean,ENSG00000153779,TGIF2LX,0,0.0,0,0.0,0,469,0.0,0,469,0.0,SKCM
melanoma,469,469,tpm_clean,ENSG00000155087,ODF1,0,0.0,0,0.0,0,469,0.0,0,469,0.0,SKCM
melanoma,469,469,tpm_clean,ENSG00000155495,MAGEC1,77,16.42,43,9.17,60,469,12.79,12,469,2.56,SKCM
melanoma,469,469,tpm_clean,ENSG00000155622,XAGE2,2,0.43,1,0.21,2,469,0.43,0,469,0.0,SKCM
melanoma,469,469,tpm_clean,ENSG00000156009,MAGEA8,2,0.43,0,0.0,1,469,0.21,0,469,0.0,SKCM
melanoma,469,469,tpm_clean,ENSG00000156269,NAA11,4,0.85,0,0.0,0,469,0.0,0,469,0.0,SKCM
melanoma,469,469,tpm_clean,ENSG00000158639,PAGE5,109,23.24,102,21.75,104,469,22.17,92,469,19.62,SKCM
melanoma,469,469,tpm_clean,ENSG00000159289,GOLGA6A,0,0.0,0,0.0,0,469,0.0,0,469,0.0,SKCM
melanoma,469,469,tpm_clean,ENSG00000159708,LRRC36,0,0.0,0,0.0,0,469,0.0,0,469,0.0,SKCM
melanoma,469,469,tpm_clean,ENSG00000161860,SYCE2,0,0.0,0,0.0,0,469,0.0,0,469,0.0,SKCM
melanoma,469,469,tpm_clean,ENSG00000161973,CCDC42,0,0.0,0,0.0,0,469,0.0,0,469,0.0,SKCM
melanoma,469,469,tpm_clean,ENSG00000162039,MEIOB,1,0.21,0,0.0,0,469,0.0,0,469,0.0,SKCM
melanoma,469,469,tpm_clean,ENSG00000162641,AKNAD1,0,0.0,0,0.0,0,469,0.0,0,469,0.0,SKCM
melanoma,469,469,tpm_clean,ENSG00000162771,GARIN4,0,0.0,0,0.0,0,469,0.0,0,469,0.0,SKCM
melanoma,469,469,tpm_clean,ENSG00000162843,WDR64,2,0.43,1,0.21,1,469,0.21,0,469,0.0,SKCM
melanoma,469,469,tpm_clean,ENSG00000163114,PDHA2,0,0.0,0,0.0,0,469,0.0,0,469,0.0,SKCM
melanoma,469,469,tpm_clean,ENSG00000163530,DPPA2,0,0.0,0,0.0,0,469,0.0,0,469,0.0,SKCM
melanoma,469,469,tpm_clean,ENSG00000164113,ADAD1,0,0.0,0,0.0,0,469,0.0,0,469,0.0,SKCM
melanoma,469,469,tpm_clean,ENSG00000164304,CAGE1,0,0.0,0,0.0,0,469,0.0,0,469,0.0,SKCM
melanoma,469,469,tpm_clean,ENSG00000165583,SSX5,4,0.85,1,0.21,2,469,0.43,0,469,0.0,SKCM
melanoma,469,469,tpm_clean,ENSG00000165584,SSX3,0,0.0,0,0.0,0,469,0.0,0,469,0.0,SKCM
melanoma,469,469,tpm_clean,ENSG00000166049,PASD1,9,1.92,0,0.0,1,469,0.21,0,469,0.0,SKCM
melanoma,469,469,tpm_clean,ENSG00000166069,TMCO5A,0,0.0,0,0.0,0,469,0.0,0,469,0.0,SKCM
melanoma,469,469,tpm_clean,ENSG00000166118,SPATA19,0,0.0,0,0.0,0,469,0.0,0,469,0.0,SKCM
melanoma,469,469,tpm_clean,ENSG00000166796,LDHC,2,0.43,0,0.0,0,469,0.0,0,469,0.0,SKCM
melanoma,469,469,tpm_clean,ENSG00000167098,SUN5,0,0.0,0,0.0,0,469,0.0,0,469,0.0,SKCM
melanoma,469,469,tpm_clean,ENSG00000168594,ADAM29,0,0.0,0,0.0,0,469,0.0,0,469,0.0,SKCM
melanoma,469,469,tpm_clean,ENSG00000168757,TSPY2,7,1.49,5,1.07,5,469,1.07,3,469,0.64,SKCM
melanoma,469,469,tpm_clean,ENSG00000169059,VCX3A,28,5.97,23,4.9,24,469,5.12,18,469,3.84,SKCM
melanoma,469,469,tpm_clean,ENSG00000169551,CT55,13,2.77,1,0.21,1,469,0.21,0,469,0.0,SKCM
melanoma,469,469,tpm_clean,ENSG00000169800,RBMY1F,0,0.0,0,0.0,0,469,0.0,0,469,0.0,SKCM
melanoma,469,469,tpm_clean,ENSG00000170516,COX7B2,8,1.71,1,0.21,1,469,0.21,0,469,0.0,SKCM
melanoma,469,469,tpm_clean,ENSG00000170748,RBMXL2,0,0.0,0,0.0,0,469,0.0,0,469,0.0,SKCM
melanoma,469,469,tpm_clean,ENSG00000170848,PSG6,0,0.0,0,0.0,0,469,0.0,0,469,0.0,SKCM
melanoma,469,469,tpm_clean,ENSG00000170950,PGK2,0,0.0,0,0.0,0,469,0.0,0,469,0.0,SKCM
melanoma,469,469,tpm_clean,ENSG00000170965,PLAC1,0,0.0,0,0.0,0,469,0.0,0,469,0.0,SKCM
melanoma,469,469,tpm_clean,ENSG00000171402,XAGE3,11,2.35,6,1.28,10,469,2.13,2,469,0.43,SKCM
melanoma,469,469,tpm_clean,ENSG00000171405,XAGE5,3,0.64,1,0.21,1,469,0.21,0,469,0.0,SKCM
melanoma,469,469,tpm_clean,ENSG00000171794,UTF1,0,0.0,0,0.0,0,469,0.0,0,469,0.0,SKCM
melanoma,469,469,tpm_clean,ENSG00000172073,TEX37,0,0.0,0,0.0,0,469,0.0,0,469,0.0,SKCM
melanoma,469,469,tpm_clean,ENSG00000172717,GARIN2,0,0.0,0,0.0,0,469,0.0,0,469,0.0,SKCM
melanoma,469,469,tpm_clean,ENSG00000174015,CBY2,0,0.0,0,0.0,0,469,0.0,0,469,0.0,SKCM
melanoma,469,469,tpm_clean,ENSG00000174016,TENT5D,0,0.0,0,0.0,0,469,0.0,0,469,0.0,SKCM
melanoma,469,469,tpm_clean,ENSG00000174898,CATSPERD,0,0.0,0,0.0,0,469,0.0,0,469,0.0,SKCM
melanoma,469,469,tpm_clean,ENSG00000175646,PRM1,0,0.0,0,0.0,0,469,0.0,0,469,0.0,SKCM
melanoma,469,469,tpm_clean,ENSG00000175809,CBLL2,0,0.0,0,0.0,0,469,0.0,0,469,0.0,SKCM
melanoma,469,469,tpm_clean,ENSG00000175820,CCDC168,0,0.0,0,0.0,0,469,0.0,0,469,0.0,SKCM
melanoma,469,469,tpm_clean,ENSG00000175877,TMEM270,0,0.0,0,0.0,0,469,0.0,0,469,0.0,SKCM
melanoma,469,469,tpm_clean,ENSG00000176256,HMGB4,0,0.0,0,0.0,0,469,0.0,0,469,0.0,SKCM
melanoma,469,469,tpm_clean,ENSG00000176566,DCAF4L2,0,0.0,0,0.0,0,469,0.0,0,469,0.0,SKCM
melanoma,469,469,tpm_clean,ENSG00000176635,HORMAD2,0,0.0,0,0.0,0,469,0.0,0,469,0.0,SKCM
melanoma,469,469,tpm_clean,ENSG00000176746,MAGEB6,0,0.0,0,0.0,0,469,0.0,0,469,0.0,SKCM
melanoma,469,469,tpm_clean,ENSG00000176774,MAGEB18,0,0.0,0,0.0,0,469,0.0,0,469,0.0,SKCM
melanoma,469,469,tpm_clean,ENSG00000176988,FMR1NB,1,0.21,1,0.21,1,469,0.21,1,469,0.21,SKCM
melanoma,469,469,tpm_clean,ENSG00000177294,FBXO39,2,0.43,1,0.21,1,469,0.21,0,469,0.0,SKCM
melanoma,469,469,tpm_clean,ENSG00000177673,TEX44,0,0.0,0,0.0,0,469,0.0,0,469,0.0,SKCM
melanoma,469,469,tpm_clean,ENSG00000177689,MAGEB10,0,0.0,0,0.0,0,469,0.0,0,469,0.0,SKCM
melanoma,469,469,tpm_clean,ENSG00000177947,ODF3,0,0.0,0,0.0,0,469,0.0,0,469,0.0,SKCM
melanoma,469,469,tpm_clean,ENSG00000177992,SPATA31E1,0,0.0,0,0.0,0,469,0.0,0,469,0.0,SKCM
melanoma,469,469,tpm_clean,ENSG00000178021,TSPYL6,0,0.0,0,0.0,0,469,0.0,0,469,0.0,SKCM
melanoma,469,469,tpm_clean,ENSG00000178257,PRM3,0,0.0,0,0.0,0,469,0.0,0,469,0.0,SKCM
melanoma,469,469,tpm_clean,ENSG00000178279,TNP2,0,0.0,0,0.0,0,469,0.0,0,469,0.0,SKCM
melanoma,469,469,tpm_clean,ENSG00000178997,EXD1,0,0.0,0,0.0,0,469,0.0,0,469,0.0,SKCM
melanoma,469,469,tpm_clean,ENSG00000179046,TRIML2,4,0.85,3,0.64,3,469,0.64,2,469,0.43,SKCM
melanoma,469,469,tpm_clean,ENSG00000179059,ZFP42,0,0.0,0,0.0,0,469,0.0,0,469,0.0,SKCM
melanoma,469,469,tpm_clean,ENSG00000179088,C12orf42,0,0.0,0,0.0,0,469,0.0,0,469,0.0,SKCM
melanoma,469,469,tpm_clean,ENSG00000179407,DNAJB8,0,0.0,0,0.0,0,469,0.0,0,469,0.0,SKCM
melanoma,469,469,tpm_clean,ENSG00000180138,CSNK1A1L,0,0.0,0,0.0,0,469,0.0,0,469,0.0,SKCM
melanoma,469,469,tpm_clean,ENSG00000180336,MEIOC,0,0.0,0,0.0,0,469,0.0,0,469,0.0,SKCM
melanoma,469,469,tpm_clean,ENSG00000181323,SPEM1,0,0.0,0,0.0,0,469,0.0,0,469,0.0,SKCM
melanoma,469,469,tpm_clean,ENSG00000181433,SAGE1,0,0.0,0,0.0,0,469,0.0,0,469,0.0,SKCM
melanoma,469,469,tpm_clean,ENSG00000182308,DCAF4L1,0,0.0,0,0.0,0,469,0.0,0,469,0.0,SKCM
melanoma,469,469,tpm_clean,ENSG00000182459,TEX19,0,0.0,0,0.0,0,469,0.0,0,469,0.0,SKCM
melanoma,469,469,tpm_clean,ENSG00000182583,VCX,21,4.48,14,2.99,18,469,3.84,6,469,1.28,SKCM
melanoma,469,469,tpm_clean,ENSG00000183206,POTEC,0,0.0,0,0.0,0,469,0.0,0,469,0.0,SKCM
melanoma,469,469,tpm_clean,ENSG00000183305,MAGEA2/MAGEA2B,188,40.09,92,19.62,125,469,26.65,15,469,3.2,SKCM
melanoma,469,469,tpm_clean,ENSG00000183434,TFDP3,1,0.21,0,0.0,0,469,0.0,0,469,0.0,SKCM
melanoma,469,469,tpm_clean,ENSG00000183668,PSG9,1,0.21,0,0.0,0,469,0.0,0,469,0.0,SKCM
melanoma,469,469,tpm_clean,ENSG00000184033,CTAG1A/B,65,13.86,54,11.51,60,469,12.79,51,469,10.87,SKCM
melanoma,469,469,tpm_clean,ENSG00000184361,SPATA32,0,0.0,0,0.0,0,469,0.0,0,469,0.0,SKCM
melanoma,469,469,tpm_clean,ENSG00000184507,NUTM1,0,0.0,0,0.0,0,469,0.0,0,469,0.0,SKCM
melanoma,469,469,tpm_clean,ENSG00000184650,ODF4,0,0.0,0,0.0,0,469,0.0,0,469,0.0,SKCM
melanoma,469,469,tpm_clean,ENSG00000184735,DDX53,0,0.0,0,0.0,0,469,0.0,0,469,0.0,SKCM
melanoma,469,469,tpm_clean,ENSG00000185264,TEX33,0,0.0,0,0.0,0,469,0.0,0,469,0.0,SKCM
melanoma,469,469,tpm_clean,ENSG00000185686,PRAME,442,94.24,422,89.98,430,469,91.68,410,469,87.42,SKCM
melanoma,469,469,tpm_clean,ENSG00000185775,SPATA31A6,0,0.0,0,0.0,0,469,0.0,0,469,0.0,SKCM
melanoma,469,469,tpm_clean,ENSG00000185792,NLRP9,0,0.0,0,0.0,0,469,0.0,0,469,0.0,SKCM
melanoma,469,469,tpm_clean,ENSG00000185863,TMEM210,0,0.0,0,0.0,0,469,0.0,0,469,0.0,SKCM
melanoma,469,469,tpm_clean,ENSG00000186075,ZPBP2,0,0.0,0,0.0,0,469,0.0,0,469,0.0,SKCM
melanoma,469,469,tpm_clean,ENSG00000186118,TEX38,0,0.0,0,0.0,0,469,0.0,0,469,0.0,SKCM
melanoma,469,469,tpm_clean,ENSG00000186451,SPATA12,0,0.0,0,0.0,0,469,0.0,0,469,0.0,SKCM
melanoma,469,469,tpm_clean,ENSG00000186788,SPATA31D3,0,0.0,0,0.0,0,469,0.0,0,469,0.0,SKCM
melanoma,469,469,tpm_clean,ENSG00000187003,ACTL7A,0,0.0,0,0.0,0,469,0.0,0,469,0.0,SKCM
melanoma,469,469,tpm_clean,ENSG00000187191,DAZ3,3,0.64,0,0.0,0,469,0.0,0,469,0.0,SKCM
melanoma,469,469,tpm_clean,ENSG00000187754,SSX7,0,0.0,0,0.0,0,469,0.0,0,469,0.0,SKCM
melanoma,469,469,tpm_clean,ENSG00000187772,LIN28B,0,0.0,0,0.0,0,469,0.0,0,469,0.0,SKCM
melanoma,469,469,tpm_clean,ENSG00000188120,DAZ1,13,2.77,4,0.85,5,469,1.07,0,469,0.0,SKCM
melanoma,469,469,tpm_clean,ENSG00000188425,NANOS2,0,0.0,0,0.0,0,469,0.0,0,469,0.0,SKCM
melanoma,469,469,tpm_clean,ENSG00000188782,CATSPER4,0,0.0,0,0.0,0,469,0.0,0,469,0.0,SKCM
melanoma,469,469,tpm_clean,ENSG00000189023,MAGEB16,2,0.43,1,0.21,2,469,0.43,1,469,0.21,SKCM
melanoma,469,469,tpm_clean,ENSG00000189052,CGB5/8,0,0.0,0,0.0,0,469,0.0,0,469,0.0,SKCM
melanoma,469,469,tpm_clean,ENSG00000189064,GAGE2A,52,11.09,38,8.1,40,469,8.53,32,469,6.82,SKCM
melanoma,469,469,tpm_clean,ENSG00000189186,DCAF8L2,0,0.0,0,0.0,0,469,0.0,0,469,0.0,SKCM
melanoma,469,469,tpm_clean,ENSG00000189252,SPANXN3,0,0.0,0,0.0,0,469,0.0,0,469,0.0,SKCM
melanoma,469,469,tpm_clean,ENSG00000189326,SPANXN4,1,0.21,0,0.0,0,469,0.0,0,469,0.0,SKCM
melanoma,469,469,tpm_clean,ENSG00000189357,SPATA31D4,0,0.0,0,0.0,0,469,0.0,0,469,0.0,SKCM
melanoma,469,469,tpm_clean,ENSG00000196350,ZNF729,0,0.0,0,0.0,0,469,0.0,0,469,0.0,SKCM
melanoma,469,469,tpm_clean,ENSG00000196406,SPANXD,2,0.43,1,0.21,1,469,0.21,1,469,0.21,SKCM
melanoma,469,469,tpm_clean,ENSG00000196553,CCDC196,0,0.0,0,0.0,0,469,0.0,0,469,0.0,SKCM
melanoma,469,469,tpm_clean,ENSG00000196604,POTEF,0,0.0,0,0.0,0,469,0.0,0,469,0.0,SKCM
melanoma,469,469,tpm_clean,ENSG00000196862,RGPD4,0,0.0,0,0.0,0,469,0.0,0,469,0.0,SKCM
melanoma,469,469,tpm_clean,ENSG00000197172,MAGEA6,218,46.48,160,34.12,196,469,41.79,56,469,11.94,SKCM
melanoma,469,469,tpm_clean,ENSG00000198021,SPANXA1/2,4,0.85,3,0.64,3,469,0.64,3,469,0.64,SKCM
melanoma,469,469,tpm_clean,ENSG00000198573,SPANXC,3,0.64,2,0.43,3,469,0.64,2,469,0.43,SKCM
melanoma,469,469,tpm_clean,ENSG00000198681,MAGEA1,67,14.29,29,6.18,42,469,8.96,4,469,0.85,SKCM
melanoma,469,469,tpm_clean,ENSG00000198759,EGFL6,0,0.0,0,0.0,1,469,0.21,0,469,0.0,SKCM
melanoma,469,469,tpm_clean,ENSG00000198765,SYCP1,0,0.0,0,0.0,0,469,0.0,0,469,0.0,SKCM
melanoma,469,469,tpm_clean,ENSG00000198870,STKLD1,0,0.0,0,0.0,0,469,0.0,0,469,0.0,SKCM
melanoma,469,469,tpm_clean,ENSG00000203909,DPPA5,0,0.0,0,0.0,0,469,0.0,0,469,0.0,SKCM
melanoma,469,469,tpm_clean,ENSG00000203923,SPANXN1,0,0.0,0,0.0,0,469,0.0,0,469,0.0,SKCM
melanoma,469,469,tpm_clean,ENSG00000204019,CT83,1,0.21,0,0.0,0,469,0.0,0,469,0.0,SKCM
melanoma,469,469,tpm_clean,ENSG00000204279,PAGE3,0,0.0,0,0.0,0,469,0.0,0,469,0.0,SKCM
melanoma,469,469,tpm_clean,ENSG00000204363,SPANXN5,0,0.0,0,0.0,0,469,0.0,0,469,0.0,SKCM
melanoma,469,469,tpm_clean,ENSG00000204379,XAGE1A/B,150,31.98,145,30.92,146,469,31.13,135,469,28.78,SKCM
melanoma,469,469,tpm_clean,ENSG00000204450,TRIM64,0,0.0,0,0.0,0,469,0.0,0,469,0.0,SKCM
melanoma,469,469,tpm_clean,ENSG00000204849,SPATA31A1,0,0.0,0,0.0,0,469,0.0,0,469,0.0,SKCM
melanoma,469,469,tpm_clean,ENSG00000204941,PSG5,2,0.43,2,0.43,2,469,0.43,1,469,0.21,SKCM
melanoma,469,469,tpm_clean,ENSG00000204961,PCDHA9,0,0.0,0,0.0,0,469,0.0,0,469,0.0,SKCM
melanoma,469,469,tpm_clean,ENSG00000205359,SLCO6A1,0,0.0,0,0.0,0,469,0.0,0,469,0.0,SKCM
melanoma,469,469,tpm_clean,ENSG00000205642,VCX3B,20,4.26,14,2.99,14,469,2.99,7,469,1.49,SKCM
melanoma,469,469,tpm_clean,ENSG00000205777,GAGE1,63,13.43,53,11.3,59,469,12.58,41,469,8.74,SKCM
melanoma,469,469,tpm_clean,ENSG00000212710,CTAGE1,0,0.0,0,0.0,0,469,0.0,0,469,0.0,SKCM
melanoma,469,469,tpm_clean,ENSG00000213218,CSH2,0,0.0,0,0.0,0,469,0.0,0,469,0.0,SKCM
melanoma,469,469,tpm_clean,ENSG00000213401,MAGEA12,188,40.09,79,16.84,122,469,26.01,5,469,1.07,SKCM
melanoma,469,469,tpm_clean,ENSG00000214107,MAGEB1,7,1.49,2,0.43,3,469,0.64,0,469,0.0,SKCM
melanoma,469,469,tpm_clean,ENSG00000215113,CXorf49/CXorf49B,5,1.07,2,0.43,3,469,0.64,0,469,0.0,SKCM
melanoma,469,469,tpm_clean,ENSG00000215269,GAGE12F/G,0,0.0,0,0.0,0,469,0.0,0,469,0.0,SKCM
melanoma,469,469,tpm_clean,ENSG00000215274,GAGE10,19,4.05,8,1.71,12,469,2.56,4,469,0.85,SKCM
melanoma,469,469,tpm_clean,ENSG00000215529,EFCAB8,0,0.0,0,0.0,0,469,0.0,0,469,0.0,SKCM
melanoma,469,469,tpm_clean,ENSG00000215817,ZC3H11B,1,0.21,0,0.0,0,469,0.0,0,469,0.0,SKCM
melanoma,469,469,tpm_clean,ENSG00000216649,GAGE12C/D/E,18,3.84,16,3.41,16,469,3.41,14,469,2.99,SKCM
melanoma,469,469,tpm_clean,ENSG00000221826,PSG3,0,0.0,0,0.0,0,469,0.0,0,469,0.0,SKCM
melanoma,469,469,tpm_clean,ENSG00000221867,MAGEA3,235,50.11,183,39.02,214,469,45.63,85,469,18.12,SKCM
melanoma,469,469,tpm_clean,ENSG00000221878,PSG7,0,0.0,0,0.0,0,469,0.0,0,469,0.0,SKCM
melanoma,469,469,tpm_clean,ENSG00000224089,CT47A1/2/3/4/5/6/7/8/9/10/11/12,0,0.0,0,0.0,0,469,0.0,0,469,0.0,SKCM
melanoma,469,469,tpm_clean,ENSG00000224440,CXorf51A/B,0,0.0,0,0.0,0,469,0.0,0,469,0.0,SKCM
melanoma,469,469,tpm_clean,ENSG00000224659,GAGE12J,13,2.77,9,1.92,10,469,2.13,6,469,1.28,SKCM
melanoma,469,469,tpm_clean,ENSG00000224902,GAGE12H,13,2.77,10,2.13,11,469,2.35,10,469,2.13,SKCM
melanoma,469,0,tpm_clean,ENSG00000224960,PPP4R3C,0,,0,,0,0,,0,0,,SKCM
melanoma,469,469,tpm_clean,ENSG00000226650,KIF4B,0,0.0,0,0.0,0,469,0.0,0,469,0.0,SKCM
melanoma,469,469,tpm_clean,ENSG00000227234,SPANXB1,3,0.64,3,0.64,3,469,0.64,3,469,0.64,SKCM
melanoma,469,469,tpm_clean,ENSG00000228836,CT45A5/6/7,16,3.41,12,2.56,12,469,2.56,5,469,1.07,SKCM
melanoma,469,469,tpm_clean,ENSG00000228927,TSPY3,2,0.43,2,0.43,2,469,0.43,2,469,0.43,SKCM
melanoma,469,469,tpm_clean,ENSG00000229549,TSPY8,1,0.21,1,0.21,1,469,0.21,0,469,0.0,SKCM
melanoma,469,0,tpm_clean,ENSG00000230601,TEX48,0,,0,,0,0,,0,0,,SKCM
melanoma,469,469,tpm_clean,ENSG00000231924,PSG1,0,0.0,0,0.0,0,469,0.0,0,469,0.0,SKCM
melanoma,469,469,tpm_clean,ENSG00000233056,ERVH48-1,0,0.0,0,0.0,0,469,0.0,0,469,0.0,SKCM
melanoma,469,469,tpm_clean,ENSG00000233803,TSPY4,9,1.92,6,1.28,8,469,1.71,5,469,1.07,SKCM
melanoma,469,469,tpm_clean,ENSG00000234068,PAGE2,44,9.38,37,7.89,39,469,8.32,33,469,7.04,SKCM
melanoma,469,469,tpm_clean,ENSG00000234414,RBMY1A1,2,0.43,1,0.21,1,469,0.21,0,469,0.0,SKCM
melanoma,469,469,tpm_clean,ENSG00000235631,RNF148,0,0.0,0,0.0,0,469,0.0,0,469,0.0,SKCM
melanoma,469,469,tpm_clean,ENSG00000236424,TSPY10,7,1.49,5,1.07,6,469,1.28,4,469,0.85,SKCM
melanoma,469,469,tpm_clean,ENSG00000236446,CT47B1,0,0.0,0,0.0,0,469,0.0,0,469,0.0,SKCM
melanoma,469,469,tpm_clean,ENSG00000236761,CTAGE9,0,0.0,0,0.0,0,469,0.0,0,469,0.0,SKCM
melanoma,469,469,tpm_clean,ENSG00000238269,PAGE2B,30,6.4,24,5.12,26,469,5.54,20,469,4.26,SKCM
melanoma,469,469,tpm_clean,ENSG00000240021,TEX35,0,0.0,0,0.0,0,469,0.0,0,469,0.0,SKCM
melanoma,469,0,tpm_clean,ENSG00000241149,ZNF722,0,,0,,0,0,,0,0,,SKCM
melanoma,469,469,tpm_clean,ENSG00000241476,SSX2/SSX2B,37,7.89,14,2.99,22,469,4.69,8,469,1.71,SKCM
melanoma,469,469,tpm_clean,ENSG00000242221,PSG2,0,0.0,0,0.0,0,469,0.0,0,469,0.0,SKCM
melanoma,469,469,tpm_clean,ENSG00000242389,RBMY1E,0,0.0,0,0.0,0,469,0.0,0,469,0.0,SKCM
melanoma,469,469,tpm_clean,ENSG00000242875,RBMY1B,0,0.0,0,0.0,0,469,0.0,0,469,0.0,SKCM
melanoma,469,469,tpm_clean,ENSG00000243130,PSG11,0,0.0,0,0.0,0,469,0.0,0,469,0.0,SKCM
melanoma,469,469,tpm_clean,ENSG00000244395,RBMY1D,0,0.0,0,0.0,0,469,0.0,0,469,0.0,SKCM
melanoma,469,469,tpm_clean,ENSG00000244588,RAD21L1,0,0.0,0,0.0,0,469,0.0,0,469,0.0,SKCM
melanoma,469,469,tpm_clean,ENSG00000249861,LGALS16,0,0.0,0,0.0,0,469,0.0,0,469,0.0,SKCM
melanoma,469,469,tpm_clean,ENSG00000250741,NT5C1B-RDH14,0,0.0,0,0.0,0,469,0.0,0,469,0.0,SKCM
melanoma,469,469,tpm_clean,ENSG00000251258,RFPL4B,0,0.0,0,0.0,0,469,0.0,0,469,0.0,SKCM
melanoma,469,469,tpm_clean,ENSG00000258713,C20orf141,0,0.0,0,0.0,0,469,0.0,0,469,0.0,SKCM
melanoma,469,469,tpm_clean,ENSG00000258992,TSPY1,5,1.07,5,1.07,5,469,1.07,4,469,0.85,SKCM
melanoma,469,469,tpm_clean,ENSG00000261649,GOLGA6L7,0,0.0,0,0.0,0,469,0.0,0,469,0.0,SKCM
melanoma,469,469,tpm_clean,ENSG00000261949,GFY,0,0.0,0,0.0,0,469,0.0,0,469,0.0,SKCM
melanoma,469,469,tpm_clean,ENSG00000268009,SSX4/SSX4B,5,1.07,2,0.43,2,469,0.43,1,469,0.21,SKCM
melanoma,469,469,tpm_clean,ENSG00000268629,TEX13A,0,0.0,0,0.0,0,469,0.0,0,469,0.0,SKCM
melanoma,469,469,tpm_clean,ENSG00000268696,ZNF723,0,0.0,0,0.0,0,469,0.0,0,469,0.0,SKCM
melanoma,469,469,tpm_clean,ENSG00000268964,ERVV-2,0,0.0,0,0.0,0,469,0.0,0,469,0.0,SKCM
melanoma,469,469,tpm_clean,ENSG00000268988,SPANXN2,0,0.0,0,0.0,0,469,0.0,0,469,0.0,SKCM
melanoma,469,469,tpm_clean,ENSG00000269058,CALR3,0,0.0,0,0.0,0,469,0.0,0,469,0.0,SKCM
melanoma,469,469,tpm_clean,ENSG00000269586,CT45A10,13,2.77,10,2.13,10,469,2.13,2,469,0.43,SKCM
melanoma,469,469,tpm_clean,ENSG00000270806,C17orf50,0,0.0,0,0.0,0,469,0.0,0,469,0.0,SKCM
melanoma,469,469,tpm_clean,ENSG00000270946,CT45A2/8/9,5,1.07,2,0.43,2,469,0.43,2,469,0.43,SKCM
melanoma,469,469,tpm_clean,ENSG00000271321,CTAGE6,0,0.0,0,0.0,0,469,0.0,0,469,0.0,SKCM
melanoma,469,469,tpm_clean,ENSG00000274274,GAGE13,58,12.37,39,8.32,49,469,10.45,30,469,6.4,SKCM
melanoma,469,469,tpm_clean,ENSG00000274391,TPTE,0,0.0,0,0.0,0,469,0.0,0,469,0.0,SKCM
melanoma,469,469,tpm_clean,ENSG00000275793,RIMBP3,0,0.0,0,0.0,0,469,0.0,0,469,0.0,SKCM
melanoma,469,469,tpm_clean,ENSG00000275969,SPATA31A3,0,0.0,0,0.0,0,469,0.0,0,469,0.0,SKCM
melanoma,469,469,tpm_clean,ENSG00000276040,SPATA31A7,0,0.0,0,0.0,0,469,0.0,0,469,0.0,SKCM
melanoma,469,469,tpm_clean,ENSG00000276581,SPATA31A5,0,0.0,0,0.0,0,469,0.0,0,469,0.0,SKCM
melanoma,469,469,tpm_clean,ENSG00000277322,GOLGA6L6,0,0.0,0,0.0,0,469,0.0,0,469,0.0,SKCM
melanoma,469,0,tpm_clean,ENSG00000282815,TEX13C,0,,0,,0,0,,0,0,,SKCM
stomach,414,414,tpm_clean,ENSG00000006047,YBX2,57,13.77,7,1.69,14,414,3.38,1,414,0.24,STAD;STAD_CIN;STAD_EBV;STAD_GS;STAD_MSI
stomach,414,414,tpm_clean,ENSG00000006659,LGALS14,2,0.48,1,0.24,2,414,0.48,0,414,0.0,STAD;STAD_CIN;STAD_EBV;STAD_GS;STAD_MSI
stomach,414,414,tpm_clean,ENSG00000007350,TKTL1,20,4.83,10,2.42,12,414,2.9,5,414,1.21,STAD;STAD_CIN;STAD_EBV;STAD_GS;STAD_MSI
stomach,414,414,tpm_clean,ENSG00000010318,PHF7,0,0.0,0,0.0,0,414,0.0,0,414,0.0,STAD;STAD_CIN;STAD_EBV;STAD_GS;STAD_MSI
stomach,414,414,tpm_clean,ENSG00000042813,ZPBP,0,0.0,0,0.0,0,414,0.0,0,414,0.0,STAD;STAD_CIN;STAD_EBV;STAD_GS;STAD_MSI
stomach,414,414,tpm_clean,ENSG00000046774,MAGEC2,15,3.62,9,2.17,12,414,2.9,4,414,0.97,STAD;STAD_CIN;STAD_EBV;STAD_GS;STAD_MSI
stomach,414,414,tpm_clean,ENSG00000054796,SPO11,0,0.0,0,0.0,0,414,0.0,0,414,0.0,STAD;STAD_CIN;STAD_EBV;STAD_GS;STAD_MSI
stomach,414,414,tpm_clean,ENSG00000068985,PAGE1,7,1.69,3,0.72,3,414,0.72,2,414,0.48,STAD;STAD_CIN;STAD_EBV;STAD_GS;STAD_MSI
stomach,414,414,tpm_clean,ENSG00000077800,FKBP6,0,0.0,0,0.0,0,414,0.0,0,414,0.0,STAD;STAD_CIN;STAD_EBV;STAD_GS;STAD_MSI
stomach,414,414,tpm_clean,ENSG00000077935,SMC1B,0,0.0,0,0.0,0,414,0.0,0,414,0.0,STAD;STAD_CIN;STAD_EBV;STAD_GS;STAD_MSI
stomach,414,414,tpm_clean,ENSG00000092345,DAZL,1,0.24,1,0.24,1,414,0.24,0,414,0.0,STAD;STAD_CIN;STAD_EBV;STAD_GS;STAD_MSI
stomach,414,414,tpm_clean,ENSG00000095627,TDRD1,1,0.24,0,0.0,0,414,0.0,0,414,0.0,STAD;STAD_CIN;STAD_EBV;STAD_GS;STAD_MSI
stomach,414,414,tpm_clean,ENSG00000099399,MAGEB2,13,3.14,6,1.45,7,414,1.69,1,414,0.24,STAD;STAD_CIN;STAD_EBV;STAD_GS;STAD_MSI
stomach,414,414,tpm_clean,ENSG00000102021,LUZP4,0,0.0,0,0.0,0,414,0.0,0,414,0.0,STAD;STAD_CIN;STAD_EBV;STAD_GS;STAD_MSI
stomach,414,414,tpm_clean,ENSG00000103023,PRSS54,0,0.0,0,0.0,0,414,0.0,0,414,0.0,STAD;STAD_CIN;STAD_EBV;STAD_GS;STAD_MSI
stomach,414,414,tpm_clean,ENSG00000104755,ADAM2,0,0.0,0,0.0,0,414,0.0,0,414,0.0,STAD;STAD_CIN;STAD_EBV;STAD_GS;STAD_MSI
stomach,414,414,tpm_clean,ENSG00000104804,TULP2,0,0.0,0,0.0,0,414,0.0,0,414,0.0,STAD;STAD_CIN;STAD_EBV;STAD_GS;STAD_MSI
stomach,414,414,tpm_clean,ENSG00000104818,CGB2,0,0.0,0,0.0,0,414,0.0,0,414,0.0,STAD;STAD_CIN;STAD_EBV;STAD_GS;STAD_MSI
stomach,414,414,tpm_clean,ENSG00000104901,DKKL1,0,0.0,0,0.0,0,414,0.0,0,414,0.0,STAD;STAD_CIN;STAD_EBV;STAD_GS;STAD_MSI
stomach,414,414,tpm_clean,ENSG00000105198,LGALS13,0,0.0,0,0.0,0,414,0.0,0,414,0.0,STAD;STAD_CIN;STAD_EBV;STAD_GS;STAD_MSI
stomach,414,414,tpm_clean,ENSG00000106013,ANKRD7,0,0.0,0,0.0,0,414,0.0,0,414,0.0,STAD;STAD_CIN;STAD_EBV;STAD_GS;STAD_MSI
stomach,414,414,tpm_clean,ENSG00000106304,SPAM1,0,0.0,0,0.0,0,414,0.0,0,414,0.0,STAD;STAD_CIN;STAD_EBV;STAD_GS;STAD_MSI
stomach,414,414,tpm_clean,ENSG00000114487,MORC1,0,0.0,0,0.0,0,414,0.0,0,414,0.0,STAD;STAD_CIN;STAD_EBV;STAD_GS;STAD_MSI
stomach,414,414,tpm_clean,ENSG00000117148,ACTL8,17,4.11,13,3.14,13,414,3.14,9,414,2.17,STAD;STAD_CIN;STAD_EBV;STAD_GS;STAD_MSI
stomach,414,414,tpm_clean,ENSG00000118434,SPACA1,0,0.0,0,0.0,0,414,0.0,0,414,0.0,STAD;STAD_CIN;STAD_EBV;STAD_GS;STAD_MSI
stomach,414,414,tpm_clean,ENSG00000118491,ZC2HC1B,0,0.0,0,0.0,0,414,0.0,0,414,0.0,STAD;STAD_CIN;STAD_EBV;STAD_GS;STAD_MSI
stomach,414,414,tpm_clean,ENSG00000121101,TEX14,0,0.0,0,0.0,0,414,0.0,0,414,0.0,STAD;STAD_CIN;STAD_EBV;STAD_GS;STAD_MSI
stomach,414,414,tpm_clean,ENSG00000122304,PRM2,0,0.0,0,0.0,0,414,0.0,0,414,0.0,STAD;STAD_CIN;STAD_EBV;STAD_GS;STAD_MSI
stomach,414,414,tpm_clean,ENSG00000123576,ESX1,1,0.24,0,0.0,0,414,0.0,0,414,0.0,STAD;STAD_CIN;STAD_EBV;STAD_GS;STAD_MSI
stomach,414,414,tpm_clean,ENSG00000123584,MAGEA9/MAGEA9B,30,7.25,8,1.93,14,414,3.38,2,414,0.48,STAD;STAD_CIN;STAD_EBV;STAD_GS;STAD_MSI
stomach,414,414,tpm_clean,ENSG00000124092,CTCFL,7,1.69,3,0.72,4,414,0.97,1,414,0.24,STAD;STAD_CIN;STAD_EBV;STAD_GS;STAD_MSI
stomach,414,414,tpm_clean,ENSG00000124227,ANKRD60,0,0.0,0,0.0,0,414,0.0,0,414,0.0,STAD;STAD_CIN;STAD_EBV;STAD_GS;STAD_MSI
stomach,414,414,tpm_clean,ENSG00000124260,MAGEA10,11,2.66,0,0.0,1,414,0.24,0,414,0.0,STAD;STAD_CIN;STAD_EBV;STAD_GS;STAD_MSI
stomach,414,414,tpm_clean,ENSG00000124467,PSG8,0,0.0,0,0.0,0,414,0.0,0,414,0.0,STAD;STAD_CIN;STAD_EBV;STAD_GS;STAD_MSI
stomach,414,414,tpm_clean,ENSG00000124490,CRISP2,0,0.0,0,0.0,0,414,0.0,0,414,0.0,STAD;STAD_CIN;STAD_EBV;STAD_GS;STAD_MSI
stomach,414,414,tpm_clean,ENSG00000125207,PIWIL1,6,1.45,1,0.24,2,414,0.48,0,414,0.0,STAD;STAD_CIN;STAD_EBV;STAD_GS;STAD_MSI
stomach,414,414,tpm_clean,ENSG00000125823,CSTL1,0,0.0,0,0.0,0,414,0.0,0,414,0.0,STAD;STAD_CIN;STAD_EBV;STAD_GS;STAD_MSI
stomach,414,414,tpm_clean,ENSG00000126467,TSKS,0,0.0,0,0.0,0,414,0.0,0,414,0.0,STAD;STAD_CIN;STAD_EBV;STAD_GS;STAD_MSI
stomach,414,414,tpm_clean,ENSG00000126752,SSX1,8,1.93,5,1.21,6,414,1.45,4,414,0.97,STAD;STAD_CIN;STAD_EBV;STAD_GS;STAD_MSI
stomach,414,414,tpm_clean,ENSG00000126856,PRDM7,0,0.0,0,0.0,0,414,0.0,0,414,0.0,STAD;STAD_CIN;STAD_EBV;STAD_GS;STAD_MSI
stomach,414,414,tpm_clean,ENSG00000129862,VCY/VCY1B,1,0.24,1,0.24,1,414,0.24,1,414,0.24,STAD;STAD_CIN;STAD_EBV;STAD_GS;STAD_MSI
stomach,414,414,tpm_clean,ENSG00000130950,NUTM2F,0,0.0,0,0.0,0,414,0.0,0,414,0.0,STAD;STAD_CIN;STAD_EBV;STAD_GS;STAD_MSI
stomach,414,414,tpm_clean,ENSG00000131126,TEX101,0,0.0,0,0.0,0,414,0.0,0,414,0.0,STAD;STAD_CIN;STAD_EBV;STAD_GS;STAD_MSI
stomach,414,414,tpm_clean,ENSG00000132446,FTHL17,2,0.48,0,0.0,0,414,0.0,0,414,0.0,STAD;STAD_CIN;STAD_EBV;STAD_GS;STAD_MSI
stomach,414,414,tpm_clean,ENSG00000135248,GARIN1B,0,0.0,0,0.0,0,414,0.0,0,414,0.0,STAD;STAD_CIN;STAD_EBV;STAD_GS;STAD_MSI
stomach,414,414,tpm_clean,ENSG00000137090,DMRT1,0,0.0,0,0.0,0,414,0.0,0,414,0.0,STAD;STAD_CIN;STAD_EBV;STAD_GS;STAD_MSI
stomach,414,414,tpm_clean,ENSG00000137948,BRDT,1,0.24,0,0.0,0,414,0.0,0,414,0.0,STAD;STAD_CIN;STAD_EBV;STAD_GS;STAD_MSI
stomach,414,414,tpm_clean,ENSG00000139351,SYCP3,1,0.24,0,0.0,0,414,0.0,0,414,0.0,STAD;STAD_CIN;STAD_EBV;STAD_GS;STAD_MSI
stomach,414,414,tpm_clean,ENSG00000140478,GOLGA6D,0,0.0,0,0.0,0,414,0.0,0,414,0.0,STAD;STAD_CIN;STAD_EBV;STAD_GS;STAD_MSI
stomach,414,414,tpm_clean,ENSG00000141096,DPEP3,4,0.97,3,0.72,3,414,0.72,2,414,0.48,STAD;STAD_CIN;STAD_EBV;STAD_GS;STAD_MSI
stomach,414,414,tpm_clean,ENSG00000141255,SPATA22,0,0.0,0,0.0,0,414,0.0,0,414,0.0,STAD;STAD_CIN;STAD_EBV;STAD_GS;STAD_MSI
stomach,414,414,tpm_clean,ENSG00000141316,SPACA3,0,0.0,0,0.0,0,414,0.0,0,414,0.0,STAD;STAD_CIN;STAD_EBV;STAD_GS;STAD_MSI
stomach,414,414,tpm_clean,ENSG00000141371,CHCT1,0,0.0,0,0.0,0,414,0.0,0,414,0.0,STAD;STAD_CIN;STAD_EBV;STAD_GS;STAD_MSI
stomach,414,414,tpm_clean,ENSG00000141437,SLC25A52,0,0.0,0,0.0,0,414,0.0,0,414,0.0,STAD;STAD_CIN;STAD_EBV;STAD_GS;STAD_MSI
stomach,414,414,tpm_clean,ENSG00000142025,DMRTC2,0,0.0,0,0.0,0,414,0.0,0,414,0.0,STAD;STAD_CIN;STAD_EBV;STAD_GS;STAD_MSI
stomach,414,414,tpm_clean,ENSG00000142698,C1orf94,0,0.0,0,0.0,0,414,0.0,0,414,0.0,STAD;STAD_CIN;STAD_EBV;STAD_GS;STAD_MSI
stomach,414,414,tpm_clean,ENSG00000143006,DMRTB1,1,0.24,1,0.24,1,414,0.24,1,414,0.24,STAD;STAD_CIN;STAD_EBV;STAD_GS;STAD_MSI
stomach,414,414,tpm_clean,ENSG00000143452,HORMAD1,3,0.72,0,0.0,0,414,0.0,0,414,0.0,STAD;STAD_CIN;STAD_EBV;STAD_GS;STAD_MSI
stomach,414,414,tpm_clean,ENSG00000144962,SPATA16,0,0.0,0,0.0,0,414,0.0,0,414,0.0,STAD;STAD_CIN;STAD_EBV;STAD_GS;STAD_MSI
stomach,414,414,tpm_clean,ENSG00000145309,CABS1,0,0.0,0,0.0,0,414,0.0,0,414,0.0,STAD;STAD_CIN;STAD_EBV;STAD_GS;STAD_MSI
stomach,414,414,tpm_clean,ENSG00000147081,AKAP4,0,0.0,0,0.0,0,414,0.0,0,414,0.0,STAD;STAD_CIN;STAD_EBV;STAD_GS;STAD_MSI
stomach,414,414,tpm_clean,ENSG00000147183,CPXCR1,0,0.0,0,0.0,0,414,0.0,0,414,0.0,STAD;STAD_CIN;STAD_EBV;STAD_GS;STAD_MSI
stomach,414,414,tpm_clean,ENSG00000147378,FATE1,0,0.0,0,0.0,0,414,0.0,0,414,0.0,STAD;STAD_CIN;STAD_EBV;STAD_GS;STAD_MSI
stomach,414,414,tpm_clean,ENSG00000147381,MAGEA4,37,8.94,34,8.21,35,414,8.45,28,414,6.76,STAD;STAD_CIN;STAD_EBV;STAD_GS;STAD_MSI
stomach,414,414,tpm_clean,ENSG00000148156,ACTL7B,0,0.0,0,0.0,0,414,0.0,0,414,0.0,STAD;STAD_CIN;STAD_EBV;STAD_GS;STAD_MSI
stomach,414,414,tpm_clean,ENSG00000150628,SPATA4,0,0.0,0,0.0,0,414,0.0,0,414,0.0,STAD;STAD_CIN;STAD_EBV;STAD_GS;STAD_MSI
stomach,414,414,tpm_clean,ENSG00000151962,RBM46,0,0.0,0,0.0,0,414,0.0,0,414,0.0,STAD;STAD_CIN;STAD_EBV;STAD_GS;STAD_MSI
stomach,414,414,tpm_clean,ENSG00000152430,BOLL,0,0.0,0,0.0,0,414,0.0,0,414,0.0,STAD;STAD_CIN;STAD_EBV;STAD_GS;STAD_MSI
stomach,414,414,tpm_clean,ENSG00000152670,DDX4,0,0.0,0,0.0,0,414,0.0,0,414,0.0,STAD;STAD_CIN;STAD_EBV;STAD_GS;STAD_MSI
stomach,414,414,tpm_clean,ENSG00000153060,TEKT5,0,0.0,0,0.0,0,414,0.0,0,414,0.0,STAD;STAD_CIN;STAD_EBV;STAD_GS;STAD_MSI
stomach,414,414,tpm_clean,ENSG00000153779,TGIF2LX,0,0.0,0,0.0,0,414,0.0,0,414,0.0,STAD;STAD_CIN;STAD_EBV;STAD_GS;STAD_MSI
stomach,414,414,tpm_clean,ENSG00000155087,ODF1,0,0.0,0,0.0,0,414,0.0,0,414,0.0,STAD;STAD_CIN;STAD_EBV;STAD_GS;STAD_MSI
stomach,414,414,tpm_clean,ENSG00000155495,MAGEC1,8,1.93,4,0.97,5,414,1.21,1,414,0.24,STAD;STAD_CIN;STAD_EBV;STAD_GS;STAD_MSI
stomach,414,414,tpm_clean,ENSG00000155622,XAGE2,2,0.48,2,0.48,2,414,0.48,1,414,0.24,STAD;STAD_CIN;STAD_EBV;STAD_GS;STAD_MSI
stomach,414,414,tpm_clean,ENSG00000156009,MAGEA8,3,0.72,1,0.24,1,414,0.24,0,414,0.0,STAD;STAD_CIN;STAD_EBV;STAD_GS;STAD_MSI
stomach,414,414,tpm_clean,ENSG00000156269,NAA11,0,0.0,0,0.0,0,414,0.0,0,414,0.0,STAD;STAD_CIN;STAD_EBV;STAD_GS;STAD_MSI
stomach,414,414,tpm_clean,ENSG00000158639,PAGE5,8,1.93,7,1.69,7,414,1.69,5,414,1.21,STAD;STAD_CIN;STAD_EBV;STAD_GS;STAD_MSI
stomach,414,414,tpm_clean,ENSG00000159289,GOLGA6A,0,0.0,0,0.0,0,414,0.0,0,414,0.0,STAD;STAD_CIN;STAD_EBV;STAD_GS;STAD_MSI
stomach,414,414,tpm_clean,ENSG00000159708,LRRC36,1,0.24,0,0.0,0,414,0.0,0,414,0.0,STAD;STAD_CIN;STAD_EBV;STAD_GS;STAD_MSI
stomach,414,414,tpm_clean,ENSG00000161860,SYCE2,0,0.0,0,0.0,0,414,0.0,0,414,0.0,STAD;STAD_CIN;STAD_EBV;STAD_GS;STAD_MSI
stomach,414,414,tpm_clean,ENSG00000161973,CCDC42,0,0.0,0,0.0,0,414,0.0,0,414,0.0,STAD;STAD_CIN;STAD_EBV;STAD_GS;STAD_MSI
stomach,414,414,tpm_clean,ENSG00000162039,MEIOB,0,0.0,0,0.0,0,414,0.0,0,414,0.0,STAD;STAD_CIN;STAD_EBV;STAD_GS;STAD_MSI
stomach,414,414,tpm_clean,ENSG00000162641,AKNAD1,0,0.0,0,0.0,0,414,0.0,0,414,0.0,STAD;STAD_CIN;STAD_EBV;STAD_GS;STAD_MSI
stomach,414,414,tpm_clean,ENSG00000162771,GARIN4,0,0.0,0,0.0,0,414,0.0,0,414,0.0,STAD;STAD_CIN;STAD_EBV;STAD_GS;STAD_MSI
stomach,414,414,tpm_clean,ENSG00000162843,WDR64,0,0.0,0,0.0,0,414,0.0,0,414,0.0,STAD;STAD_CIN;STAD_EBV;STAD_GS;STAD_MSI
stomach,414,414,tpm_clean,ENSG00000163114,PDHA2,0,0.0,0,0.0,0,414,0.0,0,414,0.0,STAD;STAD_CIN;STAD_EBV;STAD_GS;STAD_MSI
stomach,414,414,tpm_clean,ENSG00000163530,DPPA2,0,0.0,0,0.0,0,414,0.0,0,414,0.0,STAD;STAD_CIN;STAD_EBV;STAD_GS;STAD_MSI
stomach,414,414,tpm_clean,ENSG00000164113,ADAD1,0,0.0,0,0.0,0,414,0.0,0,414,0.0,STAD;STAD_CIN;STAD_EBV;STAD_GS;STAD_MSI
stomach,414,414,tpm_clean,ENSG00000164304,CAGE1,0,0.0,0,0.0,0,414,0.0,0,414,0.0,STAD;STAD_CIN;STAD_EBV;STAD_GS;STAD_MSI
stomach,414,414,tpm_clean,ENSG00000165583,SSX5,1,0.24,0,0.0,0,414,0.0,0,414,0.0,STAD;STAD_CIN;STAD_EBV;STAD_GS;STAD_MSI
stomach,414,414,tpm_clean,ENSG00000165584,SSX3,2,0.48,0,0.0,0,414,0.0,0,414,0.0,STAD;STAD_CIN;STAD_EBV;STAD_GS;STAD_MSI
stomach,414,414,tpm_clean,ENSG00000166049,PASD1,2,0.48,0,0.0,0,414,0.0,0,414,0.0,STAD;STAD_CIN;STAD_EBV;STAD_GS;STAD_MSI
stomach,414,414,tpm_clean,ENSG00000166069,TMCO5A,0,0.0,0,0.0,0,414,0.0,0,414,0.0,STAD;STAD_CIN;STAD_EBV;STAD_GS;STAD_MSI
stomach,414,414,tpm_clean,ENSG00000166118,SPATA19,0,0.0,0,0.0,0,414,0.0,0,414,0.0,STAD;STAD_CIN;STAD_EBV;STAD_GS;STAD_MSI
stomach,414,414,tpm_clean,ENSG00000166796,LDHC,0,0.0,0,0.0,0,414,0.0,0,414,0.0,STAD;STAD_CIN;STAD_EBV;STAD_GS;STAD_MSI
stomach,414,414,tpm_clean,ENSG00000167098,SUN5,0,0.0,0,0.0,0,414,0.0,0,414,0.0,STAD;STAD_CIN;STAD_EBV;STAD_GS;STAD_MSI
stomach,414,414,tpm_clean,ENSG00000168594,ADAM29,0,0.0,0,0.0,0,414,0.0,0,414,0.0,STAD;STAD_CIN;STAD_EBV;STAD_GS;STAD_MSI
stomach,414,414,tpm_clean,ENSG00000168757,TSPY2,1,0.24,1,0.24,1,414,0.24,1,414,0.24,STAD;STAD_CIN;STAD_EBV;STAD_GS;STAD_MSI
stomach,414,414,tpm_clean,ENSG00000169059,VCX3A,9,2.17,7,1.69,8,414,1.93,6,414,1.45,STAD;STAD_CIN;STAD_EBV;STAD_GS;STAD_MSI
stomach,414,414,tpm_clean,ENSG00000169551,CT55,0,0.0,0,0.0,0,414,0.0,0,414,0.0,STAD;STAD_CIN;STAD_EBV;STAD_GS;STAD_MSI
stomach,414,414,tpm_clean,ENSG00000169800,RBMY1F,0,0.0,0,0.0,0,414,0.0,0,414,0.0,STAD;STAD_CIN;STAD_EBV;STAD_GS;STAD_MSI
stomach,414,414,tpm_clean,ENSG00000170516,COX7B2,10,2.42,4,0.97,4,414,0.97,1,414,0.24,STAD;STAD_CIN;STAD_EBV;STAD_GS;STAD_MSI
stomach,414,414,tpm_clean,ENSG00000170748,RBMXL2,0,0.0,0,0.0,0,414,0.0,0,414,0.0,STAD;STAD_CIN;STAD_EBV;STAD_GS;STAD_MSI
stomach,414,414,tpm_clean,ENSG00000170848,PSG6,0,0.0,0,0.0,0,414,0.0,0,414,0.0,STAD;STAD_CIN;STAD_EBV;STAD_GS;STAD_MSI
stomach,414,414,tpm_clean,ENSG00000170950,PGK2,0,0.0,0,0.0,0,414,0.0,0,414,0.0,STAD;STAD_CIN;STAD_EBV;STAD_GS;STAD_MSI
stomach,414,414,tpm_clean,ENSG00000170965,PLAC1,2,0.48,0,0.0,1,414,0.24,0,414,0.0,STAD;STAD_CIN;STAD_EBV;STAD_GS;STAD_MSI
stomach,414,414,tpm_clean,ENSG00000171402,XAGE3,0,0.0,0,0.0,0,414,0.0,0,414,0.0,STAD;STAD_CIN;STAD_EBV;STAD_GS;STAD_MSI
stomach,414,414,tpm_clean,ENSG00000171405,XAGE5,0,0.0,0,0.0,0,414,0.0,0,414,0.0,STAD;STAD_CIN;STAD_EBV;STAD_GS;STAD_MSI
stomach,414,414,tpm_clean,ENSG00000171794,UTF1,0,0.0,0,0.0,0,414,0.0,0,414,0.0,STAD;STAD_CIN;STAD_EBV;STAD_GS;STAD_MSI
stomach,414,414,tpm_clean,ENSG00000172073,TEX37,0,0.0,0,0.0,0,414,0.0,0,414,0.0,STAD;STAD_CIN;STAD_EBV;STAD_GS;STAD_MSI
stomach,414,414,tpm_clean,ENSG00000172717,GARIN2,0,0.0,0,0.0,0,414,0.0,0,414,0.0,STAD;STAD_CIN;STAD_EBV;STAD_GS;STAD_MSI
stomach,414,414,tpm_clean,ENSG00000174015,CBY2,0,0.0,0,0.0,0,414,0.0,0,414,0.0,STAD;STAD_CIN;STAD_EBV;STAD_GS;STAD_MSI
stomach,414,414,tpm_clean,ENSG00000174016,TENT5D,0,0.0,0,0.0,0,414,0.0,0,414,0.0,STAD;STAD_CIN;STAD_EBV;STAD_GS;STAD_MSI
stomach,414,414,tpm_clean,ENSG00000174898,CATSPERD,0,0.0,0,0.0,0,414,0.0,0,414,0.0,STAD;STAD_CIN;STAD_EBV;STAD_GS;STAD_MSI
stomach,414,414,tpm_clean,ENSG00000175646,PRM1,0,0.0,0,0.0,0,414,0.0,0,414,0.0,STAD;STAD_CIN;STAD_EBV;STAD_GS;STAD_MSI
stomach,414,414,tpm_clean,ENSG00000175809,CBLL2,0,0.0,0,0.0,0,414,0.0,0,414,0.0,STAD;STAD_CIN;STAD_EBV;STAD_GS;STAD_MSI
stomach,414,414,tpm_clean,ENSG00000175820,CCDC168,0,0.0,0,0.0,0,414,0.0,0,414,0.0,STAD;STAD_CIN;STAD_EBV;STAD_GS;STAD_MSI
stomach,414,414,tpm_clean,ENSG00000175877,TMEM270,0,0.0,0,0.0,0,414,0.0,0,414,0.0,STAD;STAD_CIN;STAD_EBV;STAD_GS;STAD_MSI
stomach,414,414,tpm_clean,ENSG00000176256,HMGB4,0,0.0,0,0.0,0,414,0.0,0,414,0.0,STAD;STAD_CIN;STAD_EBV;STAD_GS;STAD_MSI
stomach,414,414,tpm_clean,ENSG00000176566,DCAF4L2,2,0.48,0,0.0,1,414,0.24,0,414,0.0,STAD;STAD_CIN;STAD_EBV;STAD_GS;STAD_MSI
stomach,414,414,tpm_clean,ENSG00000176635,HORMAD2,0,0.0,0,0.0,0,414,0.0,0,414,0.0,STAD;STAD_CIN;STAD_EBV;STAD_GS;STAD_MSI
stomach,414,414,tpm_clean,ENSG00000176746,MAGEB6,0,0.0,0,0.0,0,414,0.0,0,414,0.0,STAD;STAD_CIN;STAD_EBV;STAD_GS;STAD_MSI
stomach,414,414,tpm_clean,ENSG00000176774,MAGEB18,0,0.0,0,0.0,0,414,0.0,0,414,0.0,STAD;STAD_CIN;STAD_EBV;STAD_GS;STAD_MSI
stomach,414,414,tpm_clean,ENSG00000176988,FMR1NB,1,0.24,0,0.0,1,414,0.24,0,414,0.0,STAD;STAD_CIN;STAD_EBV;STAD_GS;STAD_MSI
stomach,414,414,tpm_clean,ENSG00000177294,FBXO39,0,0.0,0,0.0,0,414,0.0,0,414,0.0,STAD;STAD_CIN;STAD_EBV;STAD_GS;STAD_MSI
stomach,414,414,tpm_clean,ENSG00000177673,TEX44,0,0.0,0,0.0,0,414,0.0,0,414,0.0,STAD;STAD_CIN;STAD_EBV;STAD_GS;STAD_MSI
stomach,414,414,tpm_clean,ENSG00000177689,MAGEB10,0,0.0,0,0.0,0,414,0.0,0,414,0.0,STAD;STAD_CIN;STAD_EBV;STAD_GS;STAD_MSI
stomach,414,414,tpm_clean,ENSG00000177947,ODF3,0,0.0,0,0.0,0,414,0.0,0,414,0.0,STAD;STAD_CIN;STAD_EBV;STAD_GS;STAD_MSI
stomach,414,414,tpm_clean,ENSG00000177992,SPATA31E1,0,0.0,0,0.0,0,414,0.0,0,414,0.0,STAD;STAD_CIN;STAD_EBV;STAD_GS;STAD_MSI
stomach,414,414,tpm_clean,ENSG00000178021,TSPYL6,0,0.0,0,0.0,0,414,0.0,0,414,0.0,STAD;STAD_CIN;STAD_EBV;STAD_GS;STAD_MSI
stomach,414,414,tpm_clean,ENSG00000178257,PRM3,0,0.0,0,0.0,0,414,0.0,0,414,0.0,STAD;STAD_CIN;STAD_EBV;STAD_GS;STAD_MSI
stomach,414,414,tpm_clean,ENSG00000178279,TNP2,0,0.0,0,0.0,0,414,0.0,0,414,0.0,STAD;STAD_CIN;STAD_EBV;STAD_GS;STAD_MSI
stomach,414,414,tpm_clean,ENSG00000178997,EXD1,0,0.0,0,0.0,0,414,0.0,0,414,0.0,STAD;STAD_CIN;STAD_EBV;STAD_GS;STAD_MSI
stomach,414,414,tpm_clean,ENSG00000179046,TRIML2,1,0.24,1,0.24,1,414,0.24,0,414,0.0,STAD;STAD_CIN;STAD_EBV;STAD_GS;STAD_MSI
stomach,414,414,tpm_clean,ENSG00000179059,ZFP42,0,0.0,0,0.0,0,414,0.0,0,414,0.0,STAD;STAD_CIN;STAD_EBV;STAD_GS;STAD_MSI
stomach,414,414,tpm_clean,ENSG00000179088,C12orf42,0,0.0,0,0.0,0,414,0.0,0,414,0.0,STAD;STAD_CIN;STAD_EBV;STAD_GS;STAD_MSI
stomach,414,414,tpm_clean,ENSG00000179407,DNAJB8,0,0.0,0,0.0,0,414,0.0,0,414,0.0,STAD;STAD_CIN;STAD_EBV;STAD_GS;STAD_MSI
stomach,414,414,tpm_clean,ENSG00000180138,CSNK1A1L,0,0.0,0,0.0,0,414,0.0,0,414,0.0,STAD;STAD_CIN;STAD_EBV;STAD_GS;STAD_MSI
stomach,414,414,tpm_clean,ENSG00000180336,MEIOC,0,0.0,0,0.0,0,414,0.0,0,414,0.0,STAD;STAD_CIN;STAD_EBV;STAD_GS;STAD_MSI
stomach,414,414,tpm_clean,ENSG00000181323,SPEM1,0,0.0,0,0.0,0,414,0.0,0,414,0.0,STAD;STAD_CIN;STAD_EBV;STAD_GS;STAD_MSI
stomach,414,414,tpm_clean,ENSG00000181433,SAGE1,1,0.24,0,0.0,0,414,0.0,0,414,0.0,STAD;STAD_CIN;STAD_EBV;STAD_GS;STAD_MSI
stomach,414,414,tpm_clean,ENSG00000182308,DCAF4L1,0,0.0,0,0.0,0,414,0.0,0,414,0.0,STAD;STAD_CIN;STAD_EBV;STAD_GS;STAD_MSI
stomach,414,414,tpm_clean,ENSG00000182459,TEX19,2,0.48,1,0.24,2,414,0.48,0,414,0.0,STAD;STAD_CIN;STAD_EBV;STAD_GS;STAD_MSI
stomach,414,414,tpm_clean,ENSG00000182583,VCX,6,1.45,5,1.21,5,414,1.21,4,414,0.97,STAD;STAD_CIN;STAD_EBV;STAD_GS;STAD_MSI
stomach,414,414,tpm_clean,ENSG00000183206,POTEC,0,0.0,0,0.0,0,414,0.0,0,414,0.0,STAD;STAD_CIN;STAD_EBV;STAD_GS;STAD_MSI
stomach,414,414,tpm_clean,ENSG00000183305,MAGEA2/MAGEA2B,68,16.43,24,5.8,33,414,7.97,2,414,0.48,STAD;STAD_CIN;STAD_EBV;STAD_GS;STAD_MSI
stomach,414,414,tpm_clean,ENSG00000183434,TFDP3,0,0.0,0,0.0,0,414,0.0,0,414,0.0,STAD;STAD_CIN;STAD_EBV;STAD_GS;STAD_MSI
stomach,414,414,tpm_clean,ENSG00000183668,PSG9,0,0.0,0,0.0,0,414,0.0,0,414,0.0,STAD;STAD_CIN;STAD_EBV;STAD_GS;STAD_MSI
stomach,414,414,tpm_clean,ENSG00000184033,CTAG1A/B,20,4.83,15,3.62,18,414,4.35,13,414,3.14,STAD;STAD_CIN;STAD_EBV;STAD_GS;STAD_MSI
stomach,414,414,tpm_clean,ENSG00000184361,SPATA32,0,0.0,0,0.0,0,414,0.0,0,414,0.0,STAD;STAD_CIN;STAD_EBV;STAD_GS;STAD_MSI
stomach,414,414,tpm_clean,ENSG00000184507,NUTM1,0,0.0,0,0.0,0,414,0.0,0,414,0.0,STAD;STAD_CIN;STAD_EBV;STAD_GS;STAD_MSI
stomach,414,414,tpm_clean,ENSG00000184650,ODF4,0,0.0,0,0.0,0,414,0.0,0,414,0.0,STAD;STAD_CIN;STAD_EBV;STAD_GS;STAD_MSI
stomach,414,414,tpm_clean,ENSG00000184735,DDX53,0,0.0,0,0.0,0,414,0.0,0,414,0.0,STAD;STAD_CIN;STAD_EBV;STAD_GS;STAD_MSI
stomach,414,414,tpm_clean,ENSG00000185264,TEX33,0,0.0,0,0.0,0,414,0.0,0,414,0.0,STAD;STAD_CIN;STAD_EBV;STAD_GS;STAD_MSI
stomach,414,414,tpm_clean,ENSG00000185686,PRAME,32,7.73,17,4.11,20,414,4.83,11,414,2.66,STAD;STAD_CIN;STAD_EBV;STAD_GS;STAD_MSI
stomach,414,414,tpm_clean,ENSG00000185775,SPATA31A6,0,0.0,0,0.0,0,414,0.0,0,414,0.0,STAD;STAD_CIN;STAD_EBV;STAD_GS;STAD_MSI
stomach,414,414,tpm_clean,ENSG00000185792,NLRP9,0,0.0,0,0.0,0,414,0.0,0,414,0.0,STAD;STAD_CIN;STAD_EBV;STAD_GS;STAD_MSI
stomach,414,414,tpm_clean,ENSG00000185863,TMEM210,0,0.0,0,0.0,0,414,0.0,0,414,0.0,STAD;STAD_CIN;STAD_EBV;STAD_GS;STAD_MSI
stomach,414,414,tpm_clean,ENSG00000186075,ZPBP2,0,0.0,0,0.0,0,414,0.0,0,414,0.0,STAD;STAD_CIN;STAD_EBV;STAD_GS;STAD_MSI
stomach,414,414,tpm_clean,ENSG00000186118,TEX38,0,0.0,0,0.0,0,414,0.0,0,414,0.0,STAD;STAD_CIN;STAD_EBV;STAD_GS;STAD_MSI
stomach,414,414,tpm_clean,ENSG00000186451,SPATA12,0,0.0,0,0.0,0,414,0.0,0,414,0.0,STAD;STAD_CIN;STAD_EBV;STAD_GS;STAD_MSI
stomach,414,414,tpm_clean,ENSG00000186788,SPATA31D3,0,0.0,0,0.0,0,414,0.0,0,414,0.0,STAD;STAD_CIN;STAD_EBV;STAD_GS;STAD_MSI
stomach,414,414,tpm_clean,ENSG00000187003,ACTL7A,0,0.0,0,0.0,0,414,0.0,0,414,0.0,STAD;STAD_CIN;STAD_EBV;STAD_GS;STAD_MSI
stomach,414,414,tpm_clean,ENSG00000187191,DAZ3,8,1.93,2,0.48,2,414,0.48,0,414,0.0,STAD;STAD_CIN;STAD_EBV;STAD_GS;STAD_MSI
stomach,414,414,tpm_clean,ENSG00000187754,SSX7,0,0.0,0,0.0,0,414,0.0,0,414,0.0,STAD;STAD_CIN;STAD_EBV;STAD_GS;STAD_MSI
stomach,414,414,tpm_clean,ENSG00000187772,LIN28B,0,0.0,0,0.0,0,414,0.0,0,414,0.0,STAD;STAD_CIN;STAD_EBV;STAD_GS;STAD_MSI
stomach,414,414,tpm_clean,ENSG00000188120,DAZ1,67,16.18,49,11.84,59,414,14.25,28,414,6.76,STAD;STAD_CIN;STAD_EBV;STAD_GS;STAD_MSI
stomach,414,414,tpm_clean,ENSG00000188425,NANOS2,0,0.0,0,0.0,0,414,0.0,0,414,0.0,STAD;STAD_CIN;STAD_EBV;STAD_GS;STAD_MSI
stomach,414,414,tpm_clean,ENSG00000188782,CATSPER4,0,0.0,0,0.0,0,414,0.0,0,414,0.0,STAD;STAD_CIN;STAD_EBV;STAD_GS;STAD_MSI
stomach,414,414,tpm_clean,ENSG00000189023,MAGEB16,0,0.0,0,0.0,0,414,0.0,0,414,0.0,STAD;STAD_CIN;STAD_EBV;STAD_GS;STAD_MSI
stomach,414,414,tpm_clean,ENSG00000189052,CGB5/8,16,3.86,10,2.42,11,414,2.66,8,414,1.93,STAD;STAD_CIN;STAD_EBV;STAD_GS;STAD_MSI
stomach,414,414,tpm_clean,ENSG00000189064,GAGE2A,16,3.86,11,2.66,13,414,3.14,10,414,2.42,STAD;STAD_CIN;STAD_EBV;STAD_GS;STAD_MSI
stomach,414,414,tpm_clean,ENSG00000189186,DCAF8L2,0,0.0,0,0.0,0,414,0.0,0,414,0.0,STAD;STAD_CIN;STAD_EBV;STAD_GS;STAD_MSI
stomach,414,414,tpm_clean,ENSG00000189252,SPANXN3,0,0.0,0,0.0,0,414,0.0,0,414,0.0,STAD;STAD_CIN;STAD_EBV;STAD_GS;STAD_MSI
stomach,414,414,tpm_clean,ENSG00000189326,SPANXN4,0,0.0,0,0.0,0,414,0.0,0,414,0.0,STAD;STAD_CIN;STAD_EBV;STAD_GS;STAD_MSI
stomach,414,414,tpm_clean,ENSG00000189357,SPATA31D4,0,0.0,0,0.0,0,414,0.0,0,414,0.0,STAD;STAD_CIN;STAD_EBV;STAD_GS;STAD_MSI
stomach,414,414,tpm_clean,ENSG00000196350,ZNF729,0,0.0,0,0.0,0,414,0.0,0,414,0.0,STAD;STAD_CIN;STAD_EBV;STAD_GS;STAD_MSI
stomach,414,414,tpm_clean,ENSG00000196406,SPANXD,0,0.0,0,0.0,0,414,0.0,0,414,0.0,STAD;STAD_CIN;STAD_EBV;STAD_GS;STAD_MSI
stomach,414,414,tpm_clean,ENSG00000196553,CCDC196,0,0.0,0,0.0,0,414,0.0,0,414,0.0,STAD;STAD_CIN;STAD_EBV;STAD_GS;STAD_MSI
stomach,414,414,tpm_clean,ENSG00000196604,POTEF,0,0.0,0,0.0,0,414,0.0,0,414,0.0,STAD;STAD_CIN;STAD_EBV;STAD_GS;STAD_MSI
stomach,414,414,tpm_clean,ENSG00000196862,RGPD4,0,0.0,0,0.0,0,414,0.0,0,414,0.0,STAD;STAD_CIN;STAD_EBV;STAD_GS;STAD_MSI
stomach,414,414,tpm_clean,ENSG00000197172,MAGEA6,87,21.01,47,11.35,56,414,13.53,13,414,3.14,STAD;STAD_CIN;STAD_EBV;STAD_GS;STAD_MSI
stomach,414,414,tpm_clean,ENSG00000198021,SPANXA1/2,0,0.0,0,0.0,0,414,0.0,0,414,0.0,STAD;STAD_CIN;STAD_EBV;STAD_GS;STAD_MSI
stomach,414,414,tpm_clean,ENSG00000198573,SPANXC,0,0.0,0,0.0,0,414,0.0,0,414,0.0,STAD;STAD_CIN;STAD_EBV;STAD_GS;STAD_MSI
stomach,414,414,tpm_clean,ENSG00000198681,MAGEA1,22,5.31,3,0.72,10,414,2.42,1,414,0.24,STAD;STAD_CIN;STAD_EBV;STAD_GS;STAD_MSI
stomach,414,414,tpm_clean,ENSG00000198759,EGFL6,2,0.48,1,0.24,1,414,0.24,1,414,0.24,STAD;STAD_CIN;STAD_EBV;STAD_GS;STAD_MSI
stomach,414,414,tpm_clean,ENSG00000198765,SYCP1,0,0.0,0,0.0,0,414,0.0,0,414,0.0,STAD;STAD_CIN;STAD_EBV;STAD_GS;STAD_MSI
stomach,414,414,tpm_clean,ENSG00000198870,STKLD1,0,0.0,0,0.0,0,414,0.0,0,414,0.0,STAD;STAD_CIN;STAD_EBV;STAD_GS;STAD_MSI
stomach,414,414,tpm_clean,ENSG00000203909,DPPA5,1,0.24,0,0.0,0,414,0.0,0,414,0.0,STAD;STAD_CIN;STAD_EBV;STAD_GS;STAD_MSI
stomach,414,414,tpm_clean,ENSG00000203923,SPANXN1,0,0.0,0,0.0,0,414,0.0,0,414,0.0,STAD;STAD_CIN;STAD_EBV;STAD_GS;STAD_MSI
stomach,414,414,tpm_clean,ENSG00000204019,CT83,72,17.39,19,4.59,35,414,8.45,7,414,1.69,STAD;STAD_CIN;STAD_EBV;STAD_GS;STAD_MSI
stomach,414,414,tpm_clean,ENSG00000204279,PAGE3,0,0.0,0,0.0,0,414,0.0,0,414,0.0,STAD;STAD_CIN;STAD_EBV;STAD_GS;STAD_MSI
stomach,414,414,tpm_clean,ENSG00000204363,SPANXN5,0,0.0,0,0.0,0,414,0.0,0,414,0.0,STAD;STAD_CIN;STAD_EBV;STAD_GS;STAD_MSI
stomach,414,414,tpm_clean,ENSG00000204379,XAGE1A/B,10,2.42,9,2.17,9,414,2.17,9,414,2.17,STAD;STAD_CIN;STAD_EBV;STAD_GS;STAD_MSI
stomach,414,414,tpm_clean,ENSG00000204450,TRIM64,0,0.0,0,0.0,0,414,0.0,0,414,0.0,STAD;STAD_CIN;STAD_EBV;STAD_GS;STAD_MSI
stomach,414,414,tpm_clean,ENSG00000204849,SPATA31A1,0,0.0,0,0.0,0,414,0.0,0,414,0.0,STAD;STAD_CIN;STAD_EBV;STAD_GS;STAD_MSI
stomach,414,414,tpm_clean,ENSG00000204941,PSG5,1,0.24,1,0.24,1,414,0.24,0,414,0.0,STAD;STAD_CIN;STAD_EBV;STAD_GS;STAD_MSI
stomach,414,414,tpm_clean,ENSG00000204961,PCDHA9,0,0.0,0,0.0,0,414,0.0,0,414,0.0,STAD;STAD_CIN;STAD_EBV;STAD_GS;STAD_MSI
stomach,414,414,tpm_clean,ENSG00000205359,SLCO6A1,0,0.0,0,0.0,0,414,0.0,0,414,0.0,STAD;STAD_CIN;STAD_EBV;STAD_GS;STAD_MSI
stomach,414,414,tpm_clean,ENSG00000205642,VCX3B,5,1.21,5,1.21,5,414,1.21,5,414,1.21,STAD;STAD_CIN;STAD_EBV;STAD_GS;STAD_MSI
stomach,414,414,tpm_clean,ENSG00000205777,GAGE1,19,4.59,16,3.86,16,414,3.86,9,414,2.17,STAD;STAD_CIN;STAD_EBV;STAD_GS;STAD_MSI
stomach,414,414,tpm_clean,ENSG00000212710,CTAGE1,0,0.0,0,0.0,0,414,0.0,0,414,0.0,STAD;STAD_CIN;STAD_EBV;STAD_GS;STAD_MSI
stomach,414,414,tpm_clean,ENSG00000213218,CSH2,1,0.24,0,0.0,1,414,0.24,0,414,0.0,STAD;STAD_CIN;STAD_EBV;STAD_GS;STAD_MSI
stomach,414,414,tpm_clean,ENSG00000213401,MAGEA12,50,12.08,8,1.93,16,414,3.86,1,414,0.24,STAD;STAD_CIN;STAD_EBV;STAD_GS;STAD_MSI
stomach,414,414,tpm_clean,ENSG00000214107,MAGEB1,2,0.48,0,0.0,0,414,0.0,0,414,0.0,STAD;STAD_CIN;STAD_EBV;STAD_GS;STAD_MSI
stomach,414,414,tpm_clean,ENSG00000215113,CXorf49/CXorf49B,12,2.9,8,1.93,8,414,1.93,4,414,0.97,STAD;STAD_CIN;STAD_EBV;STAD_GS;STAD_MSI
stomach,414,414,tpm_clean,ENSG00000215269,GAGE12F/G,0,0.0,0,0.0,0,414,0.0,0,414,0.0,STAD;STAD_CIN;STAD_EBV;STAD_GS;STAD_MSI
stomach,414,414,tpm_clean,ENSG00000215274,GAGE10,0,0.0,0,0.0,0,414,0.0,0,414,0.0,STAD;STAD_CIN;STAD_EBV;STAD_GS;STAD_MSI
stomach,414,414,tpm_clean,ENSG00000215529,EFCAB8,0,0.0,0,0.0,0,414,0.0,0,414,0.0,STAD;STAD_CIN;STAD_EBV;STAD_GS;STAD_MSI
stomach,414,414,tpm_clean,ENSG00000215817,ZC3H11B,0,0.0,0,0.0,0,414,0.0,0,414,0.0,STAD;STAD_CIN;STAD_EBV;STAD_GS;STAD_MSI
stomach,414,414,tpm_clean,ENSG00000216649,GAGE12C/D/E,8,1.93,5,1.21,5,414,1.21,4,414,0.97,STAD;STAD_CIN;STAD_EBV;STAD_GS;STAD_MSI
stomach,414,414,tpm_clean,ENSG00000221826,PSG3,0,0.0,0,0.0,0,414,0.0,0,414,0.0,STAD;STAD_CIN;STAD_EBV;STAD_GS;STAD_MSI
stomach,414,414,tpm_clean,ENSG00000221867,MAGEA3,103,24.88,77,18.6,91,414,21.98,33,414,7.97,STAD;STAD_CIN;STAD_EBV;STAD_GS;STAD_MSI
stomach,414,414,tpm_clean,ENSG00000221878,PSG7,0,0.0,0,0.0,0,414,0.0,0,414,0.0,STAD;STAD_CIN;STAD_EBV;STAD_GS;STAD_MSI
stomach,414,414,tpm_clean,ENSG00000224089,CT47A1/2/3/4/5/6/7/8/9/10/11/12,0,0.0,0,0.0,0,414,0.0,0,414,0.0,STAD;STAD_CIN;STAD_EBV;STAD_GS;STAD_MSI
stomach,414,414,tpm_clean,ENSG00000224440,CXorf51A/B,0,0.0,0,0.0,0,414,0.0,0,414,0.0,STAD;STAD_CIN;STAD_EBV;STAD_GS;STAD_MSI
stomach,414,414,tpm_clean,ENSG00000224659,GAGE12J,13,3.14,7,1.69,8,414,1.93,2,414,0.48,STAD;STAD_CIN;STAD_EBV;STAD_GS;STAD_MSI
stomach,414,414,tpm_clean,ENSG00000224902,GAGE12H,6,1.45,5,1.21,5,414,1.21,3,414,0.72,STAD;STAD_CIN;STAD_EBV;STAD_GS;STAD_MSI
stomach,414,0,tpm_clean,ENSG00000224960,PPP4R3C,0,,0,,0,0,,0,0,,STAD;STAD_CIN;STAD_EBV;STAD_GS;STAD_MSI
stomach,414,414,tpm_clean,ENSG00000226650,KIF4B,0,0.0,0,0.0,0,414,0.0,0,414,0.0,STAD;STAD_CIN;STAD_EBV;STAD_GS;STAD_MSI
stomach,414,414,tpm_clean,ENSG00000227234,SPANXB1,1,0.24,1,0.24,1,414,0.24,0,414,0.0,STAD;STAD_CIN;STAD_EBV;STAD_GS;STAD_MSI
stomach,414,414,tpm_clean,ENSG00000228836,CT45A5/6/7,17,4.11,6,1.45,12,414,2.9,2,414,0.48,STAD;STAD_CIN;STAD_EBV;STAD_GS;STAD_MSI
stomach,414,414,tpm_clean,ENSG00000228927,TSPY3,1,0.24,0,0.0,0,414,0.0,0,414,0.0,STAD;STAD_CIN;STAD_EBV;STAD_GS;STAD_MSI
stomach,414,414,tpm_clean,ENSG00000229549,TSPY8,0,0.0,0,0.0,0,414,0.0,0,414,0.0,STAD;STAD_CIN;STAD_EBV;STAD_GS;STAD_MSI
stomach,414,0,tpm_clean,ENSG00000230601,TEX48,0,,0,,0,0,,0,0,,STAD;STAD_CIN;STAD_EBV;STAD_GS;STAD_MSI
stomach,414,414,tpm_clean,ENSG00000231924,PSG1,0,0.0,0,0.0,0,414,0.0,0,414,0.0,STAD;STAD_CIN;STAD_EBV;STAD_GS;STAD_MSI
stomach,414,414,tpm_clean,ENSG00000233056,ERVH48-1,0,0.0,0,0.0,0,414,0.0,0,414,0.0,STAD;STAD_CIN;STAD_EBV;STAD_GS;STAD_MSI
stomach,414,414,tpm_clean,ENSG00000233803,TSPY4,2,0.48,1,0.24,2,414,0.48,1,414,0.24,STAD;STAD_CIN;STAD_EBV;STAD_GS;STAD_MSI
stomach,414,414,tpm_clean,ENSG00000234068,PAGE2,13,3.14,12,2.9,12,414,2.9,11,414,2.66,STAD;STAD_CIN;STAD_EBV;STAD_GS;STAD_MSI
stomach,414,414,tpm_clean,ENSG00000234414,RBMY1A1,0,0.0,0,0.0,0,414,0.0,0,414,0.0,STAD;STAD_CIN;STAD_EBV;STAD_GS;STAD_MSI
stomach,414,414,tpm_clean,ENSG00000235631,RNF148,0,0.0,0,0.0,0,414,0.0,0,414,0.0,STAD;STAD_CIN;STAD_EBV;STAD_GS;STAD_MSI
stomach,414,414,tpm_clean,ENSG00000236424,TSPY10,1,0.24,1,0.24,1,414,0.24,1,414,0.24,STAD;STAD_CIN;STAD_EBV;STAD_GS;STAD_MSI
stomach,414,414,tpm_clean,ENSG00000236446,CT47B1,0,0.0,0,0.0,0,414,0.0,0,414,0.0,STAD;STAD_CIN;STAD_EBV;STAD_GS;STAD_MSI
stomach,414,414,tpm_clean,ENSG00000236761,CTAGE9,0,0.0,0,0.0,0,414,0.0,0,414,0.0,STAD;STAD_CIN;STAD_EBV;STAD_GS;STAD_MSI
stomach,414,414,tpm_clean,ENSG00000238269,PAGE2B,9,2.17,8,1.93,8,414,1.93,6,414,1.45,STAD;STAD_CIN;STAD_EBV;STAD_GS;STAD_MSI
stomach,414,414,tpm_clean,ENSG00000240021,TEX35,0,0.0,0,0.0,0,414,0.0,0,414,0.0,STAD;STAD_CIN;STAD_EBV;STAD_GS;STAD_MSI
stomach,414,0,tpm_clean,ENSG00000241149,ZNF722,0,,0,,0,0,,0,0,,STAD;STAD_CIN;STAD_EBV;STAD_GS;STAD_MSI
stomach,414,414,tpm_clean,ENSG00000241476,SSX2/SSX2B,5,1.21,3,0.72,3,414,0.72,2,414,0.48,STAD;STAD_CIN;STAD_EBV;STAD_GS;STAD_MSI
stomach,414,414,tpm_clean,ENSG00000242221,PSG2,0,0.0,0,0.0,0,414,0.0,0,414,0.0,STAD;STAD_CIN;STAD_EBV;STAD_GS;STAD_MSI
stomach,414,414,tpm_clean,ENSG00000242389,RBMY1E,0,0.0,0,0.0,0,414,0.0,0,414,0.0,STAD;STAD_CIN;STAD_EBV;STAD_GS;STAD_MSI
stomach,414,414,tpm_clean,ENSG00000242875,RBMY1B,0,0.0,0,0.0,0,414,0.0,0,414,0.0,STAD;STAD_CIN;STAD_EBV;STAD_GS;STAD_MSI
stomach,414,414,tpm_clean,ENSG00000243130,PSG11,0,0.0,0,0.0,0,414,0.0,0,414,0.0,STAD;STAD_CIN;STAD_EBV;STAD_GS;STAD_MSI
stomach,414,414,tpm_clean,ENSG00000244395,RBMY1D,0,0.0,0,0.0,0,414,0.0,0,414,0.0,STAD;STAD_CIN;STAD_EBV;STAD_GS;STAD_MSI
stomach,414,414,tpm_clean,ENSG00000244588,RAD21L1,0,0.0,0,0.0,0,414,0.0,0,414,0.0,STAD;STAD_CIN;STAD_EBV;STAD_GS;STAD_MSI
stomach,414,414,tpm_clean,ENSG00000249861,LGALS16,0,0.0,0,0.0,0,414,0.0,0,414,0.0,STAD;STAD_CIN;STAD_EBV;STAD_GS;STAD_MSI
stomach,414,414,tpm_clean,ENSG00000250741,NT5C1B-RDH14,0,0.0,0,0.0,0,414,0.0,0,414,0.0,STAD;STAD_CIN;STAD_EBV;STAD_GS;STAD_MSI
stomach,414,414,tpm_clean,ENSG00000251258,RFPL4B,0,0.0,0,0.0,0,414,0.0,0,414,0.0,STAD;STAD_CIN;STAD_EBV;STAD_GS;STAD_MSI
stomach,414,414,tpm_clean,ENSG00000258713,C20orf141,0,0.0,0,0.0,0,414,0.0,0,414,0.0,STAD;STAD_CIN;STAD_EBV;STAD_GS;STAD_MSI
stomach,414,414,tpm_clean,ENSG00000258992,TSPY1,1,0.24,1,0.24,1,414,0.24,1,414,0.24,STAD;STAD_CIN;STAD_EBV;STAD_GS;STAD_MSI
stomach,414,414,tpm_clean,ENSG00000261649,GOLGA6L7,0,0.0,0,0.0,0,414,0.0,0,414,0.0,STAD;STAD_CIN;STAD_EBV;STAD_GS;STAD_MSI
stomach,414,414,tpm_clean,ENSG00000261949,GFY,1,0.24,0,0.0,0,414,0.0,0,414,0.0,STAD;STAD_CIN;STAD_EBV;STAD_GS;STAD_MSI
stomach,414,414,tpm_clean,ENSG00000268009,SSX4/SSX4B,14,3.38,7,1.69,9,414,2.17,5,414,1.21,STAD;STAD_CIN;STAD_EBV;STAD_GS;STAD_MSI
stomach,414,414,tpm_clean,ENSG00000268629,TEX13A,0,0.0,0,0.0,0,414,0.0,0,414,0.0,STAD;STAD_CIN;STAD_EBV;STAD_GS;STAD_MSI
stomach,414,414,tpm_clean,ENSG00000268696,ZNF723,0,0.0,0,0.0,0,414,0.0,0,414,0.0,STAD;STAD_CIN;STAD_EBV;STAD_GS;STAD_MSI
stomach,414,414,tpm_clean,ENSG00000268964,ERVV-2,0,0.0,0,0.0,0,414,0.0,0,414,0.0,STAD;STAD_CIN;STAD_EBV;STAD_GS;STAD_MSI
stomach,414,414,tpm_clean,ENSG00000268988,SPANXN2,0,0.0,0,0.0,0,414,0.0,0,414,0.0,STAD;STAD_CIN;STAD_EBV;STAD_GS;STAD_MSI
stomach,414,414,tpm_clean,ENSG00000269058,CALR3,0,0.0,0,0.0,0,414,0.0,0,414,0.0,STAD;STAD_CIN;STAD_EBV;STAD_GS;STAD_MSI
stomach,414,414,tpm_clean,ENSG00000269586,CT45A10,9,2.17,1,0.24,5,414,1.21,0,414,0.0,STAD;STAD_CIN;STAD_EBV;STAD_GS;STAD_MSI
stomach,414,414,tpm_clean,ENSG00000270806,C17orf50,0,0.0,0,0.0,0,414,0.0,0,414,0.0,STAD;STAD_CIN;STAD_EBV;STAD_GS;STAD_MSI
stomach,414,414,tpm_clean,ENSG00000270946,CT45A2/8/9,4,0.97,3,0.72,3,414,0.72,0,414,0.0,STAD;STAD_CIN;STAD_EBV;STAD_GS;STAD_MSI
stomach,414,414,tpm_clean,ENSG00000271321,CTAGE6,0,0.0,0,0.0,0,414,0.0,0,414,0.0,STAD;STAD_CIN;STAD_EBV;STAD_GS;STAD_MSI
stomach,414,414,tpm_clean,ENSG00000274274,GAGE13,10,2.42,7,1.69,7,414,1.69,5,414,1.21,STAD;STAD_CIN;STAD_EBV;STAD_GS;STAD_MSI
stomach,414,414,tpm_clean,ENSG00000274391,TPTE,0,0.0,0,0.0,0,414,0.0,0,414,0.0,STAD;STAD_CIN;STAD_EBV;STAD_GS;STAD_MSI
stomach,414,414,tpm_clean,ENSG00000275793,RIMBP3,0,0.0,0,0.0,0,414,0.0,0,414,0.0,STAD;STAD_CIN;STAD_EBV;STAD_GS;STAD_MSI
stomach,414,414,tpm_clean,ENSG00000275969,SPATA31A3,0,0.0,0,0.0,0,414,0.0,0,414,0.0,STAD;STAD_CIN;STAD_EBV;STAD_GS;STAD_MSI
stomach,414,414,tpm_clean,ENSG00000276040,SPATA31A7,0,0.0,0,0.0,0,414,0.0,0,414,0.0,STAD;STAD_CIN;STAD_EBV;STAD_GS;STAD_MSI
stomach,414,414,tpm_clean,ENSG00000276581,SPATA31A5,0,0.0,0,0.0,0,414,0.0,0,414,0.0,STAD;STAD_CIN;STAD_EBV;STAD_GS;STAD_MSI
stomach,414,414,tpm_clean,ENSG00000277322,GOLGA6L6,0,0.0,0,0.0,0,414,0.0,0,414,0.0,STAD;STAD_CIN;STAD_EBV;STAD_GS;STAD_MSI
stomach,414,0,tpm_clean,ENSG00000282815,TEX13C,0,,0,,0,0,,0,0,,STAD;STAD_CIN;STAD_EBV;STAD_GS;STAD_MSI
testicular_germ_cell,154,154,tpm_clean,ENSG00000006047,YBX2,13,8.44,3,1.95,4,154,2.6,2,154,1.3,TGCT
testicular_germ_cell,154,154,tpm_clean,ENSG00000006659,LGALS14,0,0.0,0,0.0,0,154,0.0,0,154,0.0,TGCT
testicular_germ_cell,154,154,tpm_clean,ENSG00000007350,TKTL1,37,24.03,34,22.08,35,154,22.73,30,154,19.48,TGCT
testicular_germ_cell,154,154,tpm_clean,ENSG00000010318,PHF7,10,6.49,3,1.95,4,154,2.6,1,154,0.65,TGCT
testicular_germ_cell,154,154,tpm_clean,ENSG00000042813,ZPBP,0,0.0,0,0.0,0,154,0.0,0,154,0.0,TGCT
testicular_germ_cell,154,154,tpm_clean,ENSG00000046774,MAGEC2,18,11.69,2,1.3,4,154,2.6,0,154,0.0,TGCT
testicular_germ_cell,154,154,tpm_clean,ENSG00000054796,SPO11,0,0.0,0,0.0,0,154,0.0,0,154,0.0,TGCT
testicular_germ_cell,154,154,tpm_clean,ENSG00000068985,PAGE1,0,0.0,0,0.0,0,154,0.0,0,154,0.0,TGCT
testicular_germ_cell,154,154,tpm_clean,ENSG00000077800,FKBP6,0,0.0,0,0.0,0,154,0.0,0,154,0.0,TGCT
testicular_germ_cell,154,154,tpm_clean,ENSG00000077935,SMC1B,0,0.0,0,0.0,0,154,0.0,0,154,0.0,TGCT
testicular_germ_cell,154,154,tpm_clean,ENSG00000092345,DAZL,37,24.03,24,15.58,29,154,18.83,18,154,11.69,TGCT
testicular_germ_cell,154,154,tpm_clean,ENSG00000095627,TDRD1,0,0.0,0,0.0,0,154,0.0,0,154,0.0,TGCT
testicular_germ_cell,154,154,tpm_clean,ENSG00000099399,MAGEB2,66,42.86,50,32.47,55,154,35.71,28,154,18.18,TGCT
testicular_germ_cell,154,154,tpm_clean,ENSG00000102021,LUZP4,41,26.62,18,11.69,22,154,14.29,2,154,1.3,TGCT
testicular_germ_cell,154,154,tpm_clean,ENSG00000103023,PRSS54,0,0.0,0,0.0,0,154,0.0,0,154,0.0,TGCT
testicular_germ_cell,154,154,tpm_clean,ENSG00000104755,ADAM2,0,0.0,0,0.0,0,154,0.0,0,154,0.0,TGCT
testicular_germ_cell,154,154,tpm_clean,ENSG00000104804,TULP2,0,0.0,0,0.0,0,154,0.0,0,154,0.0,TGCT
testicular_germ_cell,154,154,tpm_clean,ENSG00000104818,CGB2,0,0.0,0,0.0,0,154,0.0,0,154,0.0,TGCT
testicular_germ_cell,154,154,tpm_clean,ENSG00000104901,DKKL1,2,1.3,1,0.65,1,154,0.65,0,154,0.0,TGCT
testicular_germ_cell,154,154,tpm_clean,ENSG00000105198,LGALS13,0,0.0,0,0.0,0,154,0.0,0,154,0.0,TGCT
testicular_germ_cell,154,154,tpm_clean,ENSG00000106013,ANKRD7,3,1.95,1,0.65,1,154,0.65,1,154,0.65,TGCT
testicular_germ_cell,154,154,tpm_clean,ENSG00000106304,SPAM1,0,0.0,0,0.0,0,154,0.0,0,154,0.0,TGCT
testicular_germ_cell,154,154,tpm_clean,ENSG00000114487,MORC1,0,0.0,0,0.0,0,154,0.0,0,154,0.0,TGCT
testicular_germ_cell,154,154,tpm_clean,ENSG00000117148,ACTL8,0,0.0,0,0.0,0,154,0.0,0,154,0.0,TGCT
testicular_germ_cell,154,154,tpm_clean,ENSG00000118434,SPACA1,0,0.0,0,0.0,0,154,0.0,0,154,0.0,TGCT
testicular_germ_cell,154,154,tpm_clean,ENSG00000118491,ZC2HC1B,0,0.0,0,0.0,0,154,0.0,0,154,0.0,TGCT
testicular_germ_cell,154,154,tpm_clean,ENSG00000121101,TEX14,1,0.65,0,0.0,0,154,0.0,0,154,0.0,TGCT
testicular_germ_cell,154,154,tpm_clean,ENSG00000122304,PRM2,8,5.19,4,2.6,5,154,3.25,3,154,1.95,TGCT
testicular_germ_cell,154,154,tpm_clean,ENSG00000123576,ESX1,0,0.0,0,0.0,0,154,0.0,0,154,0.0,TGCT
testicular_germ_cell,154,154,tpm_clean,ENSG00000123584,MAGEA9/MAGEA9B,1,0.65,1,0.65,1,154,0.65,1,154,0.65,TGCT
testicular_germ_cell,154,154,tpm_clean,ENSG00000124092,CTCFL,0,0.0,0,0.0,0,154,0.0,0,154,0.0,TGCT
testicular_germ_cell,154,154,tpm_clean,ENSG00000124227,ANKRD60,0,0.0,0,0.0,0,154,0.0,0,154,0.0,TGCT
testicular_germ_cell,154,154,tpm_clean,ENSG00000124260,MAGEA10,1,0.65,1,0.65,1,154,0.65,0,154,0.0,TGCT
testicular_germ_cell,154,154,tpm_clean,ENSG00000124467,PSG8,0,0.0,0,0.0,0,154,0.0,0,154,0.0,TGCT
testicular_germ_cell,154,154,tpm_clean,ENSG00000124490,CRISP2,1,0.65,1,0.65,1,154,0.65,0,154,0.0,TGCT
testicular_germ_cell,154,154,tpm_clean,ENSG00000125207,PIWIL1,31,20.13,9,5.84,13,154,8.44,0,154,0.0,TGCT
testicular_germ_cell,154,154,tpm_clean,ENSG00000125823,CSTL1,0,0.0,0,0.0,0,154,0.0,0,154,0.0,TGCT
testicular_germ_cell,154,154,tpm_clean,ENSG00000126467,TSKS,0,0.0,0,0.0,0,154,0.0,0,154,0.0,TGCT
testicular_germ_cell,154,154,tpm_clean,ENSG00000126752,SSX1,0,0.0,0,0.0,0,154,0.0,0,154,0.0,TGCT
testicular_germ_cell,154,154,tpm_clean,ENSG00000126856,PRDM7,0,0.0,0,0.0,0,154,0.0,0,154,0.0,TGCT
testicular_germ_cell,154,154,tpm_clean,ENSG00000129862,VCY/VCY1B,10,6.49,3,1.95,4,154,2.6,2,154,1.3,TGCT
testicular_germ_cell,154,154,tpm_clean,ENSG00000130950,NUTM2F,0,0.0,0,0.0,0,154,0.0,0,154,0.0,TGCT
testicular_germ_cell,154,154,tpm_clean,ENSG00000131126,TEX101,1,0.65,0,0.0,0,154,0.0,0,154,0.0,TGCT
testicular_germ_cell,154,154,tpm_clean,ENSG00000132446,FTHL17,0,0.0,0,0.0,0,154,0.0,0,154,0.0,TGCT
testicular_germ_cell,154,154,tpm_clean,ENSG00000135248,GARIN1B,16,10.39,4,2.6,5,154,3.25,4,154,2.6,TGCT
testicular_germ_cell,154,154,tpm_clean,ENSG00000137090,DMRT1,25,16.23,1,0.65,3,154,1.95,0,154,0.0,TGCT
testicular_germ_cell,154,154,tpm_clean,ENSG00000137948,BRDT,22,14.29,2,1.3,4,154,2.6,0,154,0.0,TGCT
testicular_germ_cell,154,154,tpm_clean,ENSG00000139351,SYCP3,93,60.39,53,34.42,73,154,47.4,9,154,5.84,TGCT
testicular_germ_cell,154,154,tpm_clean,ENSG00000140478,GOLGA6D,0,0.0,0,0.0,0,154,0.0,0,154,0.0,TGCT
testicular_germ_cell,154,154,tpm_clean,ENSG00000141096,DPEP3,8,5.19,2,1.3,2,154,1.3,1,154,0.65,TGCT
testicular_germ_cell,154,154,tpm_clean,ENSG00000141255,SPATA22,7,4.55,0,0.0,1,154,0.65,0,154,0.0,TGCT
testicular_germ_cell,154,154,tpm_clean,ENSG00000141316,SPACA3,0,0.0,0,0.0,0,154,0.0,0,154,0.0,TGCT
testicular_germ_cell,154,154,tpm_clean,ENSG00000141371,CHCT1,1,0.65,0,0.0,0,154,0.0,0,154,0.0,TGCT
testicular_germ_cell,154,154,tpm_clean,ENSG00000141437,SLC25A52,0,0.0,0,0.0,0,154,0.0,0,154,0.0,TGCT
testicular_germ_cell,154,154,tpm_clean,ENSG00000142025,DMRTC2,0,0.0,0,0.0,0,154,0.0,0,154,0.0,TGCT
testicular_germ_cell,154,154,tpm_clean,ENSG00000142698,C1orf94,0,0.0,0,0.0,0,154,0.0,0,154,0.0,TGCT
testicular_germ_cell,154,154,tpm_clean,ENSG00000143006,DMRTB1,0,0.0,0,0.0,0,154,0.0,0,154,0.0,TGCT
testicular_germ_cell,154,154,tpm_clean,ENSG00000143452,HORMAD1,29,18.83,7,4.55,10,154,6.49,0,154,0.0,TGCT
testicular_germ_cell,154,154,tpm_clean,ENSG00000144962,SPATA16,0,0.0,0,0.0,0,154,0.0,0,154,0.0,TGCT
testicular_germ_cell,154,154,tpm_clean,ENSG00000145309,CABS1,0,0.0,0,0.0,0,154,0.0,0,154,0.0,TGCT
testicular_germ_cell,154,154,tpm_clean,ENSG00000147081,AKAP4,0,0.0,0,0.0,0,154,0.0,0,154,0.0,TGCT
testicular_germ_cell,154,154,tpm_clean,ENSG00000147183,CPXCR1,0,0.0,0,0.0,0,154,0.0,0,154,0.0,TGCT
testicular_germ_cell,154,154,tpm_clean,ENSG00000147378,FATE1,14,9.09,8,5.19,9,154,5.84,3,154,1.95,TGCT
testicular_germ_cell,154,154,tpm_clean,ENSG00000147381,MAGEA4,17,11.04,11,7.14,12,154,7.79,8,154,5.19,TGCT
testicular_germ_cell,154,154,tpm_clean,ENSG00000148156,ACTL7B,0,0.0,0,0.0,0,154,0.0,0,154,0.0,TGCT
testicular_germ_cell,154,154,tpm_clean,ENSG00000150628,SPATA4,0,0.0,0,0.0,0,154,0.0,0,154,0.0,TGCT
testicular_germ_cell,154,154,tpm_clean,ENSG00000151962,RBM46,0,0.0,0,0.0,0,154,0.0,0,154,0.0,TGCT
testicular_germ_cell,154,154,tpm_clean,ENSG00000152430,BOLL,0,0.0,0,0.0,0,154,0.0,0,154,0.0,TGCT
testicular_germ_cell,154,154,tpm_clean,ENSG00000152670,DDX4,7,4.55,0,0.0,0,154,0.0,0,154,0.0,TGCT
testicular_germ_cell,154,154,tpm_clean,ENSG00000153060,TEKT5,0,0.0,0,0.0,0,154,0.0,0,154,0.0,TGCT
testicular_germ_cell,154,154,tpm_clean,ENSG00000153779,TGIF2LX,0,0.0,0,0.0,0,154,0.0,0,154,0.0,TGCT
testicular_germ_cell,154,154,tpm_clean,ENSG00000155087,ODF1,1,0.65,0,0.0,1,154,0.65,0,154,0.0,TGCT
testicular_germ_cell,154,154,tpm_clean,ENSG00000155495,MAGEC1,1,0.65,0,0.0,0,154,0.0,0,154,0.0,TGCT
testicular_germ_cell,154,154,tpm_clean,ENSG00000155622,XAGE2,2,1.3,0,0.0,1,154,0.65,0,154,0.0,TGCT
testicular_germ_cell,154,154,tpm_clean,ENSG00000156009,MAGEA8,3,1.95,3,1.95,3,154,1.95,0,154,0.0,TGCT
testicular_germ_cell,154,154,tpm_clean,ENSG00000156269,NAA11,0,0.0,0,0.0,0,154,0.0,0,154,0.0,TGCT
testicular_germ_cell,154,154,tpm_clean,ENSG00000158639,PAGE5,20,12.99,11,7.14,14,154,9.09,7,154,4.55,TGCT
testicular_germ_cell,154,154,tpm_clean,ENSG00000159289,GOLGA6A,0,0.0,0,0.0,0,154,0.0,0,154,0.0,TGCT
testicular_germ_cell,154,154,tpm_clean,ENSG00000159708,LRRC36,0,0.0,0,0.0,0,154,0.0,0,154,0.0,TGCT
testicular_germ_cell,154,154,tpm_clean,ENSG00000161860,SYCE2,0,0.0,0,0.0,0,154,0.0,0,154,0.0,TGCT
testicular_germ_cell,154,154,tpm_clean,ENSG00000161973,CCDC42,1,0.65,0,0.0,0,154,0.0,0,154,0.0,TGCT
testicular_germ_cell,154,154,tpm_clean,ENSG00000162039,MEIOB,12,7.79,0,0.0,1,154,0.65,0,154,0.0,TGCT
testicular_germ_cell,154,154,tpm_clean,ENSG00000162641,AKNAD1,0,0.0,0,0.0,0,154,0.0,0,154,0.0,TGCT
testicular_germ_cell,154,154,tpm_clean,ENSG00000162771,GARIN4,0,0.0,0,0.0,0,154,0.0,0,154,0.0,TGCT
testicular_germ_cell,154,154,tpm_clean,ENSG00000162843,WDR64,0,0.0,0,0.0,0,154,0.0,0,154,0.0,TGCT
testicular_germ_cell,154,154,tpm_clean,ENSG00000163114,PDHA2,0,0.0,0,0.0,0,154,0.0,0,154,0.0,TGCT
testicular_germ_cell,154,154,tpm_clean,ENSG00000163530,DPPA2,50,32.47,40,25.97,42,154,27.27,31,154,20.13,TGCT
testicular_germ_cell,154,154,tpm_clean,ENSG00000164113,ADAD1,0,0.0,0,0.0,0,154,0.0,0,154,0.0,TGCT
testicular_germ_cell,154,154,tpm_clean,ENSG00000164304,CAGE1,0,0.0,0,0.0,0,154,0.0,0,154,0.0,TGCT
testicular_germ_cell,154,154,tpm_clean,ENSG00000165583,SSX5,0,0.0,0,0.0,0,154,0.0,0,154,0.0,TGCT
testicular_germ_cell,154,154,tpm_clean,ENSG00000165584,SSX3,0,0.0,0,0.0,0,154,0.0,0,154,0.0,TGCT
testicular_germ_cell,154,154,tpm_clean,ENSG00000166049,PASD1,1,0.65,0,0.0,0,154,0.0,0,154,0.0,TGCT
testicular_germ_cell,154,154,tpm_clean,ENSG00000166069,TMCO5A,0,0.0,0,0.0,0,154,0.0,0,154,0.0,TGCT
testicular_germ_cell,154,154,tpm_clean,ENSG00000166118,SPATA19,0,0.0,0,0.0,0,154,0.0,0,154,0.0,TGCT
testicular_germ_cell,154,154,tpm_clean,ENSG00000166796,LDHC,1,0.65,1,0.65,1,154,0.65,0,154,0.0,TGCT
testicular_germ_cell,154,154,tpm_clean,ENSG00000167098,SUN5,0,0.0,0,0.0,0,154,0.0,0,154,0.0,TGCT
testicular_germ_cell,154,154,tpm_clean,ENSG00000168594,ADAM29,0,0.0,0,0.0,0,154,0.0,0,154,0.0,TGCT
testicular_germ_cell,154,154,tpm_clean,ENSG00000168757,TSPY2,36,23.38,25,16.23,27,154,17.53,19,154,12.34,TGCT
testicular_germ_cell,154,154,tpm_clean,ENSG00000169059,VCX3A,6,3.9,2,1.3,4,154,2.6,1,154,0.65,TGCT
testicular_germ_cell,154,154,tpm_clean,ENSG00000169551,CT55,0,0.0,0,0.0,0,154,0.0,0,154,0.0,TGCT
testicular_germ_cell,154,154,tpm_clean,ENSG00000169800,RBMY1F,0,0.0,0,0.0,0,154,0.0,0,154,0.0,TGCT
testicular_germ_cell,154,154,tpm_clean,ENSG00000170516,COX7B2,2,1.3,0,0.0,0,154,0.0,0,154,0.0,TGCT
testicular_germ_cell,154,154,tpm_clean,ENSG00000170748,RBMXL2,4,2.6,0,0.0,1,154,0.65,0,154,0.0,TGCT
testicular_germ_cell,154,154,tpm_clean,ENSG00000170848,PSG6,0,0.0,0,0.0,0,154,0.0,0,154,0.0,TGCT
testicular_germ_cell,154,154,tpm_clean,ENSG00000170950,PGK2,0,0.0,0,0.0,0,154,0.0,0,154,0.0,TGCT
testicular_germ_cell,154,154,tpm_clean,ENSG00000170965,PLAC1,0,0.0,0,0.0,0,154,0.0,0,154,0.0,TGCT
testicular_germ_cell,154,154,tpm_clean,ENSG00000171402,XAGE3,0,0.0,0,0.0,0,154,0.0,0,154,0.0,TGCT
testicular_germ_cell,154,154,tpm_clean,ENSG00000171405,XAGE5,0,0.0,0,0.0,0,154,0.0,0,154,0.0,TGCT
testicular_germ_cell,154,154,tpm_clean,ENSG00000171794,UTF1,111,72.08,82,53.25,94,154,61.04,54,154,35.06,TGCT
testicular_germ_cell,154,154,tpm_clean,ENSG00000172073,TEX37,0,0.0,0,0.0,0,154,0.0,0,154,0.0,TGCT
testicular_germ_cell,154,154,tpm_clean,ENSG00000172717,GARIN2,0,0.0,0,0.0,0,154,0.0,0,154,0.0,TGCT
testicular_germ_cell,154,154,tpm_clean,ENSG00000174015,CBY2,0,0.0,0,0.0,0,154,0.0,0,154,0.0,TGCT
testicular_germ_cell,154,154,tpm_clean,ENSG00000174016,TENT5D,0,0.0,0,0.0,0,154,0.0,0,154,0.0,TGCT
testicular_germ_cell,154,154,tpm_clean,ENSG00000174898,CATSPERD,0,0.0,0,0.0,0,154,0.0,0,154,0.0,TGCT
testicular_germ_cell,154,154,tpm_clean,ENSG00000175646,PRM1,8,5.19,6,3.9,6,154,3.9,3,154,1.95,TGCT
testicular_germ_cell,154,154,tpm_clean,ENSG00000175809,CBLL2,0,0.0,0,0.0,0,154,0.0,0,154,0.0,TGCT
testicular_germ_cell,154,154,tpm_clean,ENSG00000175820,CCDC168,0,0.0,0,0.0,0,154,0.0,0,154,0.0,TGCT
testicular_germ_cell,154,154,tpm_clean,ENSG00000175877,TMEM270,0,0.0,0,0.0,0,154,0.0,0,154,0.0,TGCT
testicular_germ_cell,154,154,tpm_clean,ENSG00000176256,HMGB4,1,0.65,1,0.65,1,154,0.65,1,154,0.65,TGCT
testicular_germ_cell,154,154,tpm_clean,ENSG00000176566,DCAF4L2,51,33.12,34,22.08,39,154,25.32,17,154,11.04,TGCT
testicular_germ_cell,154,154,tpm_clean,ENSG00000176635,HORMAD2,0,0.0,0,0.0,0,154,0.0,0,154,0.0,TGCT
testicular_germ_cell,154,154,tpm_clean,ENSG00000176746,MAGEB6,0,0.0,0,0.0,0,154,0.0,0,154,0.0,TGCT
testicular_germ_cell,154,154,tpm_clean,ENSG00000176774,MAGEB18,0,0.0,0,0.0,0,154,0.0,0,154,0.0,TGCT
testicular_germ_cell,154,154,tpm_clean,ENSG00000176988,FMR1NB,0,0.0,0,0.0,0,154,0.0,0,154,0.0,TGCT
testicular_germ_cell,154,154,tpm_clean,ENSG00000177294,FBXO39,0,0.0,0,0.0,0,154,0.0,0,154,0.0,TGCT
testicular_germ_cell,154,154,tpm_clean,ENSG00000177673,TEX44,0,0.0,0,0.0,0,154,0.0,0,154,0.0,TGCT
testicular_germ_cell,154,154,tpm_clean,ENSG00000177689,MAGEB10,0,0.0,0,0.0,0,154,0.0,0,154,0.0,TGCT
testicular_germ_cell,154,154,tpm_clean,ENSG00000177947,ODF3,0,0.0,0,0.0,0,154,0.0,0,154,0.0,TGCT
testicular_germ_cell,154,154,tpm_clean,ENSG00000177992,SPATA31E1,0,0.0,0,0.0,0,154,0.0,0,154,0.0,TGCT
testicular_germ_cell,154,154,tpm_clean,ENSG00000178021,TSPYL6,0,0.0,0,0.0,0,154,0.0,0,154,0.0,TGCT
testicular_germ_cell,154,154,tpm_clean,ENSG00000178257,PRM3,0,0.0,0,0.0,0,154,0.0,0,154,0.0,TGCT
testicular_germ_cell,154,154,tpm_clean,ENSG00000178279,TNP2,0,0.0,0,0.0,0,154,0.0,0,154,0.0,TGCT
testicular_germ_cell,154,154,tpm_clean,ENSG00000178997,EXD1,0,0.0,0,0.0,0,154,0.0,0,154,0.0,TGCT
testicular_germ_cell,154,154,tpm_clean,ENSG00000179046,TRIML2,118,76.62,86,55.84,99,154,64.29,56,154,36.36,TGCT
testicular_germ_cell,154,154,tpm_clean,ENSG00000179059,ZFP42,105,68.18,77,50.0,91,154,59.09,27,154,17.53,TGCT
testicular_germ_cell,154,154,tpm_clean,ENSG00000179088,C12orf42,0,0.0,0,0.0,0,154,0.0,0,154,0.0,TGCT
testicular_germ_cell,154,154,tpm_clean,ENSG00000179407,DNAJB8,0,0.0,0,0.0,0,154,0.0,0,154,0.0,TGCT
testicular_germ_cell,154,154,tpm_clean,ENSG00000180138,CSNK1A1L,0,0.0,0,0.0,0,154,0.0,0,154,0.0,TGCT
testicular_germ_cell,154,154,tpm_clean,ENSG00000180336,MEIOC,0,0.0,0,0.0,0,154,0.0,0,154,0.0,TGCT
testicular_germ_cell,154,154,tpm_clean,ENSG00000181323,SPEM1,0,0.0,0,0.0,0,154,0.0,0,154,0.0,TGCT
testicular_germ_cell,154,154,tpm_clean,ENSG00000181433,SAGE1,0,0.0,0,0.0,0,154,0.0,0,154,0.0,TGCT
testicular_germ_cell,154,154,tpm_clean,ENSG00000182308,DCAF4L1,20,12.99,12,7.79,15,154,9.74,3,154,1.95,TGCT
testicular_germ_cell,154,154,tpm_clean,ENSG00000182459,TEX19,0,0.0,0,0.0,0,154,0.0,0,154,0.0,TGCT
testicular_germ_cell,154,154,tpm_clean,ENSG00000182583,VCX,5,3.25,2,1.3,2,154,1.3,2,154,1.3,TGCT
testicular_germ_cell,154,154,tpm_clean,ENSG00000183206,POTEC,0,0.0,0,0.0,0,154,0.0,0,154,0.0,TGCT
testicular_germ_cell,154,154,tpm_clean,ENSG00000183305,MAGEA2/MAGEA2B,6,3.9,3,1.95,3,154,1.95,1,154,0.65,TGCT
testicular_germ_cell,154,154,tpm_clean,ENSG00000183434,TFDP3,0,0.0,0,0.0,0,154,0.0,0,154,0.0,TGCT
testicular_germ_cell,154,154,tpm_clean,ENSG00000183668,PSG9,0,0.0,0,0.0,0,154,0.0,0,154,0.0,TGCT
testicular_germ_cell,154,154,tpm_clean,ENSG00000184033,CTAG1A/B,5,3.25,2,1.3,2,154,1.3,1,154,0.65,TGCT
testicular_germ_cell,154,154,tpm_clean,ENSG00000184361,SPATA32,0,0.0,0,0.0,0,154,0.0,0,154,0.0,TGCT
testicular_germ_cell,154,154,tpm_clean,ENSG00000184507,NUTM1,0,0.0,0,0.0,0,154,0.0,0,154,0.0,TGCT
testicular_germ_cell,154,154,tpm_clean,ENSG00000184650,ODF4,0,0.0,0,0.0,0,154,0.0,0,154,0.0,TGCT
testicular_germ_cell,154,154,tpm_clean,ENSG00000184735,DDX53,0,0.0,0,0.0,0,154,0.0,0,154,0.0,TGCT
testicular_germ_cell,154,154,tpm_clean,ENSG00000185264,TEX33,0,0.0,0,0.0,0,154,0.0,0,154,0.0,TGCT
testicular_germ_cell,154,154,tpm_clean,ENSG00000185686,PRAME,80,51.95,68,44.16,72,154,46.75,63,154,40.91,TGCT
testicular_germ_cell,154,154,tpm_clean,ENSG00000185775,SPATA31A6,0,0.0,0,0.0,0,154,0.0,0,154,0.0,TGCT
testicular_germ_cell,154,154,tpm_clean,ENSG00000185792,NLRP9,52,33.77,31,20.13,36,154,23.38,7,154,4.55,TGCT
testicular_germ_cell,154,154,tpm_clean,ENSG00000185863,TMEM210,0,0.0,0,0.0,0,154,0.0,0,154,0.0,TGCT
testicular_germ_cell,154,154,tpm_clean,ENSG00000186075,ZPBP2,0,0.0,0,0.0,0,154,0.0,0,154,0.0,TGCT
testicular_germ_cell,154,154,tpm_clean,ENSG00000186118,TEX38,1,0.65,1,0.65,1,154,0.65,0,154,0.0,TGCT
testicular_germ_cell,154,154,tpm_clean,ENSG00000186451,SPATA12,0,0.0,0,0.0,0,154,0.0,0,154,0.0,TGCT
testicular_germ_cell,154,154,tpm_clean,ENSG00000186788,SPATA31D3,0,0.0,0,0.0,0,154,0.0,0,154,0.0,TGCT
testicular_germ_cell,154,154,tpm_clean,ENSG00000187003,ACTL7A,1,0.65,0,0.0,0,154,0.0,0,154,0.0,TGCT
testicular_germ_cell,154,154,tpm_clean,ENSG00000187191,DAZ3,0,0.0,0,0.0,0,154,0.0,0,154,0.0,TGCT
testicular_germ_cell,154,154,tpm_clean,ENSG00000187754,SSX7,0,0.0,0,0.0,0,154,0.0,0,154,0.0,TGCT
testicular_germ_cell,154,154,tpm_clean,ENSG00000187772,LIN28B,28,18.18,9,5.84,11,154,7.14,1,154,0.65,TGCT
testicular_germ_cell,154,154,tpm_clean,ENSG00000188120,DAZ1,0,0.0,0,0.0,0,154,0.0,0,154,0.0,TGCT
testicular_germ_cell,154,154,tpm_clean,ENSG00000188425,NANOS2,0,0.0,0,0.0,0,154,0.0,0,154,0.0,TGCT
testicular_germ_cell,154,154,tpm_clean,ENSG00000188782,CATSPER4,0,0.0,0,0.0,0,154,0.0,0,154,0.0,TGCT
testicular_germ_cell,154,154,tpm_clean,ENSG00000189023,MAGEB16,0,0.0,0,0.0,0,154,0.0,0,154,0.0,TGCT
testicular_germ_cell,154,154,tpm_clean,ENSG00000189052,CGB5/8,38,24.68,24,15.58,26,154,16.88,16,154,10.39,TGCT
testicular_germ_cell,154,154,tpm_clean,ENSG00000189064,GAGE2A,6,3.9,4,2.6,5,154,3.25,2,154,1.3,TGCT
testicular_germ_cell,154,154,tpm_clean,ENSG00000189186,DCAF8L2,0,0.0,0,0.0,0,154,0.0,0,154,0.0,TGCT
testicular_germ_cell,154,154,tpm_clean,ENSG00000189252,SPANXN3,0,0.0,0,0.0,0,154,0.0,0,154,0.0,TGCT
testicular_germ_cell,154,154,tpm_clean,ENSG00000189326,SPANXN4,0,0.0,0,0.0,0,154,0.0,0,154,0.0,TGCT
testicular_germ_cell,154,154,tpm_clean,ENSG00000189357,SPATA31D4,0,0.0,0,0.0,0,154,0.0,0,154,0.0,TGCT
testicular_germ_cell,154,154,tpm_clean,ENSG00000196350,ZNF729,5,3.25,0,0.0,0,154,0.0,0,154,0.0,TGCT
testicular_germ_cell,154,154,tpm_clean,ENSG00000196406,SPANXD,0,0.0,0,0.0,0,154,0.0,0,154,0.0,TGCT
testicular_germ_cell,154,154,tpm_clean,ENSG00000196553,CCDC196,0,0.0,0,0.0,0,154,0.0,0,154,0.0,TGCT
testicular_germ_cell,154,154,tpm_clean,ENSG00000196604,POTEF,0,0.0,0,0.0,0,154,0.0,0,154,0.0,TGCT
testicular_germ_cell,154,154,tpm_clean,ENSG00000196862,RGPD4,0,0.0,0,0.0,0,154,0.0,0,154,0.0,TGCT
testicular_germ_cell,154,154,tpm_clean,ENSG00000197172,MAGEA6,6,3.9,3,1.95,3,154,1.95,1,154,0.65,TGCT
testicular_germ_cell,154,154,tpm_clean,ENSG00000198021,SPANXA1/2,1,0.65,0,0.0,0,154,0.0,0,154,0.0,TGCT
testicular_germ_cell,154,154,tpm_clean,ENSG00000198573,SPANXC,0,0.0,0,0.0,0,154,0.0,0,154,0.0,TGCT
testicular_germ_cell,154,154,tpm_clean,ENSG00000198681,MAGEA1,1,0.65,1,0.65,1,154,0.65,0,154,0.0,TGCT
testicular_germ_cell,154,154,tpm_clean,ENSG00000198759,EGFL6,12,7.79,3,1.95,5,154,3.25,2,154,1.3,TGCT
testicular_germ_cell,154,154,tpm_clean,ENSG00000198765,SYCP1,0,0.0,0,0.0,0,154,0.0,0,154,0.0,TGCT
testicular_germ_cell,154,154,tpm_clean,ENSG00000198870,STKLD1,0,0.0,0,0.0,0,154,0.0,0,154,0.0,TGCT
testicular_germ_cell,154,154,tpm_clean,ENSG00000203909,DPPA5,120,77.92,118,76.62,119,154,77.27,110,154,71.43,TGCT
testicular_germ_cell,154,154,tpm_clean,ENSG00000203923,SPANXN1,0,0.0,0,0.0,0,154,0.0,0,154,0.0,TGCT
testicular_germ_cell,154,154,tpm_clean,ENSG00000204019,CT83,0,0.0,0,0.0,0,154,0.0,0,154,0.0,TGCT
testicular_germ_cell,154,154,tpm_clean,ENSG00000204279,PAGE3,0,0.0,0,0.0,0,154,0.0,0,154,0.0,TGCT
testicular_germ_cell,154,154,tpm_clean,ENSG00000204363,SPANXN5,0,0.0,0,0.0,0,154,0.0,0,154,0.0,TGCT
testicular_germ_cell,154,154,tpm_clean,ENSG00000204379,XAGE1A/B,62,40.26,43,27.92,52,154,33.77,35,154,22.73,TGCT
testicular_germ_cell,154,154,tpm_clean,ENSG00000204450,TRIM64,0,0.0,0,0.0,0,154,0.0,0,154,0.0,TGCT
testicular_germ_cell,154,154,tpm_clean,ENSG00000204849,SPATA31A1,0,0.0,0,0.0,0,154,0.0,0,154,0.0,TGCT
testicular_germ_cell,154,154,tpm_clean,ENSG00000204941,PSG5,0,0.0,0,0.0,0,154,0.0,0,154,0.0,TGCT
testicular_germ_cell,154,154,tpm_clean,ENSG00000204961,PCDHA9,0,0.0,0,0.0,0,154,0.0,0,154,0.0,TGCT
testicular_germ_cell,154,154,tpm_clean,ENSG00000205359,SLCO6A1,0,0.0,0,0.0,0,154,0.0,0,154,0.0,TGCT
testicular_germ_cell,154,154,tpm_clean,ENSG00000205642,VCX3B,3,1.95,1,0.65,1,154,0.65,1,154,0.65,TGCT
testicular_germ_cell,154,154,tpm_clean,ENSG00000205777,GAGE1,7,4.55,3,1.95,4,154,2.6,2,154,1.3,TGCT
testicular_germ_cell,154,154,tpm_clean,ENSG00000212710,CTAGE1,0,0.0,0,0.0,0,154,0.0,0,154,0.0,TGCT
testicular_germ_cell,154,154,tpm_clean,ENSG00000213218,CSH2,3,1.95,1,0.65,2,154,1.3,1,154,0.65,TGCT
testicular_germ_cell,154,154,tpm_clean,ENSG00000213401,MAGEA12,4,2.6,2,1.3,2,154,1.3,0,154,0.0,TGCT
testicular_germ_cell,154,154,tpm_clean,ENSG00000214107,MAGEB1,27,17.53,2,1.3,4,154,2.6,0,154,0.0,TGCT
testicular_germ_cell,154,154,tpm_clean,ENSG00000215113,CXorf49/CXorf49B,1,0.65,0,0.0,0,154,0.0,0,154,0.0,TGCT
testicular_germ_cell,154,154,tpm_clean,ENSG00000215269,GAGE12F/G,0,0.0,0,0.0,0,154,0.0,0,154,0.0,TGCT
testicular_germ_cell,154,154,tpm_clean,ENSG00000215274,GAGE10,1,0.65,1,0.65,1,154,0.65,0,154,0.0,TGCT
testicular_germ_cell,154,154,tpm_clean,ENSG00000215529,EFCAB8,0,0.0,0,0.0,0,154,0.0,0,154,0.0,TGCT
testicular_germ_cell,154,154,tpm_clean,ENSG00000215817,ZC3H11B,0,0.0,0,0.0,0,154,0.0,0,154,0.0,TGCT
testicular_germ_cell,154,154,tpm_clean,ENSG00000216649,GAGE12C/D/E,1,0.65,0,0.0,0,154,0.0,0,154,0.0,TGCT
testicular_germ_cell,154,154,tpm_clean,ENSG00000221826,PSG3,0,0.0,0,0.0,0,154,0.0,0,154,0.0,TGCT
testicular_germ_cell,154,154,tpm_clean,ENSG00000221867,MAGEA3,7,4.55,4,2.6,5,154,3.25,1,154,0.65,TGCT
testicular_germ_cell,154,154,tpm_clean,ENSG00000221878,PSG7,0,0.0,0,0.0,0,154,0.0,0,154,0.0,TGCT
testicular_germ_cell,154,154,tpm_clean,ENSG00000224089,CT47A1/2/3/4/5/6/7/8/9/10/11/12,0,0.0,0,0.0,0,154,0.0,0,154,0.0,TGCT
testicular_germ_cell,154,154,tpm_clean,ENSG00000224440,CXorf51A/B,0,0.0,0,0.0,0,154,0.0,0,154,0.0,TGCT
testicular_germ_cell,154,154,tpm_clean,ENSG00000224659,GAGE12J,0,0.0,0,0.0,0,154,0.0,0,154,0.0,TGCT
testicular_germ_cell,154,154,tpm_clean,ENSG00000224902,GAGE12H,0,0.0,0,0.0,0,154,0.0,0,154,0.0,TGCT
testicular_germ_cell,154,0,tpm_clean,ENSG00000224960,PPP4R3C,0,,0,,0,0,,0,0,,TGCT
testicular_germ_cell,154,154,tpm_clean,ENSG00000226650,KIF4B,0,0.0,0,0.0,0,154,0.0,0,154,0.0,TGCT
testicular_germ_cell,154,154,tpm_clean,ENSG00000227234,SPANXB1,0,0.0,0,0.0,0,154,0.0,0,154,0.0,TGCT
testicular_germ_cell,154,154,tpm_clean,ENSG00000228836,CT45A5/6/7,3,1.95,1,0.65,1,154,0.65,0,154,0.0,TGCT
testicular_germ_cell,154,154,tpm_clean,ENSG00000228927,TSPY3,25,16.23,16,10.39,19,154,12.34,7,154,4.55,TGCT
testicular_germ_cell,154,154,tpm_clean,ENSG00000229549,TSPY8,21,13.64,15,9.74,17,154,11.04,11,154,7.14,TGCT
testicular_germ_cell,154,0,tpm_clean,ENSG00000230601,TEX48,0,,0,,0,0,,0,0,,TGCT
testicular_germ_cell,154,154,tpm_clean,ENSG00000231924,PSG1,0,0.0,0,0.0,0,154,0.0,0,154,0.0,TGCT
testicular_germ_cell,154,154,tpm_clean,ENSG00000233056,ERVH48-1,87,56.49,63,40.91,69,154,44.81,46,154,29.87,TGCT
testicular_germ_cell,154,154,tpm_clean,ENSG00000233803,TSPY4,41,26.62,37,24.03,38,154,24.68,33,154,21.43,TGCT
testicular_germ_cell,154,154,tpm_clean,ENSG00000234068,PAGE2,8,5.19,2,1.3,2,154,1.3,1,154,0.65,TGCT
testicular_germ_cell,154,154,tpm_clean,ENSG00000234414,RBMY1A1,0,0.0,0,0.0,0,154,0.0,0,154,0.0,TGCT
testicular_germ_cell,154,154,tpm_clean,ENSG00000235631,RNF148,0,0.0,0,0.0,0,154,0.0,0,154,0.0,TGCT
testicular_germ_cell,154,154,tpm_clean,ENSG00000236424,TSPY10,36,23.38,27,17.53,29,154,18.83,20,154,12.99,TGCT
testicular_germ_cell,154,154,tpm_clean,ENSG00000236446,CT47B1,0,0.0,0,0.0,0,154,0.0,0,154,0.0,TGCT
testicular_germ_cell,154,154,tpm_clean,ENSG00000236761,CTAGE9,0,0.0,0,0.0,0,154,0.0,0,154,0.0,TGCT
testicular_germ_cell,154,154,tpm_clean,ENSG00000238269,PAGE2B,4,2.6,1,0.65,3,154,1.95,1,154,0.65,TGCT
testicular_germ_cell,154,154,tpm_clean,ENSG00000240021,TEX35,0,0.0,0,0.0,0,154,0.0,0,154,0.0,TGCT
testicular_germ_cell,154,0,tpm_clean,ENSG00000241149,ZNF722,0,,0,,0,0,,0,0,,TGCT
testicular_germ_cell,154,154,tpm_clean,ENSG00000241476,SSX2/SSX2B,5,3.25,2,1.3,5,154,3.25,0,154,0.0,TGCT
testicular_germ_cell,154,154,tpm_clean,ENSG00000242221,PSG2,0,0.0,0,0.0,0,154,0.0,0,154,0.0,TGCT
testicular_germ_cell,154,154,tpm_clean,ENSG00000242389,RBMY1E,0,0.0,0,0.0,0,154,0.0,0,154,0.0,TGCT
testicular_germ_cell,154,154,tpm_clean,ENSG00000242875,RBMY1B,0,0.0,0,0.0,0,154,0.0,0,154,0.0,TGCT
testicular_germ_cell,154,154,tpm_clean,ENSG00000243130,PSG11,0,0.0,0,0.0,0,154,0.0,0,154,0.0,TGCT
testicular_germ_cell,154,154,tpm_clean,ENSG00000244395,RBMY1D,0,0.0,0,0.0,0,154,0.0,0,154,0.0,TGCT
testicular_germ_cell,154,154,tpm_clean,ENSG00000244588,RAD21L1,0,0.0,0,0.0,0,154,0.0,0,154,0.0,TGCT
testicular_germ_cell,154,154,tpm_clean,ENSG00000249861,LGALS16,1,0.65,0,0.0,0,154,0.0,0,154,0.0,TGCT
testicular_germ_cell,154,154,tpm_clean,ENSG00000250741,NT5C1B-RDH14,0,0.0,0,0.0,0,154,0.0,0,154,0.0,TGCT
testicular_germ_cell,154,154,tpm_clean,ENSG00000251258,RFPL4B,0,0.0,0,0.0,0,154,0.0,0,154,0.0,TGCT
testicular_germ_cell,154,154,tpm_clean,ENSG00000258713,C20orf141,0,0.0,0,0.0,0,154,0.0,0,154,0.0,TGCT
testicular_germ_cell,154,154,tpm_clean,ENSG00000258992,TSPY1,31,20.13,23,14.94,29,154,18.83,17,154,11.04,TGCT
testicular_germ_cell,154,154,tpm_clean,ENSG00000261649,GOLGA6L7,0,0.0,0,0.0,0,154,0.0,0,154,0.0,TGCT
testicular_germ_cell,154,154,tpm_clean,ENSG00000261949,GFY,0,0.0,0,0.0,0,154,0.0,0,154,0.0,TGCT
testicular_germ_cell,154,154,tpm_clean,ENSG00000268009,SSX4/SSX4B,0,0.0,0,0.0,0,154,0.0,0,154,0.0,TGCT
testicular_germ_cell,154,154,tpm_clean,ENSG00000268629,TEX13A,0,0.0,0,0.0,0,154,0.0,0,154,0.0,TGCT
testicular_germ_cell,154,154,tpm_clean,ENSG00000268696,ZNF723,0,0.0,0,0.0,0,154,0.0,0,154,0.0,TGCT
testicular_germ_cell,154,154,tpm_clean,ENSG00000268964,ERVV-2,0,0.0,0,0.0,0,154,0.0,0,154,0.0,TGCT
testicular_germ_cell,154,154,tpm_clean,ENSG00000268988,SPANXN2,0,0.0,0,0.0,0,154,0.0,0,154,0.0,TGCT
testicular_germ_cell,154,154,tpm_clean,ENSG00000269058,CALR3,0,0.0,0,0.0,0,154,0.0,0,154,0.0,TGCT
testicular_germ_cell,154,154,tpm_clean,ENSG00000269586,CT45A10,2,1.3,0,0.0,0,154,0.0,0,154,0.0,TGCT
testicular_germ_cell,154,154,tpm_clean,ENSG00000270806,C17orf50,0,0.0,0,0.0,0,154,0.0,0,154,0.0,TGCT
testicular_germ_cell,154,154,tpm_clean,ENSG00000270946,CT45A2/8/9,0,0.0,0,0.0,0,154,0.0,0,154,0.0,TGCT
testicular_germ_cell,154,154,tpm_clean,ENSG00000271321,CTAGE6,0,0.0,0,0.0,0,154,0.0,0,154,0.0,TGCT
testicular_germ_cell,154,154,tpm_clean,ENSG00000274274,GAGE13,3,1.95,2,1.3,2,154,1.3,2,154,1.3,TGCT
testicular_germ_cell,154,154,tpm_clean,ENSG00000274391,TPTE,0,0.0,0,0.0,0,154,0.0,0,154,0.0,TGCT
testicular_germ_cell,154,154,tpm_clean,ENSG00000275793,RIMBP3,0,0.0,0,0.0,0,154,0.0,0,154,0.0,TGCT
testicular_germ_cell,154,154,tpm_clean,ENSG00000275969,SPATA31A3,0,0.0,0,0.0,0,154,0.0,0,154,0.0,TGCT
testicular_germ_cell,154,154,tpm_clean,ENSG00000276040,SPATA31A7,0,0.0,0,0.0,0,154,0.0,0,154,0.0,TGCT
testicular_germ_cell,154,154,tpm_clean,ENSG00000276581,SPATA31A5,0,0.0,0,0.0,0,154,0.0,0,154,0.0,TGCT
testicular_germ_cell,154,154,tpm_clean,ENSG00000277322,GOLGA6L6,0,0.0,0,0.0,0,154,0.0,0,154,0.0,TGCT
testicular_germ_cell,154,0,tpm_clean,ENSG00000282815,TEX13C,0,,0,,0,0,,0,0,,TGCT
thyroid,512,512,tpm_clean,ENSG00000006047,YBX2,0,0.0,0,0.0,0,512,0.0,0,512,0.0,THCA
thyroid,512,512,tpm_clean,ENSG00000006659,LGALS14,0,0.0,0,0.0,0,512,0.0,0,512,0.0,THCA
thyroid,512,512,tpm_clean,ENSG00000007350,TKTL1,0,0.0,0,0.0,0,512,0.0,0,512,0.0,THCA
thyroid,512,512,tpm_clean,ENSG00000010318,PHF7,0,0.0,0,0.0,0,512,0.0,0,512,0.0,THCA
thyroid,512,512,tpm_clean,ENSG00000042813,ZPBP,0,0.0,0,0.0,0,512,0.0,0,512,0.0,THCA
thyroid,512,512,tpm_clean,ENSG00000046774,MAGEC2,0,0.0,0,0.0,0,512,0.0,0,512,0.0,THCA
thyroid,512,512,tpm_clean,ENSG00000054796,SPO11,0,0.0,0,0.0,0,512,0.0,0,512,0.0,THCA
thyroid,512,512,tpm_clean,ENSG00000068985,PAGE1,0,0.0,0,0.0,0,512,0.0,0,512,0.0,THCA
thyroid,512,512,tpm_clean,ENSG00000077800,FKBP6,0,0.0,0,0.0,0,512,0.0,0,512,0.0,THCA
thyroid,512,512,tpm_clean,ENSG00000077935,SMC1B,0,0.0,0,0.0,0,512,0.0,0,512,0.0,THCA
thyroid,512,512,tpm_clean,ENSG00000092345,DAZL,0,0.0,0,0.0,0,512,0.0,0,512,0.0,THCA
thyroid,512,512,tpm_clean,ENSG00000095627,TDRD1,0,0.0,0,0.0,0,512,0.0,0,512,0.0,THCA
thyroid,512,512,tpm_clean,ENSG00000099399,MAGEB2,0,0.0,0,0.0,0,512,0.0,0,512,0.0,THCA
thyroid,512,512,tpm_clean,ENSG00000102021,LUZP4,0,0.0,0,0.0,0,512,0.0,0,512,0.0,THCA
thyroid,512,512,tpm_clean,ENSG00000103023,PRSS54,0,0.0,0,0.0,0,512,0.0,0,512,0.0,THCA
thyroid,512,512,tpm_clean,ENSG00000104755,ADAM2,0,0.0,0,0.0,0,512,0.0,0,512,0.0,THCA
thyroid,512,512,tpm_clean,ENSG00000104804,TULP2,0,0.0,0,0.0,0,512,0.0,0,512,0.0,THCA
thyroid,512,512,tpm_clean,ENSG00000104818,CGB2,0,0.0,0,0.0,0,512,0.0,0,512,0.0,THCA
thyroid,512,512,tpm_clean,ENSG00000104901,DKKL1,0,0.0,0,0.0,0,512,0.0,0,512,0.0,THCA
thyroid,512,512,tpm_clean,ENSG00000105198,LGALS13,4,0.78,2,0.39,3,512,0.59,2,512,0.39,THCA
thyroid,512,512,tpm_clean,ENSG00000106013,ANKRD7,0,0.0,0,0.0,0,512,0.0,0,512,0.0,THCA
thyroid,512,512,tpm_clean,ENSG00000106304,SPAM1,0,0.0,0,0.0,0,512,0.0,0,512,0.0,THCA
thyroid,512,512,tpm_clean,ENSG00000114487,MORC1,0,0.0,0,0.0,0,512,0.0,0,512,0.0,THCA
thyroid,512,512,tpm_clean,ENSG00000117148,ACTL8,0,0.0,0,0.0,0,512,0.0,0,512,0.0,THCA
thyroid,512,512,tpm_clean,ENSG00000118434,SPACA1,0,0.0,0,0.0,0,512,0.0,0,512,0.0,THCA
thyroid,512,512,tpm_clean,ENSG00000118491,ZC2HC1B,0,0.0,0,0.0,0,512,0.0,0,512,0.0,THCA
thyroid,512,512,tpm_clean,ENSG00000121101,TEX14,0,0.0,0,0.0,0,512,0.0,0,512,0.0,THCA
thyroid,512,512,tpm_clean,ENSG00000122304,PRM2,0,0.0,0,0.0,0,512,0.0,0,512,0.0,THCA
thyroid,512,512,tpm_clean,ENSG00000123576,ESX1,0,0.0,0,0.0,0,512,0.0,0,512,0.0,THCA
thyroid,512,512,tpm_clean,ENSG00000123584,MAGEA9/MAGEA9B,0,0.0,0,0.0,0,512,0.0,0,512,0.0,THCA
thyroid,512,512,tpm_clean,ENSG00000124092,CTCFL,0,0.0,0,0.0,0,512,0.0,0,512,0.0,THCA
thyroid,512,512,tpm_clean,ENSG00000124227,ANKRD60,0,0.0,0,0.0,0,512,0.0,0,512,0.0,THCA
thyroid,512,512,tpm_clean,ENSG00000124260,MAGEA10,0,0.0,0,0.0,0,512,0.0,0,512,0.0,THCA
thyroid,512,512,tpm_clean,ENSG00000124467,PSG8,22,4.3,8,1.56,10,512,1.95,3,512,0.59,THCA
thyroid,512,512,tpm_clean,ENSG00000124490,CRISP2,0,0.0,0,0.0,0,512,0.0,0,512,0.0,THCA
thyroid,512,512,tpm_clean,ENSG00000125207,PIWIL1,65,12.7,37,7.23,47,512,9.18,23,512,4.49,THCA
thyroid,512,512,tpm_clean,ENSG00000125823,CSTL1,0,0.0,0,0.0,0,512,0.0,0,512,0.0,THCA
thyroid,512,512,tpm_clean,ENSG00000126467,TSKS,0,0.0,0,0.0,0,512,0.0,0,512,0.0,THCA
thyroid,512,512,tpm_clean,ENSG00000126752,SSX1,18,3.52,6,1.17,9,512,1.76,3,512,0.59,THCA
thyroid,512,512,tpm_clean,ENSG00000126856,PRDM7,0,0.0,0,0.0,0,512,0.0,0,512,0.0,THCA
thyroid,512,512,tpm_clean,ENSG00000129862,VCY/VCY1B,0,0.0,0,0.0,0,512,0.0,0,512,0.0,THCA
thyroid,512,512,tpm_clean,ENSG00000130950,NUTM2F,0,0.0,0,0.0,0,512,0.0,0,512,0.0,THCA
thyroid,512,512,tpm_clean,ENSG00000131126,TEX101,0,0.0,0,0.0,0,512,0.0,0,512,0.0,THCA
thyroid,512,512,tpm_clean,ENSG00000132446,FTHL17,0,0.0,0,0.0,0,512,0.0,0,512,0.0,THCA
thyroid,512,512,tpm_clean,ENSG00000135248,GARIN1B,0,0.0,0,0.0,0,512,0.0,0,512,0.0,THCA
thyroid,512,512,tpm_clean,ENSG00000137090,DMRT1,0,0.0,0,0.0,0,512,0.0,0,512,0.0,THCA
thyroid,512,512,tpm_clean,ENSG00000137948,BRDT,0,0.0,0,0.0,0,512,0.0,0,512,0.0,THCA
thyroid,512,512,tpm_clean,ENSG00000139351,SYCP3,0,0.0,0,0.0,0,512,0.0,0,512,0.0,THCA
thyroid,512,512,tpm_clean,ENSG00000140478,GOLGA6D,0,0.0,0,0.0,0,512,0.0,0,512,0.0,THCA
thyroid,512,512,tpm_clean,ENSG00000141096,DPEP3,0,0.0,0,0.0,0,512,0.0,0,512,0.0,THCA
thyroid,512,512,tpm_clean,ENSG00000141255,SPATA22,0,0.0,0,0.0,0,512,0.0,0,512,0.0,THCA
thyroid,512,512,tpm_clean,ENSG00000141316,SPACA3,0,0.0,0,0.0,0,512,0.0,0,512,0.0,THCA
thyroid,512,512,tpm_clean,ENSG00000141371,CHCT1,0,0.0,0,0.0,0,512,0.0,0,512,0.0,THCA
thyroid,512,512,tpm_clean,ENSG00000141437,SLC25A52,0,0.0,0,0.0,0,512,0.0,0,512,0.0,THCA
thyroid,512,512,tpm_clean,ENSG00000142025,DMRTC2,0,0.0,0,0.0,0,512,0.0,0,512,0.0,THCA
thyroid,512,512,tpm_clean,ENSG00000142698,C1orf94,0,0.0,0,0.0,0,512,0.0,0,512,0.0,THCA
thyroid,512,512,tpm_clean,ENSG00000143006,DMRTB1,0,0.0,0,0.0,0,512,0.0,0,512,0.0,THCA
thyroid,512,512,tpm_clean,ENSG00000143452,HORMAD1,0,0.0,0,0.0,0,512,0.0,0,512,0.0,THCA
thyroid,512,512,tpm_clean,ENSG00000144962,SPATA16,0,0.0,0,0.0,0,512,0.0,0,512,0.0,THCA
thyroid,512,512,tpm_clean,ENSG00000145309,CABS1,0,0.0,0,0.0,0,512,0.0,0,512,0.0,THCA
thyroid,512,512,tpm_clean,ENSG00000147081,AKAP4,0,0.0,0,0.0,0,512,0.0,0,512,0.0,THCA
thyroid,512,512,tpm_clean,ENSG00000147183,CPXCR1,0,0.0,0,0.0,0,512,0.0,0,512,0.0,THCA
thyroid,512,512,tpm_clean,ENSG00000147378,FATE1,0,0.0,0,0.0,0,512,0.0,0,512,0.0,THCA
thyroid,512,512,tpm_clean,ENSG00000147381,MAGEA4,0,0.0,0,0.0,0,512,0.0,0,512,0.0,THCA
thyroid,512,512,tpm_clean,ENSG00000148156,ACTL7B,0,0.0,0,0.0,0,512,0.0,0,512,0.0,THCA
thyroid,512,512,tpm_clean,ENSG00000150628,SPATA4,0,0.0,0,0.0,0,512,0.0,0,512,0.0,THCA
thyroid,512,512,tpm_clean,ENSG00000151962,RBM46,0,0.0,0,0.0,0,512,0.0,0,512,0.0,THCA
thyroid,512,512,tpm_clean,ENSG00000152430,BOLL,0,0.0,0,0.0,0,512,0.0,0,512,0.0,THCA
thyroid,512,512,tpm_clean,ENSG00000152670,DDX4,0,0.0,0,0.0,0,512,0.0,0,512,0.0,THCA
thyroid,512,512,tpm_clean,ENSG00000153060,TEKT5,0,0.0,0,0.0,0,512,0.0,0,512,0.0,THCA
thyroid,512,512,tpm_clean,ENSG00000153779,TGIF2LX,0,0.0,0,0.0,0,512,0.0,0,512,0.0,THCA
thyroid,512,512,tpm_clean,ENSG00000155087,ODF1,0,0.0,0,0.0,0,512,0.0,0,512,0.0,THCA
thyroid,512,512,tpm_clean,ENSG00000155495,MAGEC1,0,0.0,0,0.0,0,512,0.0,0,512,0.0,THCA
thyroid,512,512,tpm_clean,ENSG00000155622,XAGE2,0,0.0,0,0.0,0,512,0.0,0,512,0.0,THCA
thyroid,512,512,tpm_clean,ENSG00000156009,MAGEA8,0,0.0,0,0.0,0,512,0.0,0,512,0.0,THCA
thyroid,512,512,tpm_clean,ENSG00000156269,NAA11,0,0.0,0,0.0,0,512,0.0,0,512,0.0,THCA
thyroid,512,512,tpm_clean,ENSG00000158639,PAGE5,0,0.0,0,0.0,0,512,0.0,0,512,0.0,THCA
thyroid,512,512,tpm_clean,ENSG00000159289,GOLGA6A,0,0.0,0,0.0,0,512,0.0,0,512,0.0,THCA
thyroid,512,512,tpm_clean,ENSG00000159708,LRRC36,0,0.0,0,0.0,0,512,0.0,0,512,0.0,THCA
thyroid,512,512,tpm_clean,ENSG00000161860,SYCE2,0,0.0,0,0.0,0,512,0.0,0,512,0.0,THCA
thyroid,512,512,tpm_clean,ENSG00000161973,CCDC42,0,0.0,0,0.0,0,512,0.0,0,512,0.0,THCA
thyroid,512,512,tpm_clean,ENSG00000162039,MEIOB,0,0.0,0,0.0,0,512,0.0,0,512,0.0,THCA
thyroid,512,512,tpm_clean,ENSG00000162641,AKNAD1,0,0.0,0,0.0,0,512,0.0,0,512,0.0,THCA
thyroid,512,512,tpm_clean,ENSG00000162771,GARIN4,0,0.0,0,0.0,0,512,0.0,0,512,0.0,THCA
thyroid,512,512,tpm_clean,ENSG00000162843,WDR64,0,0.0,0,0.0,0,512,0.0,0,512,0.0,THCA
thyroid,512,512,tpm_clean,ENSG00000163114,PDHA2,0,0.0,0,0.0,0,512,0.0,0,512,0.0,THCA
thyroid,512,512,tpm_clean,ENSG00000163530,DPPA2,0,0.0,0,0.0,0,512,0.0,0,512,0.0,THCA
thyroid,512,512,tpm_clean,ENSG00000164113,ADAD1,0,0.0,0,0.0,0,512,0.0,0,512,0.0,THCA
thyroid,512,512,tpm_clean,ENSG00000164304,CAGE1,0,0.0,0,0.0,0,512,0.0,0,512,0.0,THCA
thyroid,512,512,tpm_clean,ENSG00000165583,SSX5,0,0.0,0,0.0,0,512,0.0,0,512,0.0,THCA
thyroid,512,512,tpm_clean,ENSG00000165584,SSX3,0,0.0,0,0.0,0,512,0.0,0,512,0.0,THCA
thyroid,512,512,tpm_clean,ENSG00000166049,PASD1,0,0.0,0,0.0,0,512,0.0,0,512,0.0,THCA
thyroid,512,512,tpm_clean,ENSG00000166069,TMCO5A,0,0.0,0,0.0,0,512,0.0,0,512,0.0,THCA
thyroid,512,512,tpm_clean,ENSG00000166118,SPATA19,0,0.0,0,0.0,0,512,0.0,0,512,0.0,THCA
thyroid,512,512,tpm_clean,ENSG00000166796,LDHC,0,0.0,0,0.0,0,512,0.0,0,512,0.0,THCA
thyroid,512,512,tpm_clean,ENSG00000167098,SUN5,0,0.0,0,0.0,0,512,0.0,0,512,0.0,THCA
thyroid,512,512,tpm_clean,ENSG00000168594,ADAM29,0,0.0,0,0.0,0,512,0.0,0,512,0.0,THCA
thyroid,512,512,tpm_clean,ENSG00000168757,TSPY2,0,0.0,0,0.0,0,512,0.0,0,512,0.0,THCA
thyroid,512,512,tpm_clean,ENSG00000169059,VCX3A,0,0.0,0,0.0,0,512,0.0,0,512,0.0,THCA
thyroid,512,512,tpm_clean,ENSG00000169551,CT55,0,0.0,0,0.0,0,512,0.0,0,512,0.0,THCA
thyroid,512,512,tpm_clean,ENSG00000169800,RBMY1F,0,0.0,0,0.0,0,512,0.0,0,512,0.0,THCA
thyroid,512,512,tpm_clean,ENSG00000170516,COX7B2,0,0.0,0,0.0,0,512,0.0,0,512,0.0,THCA
thyroid,512,512,tpm_clean,ENSG00000170748,RBMXL2,0,0.0,0,0.0,0,512,0.0,0,512,0.0,THCA
thyroid,512,512,tpm_clean,ENSG00000170848,PSG6,0,0.0,0,0.0,0,512,0.0,0,512,0.0,THCA
thyroid,512,512,tpm_clean,ENSG00000170950,PGK2,0,0.0,0,0.0,0,512,0.0,0,512,0.0,THCA
thyroid,512,512,tpm_clean,ENSG00000170965,PLAC1,0,0.0,0,0.0,0,512,0.0,0,512,0.0,THCA
thyroid,512,512,tpm_clean,ENSG00000171402,XAGE3,0,0.0,0,0.0,0,512,0.0,0,512,0.0,THCA
thyroid,512,512,tpm_clean,ENSG00000171405,XAGE5,0,0.0,0,0.0,0,512,0.0,0,512,0.0,THCA
thyroid,512,512,tpm_clean,ENSG00000171794,UTF1,0,0.0,0,0.0,0,512,0.0,0,512,0.0,THCA
thyroid,512,512,tpm_clean,ENSG00000172073,TEX37,0,0.0,0,0.0,0,512,0.0,0,512,0.0,THCA
thyroid,512,512,tpm_clean,ENSG00000172717,GARIN2,0,0.0,0,0.0,0,512,0.0,0,512,0.0,THCA
thyroid,512,512,tpm_clean,ENSG00000174015,CBY2,0,0.0,0,0.0,0,512,0.0,0,512,0.0,THCA
thyroid,512,512,tpm_clean,ENSG00000174016,TENT5D,0,0.0,0,0.0,0,512,0.0,0,512,0.0,THCA
thyroid,512,512,tpm_clean,ENSG00000174898,CATSPERD,0,0.0,0,0.0,0,512,0.0,0,512,0.0,THCA
thyroid,512,512,tpm_clean,ENSG00000175646,PRM1,0,0.0,0,0.0,0,512,0.0,0,512,0.0,THCA
thyroid,512,512,tpm_clean,ENSG00000175809,CBLL2,0,0.0,0,0.0,0,512,0.0,0,512,0.0,THCA
thyroid,512,512,tpm_clean,ENSG00000175820,CCDC168,0,0.0,0,0.0,0,512,0.0,0,512,0.0,THCA
thyroid,512,512,tpm_clean,ENSG00000175877,TMEM270,0,0.0,0,0.0,0,512,0.0,0,512,0.0,THCA
thyroid,512,512,tpm_clean,ENSG00000176256,HMGB4,0,0.0,0,0.0,0,512,0.0,0,512,0.0,THCA
thyroid,512,512,tpm_clean,ENSG00000176566,DCAF4L2,0,0.0,0,0.0,0,512,0.0,0,512,0.0,THCA
thyroid,512,512,tpm_clean,ENSG00000176635,HORMAD2,0,0.0,0,0.0,0,512,0.0,0,512,0.0,THCA
thyroid,512,512,tpm_clean,ENSG00000176746,MAGEB6,0,0.0,0,0.0,0,512,0.0,0,512,0.0,THCA
thyroid,512,512,tpm_clean,ENSG00000176774,MAGEB18,0,0.0,0,0.0,0,512,0.0,0,512,0.0,THCA
thyroid,512,512,tpm_clean,ENSG00000176988,FMR1NB,0,0.0,0,0.0,0,512,0.0,0,512,0.0,THCA
thyroid,512,512,tpm_clean,ENSG00000177294,FBXO39,0,0.0,0,0.0,0,512,0.0,0,512,0.0,THCA
thyroid,512,512,tpm_clean,ENSG00000177673,TEX44,0,0.0,0,0.0,0,512,0.0,0,512,0.0,THCA
thyroid,512,512,tpm_clean,ENSG00000177689,MAGEB10,0,0.0,0,0.0,0,512,0.0,0,512,0.0,THCA
thyroid,512,512,tpm_clean,ENSG00000177947,ODF3,0,0.0,0,0.0,0,512,0.0,0,512,0.0,THCA
thyroid,512,512,tpm_clean,ENSG00000177992,SPATA31E1,0,0.0,0,0.0,0,512,0.0,0,512,0.0,THCA
thyroid,512,512,tpm_clean,ENSG00000178021,TSPYL6,0,0.0,0,0.0,0,512,0.0,0,512,0.0,THCA
thyroid,512,512,tpm_clean,ENSG00000178257,PRM3,0,0.0,0,0.0,0,512,0.0,0,512,0.0,THCA
thyroid,512,512,tpm_clean,ENSG00000178279,TNP2,0,0.0,0,0.0,0,512,0.0,0,512,0.0,THCA
thyroid,512,512,tpm_clean,ENSG00000178997,EXD1,0,0.0,0,0.0,0,512,0.0,0,512,0.0,THCA
thyroid,512,512,tpm_clean,ENSG00000179046,TRIML2,0,0.0,0,0.0,0,512,0.0,0,512,0.0,THCA
thyroid,512,512,tpm_clean,ENSG00000179059,ZFP42,0,0.0,0,0.0,0,512,0.0,0,512,0.0,THCA
thyroid,512,512,tpm_clean,ENSG00000179088,C12orf42,0,0.0,0,0.0,0,512,0.0,0,512,0.0,THCA
thyroid,512,512,tpm_clean,ENSG00000179407,DNAJB8,0,0.0,0,0.0,0,512,0.0,0,512,0.0,THCA
thyroid,512,512,tpm_clean,ENSG00000180138,CSNK1A1L,0,0.0,0,0.0,0,512,0.0,0,512,0.0,THCA
thyroid,512,512,tpm_clean,ENSG00000180336,MEIOC,0,0.0,0,0.0,0,512,0.0,0,512,0.0,THCA
thyroid,512,512,tpm_clean,ENSG00000181323,SPEM1,0,0.0,0,0.0,0,512,0.0,0,512,0.0,THCA
thyroid,512,512,tpm_clean,ENSG00000181433,SAGE1,0,0.0,0,0.0,0,512,0.0,0,512,0.0,THCA
thyroid,512,512,tpm_clean,ENSG00000182308,DCAF4L1,0,0.0,0,0.0,0,512,0.0,0,512,0.0,THCA
thyroid,512,512,tpm_clean,ENSG00000182459,TEX19,0,0.0,0,0.0,0,512,0.0,0,512,0.0,THCA
thyroid,512,512,tpm_clean,ENSG00000182583,VCX,0,0.0,0,0.0,0,512,0.0,0,512,0.0,THCA
thyroid,512,512,tpm_clean,ENSG00000183206,POTEC,0,0.0,0,0.0,0,512,0.0,0,512,0.0,THCA
thyroid,512,512,tpm_clean,ENSG00000183305,MAGEA2/MAGEA2B,0,0.0,0,0.0,0,512,0.0,0,512,0.0,THCA
thyroid,512,512,tpm_clean,ENSG00000183434,TFDP3,0,0.0,0,0.0,0,512,0.0,0,512,0.0,THCA
thyroid,512,512,tpm_clean,ENSG00000183668,PSG9,0,0.0,0,0.0,0,512,0.0,0,512,0.0,THCA
thyroid,512,512,tpm_clean,ENSG00000184033,CTAG1A/B,0,0.0,0,0.0,0,512,0.0,0,512,0.0,THCA
thyroid,512,512,tpm_clean,ENSG00000184361,SPATA32,0,0.0,0,0.0,0,512,0.0,0,512,0.0,THCA
thyroid,512,512,tpm_clean,ENSG00000184507,NUTM1,0,0.0,0,0.0,0,512,0.0,0,512,0.0,THCA
thyroid,512,512,tpm_clean,ENSG00000184650,ODF4,0,0.0,0,0.0,0,512,0.0,0,512,0.0,THCA
thyroid,512,512,tpm_clean,ENSG00000184735,DDX53,0,0.0,0,0.0,0,512,0.0,0,512,0.0,THCA
thyroid,512,512,tpm_clean,ENSG00000185264,TEX33,0,0.0,0,0.0,0,512,0.0,0,512,0.0,THCA
thyroid,512,512,tpm_clean,ENSG00000185686,PRAME,0,0.0,0,0.0,0,512,0.0,0,512,0.0,THCA
thyroid,512,512,tpm_clean,ENSG00000185775,SPATA31A6,0,0.0,0,0.0,0,512,0.0,0,512,0.0,THCA
thyroid,512,512,tpm_clean,ENSG00000185792,NLRP9,0,0.0,0,0.0,0,512,0.0,0,512,0.0,THCA
thyroid,512,512,tpm_clean,ENSG00000185863,TMEM210,0,0.0,0,0.0,0,512,0.0,0,512,0.0,THCA
thyroid,512,512,tpm_clean,ENSG00000186075,ZPBP2,0,0.0,0,0.0,0,512,0.0,0,512,0.0,THCA
thyroid,512,512,tpm_clean,ENSG00000186118,TEX38,0,0.0,0,0.0,0,512,0.0,0,512,0.0,THCA
thyroid,512,512,tpm_clean,ENSG00000186451,SPATA12,0,0.0,0,0.0,0,512,0.0,0,512,0.0,THCA
thyroid,512,512,tpm_clean,ENSG00000186788,SPATA31D3,0,0.0,0,0.0,0,512,0.0,0,512,0.0,THCA
thyroid,512,512,tpm_clean,ENSG00000187003,ACTL7A,0,0.0,0,0.0,0,512,0.0,0,512,0.0,THCA
thyroid,512,512,tpm_clean,ENSG00000187191,DAZ3,0,0.0,0,0.0,0,512,0.0,0,512,0.0,THCA
thyroid,512,512,tpm_clean,ENSG00000187754,SSX7,0,0.0,0,0.0,0,512,0.0,0,512,0.0,THCA
thyroid,512,512,tpm_clean,ENSG00000187772,LIN28B,0,0.0,0,0.0,0,512,0.0,0,512,0.0,THCA
thyroid,512,512,tpm_clean,ENSG00000188120,DAZ1,0,0.0,0,0.0,0,512,0.0,0,512,0.0,THCA
thyroid,512,512,tpm_clean,ENSG00000188425,NANOS2,0,0.0,0,0.0,0,512,0.0,0,512,0.0,THCA
thyroid,512,512,tpm_clean,ENSG00000188782,CATSPER4,0,0.0,0,0.0,0,512,0.0,0,512,0.0,THCA
thyroid,512,512,tpm_clean,ENSG00000189023,MAGEB16,0,0.0,0,0.0,0,512,0.0,0,512,0.0,THCA
thyroid,512,512,tpm_clean,ENSG00000189052,CGB5/8,0,0.0,0,0.0,0,512,0.0,0,512,0.0,THCA
thyroid,512,512,tpm_clean,ENSG00000189064,GAGE2A,0,0.0,0,0.0,0,512,0.0,0,512,0.0,THCA
thyroid,512,512,tpm_clean,ENSG00000189186,DCAF8L2,0,0.0,0,0.0,0,512,0.0,0,512,0.0,THCA
thyroid,512,512,tpm_clean,ENSG00000189252,SPANXN3,0,0.0,0,0.0,0,512,0.0,0,512,0.0,THCA
thyroid,512,512,tpm_clean,ENSG00000189326,SPANXN4,0,0.0,0,0.0,0,512,0.0,0,512,0.0,THCA
thyroid,512,512,tpm_clean,ENSG00000189357,SPATA31D4,0,0.0,0,0.0,0,512,0.0,0,512,0.0,THCA
thyroid,512,512,tpm_clean,ENSG00000196350,ZNF729,0,0.0,0,0.0,0,512,0.0,0,512,0.0,THCA
thyroid,512,512,tpm_clean,ENSG00000196406,SPANXD,0,0.0,0,0.0,0,512,0.0,0,512,0.0,THCA
thyroid,512,512,tpm_clean,ENSG00000196553,CCDC196,0,0.0,0,0.0,0,512,0.0,0,512,0.0,THCA
thyroid,512,512,tpm_clean,ENSG00000196604,POTEF,0,0.0,0,0.0,0,512,0.0,0,512,0.0,THCA
thyroid,512,512,tpm_clean,ENSG00000196862,RGPD4,0,0.0,0,0.0,0,512,0.0,0,512,0.0,THCA
thyroid,512,512,tpm_clean,ENSG00000197172,MAGEA6,0,0.0,0,0.0,0,512,0.0,0,512,0.0,THCA
thyroid,512,512,tpm_clean,ENSG00000198021,SPANXA1/2,0,0.0,0,0.0,0,512,0.0,0,512,0.0,THCA
thyroid,512,512,tpm_clean,ENSG00000198573,SPANXC,0,0.0,0,0.0,0,512,0.0,0,512,0.0,THCA
thyroid,512,512,tpm_clean,ENSG00000198681,MAGEA1,0,0.0,0,0.0,0,512,0.0,0,512,0.0,THCA
thyroid,512,512,tpm_clean,ENSG00000198759,EGFL6,0,0.0,0,0.0,0,512,0.0,0,512,0.0,THCA
thyroid,512,512,tpm_clean,ENSG00000198765,SYCP1,0,0.0,0,0.0,0,512,0.0,0,512,0.0,THCA
thyroid,512,512,tpm_clean,ENSG00000198870,STKLD1,0,0.0,0,0.0,0,512,0.0,0,512,0.0,THCA
thyroid,512,512,tpm_clean,ENSG00000203909,DPPA5,0,0.0,0,0.0,0,512,0.0,0,512,0.0,THCA
thyroid,512,512,tpm_clean,ENSG00000203923,SPANXN1,0,0.0,0,0.0,0,512,0.0,0,512,0.0,THCA
thyroid,512,512,tpm_clean,ENSG00000204019,CT83,0,0.0,0,0.0,0,512,0.0,0,512,0.0,THCA
thyroid,512,512,tpm_clean,ENSG00000204279,PAGE3,0,0.0,0,0.0,0,512,0.0,0,512,0.0,THCA
thyroid,512,512,tpm_clean,ENSG00000204363,SPANXN5,0,0.0,0,0.0,0,512,0.0,0,512,0.0,THCA
thyroid,512,512,tpm_clean,ENSG00000204379,XAGE1A/B,1,0.2,1,0.2,1,512,0.2,1,512,0.2,THCA
thyroid,512,512,tpm_clean,ENSG00000204450,TRIM64,0,0.0,0,0.0,0,512,0.0,0,512,0.0,THCA
thyroid,512,512,tpm_clean,ENSG00000204849,SPATA31A1,0,0.0,0,0.0,0,512,0.0,0,512,0.0,THCA
thyroid,512,512,tpm_clean,ENSG00000204941,PSG5,0,0.0,0,0.0,0,512,0.0,0,512,0.0,THCA
thyroid,512,512,tpm_clean,ENSG00000204961,PCDHA9,0,0.0,0,0.0,0,512,0.0,0,512,0.0,THCA
thyroid,512,512,tpm_clean,ENSG00000205359,SLCO6A1,0,0.0,0,0.0,0,512,0.0,0,512,0.0,THCA
thyroid,512,512,tpm_clean,ENSG00000205642,VCX3B,0,0.0,0,0.0,0,512,0.0,0,512,0.0,THCA
thyroid,512,512,tpm_clean,ENSG00000205777,GAGE1,0,0.0,0,0.0,0,512,0.0,0,512,0.0,THCA
thyroid,512,512,tpm_clean,ENSG00000212710,CTAGE1,0,0.0,0,0.0,0,512,0.0,0,512,0.0,THCA
thyroid,512,512,tpm_clean,ENSG00000213218,CSH2,0,0.0,0,0.0,0,512,0.0,0,512,0.0,THCA
thyroid,512,512,tpm_clean,ENSG00000213401,MAGEA12,0,0.0,0,0.0,0,512,0.0,0,512,0.0,THCA
thyroid,512,512,tpm_clean,ENSG00000214107,MAGEB1,0,0.0,0,0.0,0,512,0.0,0,512,0.0,THCA
thyroid,512,512,tpm_clean,ENSG00000215113,CXorf49/CXorf49B,0,0.0,0,0.0,0,512,0.0,0,512,0.0,THCA
thyroid,512,512,tpm_clean,ENSG00000215269,GAGE12F/G,0,0.0,0,0.0,0,512,0.0,0,512,0.0,THCA
thyroid,512,512,tpm_clean,ENSG00000215274,GAGE10,0,0.0,0,0.0,0,512,0.0,0,512,0.0,THCA
thyroid,512,512,tpm_clean,ENSG00000215529,EFCAB8,0,0.0,0,0.0,0,512,0.0,0,512,0.0,THCA
thyroid,512,512,tpm_clean,ENSG00000215817,ZC3H11B,0,0.0,0,0.0,0,512,0.0,0,512,0.0,THCA
thyroid,512,512,tpm_clean,ENSG00000216649,GAGE12C/D/E,0,0.0,0,0.0,0,512,0.0,0,512,0.0,THCA
thyroid,512,512,tpm_clean,ENSG00000221826,PSG3,0,0.0,0,0.0,0,512,0.0,0,512,0.0,THCA
thyroid,512,512,tpm_clean,ENSG00000221867,MAGEA3,0,0.0,0,0.0,0,512,0.0,0,512,0.0,THCA
thyroid,512,512,tpm_clean,ENSG00000221878,PSG7,0,0.0,0,0.0,0,512,0.0,0,512,0.0,THCA
thyroid,512,512,tpm_clean,ENSG00000224089,CT47A1/2/3/4/5/6/7/8/9/10/11/12,0,0.0,0,0.0,0,512,0.0,0,512,0.0,THCA
thyroid,512,512,tpm_clean,ENSG00000224440,CXorf51A/B,0,0.0,0,0.0,0,512,0.0,0,512,0.0,THCA
thyroid,512,512,tpm_clean,ENSG00000224659,GAGE12J,0,0.0,0,0.0,0,512,0.0,0,512,0.0,THCA
thyroid,512,512,tpm_clean,ENSG00000224902,GAGE12H,0,0.0,0,0.0,0,512,0.0,0,512,0.0,THCA
thyroid,512,0,tpm_clean,ENSG00000224960,PPP4R3C,0,,0,,0,0,,0,0,,THCA
thyroid,512,512,tpm_clean,ENSG00000226650,KIF4B,0,0.0,0,0.0,0,512,0.0,0,512,0.0,THCA
thyroid,512,512,tpm_clean,ENSG00000227234,SPANXB1,0,0.0,0,0.0,0,512,0.0,0,512,0.0,THCA
thyroid,512,512,tpm_clean,ENSG00000228836,CT45A5/6/7,0,0.0,0,0.0,0,512,0.0,0,512,0.0,THCA
thyroid,512,512,tpm_clean,ENSG00000228927,TSPY3,0,0.0,0,0.0,0,512,0.0,0,512,0.0,THCA
thyroid,512,512,tpm_clean,ENSG00000229549,TSPY8,0,0.0,0,0.0,0,512,0.0,0,512,0.0,THCA
thyroid,512,0,tpm_clean,ENSG00000230601,TEX48,0,,0,,0,0,,0,0,,THCA
thyroid,512,512,tpm_clean,ENSG00000231924,PSG1,10,1.95,1,0.2,3,512,0.59,1,512,0.2,THCA
thyroid,512,512,tpm_clean,ENSG00000233056,ERVH48-1,0,0.0,0,0.0,0,512,0.0,0,512,0.0,THCA
thyroid,512,512,tpm_clean,ENSG00000233803,TSPY4,0,0.0,0,0.0,0,512,0.0,0,512,0.0,THCA
thyroid,512,512,tpm_clean,ENSG00000234068,PAGE2,0,0.0,0,0.0,0,512,0.0,0,512,0.0,THCA
thyroid,512,512,tpm_clean,ENSG00000234414,RBMY1A1,0,0.0,0,0.0,0,512,0.0,0,512,0.0,THCA
thyroid,512,512,tpm_clean,ENSG00000235631,RNF148,0,0.0,0,0.0,0,512,0.0,0,512,0.0,THCA
thyroid,512,512,tpm_clean,ENSG00000236424,TSPY10,0,0.0,0,0.0,0,512,0.0,0,512,0.0,THCA
thyroid,512,512,tpm_clean,ENSG00000236446,CT47B1,0,0.0,0,0.0,0,512,0.0,0,512,0.0,THCA
thyroid,512,512,tpm_clean,ENSG00000236761,CTAGE9,0,0.0,0,0.0,0,512,0.0,0,512,0.0,THCA
thyroid,512,512,tpm_clean,ENSG00000238269,PAGE2B,0,0.0,0,0.0,0,512,0.0,0,512,0.0,THCA
thyroid,512,512,tpm_clean,ENSG00000240021,TEX35,0,0.0,0,0.0,0,512,0.0,0,512,0.0,THCA
thyroid,512,0,tpm_clean,ENSG00000241149,ZNF722,0,,0,,0,0,,0,0,,THCA
thyroid,512,512,tpm_clean,ENSG00000241476,SSX2/SSX2B,3,0.59,0,0.0,1,512,0.2,0,512,0.0,THCA
thyroid,512,512,tpm_clean,ENSG00000242221,PSG2,0,0.0,0,0.0,0,512,0.0,0,512,0.0,THCA
thyroid,512,512,tpm_clean,ENSG00000242389,RBMY1E,0,0.0,0,0.0,0,512,0.0,0,512,0.0,THCA
thyroid,512,512,tpm_clean,ENSG00000242875,RBMY1B,0,0.0,0,0.0,0,512,0.0,0,512,0.0,THCA
thyroid,512,512,tpm_clean,ENSG00000243130,PSG11,0,0.0,0,0.0,0,512,0.0,0,512,0.0,THCA
thyroid,512,512,tpm_clean,ENSG00000244395,RBMY1D,0,0.0,0,0.0,0,512,0.0,0,512,0.0,THCA
thyroid,512,512,tpm_clean,ENSG00000244588,RAD21L1,0,0.0,0,0.0,0,512,0.0,0,512,0.0,THCA
thyroid,512,512,tpm_clean,ENSG00000249861,LGALS16,0,0.0,0,0.0,0,512,0.0,0,512,0.0,THCA
thyroid,512,512,tpm_clean,ENSG00000250741,NT5C1B-RDH14,0,0.0,0,0.0,0,512,0.0,0,512,0.0,THCA
thyroid,512,512,tpm_clean,ENSG00000251258,RFPL4B,0,0.0,0,0.0,0,512,0.0,0,512,0.0,THCA
thyroid,512,512,tpm_clean,ENSG00000258713,C20orf141,0,0.0,0,0.0,0,512,0.0,0,512,0.0,THCA
thyroid,512,512,tpm_clean,ENSG00000258992,TSPY1,0,0.0,0,0.0,0,512,0.0,0,512,0.0,THCA
thyroid,512,512,tpm_clean,ENSG00000261649,GOLGA6L7,0,0.0,0,0.0,0,512,0.0,0,512,0.0,THCA
thyroid,512,512,tpm_clean,ENSG00000261949,GFY,0,0.0,0,0.0,0,512,0.0,0,512,0.0,THCA
thyroid,512,512,tpm_clean,ENSG00000268009,SSX4/SSX4B,0,0.0,0,0.0,0,512,0.0,0,512,0.0,THCA
thyroid,512,512,tpm_clean,ENSG00000268629,TEX13A,0,0.0,0,0.0,0,512,0.0,0,512,0.0,THCA
thyroid,512,512,tpm_clean,ENSG00000268696,ZNF723,0,0.0,0,0.0,0,512,0.0,0,512,0.0,THCA
thyroid,512,512,tpm_clean,ENSG00000268964,ERVV-2,0,0.0,0,0.0,0,512,0.0,0,512,0.0,THCA
thyroid,512,512,tpm_clean,ENSG00000268988,SPANXN2,0,0.0,0,0.0,0,512,0.0,0,512,0.0,THCA
thyroid,512,512,tpm_clean,ENSG00000269058,CALR3,0,0.0,0,0.0,0,512,0.0,0,512,0.0,THCA
thyroid,512,512,tpm_clean,ENSG00000269586,CT45A10,0,0.0,0,0.0,0,512,0.0,0,512,0.0,THCA
thyroid,512,512,tpm_clean,ENSG00000270806,C17orf50,0,0.0,0,0.0,0,512,0.0,0,512,0.0,THCA
thyroid,512,512,tpm_clean,ENSG00000270946,CT45A2/8/9,0,0.0,0,0.0,0,512,0.0,0,512,0.0,THCA
thyroid,512,512,tpm_clean,ENSG00000271321,CTAGE6,0,0.0,0,0.0,0,512,0.0,0,512,0.0,THCA
thyroid,512,512,tpm_clean,ENSG00000274274,GAGE13,0,0.0,0,0.0,0,512,0.0,0,512,0.0,THCA
thyroid,512,512,tpm_clean,ENSG00000274391,TPTE,0,0.0,0,0.0,0,512,0.0,0,512,0.0,THCA
thyroid,512,512,tpm_clean,ENSG00000275793,RIMBP3,0,0.0,0,0.0,0,512,0.0,0,512,0.0,THCA
thyroid,512,512,tpm_clean,ENSG00000275969,SPATA31A3,0,0.0,0,0.0,0,512,0.0,0,512,0.0,THCA
thyroid,512,512,tpm_clean,ENSG00000276040,SPATA31A7,0,0.0,0,0.0,0,512,0.0,0,512,0.0,THCA
thyroid,512,512,tpm_clean,ENSG00000276581,SPATA31A5,0,0.0,0,0.0,0,512,0.0,0,512,0.0,THCA
thyroid,512,512,tpm_clean,ENSG00000277322,GOLGA6L6,0,0.0,0,0.0,0,512,0.0,0,512,0.0,THCA
thyroid,512,0,tpm_clean,ENSG00000282815,TEX13C,0,,0,,0,0,,0,0,,THCA
uterus_endometrium,238,238,tpm_clean,ENSG00000006047,YBX2,26,10.92,4,1.68,6,238,2.52,1,238,0.42,UCEC;UCEC_CNH;UCEC_CNL;UCEC_MSI;UCEC_POLE;UCS
uterus_endometrium,238,238,tpm_clean,ENSG00000006659,LGALS14,0,0.0,0,0.0,0,238,0.0,0,238,0.0,UCEC;UCEC_CNH;UCEC_CNL;UCEC_MSI;UCEC_POLE;UCS
uterus_endometrium,238,238,tpm_clean,ENSG00000007350,TKTL1,11,4.62,8,3.36,9,238,3.78,5,238,2.1,UCEC;UCEC_CNH;UCEC_CNL;UCEC_MSI;UCEC_POLE;UCS
uterus_endometrium,238,238,tpm_clean,ENSG00000010318,PHF7,0,0.0,0,0.0,0,238,0.0,0,238,0.0,UCEC;UCEC_CNH;UCEC_CNL;UCEC_MSI;UCEC_POLE;UCS
uterus_endometrium,238,238,tpm_clean,ENSG00000042813,ZPBP,0,0.0,0,0.0,0,238,0.0,0,238,0.0,UCEC;UCEC_CNH;UCEC_CNL;UCEC_MSI;UCEC_POLE;UCS
uterus_endometrium,238,238,tpm_clean,ENSG00000046774,MAGEC2,4,1.68,3,1.26,3,238,1.26,3,238,1.26,UCEC;UCEC_CNH;UCEC_CNL;UCEC_MSI;UCEC_POLE;UCS
uterus_endometrium,238,238,tpm_clean,ENSG00000054796,SPO11,0,0.0,0,0.0,0,238,0.0,0,238,0.0,UCEC;UCEC_CNH;UCEC_CNL;UCEC_MSI;UCEC_POLE;UCS
uterus_endometrium,238,238,tpm_clean,ENSG00000068985,PAGE1,2,0.84,1,0.42,1,238,0.42,0,238,0.0,UCEC;UCEC_CNH;UCEC_CNL;UCEC_MSI;UCEC_POLE;UCS
uterus_endometrium,238,238,tpm_clean,ENSG00000077800,FKBP6,0,0.0,0,0.0,0,238,0.0,0,238,0.0,UCEC;UCEC_CNH;UCEC_CNL;UCEC_MSI;UCEC_POLE;UCS
uterus_endometrium,238,238,tpm_clean,ENSG00000077935,SMC1B,0,0.0,0,0.0,0,238,0.0,0,238,0.0,UCEC;UCEC_CNH;UCEC_CNL;UCEC_MSI;UCEC_POLE;UCS
uterus_endometrium,238,238,tpm_clean,ENSG00000092345,DAZL,0,0.0,0,0.0,0,238,0.0,0,238,0.0,UCEC;UCEC_CNH;UCEC_CNL;UCEC_MSI;UCEC_POLE;UCS
uterus_endometrium,238,238,tpm_clean,ENSG00000095627,TDRD1,0,0.0,0,0.0,0,238,0.0,0,238,0.0,UCEC;UCEC_CNH;UCEC_CNL;UCEC_MSI;UCEC_POLE;UCS
uterus_endometrium,238,238,tpm_clean,ENSG00000099399,MAGEB2,9,3.78,7,2.94,7,238,2.94,3,238,1.26,UCEC;UCEC_CNH;UCEC_CNL;UCEC_MSI;UCEC_POLE;UCS
uterus_endometrium,238,238,tpm_clean,ENSG00000102021,LUZP4,0,0.0,0,0.0,0,238,0.0,0,238,0.0,UCEC;UCEC_CNH;UCEC_CNL;UCEC_MSI;UCEC_POLE;UCS
uterus_endometrium,238,238,tpm_clean,ENSG00000103023,PRSS54,0,0.0,0,0.0,0,238,0.0,0,238,0.0,UCEC;UCEC_CNH;UCEC_CNL;UCEC_MSI;UCEC_POLE;UCS
uterus_endometrium,238,238,tpm_clean,ENSG00000104755,ADAM2,0,0.0,0,0.0,0,238,0.0,0,238,0.0,UCEC;UCEC_CNH;UCEC_CNL;UCEC_MSI;UCEC_POLE;UCS
uterus_endometrium,238,238,tpm_clean,ENSG00000104804,TULP2,0,0.0,0,0.0,0,238,0.0,0,238,0.0,UCEC;UCEC_CNH;UCEC_CNL;UCEC_MSI;UCEC_POLE;UCS
uterus_endometrium,238,238,tpm_clean,ENSG00000104818,CGB2,2,0.84,0,0.0,1,238,0.42,0,238,0.0,UCEC;UCEC_CNH;UCEC_CNL;UCEC_MSI;UCEC_POLE;UCS
uterus_endometrium,238,238,tpm_clean,ENSG00000104901,DKKL1,3,1.26,1,0.42,2,238,0.84,0,238,0.0,UCEC;UCEC_CNH;UCEC_CNL;UCEC_MSI;UCEC_POLE;UCS
uterus_endometrium,238,238,tpm_clean,ENSG00000105198,LGALS13,0,0.0,0,0.0,0,238,0.0,0,238,0.0,UCEC;UCEC_CNH;UCEC_CNL;UCEC_MSI;UCEC_POLE;UCS
uterus_endometrium,238,238,tpm_clean,ENSG00000106013,ANKRD7,0,0.0,0,0.0,0,238,0.0,0,238,0.0,UCEC;UCEC_CNH;UCEC_CNL;UCEC_MSI;UCEC_POLE;UCS
uterus_endometrium,238,238,tpm_clean,ENSG00000106304,SPAM1,0,0.0,0,0.0,0,238,0.0,0,238,0.0,UCEC;UCEC_CNH;UCEC_CNL;UCEC_MSI;UCEC_POLE;UCS
uterus_endometrium,238,238,tpm_clean,ENSG00000114487,MORC1,0,0.0,0,0.0,0,238,0.0,0,238,0.0,UCEC;UCEC_CNH;UCEC_CNL;UCEC_MSI;UCEC_POLE;UCS
uterus_endometrium,238,238,tpm_clean,ENSG00000117148,ACTL8,10,4.2,6,2.52,8,238,3.36,2,238,0.84,UCEC;UCEC_CNH;UCEC_CNL;UCEC_MSI;UCEC_POLE;UCS
uterus_endometrium,238,238,tpm_clean,ENSG00000118434,SPACA1,0,0.0,0,0.0,0,238,0.0,0,238,0.0,UCEC;UCEC_CNH;UCEC_CNL;UCEC_MSI;UCEC_POLE;UCS
uterus_endometrium,238,238,tpm_clean,ENSG00000118491,ZC2HC1B,0,0.0,0,0.0,0,238,0.0,0,238,0.0,UCEC;UCEC_CNH;UCEC_CNL;UCEC_MSI;UCEC_POLE;UCS
uterus_endometrium,238,238,tpm_clean,ENSG00000121101,TEX14,0,0.0,0,0.0,0,238,0.0,0,238,0.0,UCEC;UCEC_CNH;UCEC_CNL;UCEC_MSI;UCEC_POLE;UCS
uterus_endometrium,238,238,tpm_clean,ENSG00000122304,PRM2,0,0.0,0,0.0,0,238,0.0,0,238,0.0,UCEC;UCEC_CNH;UCEC_CNL;UCEC_MSI;UCEC_POLE;UCS
uterus_endometrium,238,238,tpm_clean,ENSG00000123576,ESX1,0,0.0,0,0.0,0,238,0.0,0,238,0.0,UCEC;UCEC_CNH;UCEC_CNL;UCEC_MSI;UCEC_POLE;UCS
uterus_endometrium,238,238,tpm_clean,ENSG00000123584,MAGEA9/MAGEA9B,34,14.29,17,7.14,23,238,9.66,7,238,2.94,UCEC;UCEC_CNH;UCEC_CNL;UCEC_MSI;UCEC_POLE;UCS
uterus_endometrium,238,238,tpm_clean,ENSG00000124092,CTCFL,16,6.72,7,2.94,9,238,3.78,3,238,1.26,UCEC;UCEC_CNH;UCEC_CNL;UCEC_MSI;UCEC_POLE;UCS
uterus_endometrium,238,238,tpm_clean,ENSG00000124227,ANKRD60,0,0.0,0,0.0,0,238,0.0,0,238,0.0,UCEC;UCEC_CNH;UCEC_CNL;UCEC_MSI;UCEC_POLE;UCS
uterus_endometrium,238,238,tpm_clean,ENSG00000124260,MAGEA10,3,1.26,0,0.0,0,238,0.0,0,238,0.0,UCEC;UCEC_CNH;UCEC_CNL;UCEC_MSI;UCEC_POLE;UCS
uterus_endometrium,238,238,tpm_clean,ENSG00000124467,PSG8,0,0.0,0,0.0,0,238,0.0,0,238,0.0,UCEC;UCEC_CNH;UCEC_CNL;UCEC_MSI;UCEC_POLE;UCS
uterus_endometrium,238,238,tpm_clean,ENSG00000124490,CRISP2,1,0.42,0,0.0,1,238,0.42,0,238,0.0,UCEC;UCEC_CNH;UCEC_CNL;UCEC_MSI;UCEC_POLE;UCS
uterus_endometrium,238,238,tpm_clean,ENSG00000125207,PIWIL1,0,0.0,0,0.0,0,238,0.0,0,238,0.0,UCEC;UCEC_CNH;UCEC_CNL;UCEC_MSI;UCEC_POLE;UCS
uterus_endometrium,238,238,tpm_clean,ENSG00000125823,CSTL1,0,0.0,0,0.0,0,238,0.0,0,238,0.0,UCEC;UCEC_CNH;UCEC_CNL;UCEC_MSI;UCEC_POLE;UCS
uterus_endometrium,238,238,tpm_clean,ENSG00000126467,TSKS,1,0.42,0,0.0,1,238,0.42,0,238,0.0,UCEC;UCEC_CNH;UCEC_CNL;UCEC_MSI;UCEC_POLE;UCS
uterus_endometrium,238,238,tpm_clean,ENSG00000126752,SSX1,0,0.0,0,0.0,0,238,0.0,0,238,0.0,UCEC;UCEC_CNH;UCEC_CNL;UCEC_MSI;UCEC_POLE;UCS
uterus_endometrium,238,238,tpm_clean,ENSG00000126856,PRDM7,0,0.0,0,0.0,0,238,0.0,0,238,0.0,UCEC;UCEC_CNH;UCEC_CNL;UCEC_MSI;UCEC_POLE;UCS
uterus_endometrium,238,238,tpm_clean,ENSG00000129862,VCY/VCY1B,1,0.42,0,0.0,0,238,0.0,0,238,0.0,UCEC;UCEC_CNH;UCEC_CNL;UCEC_MSI;UCEC_POLE;UCS
uterus_endometrium,238,238,tpm_clean,ENSG00000130950,NUTM2F,0,0.0,0,0.0,0,238,0.0,0,238,0.0,UCEC;UCEC_CNH;UCEC_CNL;UCEC_MSI;UCEC_POLE;UCS
uterus_endometrium,238,238,tpm_clean,ENSG00000131126,TEX101,0,0.0,0,0.0,0,238,0.0,0,238,0.0,UCEC;UCEC_CNH;UCEC_CNL;UCEC_MSI;UCEC_POLE;UCS
uterus_endometrium,238,238,tpm_clean,ENSG00000132446,FTHL17,1,0.42,0,0.0,0,238,0.0,0,238,0.0,UCEC;UCEC_CNH;UCEC_CNL;UCEC_MSI;UCEC_POLE;UCS
uterus_endometrium,238,238,tpm_clean,ENSG00000135248,GARIN1B,0,0.0,0,0.0,0,238,0.0,0,238,0.0,UCEC;UCEC_CNH;UCEC_CNL;UCEC_MSI;UCEC_POLE;UCS
uterus_endometrium,238,238,tpm_clean,ENSG00000137090,DMRT1,1,0.42,0,0.0,0,238,0.0,0,238,0.0,UCEC;UCEC_CNH;UCEC_CNL;UCEC_MSI;UCEC_POLE;UCS
uterus_endometrium,238,238,tpm_clean,ENSG00000137948,BRDT,0,0.0,0,0.0,0,238,0.0,0,238,0.0,UCEC;UCEC_CNH;UCEC_CNL;UCEC_MSI;UCEC_POLE;UCS
uterus_endometrium,238,238,tpm_clean,ENSG00000139351,SYCP3,0,0.0,0,0.0,0,238,0.0,0,238,0.0,UCEC;UCEC_CNH;UCEC_CNL;UCEC_MSI;UCEC_POLE;UCS
uterus_endometrium,238,238,tpm_clean,ENSG00000140478,GOLGA6D,0,0.0,0,0.0,0,238,0.0,0,238,0.0,UCEC;UCEC_CNH;UCEC_CNL;UCEC_MSI;UCEC_POLE;UCS
uterus_endometrium,238,238,tpm_clean,ENSG00000141096,DPEP3,3,1.26,2,0.84,2,238,0.84,1,238,0.42,UCEC;UCEC_CNH;UCEC_CNL;UCEC_MSI;UCEC_POLE;UCS
uterus_endometrium,238,238,tpm_clean,ENSG00000141255,SPATA22,0,0.0,0,0.0,0,238,0.0,0,238,0.0,UCEC;UCEC_CNH;UCEC_CNL;UCEC_MSI;UCEC_POLE;UCS
uterus_endometrium,238,238,tpm_clean,ENSG00000141316,SPACA3,0,0.0,0,0.0,0,238,0.0,0,238,0.0,UCEC;UCEC_CNH;UCEC_CNL;UCEC_MSI;UCEC_POLE;UCS
uterus_endometrium,238,238,tpm_clean,ENSG00000141371,CHCT1,0,0.0,0,0.0,0,238,0.0,0,238,0.0,UCEC;UCEC_CNH;UCEC_CNL;UCEC_MSI;UCEC_POLE;UCS
uterus_endometrium,238,238,tpm_clean,ENSG00000141437,SLC25A52,0,0.0,0,0.0,0,238,0.0,0,238,0.0,UCEC;UCEC_CNH;UCEC_CNL;UCEC_MSI;UCEC_POLE;UCS
uterus_endometrium,238,238,tpm_clean,ENSG00000142025,DMRTC2,0,0.0,0,0.0,0,238,0.0,0,238,0.0,UCEC;UCEC_CNH;UCEC_CNL;UCEC_MSI;UCEC_POLE;UCS
uterus_endometrium,238,238,tpm_clean,ENSG00000142698,C1orf94,0,0.0,0,0.0,0,238,0.0,0,238,0.0,UCEC;UCEC_CNH;UCEC_CNL;UCEC_MSI;UCEC_POLE;UCS
uterus_endometrium,238,238,tpm_clean,ENSG00000143006,DMRTB1,0,0.0,0,0.0,0,238,0.0,0,238,0.0,UCEC;UCEC_CNH;UCEC_CNL;UCEC_MSI;UCEC_POLE;UCS
uterus_endometrium,238,238,tpm_clean,ENSG00000143452,HORMAD1,1,0.42,1,0.42,1,238,0.42,0,238,0.0,UCEC;UCEC_CNH;UCEC_CNL;UCEC_MSI;UCEC_POLE;UCS
uterus_endometrium,238,238,tpm_clean,ENSG00000144962,SPATA16,0,0.0,0,0.0,0,238,0.0,0,238,0.0,UCEC;UCEC_CNH;UCEC_CNL;UCEC_MSI;UCEC_POLE;UCS
uterus_endometrium,238,238,tpm_clean,ENSG00000145309,CABS1,0,0.0,0,0.0,0,238,0.0,0,238,0.0,UCEC;UCEC_CNH;UCEC_CNL;UCEC_MSI;UCEC_POLE;UCS
uterus_endometrium,238,238,tpm_clean,ENSG00000147081,AKAP4,0,0.0,0,0.0,0,238,0.0,0,238,0.0,UCEC;UCEC_CNH;UCEC_CNL;UCEC_MSI;UCEC_POLE;UCS
uterus_endometrium,238,238,tpm_clean,ENSG00000147183,CPXCR1,0,0.0,0,0.0,0,238,0.0,0,238,0.0,UCEC;UCEC_CNH;UCEC_CNL;UCEC_MSI;UCEC_POLE;UCS
uterus_endometrium,238,238,tpm_clean,ENSG00000147378,FATE1,1,0.42,0,0.0,1,238,0.42,0,238,0.0,UCEC;UCEC_CNH;UCEC_CNL;UCEC_MSI;UCEC_POLE;UCS
uterus_endometrium,238,238,tpm_clean,ENSG00000147381,MAGEA4,19,7.98,14,5.88,14,238,5.88,8,238,3.36,UCEC;UCEC_CNH;UCEC_CNL;UCEC_MSI;UCEC_POLE;UCS
uterus_endometrium,238,238,tpm_clean,ENSG00000148156,ACTL7B,0,0.0,0,0.0,0,238,0.0,0,238,0.0,UCEC;UCEC_CNH;UCEC_CNL;UCEC_MSI;UCEC_POLE;UCS
uterus_endometrium,238,238,tpm_clean,ENSG00000150628,SPATA4,0,0.0,0,0.0,0,238,0.0,0,238,0.0,UCEC;UCEC_CNH;UCEC_CNL;UCEC_MSI;UCEC_POLE;UCS
uterus_endometrium,238,238,tpm_clean,ENSG00000151962,RBM46,0,0.0,0,0.0,0,238,0.0,0,238,0.0,UCEC;UCEC_CNH;UCEC_CNL;UCEC_MSI;UCEC_POLE;UCS
uterus_endometrium,238,238,tpm_clean,ENSG00000152430,BOLL,0,0.0,0,0.0,0,238,0.0,0,238,0.0,UCEC;UCEC_CNH;UCEC_CNL;UCEC_MSI;UCEC_POLE;UCS
uterus_endometrium,238,238,tpm_clean,ENSG00000152670,DDX4,0,0.0,0,0.0,0,238,0.0,0,238,0.0,UCEC;UCEC_CNH;UCEC_CNL;UCEC_MSI;UCEC_POLE;UCS
uterus_endometrium,238,238,tpm_clean,ENSG00000153060,TEKT5,0,0.0,0,0.0,0,238,0.0,0,238,0.0,UCEC;UCEC_CNH;UCEC_CNL;UCEC_MSI;UCEC_POLE;UCS
uterus_endometrium,238,238,tpm_clean,ENSG00000153779,TGIF2LX,0,0.0,0,0.0,0,238,0.0,0,238,0.0,UCEC;UCEC_CNH;UCEC_CNL;UCEC_MSI;UCEC_POLE;UCS
uterus_endometrium,238,238,tpm_clean,ENSG00000155087,ODF1,0,0.0,0,0.0,0,238,0.0,0,238,0.0,UCEC;UCEC_CNH;UCEC_CNL;UCEC_MSI;UCEC_POLE;UCS
uterus_endometrium,238,238,tpm_clean,ENSG00000155495,MAGEC1,3,1.26,2,0.84,2,238,0.84,0,238,0.0,UCEC;UCEC_CNH;UCEC_CNL;UCEC_MSI;UCEC_POLE;UCS
uterus_endometrium,238,238,tpm_clean,ENSG00000155622,XAGE2,14,5.88,3,1.26,6,238,2.52,2,238,0.84,UCEC;UCEC_CNH;UCEC_CNL;UCEC_MSI;UCEC_POLE;UCS
uterus_endometrium,238,238,tpm_clean,ENSG00000156009,MAGEA8,5,2.1,3,1.26,4,238,1.68,1,238,0.42,UCEC;UCEC_CNH;UCEC_CNL;UCEC_MSI;UCEC_POLE;UCS
uterus_endometrium,238,238,tpm_clean,ENSG00000156269,NAA11,0,0.0,0,0.0,0,238,0.0,0,238,0.0,UCEC;UCEC_CNH;UCEC_CNL;UCEC_MSI;UCEC_POLE;UCS
uterus_endometrium,238,238,tpm_clean,ENSG00000158639,PAGE5,7,2.94,5,2.1,5,238,2.1,5,238,2.1,UCEC;UCEC_CNH;UCEC_CNL;UCEC_MSI;UCEC_POLE;UCS
uterus_endometrium,238,238,tpm_clean,ENSG00000159289,GOLGA6A,0,0.0,0,0.0,0,238,0.0,0,238,0.0,UCEC;UCEC_CNH;UCEC_CNL;UCEC_MSI;UCEC_POLE;UCS
uterus_endometrium,238,238,tpm_clean,ENSG00000159708,LRRC36,3,1.26,1,0.42,1,238,0.42,0,238,0.0,UCEC;UCEC_CNH;UCEC_CNL;UCEC_MSI;UCEC_POLE;UCS
uterus_endometrium,238,238,tpm_clean,ENSG00000161860,SYCE2,2,0.84,0,0.0,0,238,0.0,0,238,0.0,UCEC;UCEC_CNH;UCEC_CNL;UCEC_MSI;UCEC_POLE;UCS
uterus_endometrium,238,238,tpm_clean,ENSG00000161973,CCDC42,0,0.0,0,0.0,0,238,0.0,0,238,0.0,UCEC;UCEC_CNH;UCEC_CNL;UCEC_MSI;UCEC_POLE;UCS
uterus_endometrium,238,238,tpm_clean,ENSG00000162039,MEIOB,2,0.84,0,0.0,0,238,0.0,0,238,0.0,UCEC;UCEC_CNH;UCEC_CNL;UCEC_MSI;UCEC_POLE;UCS
uterus_endometrium,238,238,tpm_clean,ENSG00000162641,AKNAD1,0,0.0,0,0.0,0,238,0.0,0,238,0.0,UCEC;UCEC_CNH;UCEC_CNL;UCEC_MSI;UCEC_POLE;UCS
uterus_endometrium,238,238,tpm_clean,ENSG00000162771,GARIN4,0,0.0,0,0.0,0,238,0.0,0,238,0.0,UCEC;UCEC_CNH;UCEC_CNL;UCEC_MSI;UCEC_POLE;UCS
uterus_endometrium,238,238,tpm_clean,ENSG00000162843,WDR64,0,0.0,0,0.0,0,238,0.0,0,238,0.0,UCEC;UCEC_CNH;UCEC_CNL;UCEC_MSI;UCEC_POLE;UCS
uterus_endometrium,238,238,tpm_clean,ENSG00000163114,PDHA2,0,0.0,0,0.0,0,238,0.0,0,238,0.0,UCEC;UCEC_CNH;UCEC_CNL;UCEC_MSI;UCEC_POLE;UCS
uterus_endometrium,238,238,tpm_clean,ENSG00000163530,DPPA2,3,1.26,1,0.42,2,238,0.84,0,238,0.0,UCEC;UCEC_CNH;UCEC_CNL;UCEC_MSI;UCEC_POLE;UCS
uterus_endometrium,238,238,tpm_clean,ENSG00000164113,ADAD1,0,0.0,0,0.0,0,238,0.0,0,238,0.0,UCEC;UCEC_CNH;UCEC_CNL;UCEC_MSI;UCEC_POLE;UCS
uterus_endometrium,238,238,tpm_clean,ENSG00000164304,CAGE1,0,0.0,0,0.0,0,238,0.0,0,238,0.0,UCEC;UCEC_CNH;UCEC_CNL;UCEC_MSI;UCEC_POLE;UCS
uterus_endometrium,238,238,tpm_clean,ENSG00000165583,SSX5,0,0.0,0,0.0,0,238,0.0,0,238,0.0,UCEC;UCEC_CNH;UCEC_CNL;UCEC_MSI;UCEC_POLE;UCS
uterus_endometrium,238,238,tpm_clean,ENSG00000165584,SSX3,2,0.84,0,0.0,1,238,0.42,0,238,0.0,UCEC;UCEC_CNH;UCEC_CNL;UCEC_MSI;UCEC_POLE;UCS
uterus_endometrium,238,238,tpm_clean,ENSG00000166049,PASD1,3,1.26,0,0.0,1,238,0.42,0,238,0.0,UCEC;UCEC_CNH;UCEC_CNL;UCEC_MSI;UCEC_POLE;UCS
uterus_endometrium,238,238,tpm_clean,ENSG00000166069,TMCO5A,0,0.0,0,0.0,0,238,0.0,0,238,0.0,UCEC;UCEC_CNH;UCEC_CNL;UCEC_MSI;UCEC_POLE;UCS
uterus_endometrium,238,238,tpm_clean,ENSG00000166118,SPATA19,0,0.0,0,0.0,0,238,0.0,0,238,0.0,UCEC;UCEC_CNH;UCEC_CNL;UCEC_MSI;UCEC_POLE;UCS
uterus_endometrium,238,238,tpm_clean,ENSG00000166796,LDHC,0,0.0,0,0.0,0,238,0.0,0,238,0.0,UCEC;UCEC_CNH;UCEC_CNL;UCEC_MSI;UCEC_POLE;UCS
uterus_endometrium,238,238,tpm_clean,ENSG00000167098,SUN5,0,0.0,0,0.0,0,238,0.0,0,238,0.0,UCEC;UCEC_CNH;UCEC_CNL;UCEC_MSI;UCEC_POLE;UCS
uterus_endometrium,238,238,tpm_clean,ENSG00000168594,ADAM29,0,0.0,0,0.0,0,238,0.0,0,238,0.0,UCEC;UCEC_CNH;UCEC_CNL;UCEC_MSI;UCEC_POLE;UCS
uterus_endometrium,238,238,tpm_clean,ENSG00000168757,TSPY2,0,0.0,0,0.0,0,238,0.0,0,238,0.0,UCEC;UCEC_CNH;UCEC_CNL;UCEC_MSI;UCEC_POLE;UCS
uterus_endometrium,238,238,tpm_clean,ENSG00000169059,VCX3A,4,1.68,3,1.26,3,238,1.26,3,238,1.26,UCEC;UCEC_CNH;UCEC_CNL;UCEC_MSI;UCEC_POLE;UCS
uterus_endometrium,238,238,tpm_clean,ENSG00000169551,CT55,0,0.0,0,0.0,0,238,0.0,0,238,0.0,UCEC;UCEC_CNH;UCEC_CNL;UCEC_MSI;UCEC_POLE;UCS
uterus_endometrium,238,238,tpm_clean,ENSG00000169800,RBMY1F,0,0.0,0,0.0,0,238,0.0,0,238,0.0,UCEC;UCEC_CNH;UCEC_CNL;UCEC_MSI;UCEC_POLE;UCS
uterus_endometrium,238,238,tpm_clean,ENSG00000170516,COX7B2,4,1.68,1,0.42,2,238,0.84,0,238,0.0,UCEC;UCEC_CNH;UCEC_CNL;UCEC_MSI;UCEC_POLE;UCS
uterus_endometrium,238,238,tpm_clean,ENSG00000170748,RBMXL2,0,0.0,0,0.0,0,238,0.0,0,238,0.0,UCEC;UCEC_CNH;UCEC_CNL;UCEC_MSI;UCEC_POLE;UCS
uterus_endometrium,238,238,tpm_clean,ENSG00000170848,PSG6,0,0.0,0,0.0,0,238,0.0,0,238,0.0,UCEC;UCEC_CNH;UCEC_CNL;UCEC_MSI;UCEC_POLE;UCS
uterus_endometrium,238,238,tpm_clean,ENSG00000170950,PGK2,0,0.0,0,0.0,0,238,0.0,0,238,0.0,UCEC;UCEC_CNH;UCEC_CNL;UCEC_MSI;UCEC_POLE;UCS
uterus_endometrium,238,238,tpm_clean,ENSG00000170965,PLAC1,7,2.94,1,0.42,1,238,0.42,0,238,0.0,UCEC;UCEC_CNH;UCEC_CNL;UCEC_MSI;UCEC_POLE;UCS
uterus_endometrium,238,238,tpm_clean,ENSG00000171402,XAGE3,3,1.26,2,0.84,2,238,0.84,2,238,0.84,UCEC;UCEC_CNH;UCEC_CNL;UCEC_MSI;UCEC_POLE;UCS
uterus_endometrium,238,238,tpm_clean,ENSG00000171405,XAGE5,2,0.84,0,0.0,0,238,0.0,0,238,0.0,UCEC;UCEC_CNH;UCEC_CNL;UCEC_MSI;UCEC_POLE;UCS
uterus_endometrium,238,238,tpm_clean,ENSG00000171794,UTF1,0,0.0,0,0.0,0,238,0.0,0,238,0.0,UCEC;UCEC_CNH;UCEC_CNL;UCEC_MSI;UCEC_POLE;UCS
uterus_endometrium,238,238,tpm_clean,ENSG00000172073,TEX37,0,0.0,0,0.0,0,238,0.0,0,238,0.0,UCEC;UCEC_CNH;UCEC_CNL;UCEC_MSI;UCEC_POLE;UCS
uterus_endometrium,238,238,tpm_clean,ENSG00000172717,GARIN2,0,0.0,0,0.0,0,238,0.0,0,238,0.0,UCEC;UCEC_CNH;UCEC_CNL;UCEC_MSI;UCEC_POLE;UCS
uterus_endometrium,238,238,tpm_clean,ENSG00000174015,CBY2,0,0.0,0,0.0,0,238,0.0,0,238,0.0,UCEC;UCEC_CNH;UCEC_CNL;UCEC_MSI;UCEC_POLE;UCS
uterus_endometrium,238,238,tpm_clean,ENSG00000174016,TENT5D,0,0.0,0,0.0,0,238,0.0,0,238,0.0,UCEC;UCEC_CNH;UCEC_CNL;UCEC_MSI;UCEC_POLE;UCS
uterus_endometrium,238,238,tpm_clean,ENSG00000174898,CATSPERD,5,2.1,2,0.84,4,238,1.68,2,238,0.84,UCEC;UCEC_CNH;UCEC_CNL;UCEC_MSI;UCEC_POLE;UCS
uterus_endometrium,238,238,tpm_clean,ENSG00000175646,PRM1,0,0.0,0,0.0,0,238,0.0,0,238,0.0,UCEC;UCEC_CNH;UCEC_CNL;UCEC_MSI;UCEC_POLE;UCS
uterus_endometrium,238,238,tpm_clean,ENSG00000175809,CBLL2,0,0.0,0,0.0,0,238,0.0,0,238,0.0,UCEC;UCEC_CNH;UCEC_CNL;UCEC_MSI;UCEC_POLE;UCS
uterus_endometrium,238,238,tpm_clean,ENSG00000175820,CCDC168,0,0.0,0,0.0,0,238,0.0,0,238,0.0,UCEC;UCEC_CNH;UCEC_CNL;UCEC_MSI;UCEC_POLE;UCS
uterus_endometrium,238,238,tpm_clean,ENSG00000175877,TMEM270,0,0.0,0,0.0,0,238,0.0,0,238,0.0,UCEC;UCEC_CNH;UCEC_CNL;UCEC_MSI;UCEC_POLE;UCS
uterus_endometrium,238,238,tpm_clean,ENSG00000176256,HMGB4,0,0.0,0,0.0,0,238,0.0,0,238,0.0,UCEC;UCEC_CNH;UCEC_CNL;UCEC_MSI;UCEC_POLE;UCS
uterus_endometrium,238,238,tpm_clean,ENSG00000176566,DCAF4L2,0,0.0,0,0.0,0,238,0.0,0,238,0.0,UCEC;UCEC_CNH;UCEC_CNL;UCEC_MSI;UCEC_POLE;UCS
uterus_endometrium,238,238,tpm_clean,ENSG00000176635,HORMAD2,0,0.0,0,0.0,0,238,0.0,0,238,0.0,UCEC;UCEC_CNH;UCEC_CNL;UCEC_MSI;UCEC_POLE;UCS
uterus_endometrium,238,238,tpm_clean,ENSG00000176746,MAGEB6,0,0.0,0,0.0,0,238,0.0,0,238,0.0,UCEC;UCEC_CNH;UCEC_CNL;UCEC_MSI;UCEC_POLE;UCS
uterus_endometrium,238,238,tpm_clean,ENSG00000176774,MAGEB18,0,0.0,0,0.0,0,238,0.0,0,238,0.0,UCEC;UCEC_CNH;UCEC_CNL;UCEC_MSI;UCEC_POLE;UCS
uterus_endometrium,238,238,tpm_clean,ENSG00000176988,FMR1NB,0,0.0,0,0.0,0,238,0.0,0,238,0.0,UCEC;UCEC_CNH;UCEC_CNL;UCEC_MSI;UCEC_POLE;UCS
uterus_endometrium,238,238,tpm_clean,ENSG00000177294,FBXO39,0,0.0,0,0.0,0,238,0.0,0,238,0.0,UCEC;UCEC_CNH;UCEC_CNL;UCEC_MSI;UCEC_POLE;UCS
uterus_endometrium,238,238,tpm_clean,ENSG00000177673,TEX44,0,0.0,0,0.0,0,238,0.0,0,238,0.0,UCEC;UCEC_CNH;UCEC_CNL;UCEC_MSI;UCEC_POLE;UCS
uterus_endometrium,238,238,tpm_clean,ENSG00000177689,MAGEB10,0,0.0,0,0.0,0,238,0.0,0,238,0.0,UCEC;UCEC_CNH;UCEC_CNL;UCEC_MSI;UCEC_POLE;UCS
uterus_endometrium,238,238,tpm_clean,ENSG00000177947,ODF3,0,0.0,0,0.0,0,238,0.0,0,238,0.0,UCEC;UCEC_CNH;UCEC_CNL;UCEC_MSI;UCEC_POLE;UCS
uterus_endometrium,238,238,tpm_clean,ENSG00000177992,SPATA31E1,0,0.0,0,0.0,0,238,0.0,0,238,0.0,UCEC;UCEC_CNH;UCEC_CNL;UCEC_MSI;UCEC_POLE;UCS
uterus_endometrium,238,238,tpm_clean,ENSG00000178021,TSPYL6,0,0.0,0,0.0,0,238,0.0,0,238,0.0,UCEC;UCEC_CNH;UCEC_CNL;UCEC_MSI;UCEC_POLE;UCS
uterus_endometrium,238,238,tpm_clean,ENSG00000178257,PRM3,0,0.0,0,0.0,0,238,0.0,0,238,0.0,UCEC;UCEC_CNH;UCEC_CNL;UCEC_MSI;UCEC_POLE;UCS
uterus_endometrium,238,238,tpm_clean,ENSG00000178279,TNP2,0,0.0,0,0.0,0,238,0.0,0,238,0.0,UCEC;UCEC_CNH;UCEC_CNL;UCEC_MSI;UCEC_POLE;UCS
uterus_endometrium,238,238,tpm_clean,ENSG00000178997,EXD1,0,0.0,0,0.0,0,238,0.0,0,238,0.0,UCEC;UCEC_CNH;UCEC_CNL;UCEC_MSI;UCEC_POLE;UCS
uterus_endometrium,238,238,tpm_clean,ENSG00000179046,TRIML2,0,0.0,0,0.0,0,238,0.0,0,238,0.0,UCEC;UCEC_CNH;UCEC_CNL;UCEC_MSI;UCEC_POLE;UCS
uterus_endometrium,238,238,tpm_clean,ENSG00000179059,ZFP42,0,0.0,0,0.0,0,238,0.0,0,238,0.0,UCEC;UCEC_CNH;UCEC_CNL;UCEC_MSI;UCEC_POLE;UCS
uterus_endometrium,238,238,tpm_clean,ENSG00000179088,C12orf42,0,0.0,0,0.0,0,238,0.0,0,238,0.0,UCEC;UCEC_CNH;UCEC_CNL;UCEC_MSI;UCEC_POLE;UCS
uterus_endometrium,238,238,tpm_clean,ENSG00000179407,DNAJB8,0,0.0,0,0.0,0,238,0.0,0,238,0.0,UCEC;UCEC_CNH;UCEC_CNL;UCEC_MSI;UCEC_POLE;UCS
uterus_endometrium,238,238,tpm_clean,ENSG00000180138,CSNK1A1L,0,0.0,0,0.0,0,238,0.0,0,238,0.0,UCEC;UCEC_CNH;UCEC_CNL;UCEC_MSI;UCEC_POLE;UCS
uterus_endometrium,238,238,tpm_clean,ENSG00000180336,MEIOC,0,0.0,0,0.0,0,238,0.0,0,238,0.0,UCEC;UCEC_CNH;UCEC_CNL;UCEC_MSI;UCEC_POLE;UCS
uterus_endometrium,238,238,tpm_clean,ENSG00000181323,SPEM1,0,0.0,0,0.0,0,238,0.0,0,238,0.0,UCEC;UCEC_CNH;UCEC_CNL;UCEC_MSI;UCEC_POLE;UCS
uterus_endometrium,238,238,tpm_clean,ENSG00000181433,SAGE1,0,0.0,0,0.0,0,238,0.0,0,238,0.0,UCEC;UCEC_CNH;UCEC_CNL;UCEC_MSI;UCEC_POLE;UCS
uterus_endometrium,238,238,tpm_clean,ENSG00000182308,DCAF4L1,0,0.0,0,0.0,0,238,0.0,0,238,0.0,UCEC;UCEC_CNH;UCEC_CNL;UCEC_MSI;UCEC_POLE;UCS
uterus_endometrium,238,238,tpm_clean,ENSG00000182459,TEX19,0,0.0,0,0.0,0,238,0.0,0,238,0.0,UCEC;UCEC_CNH;UCEC_CNL;UCEC_MSI;UCEC_POLE;UCS
uterus_endometrium,238,238,tpm_clean,ENSG00000182583,VCX,4,1.68,4,1.68,4,238,1.68,3,238,1.26,UCEC;UCEC_CNH;UCEC_CNL;UCEC_MSI;UCEC_POLE;UCS
uterus_endometrium,238,238,tpm_clean,ENSG00000183206,POTEC,0,0.0,0,0.0,0,238,0.0,0,238,0.0,UCEC;UCEC_CNH;UCEC_CNL;UCEC_MSI;UCEC_POLE;UCS
uterus_endometrium,238,238,tpm_clean,ENSG00000183305,MAGEA2/MAGEA2B,7,2.94,3,1.26,4,238,1.68,2,238,0.84,UCEC;UCEC_CNH;UCEC_CNL;UCEC_MSI;UCEC_POLE;UCS
uterus_endometrium,238,238,tpm_clean,ENSG00000183434,TFDP3,0,0.0,0,0.0,0,238,0.0,0,238,0.0,UCEC;UCEC_CNH;UCEC_CNL;UCEC_MSI;UCEC_POLE;UCS
uterus_endometrium,238,238,tpm_clean,ENSG00000183668,PSG9,1,0.42,1,0.42,1,238,0.42,1,238,0.42,UCEC;UCEC_CNH;UCEC_CNL;UCEC_MSI;UCEC_POLE;UCS
uterus_endometrium,238,238,tpm_clean,ENSG00000184033,CTAG1A/B,13,5.46,11,4.62,12,238,5.04,10,238,4.2,UCEC;UCEC_CNH;UCEC_CNL;UCEC_MSI;UCEC_POLE;UCS
uterus_endometrium,238,238,tpm_clean,ENSG00000184361,SPATA32,0,0.0,0,0.0,0,238,0.0,0,238,0.0,UCEC;UCEC_CNH;UCEC_CNL;UCEC_MSI;UCEC_POLE;UCS
uterus_endometrium,238,238,tpm_clean,ENSG00000184507,NUTM1,0,0.0,0,0.0,0,238,0.0,0,238,0.0,UCEC;UCEC_CNH;UCEC_CNL;UCEC_MSI;UCEC_POLE;UCS
uterus_endometrium,238,238,tpm_clean,ENSG00000184650,ODF4,0,0.0,0,0.0,0,238,0.0,0,238,0.0,UCEC;UCEC_CNH;UCEC_CNL;UCEC_MSI;UCEC_POLE;UCS
uterus_endometrium,238,238,tpm_clean,ENSG00000184735,DDX53,0,0.0,0,0.0,0,238,0.0,0,238,0.0,UCEC;UCEC_CNH;UCEC_CNL;UCEC_MSI;UCEC_POLE;UCS
uterus_endometrium,238,238,tpm_clean,ENSG00000185264,TEX33,0,0.0,0,0.0,0,238,0.0,0,238,0.0,UCEC;UCEC_CNH;UCEC_CNL;UCEC_MSI;UCEC_POLE;UCS
uterus_endometrium,238,238,tpm_clean,ENSG00000185686,PRAME,226,94.96,201,84.45,215,238,90.34,175,238,73.53,UCEC;UCEC_CNH;UCEC_CNL;UCEC_MSI;UCEC_POLE;UCS
uterus_endometrium,238,238,tpm_clean,ENSG00000185775,SPATA31A6,0,0.0,0,0.0,0,238,0.0,0,238,0.0,UCEC;UCEC_CNH;UCEC_CNL;UCEC_MSI;UCEC_POLE;UCS
uterus_endometrium,238,238,tpm_clean,ENSG00000185792,NLRP9,0,0.0,0,0.0,0,238,0.0,0,238,0.0,UCEC;UCEC_CNH;UCEC_CNL;UCEC_MSI;UCEC_POLE;UCS
uterus_endometrium,238,238,tpm_clean,ENSG00000185863,TMEM210,0,0.0,0,0.0,0,238,0.0,0,238,0.0,UCEC;UCEC_CNH;UCEC_CNL;UCEC_MSI;UCEC_POLE;UCS
uterus_endometrium,238,238,tpm_clean,ENSG00000186075,ZPBP2,0,0.0,0,0.0,0,238,0.0,0,238,0.0,UCEC;UCEC_CNH;UCEC_CNL;UCEC_MSI;UCEC_POLE;UCS
uterus_endometrium,238,238,tpm_clean,ENSG00000186118,TEX38,0,0.0,0,0.0,0,238,0.0,0,238,0.0,UCEC;UCEC_CNH;UCEC_CNL;UCEC_MSI;UCEC_POLE;UCS
uterus_endometrium,238,238,tpm_clean,ENSG00000186451,SPATA12,0,0.0,0,0.0,0,238,0.0,0,238,0.0,UCEC;UCEC_CNH;UCEC_CNL;UCEC_MSI;UCEC_POLE;UCS
uterus_endometrium,238,238,tpm_clean,ENSG00000186788,SPATA31D3,0,0.0,0,0.0,0,238,0.0,0,238,0.0,UCEC;UCEC_CNH;UCEC_CNL;UCEC_MSI;UCEC_POLE;UCS
uterus_endometrium,238,238,tpm_clean,ENSG00000187003,ACTL7A,0,0.0,0,0.0,0,238,0.0,0,238,0.0,UCEC;UCEC_CNH;UCEC_CNL;UCEC_MSI;UCEC_POLE;UCS
uterus_endometrium,238,238,tpm_clean,ENSG00000187191,DAZ3,0,0.0,0,0.0,0,238,0.0,0,238,0.0,UCEC;UCEC_CNH;UCEC_CNL;UCEC_MSI;UCEC_POLE;UCS
uterus_endometrium,238,238,tpm_clean,ENSG00000187754,SSX7,0,0.0,0,0.0,0,238,0.0,0,238,0.0,UCEC;UCEC_CNH;UCEC_CNL;UCEC_MSI;UCEC_POLE;UCS
uterus_endometrium,238,238,tpm_clean,ENSG00000187772,LIN28B,1,0.42,1,0.42,1,238,0.42,0,238,0.0,UCEC;UCEC_CNH;UCEC_CNL;UCEC_MSI;UCEC_POLE;UCS
uterus_endometrium,238,238,tpm_clean,ENSG00000188120,DAZ1,0,0.0,0,0.0,0,238,0.0,0,238,0.0,UCEC;UCEC_CNH;UCEC_CNL;UCEC_MSI;UCEC_POLE;UCS
uterus_endometrium,238,238,tpm_clean,ENSG00000188425,NANOS2,0,0.0,0,0.0,0,238,0.0,0,238,0.0,UCEC;UCEC_CNH;UCEC_CNL;UCEC_MSI;UCEC_POLE;UCS
uterus_endometrium,238,238,tpm_clean,ENSG00000188782,CATSPER4,0,0.0,0,0.0,0,238,0.0,0,238,0.0,UCEC;UCEC_CNH;UCEC_CNL;UCEC_MSI;UCEC_POLE;UCS
uterus_endometrium,238,238,tpm_clean,ENSG00000189023,MAGEB16,0,0.0,0,0.0,0,238,0.0,0,238,0.0,UCEC;UCEC_CNH;UCEC_CNL;UCEC_MSI;UCEC_POLE;UCS
uterus_endometrium,238,238,tpm_clean,ENSG00000189052,CGB5/8,1,0.42,1,0.42,1,238,0.42,1,238,0.42,UCEC;UCEC_CNH;UCEC_CNL;UCEC_MSI;UCEC_POLE;UCS
uterus_endometrium,238,238,tpm_clean,ENSG00000189064,GAGE2A,18,7.56,14,5.88,15,238,6.3,12,238,5.04,UCEC;UCEC_CNH;UCEC_CNL;UCEC_MSI;UCEC_POLE;UCS
uterus_endometrium,238,238,tpm_clean,ENSG00000189186,DCAF8L2,0,0.0,0,0.0,0,238,0.0,0,238,0.0,UCEC;UCEC_CNH;UCEC_CNL;UCEC_MSI;UCEC_POLE;UCS
uterus_endometrium,238,238,tpm_clean,ENSG00000189252,SPANXN3,0,0.0,0,0.0,0,238,0.0,0,238,0.0,UCEC;UCEC_CNH;UCEC_CNL;UCEC_MSI;UCEC_POLE;UCS
uterus_endometrium,238,238,tpm_clean,ENSG00000189326,SPANXN4,0,0.0,0,0.0,0,238,0.0,0,238,0.0,UCEC;UCEC_CNH;UCEC_CNL;UCEC_MSI;UCEC_POLE;UCS
uterus_endometrium,238,238,tpm_clean,ENSG00000189357,SPATA31D4,0,0.0,0,0.0,0,238,0.0,0,238,0.0,UCEC;UCEC_CNH;UCEC_CNL;UCEC_MSI;UCEC_POLE;UCS
uterus_endometrium,238,238,tpm_clean,ENSG00000196350,ZNF729,0,0.0,0,0.0,0,238,0.0,0,238,0.0,UCEC;UCEC_CNH;UCEC_CNL;UCEC_MSI;UCEC_POLE;UCS
uterus_endometrium,238,238,tpm_clean,ENSG00000196406,SPANXD,0,0.0,0,0.0,0,238,0.0,0,238,0.0,UCEC;UCEC_CNH;UCEC_CNL;UCEC_MSI;UCEC_POLE;UCS
uterus_endometrium,238,238,tpm_clean,ENSG00000196553,CCDC196,0,0.0,0,0.0,0,238,0.0,0,238,0.0,UCEC;UCEC_CNH;UCEC_CNL;UCEC_MSI;UCEC_POLE;UCS
uterus_endometrium,238,238,tpm_clean,ENSG00000196604,POTEF,0,0.0,0,0.0,0,238,0.0,0,238,0.0,UCEC;UCEC_CNH;UCEC_CNL;UCEC_MSI;UCEC_POLE;UCS
uterus_endometrium,238,238,tpm_clean,ENSG00000196862,RGPD4,0,0.0,0,0.0,0,238,0.0,0,238,0.0,UCEC;UCEC_CNH;UCEC_CNL;UCEC_MSI;UCEC_POLE;UCS
uterus_endometrium,238,238,tpm_clean,ENSG00000197172,MAGEA6,16,6.72,9,3.78,10,238,4.2,3,238,1.26,UCEC;UCEC_CNH;UCEC_CNL;UCEC_MSI;UCEC_POLE;UCS
uterus_endometrium,238,238,tpm_clean,ENSG00000198021,SPANXA1/2,0,0.0,0,0.0,0,238,0.0,0,238,0.0,UCEC;UCEC_CNH;UCEC_CNL;UCEC_MSI;UCEC_POLE;UCS
uterus_endometrium,238,238,tpm_clean,ENSG00000198573,SPANXC,0,0.0,0,0.0,0,238,0.0,0,238,0.0,UCEC;UCEC_CNH;UCEC_CNL;UCEC_MSI;UCEC_POLE;UCS
uterus_endometrium,238,238,tpm_clean,ENSG00000198681,MAGEA1,9,3.78,4,1.68,4,238,1.68,0,238,0.0,UCEC;UCEC_CNH;UCEC_CNL;UCEC_MSI;UCEC_POLE;UCS
uterus_endometrium,238,238,tpm_clean,ENSG00000198759,EGFL6,42,17.65,20,8.4,25,238,10.5,10,238,4.2,UCEC;UCEC_CNH;UCEC_CNL;UCEC_MSI;UCEC_POLE;UCS
uterus_endometrium,238,238,tpm_clean,ENSG00000198765,SYCP1,0,0.0,0,0.0,0,238,0.0,0,238,0.0,UCEC;UCEC_CNH;UCEC_CNL;UCEC_MSI;UCEC_POLE;UCS
uterus_endometrium,238,238,tpm_clean,ENSG00000198870,STKLD1,0,0.0,0,0.0,0,238,0.0,0,238,0.0,UCEC;UCEC_CNH;UCEC_CNL;UCEC_MSI;UCEC_POLE;UCS
uterus_endometrium,238,238,tpm_clean,ENSG00000203909,DPPA5,0,0.0,0,0.0,0,238,0.0,0,238,0.0,UCEC;UCEC_CNH;UCEC_CNL;UCEC_MSI;UCEC_POLE;UCS
uterus_endometrium,238,238,tpm_clean,ENSG00000203923,SPANXN1,0,0.0,0,0.0,0,238,0.0,0,238,0.0,UCEC;UCEC_CNH;UCEC_CNL;UCEC_MSI;UCEC_POLE;UCS
uterus_endometrium,238,238,tpm_clean,ENSG00000204019,CT83,1,0.42,0,0.0,0,238,0.0,0,238,0.0,UCEC;UCEC_CNH;UCEC_CNL;UCEC_MSI;UCEC_POLE;UCS
uterus_endometrium,238,238,tpm_clean,ENSG00000204279,PAGE3,0,0.0,0,0.0,0,238,0.0,0,238,0.0,UCEC;UCEC_CNH;UCEC_CNL;UCEC_MSI;UCEC_POLE;UCS
uterus_endometrium,238,238,tpm_clean,ENSG00000204363,SPANXN5,0,0.0,0,0.0,0,238,0.0,0,238,0.0,UCEC;UCEC_CNH;UCEC_CNL;UCEC_MSI;UCEC_POLE;UCS
uterus_endometrium,238,238,tpm_clean,ENSG00000204379,XAGE1A/B,17,7.14,17,7.14,17,238,7.14,17,238,7.14,UCEC;UCEC_CNH;UCEC_CNL;UCEC_MSI;UCEC_POLE;UCS
uterus_endometrium,238,238,tpm_clean,ENSG00000204450,TRIM64,0,0.0,0,0.0,0,238,0.0,0,238,0.0,UCEC;UCEC_CNH;UCEC_CNL;UCEC_MSI;UCEC_POLE;UCS
uterus_endometrium,238,238,tpm_clean,ENSG00000204849,SPATA31A1,0,0.0,0,0.0,0,238,0.0,0,238,0.0,UCEC;UCEC_CNH;UCEC_CNL;UCEC_MSI;UCEC_POLE;UCS
uterus_endometrium,238,238,tpm_clean,ENSG00000204941,PSG5,0,0.0,0,0.0,0,238,0.0,0,238,0.0,UCEC;UCEC_CNH;UCEC_CNL;UCEC_MSI;UCEC_POLE;UCS
uterus_endometrium,238,238,tpm_clean,ENSG00000204961,PCDHA9,0,0.0,0,0.0,0,238,0.0,0,238,0.0,UCEC;UCEC_CNH;UCEC_CNL;UCEC_MSI;UCEC_POLE;UCS
uterus_endometrium,238,238,tpm_clean,ENSG00000205359,SLCO6A1,0,0.0,0,0.0,0,238,0.0,0,238,0.0,UCEC;UCEC_CNH;UCEC_CNL;UCEC_MSI;UCEC_POLE;UCS
uterus_endometrium,238,238,tpm_clean,ENSG00000205642,VCX3B,3,1.26,2,0.84,2,238,0.84,1,238,0.42,UCEC;UCEC_CNH;UCEC_CNL;UCEC_MSI;UCEC_POLE;UCS
uterus_endometrium,238,238,tpm_clean,ENSG00000205777,GAGE1,17,7.14,16,6.72,16,238,6.72,14,238,5.88,UCEC;UCEC_CNH;UCEC_CNL;UCEC_MSI;UCEC_POLE;UCS
uterus_endometrium,238,238,tpm_clean,ENSG00000212710,CTAGE1,0,0.0,0,0.0,0,238,0.0,0,238,0.0,UCEC;UCEC_CNH;UCEC_CNL;UCEC_MSI;UCEC_POLE;UCS
uterus_endometrium,238,238,tpm_clean,ENSG00000213218,CSH2,0,0.0,0,0.0,0,238,0.0,0,238,0.0,UCEC;UCEC_CNH;UCEC_CNL;UCEC_MSI;UCEC_POLE;UCS
uterus_endometrium,238,238,tpm_clean,ENSG00000213401,MAGEA12,5,2.1,2,0.84,2,238,0.84,0,238,0.0,UCEC;UCEC_CNH;UCEC_CNL;UCEC_MSI;UCEC_POLE;UCS
uterus_endometrium,238,238,tpm_clean,ENSG00000214107,MAGEB1,4,1.68,3,1.26,3,238,1.26,2,238,0.84,UCEC;UCEC_CNH;UCEC_CNL;UCEC_MSI;UCEC_POLE;UCS
uterus_endometrium,238,238,tpm_clean,ENSG00000215113,CXorf49/CXorf49B,5,2.1,1,0.42,3,238,1.26,1,238,0.42,UCEC;UCEC_CNH;UCEC_CNL;UCEC_MSI;UCEC_POLE;UCS
uterus_endometrium,238,238,tpm_clean,ENSG00000215269,GAGE12F/G,0,0.0,0,0.0,0,238,0.0,0,238,0.0,UCEC;UCEC_CNH;UCEC_CNL;UCEC_MSI;UCEC_POLE;UCS
uterus_endometrium,238,238,tpm_clean,ENSG00000215274,GAGE10,7,2.94,2,0.84,2,238,0.84,1,238,0.42,UCEC;UCEC_CNH;UCEC_CNL;UCEC_MSI;UCEC_POLE;UCS
uterus_endometrium,238,238,tpm_clean,ENSG00000215529,EFCAB8,0,0.0,0,0.0,0,238,0.0,0,238,0.0,UCEC;UCEC_CNH;UCEC_CNL;UCEC_MSI;UCEC_POLE;UCS
uterus_endometrium,238,238,tpm_clean,ENSG00000215817,ZC3H11B,0,0.0,0,0.0,0,238,0.0,0,238,0.0,UCEC;UCEC_CNH;UCEC_CNL;UCEC_MSI;UCEC_POLE;UCS
uterus_endometrium,238,238,tpm_clean,ENSG00000216649,GAGE12C/D/E,3,1.26,2,0.84,2,238,0.84,2,238,0.84,UCEC;UCEC_CNH;UCEC_CNL;UCEC_MSI;UCEC_POLE;UCS
uterus_endometrium,238,238,tpm_clean,ENSG00000221826,PSG3,0,0.0,0,0.0,0,238,0.0,0,238,0.0,UCEC;UCEC_CNH;UCEC_CNL;UCEC_MSI;UCEC_POLE;UCS
uterus_endometrium,238,238,tpm_clean,ENSG00000221867,MAGEA3,13,5.46,10,4.2,10,238,4.2,4,238,1.68,UCEC;UCEC_CNH;UCEC_CNL;UCEC_MSI;UCEC_POLE;UCS
uterus_endometrium,238,238,tpm_clean,ENSG00000221878,PSG7,0,0.0,0,0.0,0,238,0.0,0,238,0.0,UCEC;UCEC_CNH;UCEC_CNL;UCEC_MSI;UCEC_POLE;UCS
uterus_endometrium,238,238,tpm_clean,ENSG00000224089,CT47A1/2/3/4/5/6/7/8/9/10/11/12,0,0.0,0,0.0,0,238,0.0,0,238,0.0,UCEC;UCEC_CNH;UCEC_CNL;UCEC_MSI;UCEC_POLE;UCS
uterus_endometrium,238,238,tpm_clean,ENSG00000224440,CXorf51A/B,0,0.0,0,0.0,0,238,0.0,0,238,0.0,UCEC;UCEC_CNH;UCEC_CNL;UCEC_MSI;UCEC_POLE;UCS
uterus_endometrium,238,238,tpm_clean,ENSG00000224659,GAGE12J,5,2.1,3,1.26,5,238,2.1,2,238,0.84,UCEC;UCEC_CNH;UCEC_CNL;UCEC_MSI;UCEC_POLE;UCS
uterus_endometrium,238,238,tpm_clean,ENSG00000224902,GAGE12H,2,0.84,2,0.84,2,238,0.84,2,238,0.84,UCEC;UCEC_CNH;UCEC_CNL;UCEC_MSI;UCEC_POLE;UCS
uterus_endometrium,238,0,tpm_clean,ENSG00000224960,PPP4R3C,0,,0,,0,0,,0,0,,UCEC;UCEC_CNH;UCEC_CNL;UCEC_MSI;UCEC_POLE;UCS
uterus_endometrium,238,238,tpm_clean,ENSG00000226650,KIF4B,0,0.0,0,0.0,0,238,0.0,0,238,0.0,UCEC;UCEC_CNH;UCEC_CNL;UCEC_MSI;UCEC_POLE;UCS
uterus_endometrium,238,238,tpm_clean,ENSG00000227234,SPANXB1,0,0.0,0,0.0,0,238,0.0,0,238,0.0,UCEC;UCEC_CNH;UCEC_CNL;UCEC_MSI;UCEC_POLE;UCS
uterus_endometrium,238,238,tpm_clean,ENSG00000228836,CT45A5/6/7,10,4.2,4,1.68,7,238,2.94,0,238,0.0,UCEC;UCEC_CNH;UCEC_CNL;UCEC_MSI;UCEC_POLE;UCS
uterus_endometrium,238,238,tpm_clean,ENSG00000228927,TSPY3,0,0.0,0,0.0,0,238,0.0,0,238,0.0,UCEC;UCEC_CNH;UCEC_CNL;UCEC_MSI;UCEC_POLE;UCS
uterus_endometrium,238,238,tpm_clean,ENSG00000229549,TSPY8,0,0.0,0,0.0,0,238,0.0,0,238,0.0,UCEC;UCEC_CNH;UCEC_CNL;UCEC_MSI;UCEC_POLE;UCS
uterus_endometrium,238,0,tpm_clean,ENSG00000230601,TEX48,0,,0,,0,0,,0,0,,UCEC;UCEC_CNH;UCEC_CNL;UCEC_MSI;UCEC_POLE;UCS
uterus_endometrium,238,238,tpm_clean,ENSG00000231924,PSG1,0,0.0,0,0.0,0,238,0.0,0,238,0.0,UCEC;UCEC_CNH;UCEC_CNL;UCEC_MSI;UCEC_POLE;UCS
uterus_endometrium,238,238,tpm_clean,ENSG00000233056,ERVH48-1,0,0.0,0,0.0,0,238,0.0,0,238,0.0,UCEC;UCEC_CNH;UCEC_CNL;UCEC_MSI;UCEC_POLE;UCS
uterus_endometrium,238,238,tpm_clean,ENSG00000233803,TSPY4,0,0.0,0,0.0,0,238,0.0,0,238,0.0,UCEC;UCEC_CNH;UCEC_CNL;UCEC_MSI;UCEC_POLE;UCS
uterus_endometrium,238,238,tpm_clean,ENSG00000234068,PAGE2,19,7.98,17,7.14,17,238,7.14,14,238,5.88,UCEC;UCEC_CNH;UCEC_CNL;UCEC_MSI;UCEC_POLE;UCS
uterus_endometrium,238,238,tpm_clean,ENSG00000234414,RBMY1A1,0,0.0,0,0.0,0,238,0.0,0,238,0.0,UCEC;UCEC_CNH;UCEC_CNL;UCEC_MSI;UCEC_POLE;UCS
uterus_endometrium,238,238,tpm_clean,ENSG00000235631,RNF148,0,0.0,0,0.0,0,238,0.0,0,238,0.0,UCEC;UCEC_CNH;UCEC_CNL;UCEC_MSI;UCEC_POLE;UCS
uterus_endometrium,238,238,tpm_clean,ENSG00000236424,TSPY10,0,0.0,0,0.0,0,238,0.0,0,238,0.0,UCEC;UCEC_CNH;UCEC_CNL;UCEC_MSI;UCEC_POLE;UCS
uterus_endometrium,238,238,tpm_clean,ENSG00000236446,CT47B1,0,0.0,0,0.0,0,238,0.0,0,238,0.0,UCEC;UCEC_CNH;UCEC_CNL;UCEC_MSI;UCEC_POLE;UCS
uterus_endometrium,238,238,tpm_clean,ENSG00000236761,CTAGE9,0,0.0,0,0.0,0,238,0.0,0,238,0.0,UCEC;UCEC_CNH;UCEC_CNL;UCEC_MSI;UCEC_POLE;UCS
uterus_endometrium,238,238,tpm_clean,ENSG00000238269,PAGE2B,10,4.2,8,3.36,9,238,3.78,8,238,3.36,UCEC;UCEC_CNH;UCEC_CNL;UCEC_MSI;UCEC_POLE;UCS
uterus_endometrium,238,238,tpm_clean,ENSG00000240021,TEX35,0,0.0,0,0.0,0,238,0.0,0,238,0.0,UCEC;UCEC_CNH;UCEC_CNL;UCEC_MSI;UCEC_POLE;UCS
uterus_endometrium,238,0,tpm_clean,ENSG00000241149,ZNF722,0,,0,,0,0,,0,0,,UCEC;UCEC_CNH;UCEC_CNL;UCEC_MSI;UCEC_POLE;UCS
uterus_endometrium,238,238,tpm_clean,ENSG00000241476,SSX2/SSX2B,5,2.1,4,1.68,5,238,2.1,2,238,0.84,UCEC;UCEC_CNH;UCEC_CNL;UCEC_MSI;UCEC_POLE;UCS
uterus_endometrium,238,238,tpm_clean,ENSG00000242221,PSG2,0,0.0,0,0.0,0,238,0.0,0,238,0.0,UCEC;UCEC_CNH;UCEC_CNL;UCEC_MSI;UCEC_POLE;UCS
uterus_endometrium,238,238,tpm_clean,ENSG00000242389,RBMY1E,0,0.0,0,0.0,0,238,0.0,0,238,0.0,UCEC;UCEC_CNH;UCEC_CNL;UCEC_MSI;UCEC_POLE;UCS
uterus_endometrium,238,238,tpm_clean,ENSG00000242875,RBMY1B,0,0.0,0,0.0,0,238,0.0,0,238,0.0,UCEC;UCEC_CNH;UCEC_CNL;UCEC_MSI;UCEC_POLE;UCS
uterus_endometrium,238,238,tpm_clean,ENSG00000243130,PSG11,0,0.0,0,0.0,0,238,0.0,0,238,0.0,UCEC;UCEC_CNH;UCEC_CNL;UCEC_MSI;UCEC_POLE;UCS
uterus_endometrium,238,238,tpm_clean,ENSG00000244395,RBMY1D,0,0.0,0,0.0,0,238,0.0,0,238,0.0,UCEC;UCEC_CNH;UCEC_CNL;UCEC_MSI;UCEC_POLE;UCS
uterus_endometrium,238,238,tpm_clean,ENSG00000244588,RAD21L1,0,0.0,0,0.0,0,238,0.0,0,238,0.0,UCEC;UCEC_CNH;UCEC_CNL;UCEC_MSI;UCEC_POLE;UCS
uterus_endometrium,238,238,tpm_clean,ENSG00000249861,LGALS16,0,0.0,0,0.0,0,238,0.0,0,238,0.0,UCEC;UCEC_CNH;UCEC_CNL;UCEC_MSI;UCEC_POLE;UCS
uterus_endometrium,238,238,tpm_clean,ENSG00000250741,NT5C1B-RDH14,0,0.0,0,0.0,0,238,0.0,0,238,0.0,UCEC;UCEC_CNH;UCEC_CNL;UCEC_MSI;UCEC_POLE;UCS
uterus_endometrium,238,238,tpm_clean,ENSG00000251258,RFPL4B,0,0.0,0,0.0,0,238,0.0,0,238,0.0,UCEC;UCEC_CNH;UCEC_CNL;UCEC_MSI;UCEC_POLE;UCS
uterus_endometrium,238,238,tpm_clean,ENSG00000258713,C20orf141,0,0.0,0,0.0,0,238,0.0,0,238,0.0,UCEC;UCEC_CNH;UCEC_CNL;UCEC_MSI;UCEC_POLE;UCS
uterus_endometrium,238,238,tpm_clean,ENSG00000258992,TSPY1,0,0.0,0,0.0,0,238,0.0,0,238,0.0,UCEC;UCEC_CNH;UCEC_CNL;UCEC_MSI;UCEC_POLE;UCS
uterus_endometrium,238,238,tpm_clean,ENSG00000261649,GOLGA6L7,0,0.0,0,0.0,0,238,0.0,0,238,0.0,UCEC;UCEC_CNH;UCEC_CNL;UCEC_MSI;UCEC_POLE;UCS
uterus_endometrium,238,238,tpm_clean,ENSG00000261949,GFY,1,0.42,1,0.42,1,238,0.42,0,238,0.0,UCEC;UCEC_CNH;UCEC_CNL;UCEC_MSI;UCEC_POLE;UCS
uterus_endometrium,238,238,tpm_clean,ENSG00000268009,SSX4/SSX4B,8,3.36,6,2.52,7,238,2.94,3,238,1.26,UCEC;UCEC_CNH;UCEC_CNL;UCEC_MSI;UCEC_POLE;UCS
uterus_endometrium,238,238,tpm_clean,ENSG00000268629,TEX13A,0,0.0,0,0.0,0,238,0.0,0,238,0.0,UCEC;UCEC_CNH;UCEC_CNL;UCEC_MSI;UCEC_POLE;UCS
uterus_endometrium,238,238,tpm_clean,ENSG00000268696,ZNF723,0,0.0,0,0.0,0,238,0.0,0,238,0.0,UCEC;UCEC_CNH;UCEC_CNL;UCEC_MSI;UCEC_POLE;UCS
uterus_endometrium,238,238,tpm_clean,ENSG00000268964,ERVV-2,0,0.0,0,0.0,0,238,0.0,0,238,0.0,UCEC;UCEC_CNH;UCEC_CNL;UCEC_MSI;UCEC_POLE;UCS
uterus_endometrium,238,238,tpm_clean,ENSG00000268988,SPANXN2,0,0.0,0,0.0,0,238,0.0,0,238,0.0,UCEC;UCEC_CNH;UCEC_CNL;UCEC_MSI;UCEC_POLE;UCS
uterus_endometrium,238,238,tpm_clean,ENSG00000269058,CALR3,0,0.0,0,0.0,0,238,0.0,0,238,0.0,UCEC;UCEC_CNH;UCEC_CNL;UCEC_MSI;UCEC_POLE;UCS
uterus_endometrium,238,238,tpm_clean,ENSG00000269586,CT45A10,12,5.04,3,1.26,7,238,2.94,1,238,0.42,UCEC;UCEC_CNH;UCEC_CNL;UCEC_MSI;UCEC_POLE;UCS
uterus_endometrium,238,238,tpm_clean,ENSG00000270806,C17orf50,0,0.0,0,0.0,0,238,0.0,0,238,0.0,UCEC;UCEC_CNH;UCEC_CNL;UCEC_MSI;UCEC_POLE;UCS
uterus_endometrium,238,238,tpm_clean,ENSG00000270946,CT45A2/8/9,2,0.84,1,0.42,1,238,0.42,0,238,0.0,UCEC;UCEC_CNH;UCEC_CNL;UCEC_MSI;UCEC_POLE;UCS
uterus_endometrium,238,238,tpm_clean,ENSG00000271321,CTAGE6,0,0.0,0,0.0,0,238,0.0,0,238,0.0,UCEC;UCEC_CNH;UCEC_CNL;UCEC_MSI;UCEC_POLE;UCS
uterus_endometrium,238,238,tpm_clean,ENSG00000274274,GAGE13,15,6.3,13,5.46,15,238,6.3,9,238,3.78,UCEC;UCEC_CNH;UCEC_CNL;UCEC_MSI;UCEC_POLE;UCS
uterus_endometrium,238,238,tpm_clean,ENSG00000274391,TPTE,0,0.0,0,0.0,0,238,0.0,0,238,0.0,UCEC;UCEC_CNH;UCEC_CNL;UCEC_MSI;UCEC_POLE;UCS
uterus_endometrium,238,238,tpm_clean,ENSG00000275793,RIMBP3,0,0.0,0,0.0,0,238,0.0,0,238,0.0,UCEC;UCEC_CNH;UCEC_CNL;UCEC_MSI;UCEC_POLE;UCS
uterus_endometrium,238,238,tpm_clean,ENSG00000275969,SPATA31A3,0,0.0,0,0.0,0,238,0.0,0,238,0.0,UCEC;UCEC_CNH;UCEC_CNL;UCEC_MSI;UCEC_POLE;UCS
uterus_endometrium,238,238,tpm_clean,ENSG00000276040,SPATA31A7,0,0.0,0,0.0,0,238,0.0,0,238,0.0,UCEC;UCEC_CNH;UCEC_CNL;UCEC_MSI;UCEC_POLE;UCS
uterus_endometrium,238,238,tpm_clean,ENSG00000276581,SPATA31A5,0,0.0,0,0.0,0,238,0.0,0,238,0.0,UCEC;UCEC_CNH;UCEC_CNL;UCEC_MSI;UCEC_POLE;UCS
uterus_endometrium,238,238,tpm_clean,ENSG00000277322,GOLGA6L6,0,0.0,0,0.0,0,238,0.0,0,238,0.0,UCEC;UCEC_CNH;UCEC_CNL;UCEC_MSI;UCEC_POLE;UCS
uterus_endometrium,238,0,tpm_clean,ENSG00000282815,TEX13C,0,,0,,0,0,,0,0,,UCEC;UCEC_CNH;UCEC_CNL;UCEC_MSI;UCEC_POLE;UCS
