Symbol,Aliases,Full_Name,Function,Ensembl_Gene_ID,source_databases,protein_reproductive,protein_thymus,protein_reliability,rna_reproductive,rna_thymus,protein_strict_expression,rna_reproductive_frac,rna_reproductive_and_thymus_frac,rna_deflated_reproductive_frac,rna_deflated_reproductive_and_thymus_frac,Canonical_Transcript_ID,biotype,rna_80_pct_filter,rna_90_pct_filter,rna_95_pct_filter,rna_97_pct_filter,rna_98_pct_filter,rna_99_pct_filter,passes_filters,rna_max_ntpm,never_expressed,rna_testis_ntpm,rna_ovary_ntpm,rna_placenta_ntpm,rna_max_somatic_tissue,rna_max_somatic_ntpm,rna_somatic_detected_count,rna_brain_max_ntpm,rna_heart_max_ntpm,rna_lung_max_ntpm,rna_liver_max_ntpm,rna_pancreas_max_ntpm,protein_restriction,protein_testis,protein_ovary,protein_placenta,rna_restriction,rna_restriction_level,restriction,restriction_confidence,safety_flags,specificity_status,specificity_action,specificity_source_anchor,specificity_rationale
NUTM1,C15orf55;FAM22H;NUT,,cancer-testis antigen,ENSG00000184507,CTpedia;Chang2019_TGCT;Gong2021_reproductive_PC;Wang2016_CT;daSilva2017;daSilva2017_CT;daSilva2017_testis_biased,True,False,Enhanced,True,False,testis,0.9648,0.9648,1.0,1.0,ENST00000333756,protein_coding,True,True,True,True,True,True,True,19.2,False,19.2,0.0,0.0,duodenum,0.2,0,0.0,0.0,0.0,0.0,0.0,TESTIS,True,False,False,TESTIS,STRICT,TESTIS,HIGH,,canonical_default,include_default,derived:oncoref.cta.passes_filters,Derived from HPA reproductive-restriction filters and never-expressed rescue policy.
CAGE1,CT3;CT95;CTAG3;bA69L16.7,,cancer-testis antigen,ENSG00000164304,CTpedia;Chang2019_TGCT;Gong2021_reproductive_PC;Wang2016_CT;daSilva2017;daSilva2017_CT;daSilva2017_testis_biased,no data,no data,no data,True,False,no data,0.9608,0.9608,1.0,1.0,ENST00000502583,protein_coding,True,True,True,True,True,True,True,4.9,False,4.9,0.0,0.0,bone marrow,0.2,0,0.0,0.0,0.0,0.0,0.0,NO_DATA,,,,TESTIS,STRICT,TESTIS,HIGH,,canonical_default,include_default,derived:oncoref.cta.passes_filters,Derived from HPA reproductive-restriction filters and never-expressed rescue policy.
PAGE1,AL5;CT16.3;GAGE-9;GAGEB1;PAGE-1,,cancer-testis antigen,ENSG00000068985,CTexploreR_CT;CTpedia;Chang2019_TGCT;Gong2021_reproductive_PC;Loriot2025_S1;Wang2016_CT;daSilva2017;daSilva2017_CT;daSilva2017_protein;daSilva2017_testis_biased;daSilva2017_tumor_proteomics,True,False,Enhanced,True,False,testis,0.9941,0.9941,1.0,1.0,ENST00000376150,protein_coding,True,True,True,True,True,True,True,16.7,False,16.7,0.0,0.1,adipose tissue,0.0,0,0.0,0.0,0.0,0.0,0.0,TESTIS,True,False,False,TESTIS,STRICT,TESTIS,HIGH,,canonical_default,include_default,derived:oncoref.cta.passes_filters,Derived from HPA reproductive-restriction filters and never-expressed rescue policy.
PAGE2,CT16.4;GAGEC2;GAGEE2;PAGE-2,,cancer-testis antigen,ENSG00000234068,CTexploreR_CT;CTpedia;Carter2023_CT;Chang2019_TGCT;Gong2021_reproductive_PC;Loriot2025_S1;Wang2016_CT;daSilva2017;daSilva2017_CT;daSilva2017_protein;daSilva2017_testis_biased;daSilva2017_tumor_proteomics,True,False,Supported,True,False,testis,0.9088,0.9153,1.0,1.0,ENST00000374968,protein_coding,True,True,True,True,True,True,True,27.1,False,27.1,0.1,0.7,skin,0.5,0,0.2,0.0,0.0,0.1,0.0,TESTIS,True,False,False,TESTIS,STRICT,TESTIS,HIGH,,canonical_default,include_default,derived:oncoref.cta.passes_filters,Derived from HPA reproductive-restriction filters and never-expressed rescue policy.
PAGE2B,CT16.5;GAGEE3;PAGE-2B,,cancer-testis antigen,ENSG00000238269,CTexploreR_CTP;CTpedia;Chang2019_TGCT;Gong2021_reproductive_PC;Loriot2025_S2;Wang2016_CT;daSilva2017;daSilva2017_CT;daSilva2017_protein;daSilva2017_testis_biased;daSilva2017_tumor_proteomics,True,False,Supported,False,False,testis,0.8141,0.817,0.9474,0.9474,ENST00000374971,protein_coding,True,True,False,False,False,False,True,55.0,False,55.0,0.3,0.3,bone marrow,4.0,1,0.2,0.1,0.2,0.4,0.1,TESTIS,True,False,False,SOMATIC,PERMISSIVE,TESTIS,LOW,,canonical_default,include_default,derived:oncoref.cta.passes_filters,Derived from HPA reproductive-restriction filters and never-expressed rescue policy.
PAGE3,CT16.6;GAGED1;PAGE-3,,cancer-testis antigen,ENSG00000204279,CTpedia;Chang2019_TGCT;Gong2021_reproductive_PC;daSilva2017;daSilva2017_testis_biased,no data,no data,no data,True,False,no data,1.0,1.0,1.0,1.0,ENST00000374951,protein_coding,True,True,True,True,True,True,True,7.4,False,7.4,0.0,0.0,adipose tissue,0.0,0,0.0,0.0,0.0,0.0,0.0,NO_DATA,,,,TESTIS,STRICT,TESTIS,HIGH,,canonical_default,include_default,derived:oncoref.cta.passes_filters,Derived from HPA reproductive-restriction filters and never-expressed rescue policy.
PAGE5,CT16;CT16.1;CT16.2;GAGEE1;PAGE-5,,cancer-testis antigen,ENSG00000158639,CTexploreR_CT;CTpedia;Carter2023_CT;Chang2019_TGCT;Gong2021_reproductive_PC;Loriot2025_S1;Wang2016_CT;daSilva2017;daSilva2017_CT;daSilva2017_testis_biased,True,False,Supported,False,False,testis,0.8776,0.881,1.0,1.0,ENST00000374955,protein_coding,True,True,True,True,True,True,True,25.8,False,25.8,0.0,0.0,liver,1.0,1,0.1,0.0,0.0,1.0,0.0,TESTIS,True,False,False,SOMATIC,MODERATE,TESTIS,LOW,,canonical_default,include_default,derived:oncoref.cta.passes_filters,Derived from HPA reproductive-restriction filters and never-expressed rescue policy.
XAGE1A,CT12.1;CT12.1A;CT12.1B;CTP9;GAGED2;XAGE-1;XAGE1;XAGE1B,,cancer-testis antigen,ENSG00000204379,CTexploreR_CT;CTpedia;Loriot2025_S1;daSilva2017_testis_biased,no data,no data,no data,True,False,no data,0.9913,0.9913,1.0,1.0,ENST00000375602,protein_coding,True,True,True,True,True,True,True,45.7,False,45.7,0.0,0.0,adipose tissue,0.1,0,0.0,0.0,0.1,0.0,0.0,NO_DATA,,,,TESTIS,STRICT,TESTIS,HIGH,,canonical_default,include_default,derived:oncoref.cta.passes_filters,Derived from HPA reproductive-restriction filters and never-expressed rescue policy.
XAGE1B,CT12.1;CT12.1B;CT12.1C;CT12.1D;CT12.1E;CTP9;GAGED2;XAGE-1;XAGE1;XAGE1C;XAGE1D;XAGE1E,,cancer-testis antigen,ENSG00000204382,CTexploreR_CT;CTpedia;Loriot2025_S1;Seager2024_CTA;daSilva2017;daSilva2017_testis_biased,no data,no data,no data,False,False,no data,0.8791,0.8808,0.9867,0.9867,ENST00000518075,protein_coding,True,True,True,True,True,False,True,53.1,False,53.1,0.0,0.0,liver,1.5,3,0.4,0.0,1.2,1.5,0.0,NO_DATA,,,,SOMATIC,MODERATE,SOMATIC,MODERATE,,canonical_default,include_default,derived:oncoref.cta.passes_filters,Derived from HPA reproductive-restriction filters and never-expressed rescue policy.
XAGE3,CT12.3A;CT12.3B;GAGED4;PLAC6;PP9012;XAGE-3,,cancer-testis antigen,ENSG00000171402,CTpedia;Gong2021_placenta_PC;Gong2021_reproductive_PC;Wang2016_CT,True,False,Supported,False,False,placenta,0.9804,0.9804,0.9922,0.9922,ENST00000346279,protein_coding,True,True,True,True,True,True,True,368.3,False,1.3,0.0,368.3,adipose tissue,3.0,2,0.0,0.1,0.3,1.9,0.3,PLACENTAL,False,False,True,SOMATIC,MODERATE,PLACENTAL,LOW,,canonical_default,include_default,derived:oncoref.cta.passes_filters,Derived from HPA reproductive-restriction filters and never-expressed rescue policy.
XAGE5,CT12.5;GAGED5;XAGE-5,,cancer-testis antigen,ENSG00000171405,CTexploreR_CT;CTpedia;Chang2019_TGCT;Gong2021_reproductive_PC;Loriot2025_S1;Wang2016_CT;daSilva2017;daSilva2017_testis_biased,no data,no data,no data,True,False,no data,1.0,1.0,1.0,1.0,ENST00000375501,protein_coding,True,True,True,True,True,True,True,1.1,True,1.1,0.0,0.0,adipose tissue,0.0,0,0.0,0.0,0.0,0.0,0.0,NO_DATA,,,,TESTIS,STRICT,TESTIS,MODERATE,,canonical_default,include_default,derived:oncoref.cta.passes_filters,Derived from HPA reproductive-restriction filters and never-expressed rescue policy.
GAGE2A,CT4.2;GAGE-2;GAGE-2A;GAGE2,,cancer-testis antigen,ENSG00000189064,CTexploreR_CT;CTpedia;Carter2023_CT;Chang2019_TGCT;Gong2021_reproductive_PC;Jamin2021_CT;Jamin2021_core;Loriot2025_S1;Wang2016_CT;daSilva2017;daSilva2017_CT;daSilva2017_protein;daSilva2017_testis_biased;daSilva2017_tumor_proteomics,True,False,Supported,True,False,testis,0.9893,0.9893,1.0,1.0,ENST00000362097,protein_coding,True,True,True,True,True,True,True,92.6,False,92.6,0.2,0.0,retina,0.8,0,0.8,0.0,0.0,0.0,0.0,TESTIS,True,False,False,TESTIS,STRICT,TESTIS,HIGH,,canonical_default,include_default,derived:oncoref.cta.passes_filters,Derived from HPA reproductive-restriction filters and never-expressed rescue policy.
GAGE12H,,,cancer-testis antigen,ENSG00000224902,CTexploreR_CTP;CTpedia;Chang2019_TGCT;Gong2021_reproductive_PC;Jamin2021_CT;Jamin2021_core;Loriot2025_S2;daSilva2017;daSilva2017_protein;daSilva2017_testis_biased;daSilva2017_tumor_proteomics,True,False,Supported,True,False,testis,1.0,1.0,1.0,1.0,ENST00000381722,protein_coding,True,True,True,True,True,True,True,24.1,False,24.1,0.0,0.0,adipose tissue,0.0,0,0.0,0.0,0.0,0.0,0.0,TESTIS,True,False,False,TESTIS,STRICT,TESTIS,HIGH,,canonical_default,include_default,derived:oncoref.cta.passes_filters,Derived from HPA reproductive-restriction filters and never-expressed rescue policy.
GAGE12J,GAGE11,,cancer-testis antigen,ENSG00000224659,CTexploreR_CTP;CTpedia;Chang2019_TGCT;Gong2021_reproductive_PC;Jamin2021_CT;Jamin2021_core;Loriot2025_S2;Seager2024_CTA;Wang2016_CT;daSilva2017;daSilva2017_CT;daSilva2017_testis_biased,True,False,Supported,False,False,testis,0.8794,0.8794,0.9471,0.9471,ENST00000442437,protein_coding,True,True,False,False,False,False,True,22.5,False,22.5,0.1,0.0,retina,2.2,1,2.2,0.0,0.0,0.0,0.0,TESTIS,True,False,False,SOMATIC,PERMISSIVE,TESTIS,LOW,,canonical_default,include_default,derived:oncoref.cta.passes_filters,Derived from HPA reproductive-restriction filters and never-expressed rescue policy.
GAGE12E,GAGE-12B,,cancer-testis antigen,ENSG00000216649,CTexploreR_CT;CTpedia;Jamin2021_CT;Jamin2021_core;Loriot2025_S1;daSilva2017;daSilva2017_testis_biased,True,False,Supported,True,False,testis,1.0,1.0,1.0,1.0,ENST00000381698,protein_coding,True,True,True,True,True,True,True,11.0,False,11.0,0.0,0.0,adipose tissue,0.0,0,0.0,0.0,0.0,0.0,0.0,TESTIS,True,False,False,TESTIS,STRICT,TESTIS,HIGH,,canonical_default,include_default,derived:oncoref.cta.passes_filters,Derived from HPA reproductive-restriction filters and never-expressed rescue policy.
GAGE13,GAGE-12A;GAGE-13;GAGE12A,,cancer-testis antigen,ENSG00000274274,CTexploreR_CT;CTpedia;Loriot2025_S1;Seager2024_CTA;daSilva2017;daSilva2017_CT;daSilva2017_testis_biased,True,False,Supported,False,False,testis,0.9729,0.9729,0.9925,0.9925,ENST00000612958,protein_coding,True,True,True,True,True,True,True,53.6,False,53.6,0.2,0.0,retina,1.4,1,1.4,0.0,0.0,0.1,0.0,TESTIS,True,False,False,SOMATIC,MODERATE,TESTIS,LOW,,canonical_default,include_default,derived:oncoref.cta.passes_filters,Derived from HPA reproductive-restriction filters and never-expressed rescue policy.
MAGEA1,CT1.1;MAGE1,,cancer-testis antigen,ENSG00000198681,CTexploreR_CT;CTpedia;Carter2023_CT;Chang2019_TGCT;Gong2021_reproductive_PC;Jamin2021_CT;Jamin2021_core;Loriot2025_S1;Seager2024_CTA;Wang2016_CT;daSilva2017;daSilva2017_CT;daSilva2017_protein;daSilva2017_testis_biased;daSilva2017_tumor_proteomics,True,False,Enhanced,True,False,testis,1.0,1.0,1.0,1.0,ENST00000356661,protein_coding,True,True,True,True,True,True,True,4.4,False,4.4,0.0,0.0,adipose tissue,0.0,0,0.0,0.0,0.0,0.0,0.0,TESTIS,True,False,False,TESTIS,STRICT,TESTIS,HIGH,,canonical_default,include_default,derived:oncoref.cta.passes_filters,Derived from HPA reproductive-restriction filters and never-expressed rescue policy.
MAGEA2,CT1.2;MAGE2;MAGEA2A;MAGEA2B,,cancer-testis antigen,ENSG00000268606,CTexploreR_CT;CTpedia;Jamin2021_CT;Jamin2021_core;Loriot2025_S1;daSilva2017;daSilva2017_CT;daSilva2017_testis_biased,no data,no data,no data,True,False,no data,1.0,1.0,1.0,1.0,ENST00000611557,protein_coding,True,True,True,True,True,True,True,4.1,False,4.1,0.0,0.0,adipose tissue,0.0,0,0.0,0.0,0.0,0.0,0.0,NO_DATA,,,,TESTIS,STRICT,TESTIS,HIGH,,canonical_default,include_default,derived:oncoref.cta.passes_filters,Derived from HPA reproductive-restriction filters and never-expressed rescue policy.
MAGEA4,CT1.4;MAGE-41;MAGE-X2;MAGE4;MAGE4A;MAGE4B,,cancer-testis antigen,ENSG00000147381,Bruggeman2018_GC;CTexploreR_CT;CTpedia;Carter2023_CT;Chang2019_TGCT;Gong2021_reproductive_PC;Jamin2021_CT;Jamin2021_core;Loriot2025_S1;Seager2024_CTA;Wang2016_CT;daSilva2017;daSilva2017_CT;daSilva2017_protein;daSilva2017_testis_biased;daSilva2017_tumor_proteomics,True,False,Enhanced,True,False,placenta; testis,0.9562,0.9562,1.0,1.0,ENST00000682265,protein_coding,True,True,True,True,True,True,True,21.5,False,21.5,0.0,4.7,lymph node,0.6,0,0.1,0.0,0.0,0.0,0.0,REPRODUCTIVE,True,False,True,REPRODUCTIVE,STRICT,REPRODUCTIVE,HIGH,,canonical_default,include_default,derived:oncoref.cta.passes_filters,Derived from HPA reproductive-restriction filters and never-expressed rescue policy.
MAGEA6,CT1.6;MAGE-3b;MAGE3B;MAGE6,,cancer-testis antigen,ENSG00000197172,CTexploreR_CT;CTpedia;Carter2023_CT;Chang2019_TGCT;Gong2021_reproductive_PC;Jamin2021_CT;Jamin2021_core;Loriot2025_S1;Wang2016_CT;daSilva2017;daSilva2017_CT;daSilva2017_testis_biased,no data,no data,no data,True,False,no data,0.9091,0.9091,1.0,1.0,ENST00000616035,protein_coding,True,True,True,True,True,True,True,6.9,False,6.9,0.0,0.1,adipose tissue,0.2,0,0.1,0.0,0.0,0.0,0.0,NO_DATA,,,,TESTIS,STRICT,TESTIS,HIGH,,canonical_default,include_default,derived:oncoref.cta.passes_filters,Derived from HPA reproductive-restriction filters and never-expressed rescue policy.
MAGEA3,CT1.3;HIP8;HYPD;MAGE3,,cancer-testis antigen,ENSG00000221867,Bruggeman2018_GC;CTexploreR_CT;CTpedia;Carter2023_CT;Chang2019_TGCT;Gong2021_reproductive_PC;Jamin2021_CT;Jamin2021_core;Loriot2025_S1;Seager2024_CTA;Wang2016_CT;daSilva2017;daSilva2017_CT;daSilva2017_protein;daSilva2017_testis_biased;daSilva2017_tumor_proteomics,no data,no data,no data,True,False,no data,0.9759,0.9759,1.0,1.0,ENST00000598245,protein_coding,True,True,True,True,True,True,True,7.8,False,7.8,0.0,0.3,adipose tissue,0.2,0,0.0,0.0,0.0,0.0,0.0,NO_DATA,,,,TESTIS,STRICT,TESTIS,HIGH,,canonical_default,include_default,derived:oncoref.cta.passes_filters,Derived from HPA reproductive-restriction filters and never-expressed rescue policy.
MAGEA9,CT1.9;MAGE9,,cancer-testis antigen,ENSG00000123584,CTexploreR_CT;CTpedia;Gong2021_reproductive_PC;Jamin2021_CT;Loriot2025_S1;Wang2016_CT;daSilva2017;daSilva2017_testis_biased,no data,no data,no data,True,False,no data,1.0,1.0,1.0,1.0,ENST00000243314,protein_coding,True,True,True,True,True,True,True,3.6,False,3.6,0.0,0.0,adipose tissue,0.0,0,0.0,0.0,0.0,0.0,0.0,NO_DATA,,,,TESTIS,STRICT,TESTIS,HIGH,,canonical_default,include_default,derived:oncoref.cta.passes_filters,Derived from HPA reproductive-restriction filters and never-expressed rescue policy.
MAGEA9B,,,cancer-testis antigen,ENSG00000267978,CTexploreR_CT;CTpedia;Gong2021_reproductive_PC;Jamin2021_CT;Loriot2025_S1;daSilva2017;daSilva2017_CT;daSilva2017_testis_biased,no data,no data,no data,True,False,no data,0.9346,0.9346,1.0,1.0,ENST00000595065,protein_coding,True,True,True,True,True,True,True,9.7,False,9.7,0.0,0.3,adipose tissue,0.2,0,0.0,0.0,0.0,0.0,0.0,NO_DATA,,,,TESTIS,STRICT,TESTIS,HIGH,,canonical_default,include_default,derived:oncoref.cta.passes_filters,Derived from HPA reproductive-restriction filters and never-expressed rescue policy.
MAGEA10,CT1.10;MAGE10,,cancer-testis antigen,ENSG00000124260,CTexploreR_CT;CTpedia;Carter2023_CT;Chang2019_TGCT;Gong2021_placenta_PC;Gong2021_reproductive_PC;Jamin2021_CT;Jamin2021_core;Loriot2025_S1;Seager2024_CTA;Wang2016_CT,True,False,Approved,True,False,placenta; testis,0.8529,0.8529,1.0,1.0,ENST00000370323,protein_coding,True,True,True,True,True,True,True,9.1,False,2.5,0.0,9.1,skin,0.4,0,0.1,0.0,0.0,0.0,0.0,REPRODUCTIVE,True,False,True,REPRODUCTIVE,STRICT,REPRODUCTIVE,HIGH,,canonical_default,include_default,derived:oncoref.cta.passes_filters,Derived from HPA reproductive-restriction filters and never-expressed rescue policy.
MAGEB1,CT3.1;DAM10;MAGE-Xp;MAGEL1,,cancer-testis antigen,ENSG00000214107,Bruggeman2018_GC;CTexploreR_CT;CTpedia;Carter2023_CT;Chang2019_TGCT;Gong2021_reproductive_PC;Loriot2025_S1;Wang2016_CT;daSilva2017;daSilva2017_CT;daSilva2017_testis_biased,True,False,Enhanced,True,False,testis,0.9677,0.9677,1.0,1.0,ENST00000378981,protein_coding,True,True,True,True,True,True,True,15.0,False,15.0,0.0,0.0,adipose tissue,0.0,0,0.0,0.0,0.0,0.0,0.0,TESTIS,True,False,False,TESTIS,STRICT,TESTIS,HIGH,,canonical_default,include_default,derived:oncoref.cta.passes_filters,Derived from HPA reproductive-restriction filters and never-expressed rescue policy.
MAGEB2,CT3.2;DAM6;MAGE-XP-2,,cancer-testis antigen,ENSG00000099399,Bruggeman2018_GC;CTexploreR_CT;CTpedia;Carter2023_CT;Chang2019_TGCT;Gong2021_reproductive_PC;Jamin2021_CT;Jamin2021_core;Loriot2025_S1;Wang2016_CT;daSilva2017;daSilva2017_CT;daSilva2017_testis_biased,True,False,Enhanced,True,False,testis,0.9932,0.9932,1.0,1.0,ENST00000378988,protein_coding,True,True,True,True,True,True,True,28.2,False,28.2,0.4,0.4,lung,0.1,0,0.0,0.0,0.1,0.0,0.0,TESTIS,True,False,False,TESTIS,STRICT,TESTIS,HIGH,,canonical_default,include_default,derived:oncoref.cta.passes_filters,Derived from HPA reproductive-restriction filters and never-expressed rescue policy.
MAGEB16,,,cancer-testis antigen,ENSG00000189023,CTexploreR_CT;CTpedia;Chang2019_TGCT;Gong2021_reproductive_PC;Loriot2025_S1;Wang2016_CT;daSilva2017;daSilva2017_CT;daSilva2017_protein;daSilva2017_testis_biased;daSilva2017_tumor_proteomics,no data,no data,no data,True,False,no data,1.0,1.0,1.0,1.0,ENST00000399988,protein_coding,True,True,True,True,True,True,True,3.1,False,3.1,0.0,0.0,adipose tissue,0.0,0,0.0,0.0,0.0,0.0,0.0,NO_DATA,,,,TESTIS,STRICT,TESTIS,HIGH,,canonical_default,include_default,derived:oncoref.cta.passes_filters,Derived from HPA reproductive-restriction filters and never-expressed rescue policy.
MAGEB18,,,cancer-testis antigen,ENSG00000176774,CTpedia;Gong2021_reproductive_PC;Wang2016_CT;daSilva2017;daSilva2017_CT;daSilva2017_protein;daSilva2017_testis_biased;daSilva2017_tumor_proteomics,True,False,Enhanced,True,False,testis,1.0,1.0,1.0,1.0,ENST00000325250,protein_coding,True,True,True,True,True,True,True,0.7,False,0.7,0.0,0.0,adipose tissue,0.0,0,0.0,0.0,0.0,0.0,0.0,TESTIS,True,False,False,NO_DATA,STRICT,TESTIS,HIGH,,canonical_default,include_default,derived:oncoref.cta.passes_filters,Derived from HPA reproductive-restriction filters and never-expressed rescue policy.
MAGEC1,CT7;CT7.1,,cancer-testis antigen,ENSG00000155495,CTexploreR_CT;CTpedia;Carter2023_CT;Chang2019_TGCT;Gong2021_reproductive_PC;Loriot2025_S1;Wang2016_CT;daSilva2017;daSilva2017_CT;daSilva2017_protein;daSilva2017_testis_biased;daSilva2017_tumor_proteomics,True,False,Enhanced,True,False,testis,0.9861,0.9861,1.0,1.0,ENST00000285879,protein_coding,True,True,True,True,True,True,True,7.1,False,7.1,0.0,0.0,spleen,0.1,0,0.0,0.0,0.0,0.0,0.0,TESTIS,True,False,False,TESTIS,STRICT,TESTIS,HIGH,,canonical_default,include_default,derived:oncoref.cta.passes_filters,Derived from HPA reproductive-restriction filters and never-expressed rescue policy.
MAGEC2,CT10;HCA587;MAGEE1,,cancer-testis antigen,ENSG00000046774,CTexploreR_CT;CTpedia;Carter2023_CT;Chang2019_TGCT;Gong2021_reproductive_PC;Loriot2025_S1;Seager2024_CTA;Wang2016_CT;daSilva2017;daSilva2017_CT;daSilva2017_protein;daSilva2017_testis_biased;daSilva2017_tumor_proteomics,True,False,Enhanced,True,False,testis,1.0,1.0,1.0,1.0,ENST00000247452,protein_coding,True,True,True,True,True,True,True,19.0,False,19.0,0.0,0.0,adipose tissue,0.0,0,0.0,0.0,0.0,0.0,0.0,TESTIS,True,False,False,TESTIS,STRICT,TESTIS,HIGH,,canonical_default,include_default,derived:oncoref.cta.passes_filters,Derived from HPA reproductive-restriction filters and never-expressed rescue policy.
DAZ1,DAZ;SPGY,,cancer-testis antigen,ENSG00000188120,CTpedia;Jamin2021_CT;Jamin2021_core;daSilva2017;daSilva2017_CT;daSilva2017_testis_biased,True,False,Supported,True,False,testis,0.9091,0.9091,1.0,1.0,ENST00000405239,protein_coding,True,True,True,True,True,True,True,2.0,False,2.0,0.0,0.0,stomach,0.2,0,0.0,0.0,0.0,0.0,0.0,TESTIS,True,False,False,TESTIS,STRICT,TESTIS,HIGH,,canonical_default,include_default,derived:oncoref.cta.passes_filters,Derived from HPA reproductive-restriction filters and never-expressed rescue policy.
DAZ3,pDP1679,,cancer-testis antigen,ENSG00000187191,CTpedia;Jamin2021_CT;Jamin2021_core;daSilva2017;daSilva2017_CT;daSilva2017_testis_biased,True,False,Approved,True,False,testis,0.6087,0.6087,1.0,1.0,ENST00000446723,protein_coding,True,True,True,True,True,True,True,1.4,False,1.4,0.0,0.0,stomach,0.6,0,0.0,0.0,0.0,0.0,0.0,TESTIS,True,False,False,TESTIS,STRICT,TESTIS,HIGH,,canonical_default,include_default,derived:oncoref.cta.passes_filters,Derived from HPA reproductive-restriction filters and never-expressed rescue policy.
DAZL,DAZH;DAZL1;DAZLA;SPGYLA,,cancer-testis antigen,ENSG00000092345,CTpedia;Carter2023_CT;Chang2019_TGCT;Gong2021_reproductive_PC;Jamin2021_CT;Jamin2021_core;Wang2016_CT;daSilva2017;daSilva2017_CT;daSilva2017_testis_biased,True,False,Enhanced,True,False,testis,0.9664,0.9664,1.0,1.0,ENST00000454457,protein_coding,True,True,True,True,True,True,True,77.3,False,77.3,0.3,0.0,tonsil,0.9,0,0.0,0.0,0.0,0.0,0.0,TESTIS,True,False,False,TESTIS,STRICT,TESTIS,HIGH,,canonical_default,include_default,derived:oncoref.cta.passes_filters,Derived from HPA reproductive-restriction filters and never-expressed rescue policy.
SPANXA1,CT11.1;CT11.3;NAP-X;SPAN-X;SPAN-Xa;SPAN-Xb;SPANX;SPANX-A,,cancer-testis antigen,ENSG00000198021,CTpedia;Jamin2021_CT;Jamin2021_core;daSilva2017;daSilva2017_testis_biased,True,False,Supported,True,False,testis,1.0,1.0,1.0,1.0,ENST00000370519,protein_coding,True,True,True,True,True,True,True,14.5,False,14.5,0.0,0.0,adipose tissue,0.0,0,0.0,0.0,0.0,0.0,0.0,TESTIS,True,False,False,TESTIS,STRICT,TESTIS,HIGH,,canonical_default,include_default,derived:oncoref.cta.passes_filters,Derived from HPA reproductive-restriction filters and never-expressed rescue policy.
SPANXA2,CT11.1;SPANX;SPANX-A;SPANXA,,cancer-testis antigen,ENSG00000203926,CTpedia;Jamin2021_CT;Jamin2021_core;Wang2016_CT;daSilva2017;daSilva2017_CT;daSilva2017_testis_biased,True,False,Supported,True,False,testis,1.0,1.0,1.0,1.0,ENST00000370518,protein_coding,True,True,True,True,True,True,True,19.3,False,19.3,0.0,0.0,adipose tissue,0.0,0,0.0,0.0,0.0,0.0,0.0,TESTIS,True,False,False,TESTIS,STRICT,TESTIS,HIGH,,canonical_default,include_default,derived:oncoref.cta.passes_filters,Derived from HPA reproductive-restriction filters and never-expressed rescue policy.
SPANXB1,B1;CT11.2;SPANX-B;SPANXB;SPANXB2;SPANXF1;SPANXF2,,cancer-testis antigen,ENSG00000227234,CTexploreR_CT;CTpedia;Gong2021_reproductive_PC;Jamin2021_CT;Jamin2021_core;Loriot2025_S1;daSilva2017;daSilva2017_protein;daSilva2017_testis_biased;daSilva2017_tumor_proteomics,True,False,Supported,False,False,testis,0.9785,0.9785,1.0,1.0,ENST00000449283,protein_coding,True,True,True,True,True,True,True,86.3,False,86.3,0.0,0.0,tongue,1.0,1,0.0,0.0,0.0,0.0,0.0,TESTIS,True,False,False,SOMATIC,MODERATE,TESTIS,LOW,,canonical_default,include_default,derived:oncoref.cta.passes_filters,Derived from HPA reproductive-restriction filters and never-expressed rescue policy.
SPANXC,CT11.3;CTp11;SPANX-C;SPANX-E;SPANXE,,cancer-testis antigen,ENSG00000198573,CTexploreR_CT;CTpedia;Carter2023_CT;Chang2019_TGCT;Gong2021_reproductive_PC;Jamin2021_CT;Jamin2021_core;Loriot2025_S1;Wang2016_CT;daSilva2017;daSilva2017_CT;daSilva2017_protein;daSilva2017_testis_biased;daSilva2017_tumor_proteomics,True,False,Supported,True,False,testis,1.0,1.0,1.0,1.0,ENST00000358993,protein_coding,True,True,True,True,True,True,True,30.2,False,30.2,0.0,0.0,adipose tissue,0.0,0,0.0,0.0,0.0,0.0,0.0,TESTIS,True,False,False,TESTIS,STRICT,TESTIS,HIGH,,canonical_default,include_default,derived:oncoref.cta.passes_filters,Derived from HPA reproductive-restriction filters and never-expressed rescue policy.
SPANXD,CT11.4;SPANX-D;SPANX-E;SPANXE;dJ171K16.1,,cancer-testis antigen,ENSG00000196406,CTexploreR_CT;CTpedia;Carter2023_CT;Chang2019_TGCT;Gong2021_reproductive_PC;Loriot2025_S1;daSilva2017;daSilva2017_protein;daSilva2017_testis_biased;daSilva2017_tumor_proteomics,True,False,Supported,True,False,testis,1.0,1.0,1.0,1.0,ENST00000370515,protein_coding,True,True,True,True,True,True,True,22.6,False,22.6,0.0,0.0,adipose tissue,0.0,0,0.0,0.0,0.0,0.0,0.0,TESTIS,True,False,False,TESTIS,STRICT,TESTIS,HIGH,,canonical_default,include_default,derived:oncoref.cta.passes_filters,Derived from HPA reproductive-restriction filters and never-expressed rescue policy.
SPANXN1,CT11.6,,cancer-testis antigen,ENSG00000203923,CTpedia;Chang2019_TGCT;Gong2021_reproductive_PC;daSilva2017;daSilva2017_testis_biased,no data,no data,no data,True,False,no data,1.0,1.0,1.0,1.0,ENST00000370493,protein_coding,True,True,True,True,True,True,True,1.4,True,1.4,0.0,0.0,adipose tissue,0.0,0,0.0,0.0,0.0,0.0,0.0,NO_DATA,,,,TESTIS,STRICT,TESTIS,MODERATE,,canonical_default,include_default,derived:oncoref.cta.passes_filters,Derived from HPA reproductive-restriction filters and never-expressed rescue policy.
SPANXN2,CT11.7;SPANX-N2,,cancer-testis antigen,ENSG00000268988,CTpedia;Gong2021_reproductive_PC;daSilva2017;daSilva2017_testis_biased,no data,no data,no data,True,False,no data,1.0,1.0,1.0,1.0,ENST00000598475,protein_coding,True,True,True,True,True,True,True,3.4,False,3.4,0.0,0.0,adipose tissue,0.0,0,0.0,0.0,0.0,0.0,0.0,NO_DATA,,,,TESTIS,STRICT,TESTIS,HIGH,,canonical_default,include_default,derived:oncoref.cta.passes_filters,Derived from HPA reproductive-restriction filters and never-expressed rescue policy.
SPANXN3,CT11.8;SPANX-N3,,cancer-testis antigen,ENSG00000189252,CTpedia;Chang2019_TGCT;Gong2021_reproductive_PC;Wang2016_CT;daSilva2017;daSilva2017_testis_biased,no data,no data,no data,True,False,no data,0.9734,0.9734,1.0,1.0,ENST00000370503,protein_coding,True,True,True,True,True,True,True,47.6,False,47.6,0.0,0.0,duodenum,0.8,0,0.0,0.0,0.0,0.0,0.0,NO_DATA,,,,TESTIS,STRICT,TESTIS,HIGH,,canonical_default,include_default,derived:oncoref.cta.passes_filters,Derived from HPA reproductive-restriction filters and never-expressed rescue policy.
SPANXN4,CT11.9,,cancer-testis antigen,ENSG00000189326,CTpedia;Gong2021_reproductive_PC;daSilva2017;daSilva2017_testis_biased,no data,no data,no data,True,False,no data,1.0,1.0,1.0,1.0,ENST00000370504,protein_coding,True,True,True,True,True,True,True,25.2,False,25.2,0.0,0.0,adipose tissue,0.0,0,0.0,0.0,0.0,0.0,0.0,NO_DATA,,,,TESTIS,STRICT,TESTIS,HIGH,,canonical_default,include_default,derived:oncoref.cta.passes_filters,Derived from HPA reproductive-restriction filters and never-expressed rescue policy.
SPANXN5,CT11.10;SPANX-N5,,cancer-testis antigen,ENSG00000204363,CTpedia;Chang2019_TGCT;Gong2021_reproductive_PC;Wang2016_CT;daSilva2017;daSilva2017_testis_biased,no data,no data,no data,True,False,no data,1.0,1.0,1.0,1.0,ENST00000375511,protein_coding,True,True,True,True,True,True,True,16.1,False,16.1,0.0,0.1,adipose tissue,0.0,0,0.0,0.0,0.0,0.0,0.0,NO_DATA,,,,TESTIS,STRICT,TESTIS,HIGH,,canonical_default,include_default,derived:oncoref.cta.passes_filters,Derived from HPA reproductive-restriction filters and never-expressed rescue policy.
ODF1,CT133;HSPB10;ODF;ODF27;ODFP;ODFPG;ODFPGA;ODFPGB;RT7;SODF,,cancer-testis antigen,ENSG00000155087,CTpedia;Chang2019_TGCT;Gong2021_reproductive_PC;daSilva2017;daSilva2017_CT;daSilva2017_protein;daSilva2017_testis_biased;daSilva2017_tumor_proteomics,True,False,Approved,True,False,testis,0.9915,0.9915,1.0,1.0,ENST00000285402,protein_coding,True,True,True,True,True,True,True,386.0,False,386.0,0.0,0.0,basal ganglia,0.7,0,0.7,0.0,0.0,0.1,0.1,TESTIS,True,False,False,TESTIS,STRICT,TESTIS,HIGH,,canonical_default,include_default,derived:oncoref.cta.passes_filters,Derived from HPA reproductive-restriction filters and never-expressed rescue policy.
ODF3,CIMAP1A;CT135;SHIPPO1;TISP50,,cancer-testis antigen,ENSG00000177947,CTpedia;Carter2023_CT;Chang2019_TGCT;Gong2021_reproductive_PC;Wang2016_CT;daSilva2017;daSilva2017_CT;daSilva2017_testis_biased,True,False,Enhanced,True,False,testis,0.9579,0.9579,1.0,1.0,ENST00000325113,protein_coding,True,True,True,True,True,True,True,9.1,False,9.1,0.0,0.0,retina,0.4,0,0.4,0.0,0.0,0.0,0.0,TESTIS,True,False,False,TESTIS,STRICT,TESTIS,HIGH,,canonical_default,include_default,derived:oncoref.cta.passes_filters,Derived from HPA reproductive-restriction filters and never-expressed rescue policy.
ODF4,CT134;CT136;OPPO1,,cancer-testis antigen,ENSG00000184650,CTpedia;Chang2019_TGCT;Gong2021_reproductive_PC;Wang2016_CT;daSilva2017;daSilva2017_CT;daSilva2017_protein;daSilva2017_testis_biased;daSilva2017_tumor_proteomics,True,False,Enhanced,True,False,testis,1.0,1.0,1.0,1.0,ENST00000328248,protein_coding,True,True,True,True,True,True,True,12.7,False,12.7,0.0,0.0,adipose tissue,0.0,0,0.0,0.0,0.0,0.0,0.0,TESTIS,True,False,False,TESTIS,STRICT,TESTIS,HIGH,,canonical_default,include_default,derived:oncoref.cta.passes_filters,Derived from HPA reproductive-restriction filters and never-expressed rescue policy.
SPAM1,HEL-S-96n;HYA1;HYAL5;PH-20;PH20;SPAG15,,cancer-testis antigen,ENSG00000106304,CTpedia;Chang2019_TGCT;Gong2021_reproductive_PC;Wang2016_CT;daSilva2017;daSilva2017_CT;daSilva2017_testis_biased,True,False,Enhanced,True,False,testis,0.9444,0.9444,1.0,1.0,ENST00000340011,protein_coding,True,True,True,True,True,True,True,16.9,False,16.9,0.0,0.1,duodenum,0.4,0,0.0,0.0,0.0,0.0,0.0,TESTIS,True,False,False,TESTIS,STRICT,TESTIS,HIGH,,canonical_default,include_default,derived:oncoref.cta.passes_filters,Derived from HPA reproductive-restriction filters and never-expressed rescue policy.
SPATA4,CFAP178;FAP178;SPEF1B;TSARG2,,cancer-testis antigen,ENSG00000150628,CTexploreR_CTP;CTpedia;Chang2019_TGCT;Gong2021_reproductive_PC;Loriot2025_S2;Wang2016_CT;daSilva2017;daSilva2017_CT;daSilva2017_testis_biased,True,False,Enhanced,False,False,testis,0.8028,0.8028,0.9057,0.9057,ENST00000280191,protein_coding,True,True,False,False,False,False,True,135.4,False,135.4,0.2,0.0,kidney,2.2,8,2.2,0.4,1.1,0.0,0.4,TESTIS,True,False,False,SOMATIC,PERMISSIVE,TESTIS,LOW,,canonical_default,include_default,derived:oncoref.cta.passes_filters,Derived from HPA reproductive-restriction filters and never-expressed rescue policy.
SPATA12,SRG5,,cancer-testis antigen,ENSG00000186451,CTpedia;Carter2023_CT;Chang2019_TGCT;Gong2021_reproductive_PC;Wang2016_CT;daSilva2017;daSilva2017_CT;daSilva2017_testis_biased,True,False,Enhanced,True,False,testis,0.9005,0.9005,1.0,1.0,ENST00000334325,protein_coding,True,True,True,True,True,True,True,19.9,False,19.9,0.0,0.0,adrenal gland,0.3,0,0.0,0.0,0.3,0.0,0.0,TESTIS,True,False,False,TESTIS,STRICT,TESTIS,HIGH,,canonical_default,include_default,derived:oncoref.cta.passes_filters,Derived from HPA reproductive-restriction filters and never-expressed rescue policy.
SPATA16,NYD-SP12;SPGF6,,cancer-testis antigen,ENSG00000144962,CTpedia;Chang2019_TGCT;Gong2021_reproductive_PC;Wang2016_CT;daSilva2017;daSilva2017_CT;daSilva2017_testis_biased,True,False,Enhanced,True,False,testis,1.0,1.0,1.0,1.0,ENST00000351008,protein_coding,True,True,True,True,True,True,True,57.8,False,57.8,0.0,0.0,adipose tissue,0.0,0,0.0,0.0,0.0,0.0,0.0,TESTIS,True,False,False,TESTIS,STRICT,TESTIS,HIGH,,canonical_default,include_default,derived:oncoref.cta.passes_filters,Derived from HPA reproductive-restriction filters and never-expressed rescue policy.
SPATA19,CT132;SPAS1;spergen1,,cancer-testis antigen,ENSG00000166118,CTpedia;Chang2019_TGCT;Gong2021_reproductive_PC;Wang2016_CT;daSilva2017;daSilva2017_CT;daSilva2017_testis_biased,True,False,Enhanced,True,False,testis,0.9909,0.9909,1.0,1.0,ENST00000299140,protein_coding,True,True,True,True,True,True,True,130.9,False,130.9,0.0,0.0,choroid plexus,0.2,0,0.2,0.2,0.0,0.0,0.0,TESTIS,True,False,False,TESTIS,STRICT,TESTIS,HIGH,,canonical_default,include_default,derived:oncoref.cta.passes_filters,Derived from HPA reproductive-restriction filters and never-expressed rescue policy.
SPATA22,NYD-SP20;NYDSP20;POF25;SPGF96,,cancer-testis antigen,ENSG00000141255,CTexploreR_CTP;CTpedia;Chang2019_TGCT;Gong2021_reproductive_PC;Loriot2025_S2;Wang2016_CT;daSilva2017;daSilva2017_CT;daSilva2017_protein;daSilva2017_testis_biased;daSilva2017_tumor_proteomics,no data,no data,no data,False,False,no data,0.9213,0.9217,0.9921,0.9921,ENST00000541913,protein_coding,True,True,True,True,True,True,True,223.4,False,223.4,0.2,3.4,parathyroid gland,2.7,3,1.1,0.4,0.3,0.2,0.2,NO_DATA,,,,SOMATIC,MODERATE,SOMATIC,MODERATE,,canonical_default,include_default,derived:oncoref.cta.passes_filters,Derived from HPA reproductive-restriction filters and never-expressed rescue policy.
SPATA31E1,C9orf79;FAM75E1,,cancer-testis antigen,ENSG00000177992,CTpedia;Chang2019_TGCT;Gong2021_reproductive_PC;Wang2016_CT;daSilva2017;daSilva2017_CT;daSilva2017_testis_biased,True,False,Enhanced,True,False,testis,1.0,1.0,1.0,1.0,ENST00000325643,protein_coding,True,True,True,True,True,True,True,7.3,False,7.3,0.0,0.0,adipose tissue,0.0,0,0.0,0.0,0.0,0.0,0.0,TESTIS,True,False,False,TESTIS,STRICT,TESTIS,HIGH,,canonical_default,include_default,derived:oncoref.cta.passes_filters,Derived from HPA reproductive-restriction filters and never-expressed rescue policy.
SPATA31A1,C9orf36;C9orf36A;FAM75A1;FAM75A2;SPATA31A2,,cancer-testis antigen,ENSG00000204849,CTpedia;Gong2021_reproductive_PC;daSilva2017;daSilva2017_testis_biased,no data,no data,no data,True,False,no data,1.0,1.0,1.0,1.0,ENST00000377647,protein_coding,True,True,True,True,True,True,True,8.7,False,8.7,0.0,0.0,adipose tissue,0.0,0,0.0,0.0,0.0,0.0,0.0,NO_DATA,,,,TESTIS,STRICT,TESTIS,HIGH,,canonical_default,include_default,derived:oncoref.cta.passes_filters,Derived from HPA reproductive-restriction filters and never-expressed rescue policy.
SPATA31A3,FAM75A3,,cancer-testis antigen,ENSG00000275969,CTpedia;Gong2021_reproductive_PC;daSilva2017;daSilva2017_CT;daSilva2017_testis_biased,no data,no data,no data,True,False,no data,1.0,1.0,1.0,1.0,ENST00000428649,protein_coding,True,True,True,True,True,True,True,4.6,False,4.6,0.0,0.0,adipose tissue,0.0,0,0.0,0.0,0.0,0.0,0.0,NO_DATA,,,,TESTIS,STRICT,TESTIS,HIGH,,canonical_default,include_default,derived:oncoref.cta.passes_filters,Derived from HPA reproductive-restriction filters and never-expressed rescue policy.
SPATA31A5,FAM75A5,,cancer-testis antigen,ENSG00000276581,CTpedia;daSilva2017;daSilva2017_CT;daSilva2017_testis_biased,no data,no data,no data,True,False,no data,1.0,1.0,1.0,1.0,ENST00000437823,protein_coding,True,True,True,True,True,True,True,1.0,True,1.0,0.0,0.0,adipose tissue,0.0,0,0.0,0.0,0.0,0.0,0.0,NO_DATA,,,,TESTIS,STRICT,TESTIS,MODERATE,,canonical_default,include_default,derived:oncoref.cta.passes_filters,Derived from HPA reproductive-restriction filters and never-expressed rescue policy.
SPATA31A6,FAM75A6,,cancer-testis antigen,ENSG00000185775,CTpedia;Gong2021_reproductive_PC;Wang2016_CT;daSilva2017;daSilva2017_CT;daSilva2017_testis_biased,no data,no data,no data,True,False,no data,1.0,1.0,1.0,1.0,ENST00000332857,protein_coding,True,True,True,True,True,True,True,1.9,True,1.9,0.0,0.0,adipose tissue,0.0,0,0.0,0.0,0.0,0.0,0.0,NO_DATA,,,,TESTIS,STRICT,TESTIS,MODERATE,,canonical_default,include_default,derived:oncoref.cta.passes_filters,Derived from HPA reproductive-restriction filters and never-expressed rescue policy.
SPATA31A7,AEP1;C9orf36;C9orf36A;FAM75A4;FAM75A7;SPATA31A4,,cancer-testis antigen,ENSG00000276040,CTpedia;daSilva2017;daSilva2017_testis_biased,no data,no data,no data,True,False,no data,1.0,1.0,1.0,1.0,ENST00000619167,protein_coding,True,True,True,True,True,True,True,2.8,False,2.8,0.0,0.0,adipose tissue,0.0,0,0.0,0.0,0.0,0.0,0.0,NO_DATA,,,,TESTIS,STRICT,TESTIS,HIGH,,canonical_default,include_default,derived:oncoref.cta.passes_filters,Derived from HPA reproductive-restriction filters and never-expressed rescue policy.
SPATA31D3,FAM75D3,,cancer-testis antigen,ENSG00000186788,CTpedia;Gong2021_reproductive_PC;daSilva2017;daSilva2017_testis_biased,no data,no data,no data,True,False,no data,1.0,1.0,1.0,1.0,ENST00000445385,protein_coding,True,True,True,True,True,True,True,7.8,False,7.8,0.0,0.0,adipose tissue,0.0,0,0.0,0.0,0.0,0.0,0.0,NO_DATA,,,,TESTIS,STRICT,TESTIS,HIGH,,canonical_default,include_default,derived:oncoref.cta.passes_filters,Derived from HPA reproductive-restriction filters and never-expressed rescue policy.
SPATA31D4,FAM75D4,,cancer-testis antigen,ENSG00000189357,CTpedia;Gong2021_reproductive_PC;daSilva2017;daSilva2017_CT;daSilva2017_testis_biased,no data,no data,no data,True,False,no data,1.0,1.0,1.0,1.0,ENST00000419782,protein_coding,True,True,True,True,True,True,True,5.9,False,5.9,0.0,0.0,adipose tissue,0.0,0,0.0,0.0,0.0,0.0,0.0,NO_DATA,,,,TESTIS,STRICT,TESTIS,HIGH,,canonical_default,include_default,derived:oncoref.cta.passes_filters,Derived from HPA reproductive-restriction filters and never-expressed rescue policy.
SPATA32,AEP2;C17orf46;TEX34;VAD1.2,,cancer-testis antigen,ENSG00000184361,CTpedia;Chang2019_TGCT;Gong2021_reproductive_PC;Wang2016_CT;daSilva2017;daSilva2017_CT;daSilva2017_testis_biased,True,False,Approved,True,False,testis,0.9443,0.9443,1.0,1.0,ENST00000331780,protein_coding,True,True,True,True,True,True,True,42.4,False,42.4,0.0,0.0,duodenum,0.5,0,0.0,0.0,0.1,0.0,0.1,TESTIS,True,False,False,TESTIS,STRICT,TESTIS,HIGH,,canonical_default,include_default,derived:oncoref.cta.passes_filters,Derived from HPA reproductive-restriction filters and never-expressed rescue policy.
SPACA1,SAMP32;SPGF85,,cancer-testis antigen,ENSG00000118434,CTpedia;Carter2023_CT;Chang2019_TGCT;Gong2021_reproductive_PC;Wang2016_CT;daSilva2017;daSilva2017_CT;daSilva2017_testis_biased,True,False,Enhanced,True,False,testis,0.9975,0.9975,1.0,1.0,ENST00000237201,protein_coding,True,True,True,True,True,True,True,40.7,False,40.7,0.0,0.0,kidney,0.1,0,0.0,0.0,0.0,0.0,0.0,TESTIS,True,False,False,TESTIS,STRICT,TESTIS,HIGH,,canonical_default,include_default,derived:oncoref.cta.passes_filters,Derived from HPA reproductive-restriction filters and never-expressed rescue policy.
SPACA3,ALLP17;CT54;LYC3;LYZC;LYZL3;SLLP1,,cancer-testis antigen,ENSG00000141316,CTexploreR_CTP;CTpedia;Chang2019_TGCT;Gong2021_reproductive_PC;Loriot2025_S2;Wang2016_CT;daSilva2017;daSilva2017_CT;daSilva2017_testis_biased,True,False,Enhanced,False,False,testis,0.826,0.826,0.8573,0.8573,ENST00000580599,protein_coding,True,False,False,False,False,False,True,121.8,False,121.8,0.1,0.1,pancreas,20.3,2,1.8,0.0,0.0,0.1,20.3,TESTIS,True,False,False,SOMATIC,PERMISSIVE,TESTIS,LOW,pancreas,canonical_default,include_default,derived:oncoref.cta.passes_filters,Derived from HPA reproductive-restriction filters and never-expressed rescue policy.
CATSPERD,TMEM146,,cancer-testis antigen,ENSG00000174898,CTpedia;Gong2021_reproductive_PC;daSilva2017;daSilva2017_CT;daSilva2017_testis_biased,True,False,Enhanced,True,False,testis,1.0,1.0,1.0,1.0,ENST00000381624,protein_coding,True,True,True,True,True,True,True,8.4,False,8.4,0.0,0.0,adipose tissue,0.0,0,0.0,0.0,0.0,0.0,0.0,TESTIS,True,False,False,TESTIS,STRICT,TESTIS,HIGH,,canonical_default,include_default,derived:oncoref.cta.passes_filters,Derived from HPA reproductive-restriction filters and never-expressed rescue policy.
CATSPER4,,,cancer-testis antigen,ENSG00000188782,CTpedia;Chang2019_TGCT;Gong2021_reproductive_PC;daSilva2017;daSilva2017_testis_biased,True,False,Enhanced,True,False,testis,0.982,0.982,1.0,1.0,ENST00000456354,protein_coding,True,True,True,True,True,True,True,10.9,False,10.9,0.0,0.0,skeletal muscle,0.2,0,0.0,0.0,0.0,0.0,0.0,TESTIS,True,False,False,TESTIS,STRICT,TESTIS,HIGH,,canonical_default,include_default,derived:oncoref.cta.passes_filters,Derived from HPA reproductive-restriction filters and never-expressed rescue policy.
CTAG1A,CT6.1;ESO1;LAGE-2;LAGE2A;NY-ESO-1,,cancer-testis antigen,ENSG00000268651,CTexploreR_CT;CTpedia;Jamin2021_CT;Jamin2021_core;Loriot2025_S1;daSilva2017;daSilva2017_protein;daSilva2017_testis_biased;daSilva2017_tumor_proteomics,True,False,Enhanced,True,False,testis,0.9878,0.9878,1.0,1.0,ENST00000593606,protein_coding,True,True,True,True,True,True,True,8.1,False,8.1,0.0,0.0,skin,0.1,0,0.0,0.0,0.0,0.0,0.0,TESTIS,True,False,False,TESTIS,STRICT,TESTIS,HIGH,,canonical_default,include_default,derived:oncoref.cta.passes_filters,Derived from HPA reproductive-restriction filters and never-expressed rescue policy.
CTAG1B,CT6.1;CTAG;CTAG1;ESO1;LAGE-2;LAGE2B;NY-ESO-1,,cancer-testis antigen,ENSG00000184033,CTexploreR_CT;CTpedia;Jamin2021_CT;Jamin2021_core;Loriot2025_S1;Seager2024_CTA;Wang2016_CT;daSilva2017;daSilva2017_CT;daSilva2017_testis_biased,True,False,Enhanced,True,False,testis,0.9367,0.9367,1.0,1.0,ENST00000328435,protein_coding,True,True,True,True,True,True,True,7.4,False,7.4,0.0,0.0,cerebellum,0.2,0,0.2,0.0,0.0,0.0,0.0,TESTIS,True,False,False,TESTIS,STRICT,TESTIS,HIGH,,canonical_default,include_default,derived:oncoref.cta.passes_filters,Derived from HPA reproductive-restriction filters and never-expressed rescue policy.
CTAGE1,CT21.1;CT21.2;CTAGE;CTAGE-1;CTAGE-2,,cancer-testis antigen,ENSG00000212710,CTpedia;Gong2021_reproductive_PC;daSilva2017;daSilva2017_CT;daSilva2017_protein;daSilva2017_testis_biased;daSilva2017_tumor_proteomics,no data,no data,no data,True,False,no data,1.0,1.0,1.0,1.0,ENST00000391403,protein_coding,True,True,True,True,True,True,True,10.0,False,10.0,0.0,0.0,adipose tissue,0.0,0,0.0,0.0,0.0,0.0,0.0,NO_DATA,,,,TESTIS,STRICT,TESTIS,HIGH,,canonical_default,include_default,derived:oncoref.cta.passes_filters,Derived from HPA reproductive-restriction filters and never-expressed rescue policy.
CTAGE6,CTAGE6P,,cancer-testis antigen,ENSG00000271321,CTpedia;Gong2021_reproductive_PC;daSilva2017;daSilva2017_CT;daSilva2017_testis_biased,no data,no data,no data,True,False,no data,0.9527,0.9527,1.0,1.0,ENST00000470691,protein_coding,True,True,True,True,True,True,True,14.0,False,14.0,0.1,0.0,esophagus,0.2,0,0.0,0.0,0.1,0.0,0.0,NO_DATA,,,,TESTIS,STRICT,TESTIS,HIGH,,canonical_default,include_default,derived:oncoref.cta.passes_filters,Derived from HPA reproductive-restriction filters and never-expressed rescue policy.
CTAGE9,,,cancer-testis antigen,ENSG00000236761,CTpedia;Carter2023_CT;Gong2021_reproductive_PC;daSilva2017;daSilva2017_CT;daSilva2017_testis_biased,no data,no data,no data,True,False,no data,0.9,0.9,1.0,1.0,ENST00000314099,protein_coding,True,True,True,True,True,True,True,8.1,False,8.1,0.0,0.0,salivary gland,0.2,0,0.0,0.0,0.0,0.0,0.0,NO_DATA,,,,TESTIS,STRICT,TESTIS,HIGH,,canonical_default,include_default,derived:oncoref.cta.passes_filters,Derived from HPA reproductive-restriction filters and never-expressed rescue policy.
SSX1,CT5.1;SPGFX5;SSRC,,cancer-testis antigen,ENSG00000126752,CTexploreR_CT;CTpedia;Chang2019_TGCT;Gong2021_reproductive_PC;Jamin2021_CT;Loriot2025_S1;Wang2016_CT;daSilva2017;daSilva2017_CT;daSilva2017_protein;daSilva2017_testis_biased;daSilva2017_tumor_proteomics,True,False,Supported,True,False,testis,0.9,0.9,1.0,1.0,ENST00000376919,protein_coding,True,True,True,True,True,True,True,7.2,False,7.2,0.0,0.0,thyroid gland,0.2,0,0.1,0.0,0.0,0.0,0.0,TESTIS,True,False,False,TESTIS,STRICT,TESTIS,HIGH,,canonical_default,include_default,derived:oncoref.cta.passes_filters,Derived from HPA reproductive-restriction filters and never-expressed rescue policy.
SSX2,CT5.2;CT5.2A;HD21;HOM-MEL-40;SSX,,cancer-testis antigen,ENSG00000241476,CTexploreR_CT;CTpedia;Chang2019_TGCT;Jamin2021_CT;Jamin2021_core;Loriot2025_S1;Seager2024_CTA;Wang2016_CT;daSilva2017;daSilva2017_CT;daSilva2017_protein;daSilva2017_testis_biased;daSilva2017_tumor_proteomics,True,False,Enhanced,True,False,testis,0.9878,0.9878,1.0,1.0,ENST00000337502,protein_coding,True,True,True,True,True,True,True,16.2,False,16.2,0.0,0.0,thyroid gland,0.2,0,0.0,0.0,0.0,0.0,0.0,TESTIS,True,False,False,TESTIS,STRICT,TESTIS,HIGH,,canonical_default,include_default,derived:oncoref.cta.passes_filters,Derived from HPA reproductive-restriction filters and never-expressed rescue policy.
SSX2B,CT5.2;CT5.2b;HOM-MEL-40;SSX,,cancer-testis antigen,ENSG00000268447,CTexploreR_CT;CTpedia;Jamin2021_CT;Jamin2021_core;Loriot2025_S1;daSilva2017;daSilva2017_testis_biased,True,False,Supported,True,False,testis,0.9706,0.9706,1.0,1.0,ENST00000616191,protein_coding,True,True,True,True,True,True,True,16.5,False,16.5,0.0,0.0,thyroid gland,0.3,0,0.1,0.0,0.0,0.0,0.0,TESTIS,True,False,False,TESTIS,STRICT,TESTIS,HIGH,,canonical_default,include_default,derived:oncoref.cta.passes_filters,Derived from HPA reproductive-restriction filters and never-expressed rescue policy.
SSX3,CT5.3,,cancer-testis antigen,ENSG00000165584,CTpedia;Carter2023_CT;Chang2019_TGCT;Gong2021_reproductive_PC;Jamin2021_CT;Jamin2021_core;Wang2016_CT;daSilva2017;daSilva2017_CT;daSilva2017_protein;daSilva2017_testis_biased;daSilva2017_tumor_proteomics,True,False,Supported,True,False,testis,0.9776,0.9776,1.0,1.0,ENST00000298396,protein_coding,True,True,True,True,True,True,True,13.1,False,13.1,0.0,0.0,thyroid gland,0.2,0,0.0,0.0,0.0,0.0,0.0,TESTIS,True,False,False,TESTIS,STRICT,TESTIS,HIGH,,canonical_default,include_default,derived:oncoref.cta.passes_filters,Derived from HPA reproductive-restriction filters and never-expressed rescue policy.
SSX4,CT5.4;SSX4B,,cancer-testis antigen,ENSG00000268009,CTpedia;Jamin2021_CT;Jamin2021_core;daSilva2017;daSilva2017_CT;daSilva2017_testis_biased,True,False,Supported,True,False,testis,0.8611,0.8611,1.0,1.0,ENST00000620320,protein_coding,True,True,True,True,True,True,True,3.1,False,3.1,0.0,0.0,choroid plexus,0.2,0,0.2,0.1,0.0,0.0,0.0,TESTIS,True,False,False,TESTIS,STRICT,TESTIS,HIGH,,canonical_default,include_default,derived:oncoref.cta.passes_filters,Derived from HPA reproductive-restriction filters and never-expressed rescue policy.
TSPY1,CT78;DYS14;TSPY;pJA923,,cancer-testis antigen,ENSG00000258992,CTexploreR_CT;CTpedia;Chang2019_TGCT;Gong2021_reproductive_PC;Loriot2025_S1;Wang2016_CT;daSilva2017;daSilva2017_testis_biased,True,False,Supported,True,False,testis,1.0,1.0,1.0,1.0,ENST00000451548,protein_coding,True,True,True,True,True,True,True,7.1,False,7.1,0.0,0.0,adipose tissue,0.0,0,0.0,0.0,0.0,0.0,0.0,TESTIS,True,False,False,TESTIS,STRICT,TESTIS,HIGH,,canonical_default,include_default,derived:oncoref.cta.passes_filters,Derived from HPA reproductive-restriction filters and never-expressed rescue policy.
TSPY2,TSPYQ1,,cancer-testis antigen,ENSG00000168757,CTexploreR_CT;CTpedia;Chang2019_TGCT;Gong2021_reproductive_PC;Loriot2025_S1;Wang2016_CT;daSilva2017;daSilva2017_testis_biased,True,False,Supported,True,False,testis,1.0,1.0,1.0,1.0,ENST00000320701,protein_coding,True,True,True,True,True,True,True,7.4,False,7.4,0.0,0.0,adipose tissue,0.0,0,0.0,0.0,0.0,0.0,0.0,TESTIS,True,False,False,TESTIS,STRICT,TESTIS,HIGH,,canonical_default,include_default,derived:oncoref.cta.passes_filters,Derived from HPA reproductive-restriction filters and never-expressed rescue policy.
TSPY3,,,cancer-testis antigen,ENSG00000228927,CTexploreR_CT;CTpedia;Loriot2025_S1;Wang2016_CT;daSilva2017;daSilva2017_testis_biased,True,False,Supported,True,False,testis,0.8056,0.8056,1.0,1.0,ENST00000457222,protein_coding,True,True,True,True,True,True,True,2.9,False,2.9,0.0,0.0,esophagus,0.2,0,0.0,0.0,0.0,0.0,0.0,TESTIS,True,False,False,TESTIS,STRICT,TESTIS,HIGH,,canonical_default,include_default,derived:oncoref.cta.passes_filters,Derived from HPA reproductive-restriction filters and never-expressed rescue policy.
TSPY4,,,cancer-testis antigen,ENSG00000233803,CTexploreR_CT;CTpedia;Loriot2025_S1;Wang2016_CT;daSilva2017;daSilva2017_testis_biased,True,False,Supported,True,False,testis,0.9845,0.9845,1.0,1.0,ENST00000426950,protein_coding,True,True,True,True,True,True,True,31.8,False,31.8,0.0,0.0,adipose tissue,0.2,0,0.0,0.0,0.0,0.0,0.0,TESTIS,True,False,False,TESTIS,STRICT,TESTIS,HIGH,,canonical_default,include_default,derived:oncoref.cta.passes_filters,Derived from HPA reproductive-restriction filters and never-expressed rescue policy.
TSPY8,,,cancer-testis antigen,ENSG00000229549,CTpedia;daSilva2017;daSilva2017_testis_biased,True,False,Supported,True,False,testis,1.0,1.0,1.0,1.0,ENST00000287721,protein_coding,True,True,True,True,True,True,True,1.2,False,1.2,0.0,0.0,adipose tissue,0.0,0,0.0,0.0,0.0,0.0,0.0,TESTIS,True,False,False,TESTIS,STRICT,TESTIS,HIGH,,canonical_default,include_default,derived:oncoref.cta.passes_filters,Derived from HPA reproductive-restriction filters and never-expressed rescue policy.
TSPY10,,,cancer-testis antigen,ENSG00000236424,CTpedia;Gong2021_reproductive_PC;daSilva2017;daSilva2017_testis_biased,True,False,Supported,True,False,testis,0.95,0.95,1.0,1.0,ENST00000428845,protein_coding,True,True,True,True,True,True,True,1.9,False,1.9,0.0,0.0,adipose tissue,0.1,0,0.0,0.0,0.0,0.0,0.0,TESTIS,True,False,False,TESTIS,STRICT,TESTIS,HIGH,,canonical_default,include_default,derived:oncoref.cta.passes_filters,Derived from HPA reproductive-restriction filters and never-expressed rescue policy.
TSPYL6,,,cancer-testis antigen,ENSG00000178021,CTpedia;Carter2023_CT;Chang2019_TGCT;Gong2021_reproductive_PC;Wang2016_CT;daSilva2017;daSilva2017_CT;daSilva2017_testis_biased,True,False,Enhanced,True,False,testis,0.963,0.963,1.0,1.0,ENST00000317802,protein_coding,True,True,True,True,True,True,True,20.8,False,20.8,0.0,0.0,basal ganglia,0.1,0,0.1,0.1,0.0,0.0,0.0,TESTIS,True,False,False,TESTIS,STRICT,TESTIS,HIGH,,canonical_default,include_default,derived:oncoref.cta.passes_filters,Derived from HPA reproductive-restriction filters and never-expressed rescue policy.
MORC1,CT33;MORC;ZCW6,,cancer-testis antigen,ENSG00000114487,CTpedia;Carter2023_CT;Chang2019_TGCT;Gong2021_reproductive_PC;Wang2016_CT;daSilva2017;daSilva2017_CT;daSilva2017_testis_biased,True,False,Enhanced,True,False,testis,0.9181,0.9181,1.0,1.0,ENST00000232603,protein_coding,True,True,True,True,True,True,True,15.5,False,15.5,0.1,0.1,pituitary gland,0.3,0,0.2,0.0,0.0,0.1,0.0,TESTIS,True,False,False,TESTIS,STRICT,TESTIS,HIGH,,canonical_default,include_default,derived:oncoref.cta.passes_filters,Derived from HPA reproductive-restriction filters and never-expressed rescue policy.
TFDP3,CT30;DP4;HCA661,,cancer-testis antigen,ENSG00000183434,CTpedia;Carter2023_CT;Chang2019_TGCT;Gong2021_reproductive_PC;Wang2016_CT;daSilva2017;daSilva2017_CT;daSilva2017_testis_biased,no data,no data,no data,True,False,no data,0.9762,0.9762,1.0,1.0,ENST00000310125,protein_coding,True,True,True,True,True,True,True,4.1,False,4.1,0.0,0.0,adipose tissue,0.0,0,0.0,0.0,0.0,0.0,0.0,NO_DATA,,,,TESTIS,STRICT,TESTIS,HIGH,,canonical_default,include_default,derived:oncoref.cta.passes_filters,Derived from HPA reproductive-restriction filters and never-expressed rescue policy.
LUZP4,CT-28;CT-8;CT28;HOM-TES-85,,cancer-testis antigen,ENSG00000102021,Bruggeman2018_GC;CTpedia;Chang2019_TGCT;Gong2021_reproductive_PC;Wang2016_CT;daSilva2017;daSilva2017_CT;daSilva2017_testis_biased,True,False,Enhanced,True,False,testis,1.0,1.0,1.0,1.0,ENST00000371920,protein_coding,True,True,True,True,True,True,True,7.9,False,7.9,0.0,0.0,adipose tissue,0.0,0,0.0,0.0,0.0,0.0,0.0,TESTIS,True,False,False,TESTIS,STRICT,TESTIS,HIGH,,canonical_default,include_default,derived:oncoref.cta.passes_filters,Derived from HPA reproductive-restriction filters and never-expressed rescue policy.
DKKL1,CT34;SGY;SGY-1;SGY1,,cancer-testis antigen,ENSG00000104901,CTexploreR_CTP;CTpedia;Chang2019_TGCT;Gong2021_reproductive_PC;Loriot2025_S2;Wang2016_CT;daSilva2017;daSilva2017_CT;daSilva2017_testis_biased,True,False,Enhanced,True,False,testis,0.9517,0.9517,0.9994,0.9994,ENST00000594268,protein_coding,True,True,True,True,True,True,True,335.2,False,335.2,1.1,0.3,pancreas,0.9,0,0.3,0.4,0.3,0.3,0.9,TESTIS,True,False,False,REPRODUCTIVE,STRICT,TESTIS,HIGH,,canonical_default,include_default,derived:oncoref.cta.passes_filters,Derived from HPA reproductive-restriction filters and never-expressed rescue policy.
SPO11,CT35;SPATA43;TOPOVIA;TOPVIA,,cancer-testis antigen,ENSG00000054796,CTpedia;Chang2019_TGCT;Gong2021_reproductive_PC;daSilva2017;daSilva2017_testis_biased,no data,no data,no data,True,False,no data,1.0,1.0,1.0,1.0,ENST00000371263,protein_coding,True,True,True,True,True,True,True,8.2,False,8.2,0.0,0.0,adipose tissue,0.0,0,0.0,0.0,0.0,0.0,0.0,NO_DATA,,,,TESTIS,STRICT,TESTIS,HIGH,,canonical_default,include_default,derived:oncoref.cta.passes_filters,Derived from HPA reproductive-restriction filters and never-expressed rescue policy.
CRISP2,CRISP-2;CT36;GAPDL5;TPX1;TSP1,,cancer-testis antigen,ENSG00000124490,CTexploreR_CTP;CTpedia;Chang2019_TGCT;Gong2021_reproductive_PC;Loriot2025_S2;Wang2016_CT;daSilva2017;daSilva2017_CT;daSilva2017_testis_biased,True,False,Enhanced,False,False,testis,0.8602,0.8602,0.888,0.888,ENST00000616725,protein_coding,True,False,False,False,False,False,True,490.9,False,490.9,0.1,0.0,bone marrow,16.5,7,4.1,0.1,1.1,0.2,0.6,TESTIS,True,False,False,SOMATIC,PERMISSIVE,TESTIS,LOW,,canonical_default,include_default,derived:oncoref.cta.passes_filters,Derived from HPA reproductive-restriction filters and never-expressed rescue policy.
FMR1NB,CT37;NY-SAR-35;NYSAR35,,cancer-testis antigen,ENSG00000176988,CTexploreR_CT;CTpedia;Carter2023_CT;Chang2019_TGCT;Gong2021_reproductive_PC;Loriot2025_S1;Wang2016_CT;daSilva2017;daSilva2017_CT;daSilva2017_testis_biased,True,False,Enhanced,True,False,testis,0.9947,0.9947,1.0,1.0,ENST00000370467,protein_coding,True,True,True,True,True,True,True,56.5,False,56.5,0.0,0.0,liver,0.1,0,0.1,0.0,0.0,0.1,0.0,TESTIS,True,False,False,TESTIS,STRICT,TESTIS,HIGH,,canonical_default,include_default,derived:oncoref.cta.passes_filters,Derived from HPA reproductive-restriction filters and never-expressed rescue policy.
TPTE,CT44;PTEN2;TPTE1,,cancer-testis antigen,ENSG00000274391,Bruggeman2018_GC;CTpedia;Gong2021_reproductive_PC;Jamin2021_CT;Jamin2021_core;daSilva2017;daSilva2017_CT;daSilva2017_testis_biased,True,False,Enhanced,True,False,testis,0.9937,0.9937,1.0,1.0,ENST00000622113,protein_coding,True,True,True,True,True,True,True,109.7,False,109.7,0.1,0.5,skin,0.3,0,0.0,0.0,0.0,0.0,0.0,TESTIS,True,False,False,TESTIS,STRICT,TESTIS,HIGH,,canonical_default,include_default,derived:oncoref.cta.passes_filters,Derived from HPA reproductive-restriction filters and never-expressed rescue policy.
CT45A2,CT45-2;CT45.2,,cancer-testis antigen,ENSG00000271449,CTpedia;Jamin2021_CT;Jamin2021_core;daSilva2017;daSilva2017_CT;daSilva2017_protein;daSilva2017_testis_biased;daSilva2017_tumor_proteomics,True,False,Supported,True,False,testis,1.0,1.0,1.0,1.0,ENST00000612907,protein_coding,True,True,True,True,True,True,True,0.2,False,0.2,0.0,0.0,adipose tissue,0.0,0,0.0,0.0,0.0,0.0,0.0,TESTIS,True,False,False,NO_DATA,STRICT,TESTIS,HIGH,,canonical_default,include_default,derived:oncoref.cta.passes_filters,Derived from HPA reproductive-restriction filters and never-expressed rescue policy.
CT45A7,,,cancer-testis antigen,ENSG00000273696,CTexploreR_CT;CTpedia;Loriot2025_S1;daSilva2017;daSilva2017_testis_biased,True,False,Supported,True,False,testis,0.6667,0.6667,1.0,1.0,ENST00000610598,protein_coding,True,True,True,True,True,True,True,0.4,False,0.4,0.0,0.0,adipose tissue,0.1,0,0.0,0.0,0.1,0.0,0.0,TESTIS,True,False,False,NO_DATA,STRICT,TESTIS,HIGH,,canonical_default,include_default,derived:oncoref.cta.passes_filters,Derived from HPA reproductive-restriction filters and never-expressed rescue policy.
CT47A1,CT47.1,,cancer-testis antigen,ENSG00000236371,CTexploreR_CT;CTpedia;Loriot2025_S1;Wang2016_CT;daSilva2017;daSilva2017_testis_biased,True,False,Supported,True,False,testis,1.0,1.0,1.0,1.0,ENST00000433030,protein_coding,True,True,True,True,True,True,True,0.5,False,0.5,0.0,0.0,adipose tissue,0.0,0,0.0,0.0,0.0,0.0,0.0,TESTIS,True,False,False,NO_DATA,STRICT,TESTIS,HIGH,,canonical_default,include_default,derived:oncoref.cta.passes_filters,Derived from HPA reproductive-restriction filters and never-expressed rescue policy.
CT47A2,CT47.2,,cancer-testis antigen,ENSG00000242362,CTpedia;Wang2016_CT;daSilva2017;daSilva2017_testis_biased,True,False,Supported,True,False,testis,1.0,1.0,1.0,1.0,ENST00000458218,protein_coding,True,True,True,True,True,True,True,0.1,False,0.1,0.0,0.0,adipose tissue,0.0,0,0.0,0.0,0.0,0.0,0.0,TESTIS,True,False,False,NO_DATA,STRICT,TESTIS,HIGH,,canonical_default,include_default,derived:oncoref.cta.passes_filters,Derived from HPA reproductive-restriction filters and never-expressed rescue policy.
CT47A3,CT47.3,,cancer-testis antigen,ENSG00000236126,CTpedia;daSilva2017;daSilva2017_testis_biased,True,False,Supported,True,False,testis,1.0,1.0,1.0,1.0,ENST00000441330,protein_coding,True,True,True,True,True,True,True,0.1,False,0.1,0.0,0.0,adipose tissue,0.0,0,0.0,0.0,0.0,0.0,0.0,TESTIS,True,False,False,NO_DATA,STRICT,TESTIS,HIGH,,canonical_default,include_default,derived:oncoref.cta.passes_filters,Derived from HPA reproductive-restriction filters and never-expressed rescue policy.
CT47A4,CT47.4,,cancer-testis antigen,ENSG00000230594,CTpedia;daSilva2017;daSilva2017_testis_biased,True,False,Supported,True,False,testis,1.0,1.0,1.0,1.0,ENST00000415858,protein_coding,True,True,True,True,True,True,True,0.1,False,0.1,0.0,0.0,adipose tissue,0.0,0,0.0,0.0,0.0,0.0,0.0,TESTIS,True,False,False,NO_DATA,STRICT,TESTIS,HIGH,,canonical_default,include_default,derived:oncoref.cta.passes_filters,Derived from HPA reproductive-restriction filters and never-expressed rescue policy.
CT47A5,CT47.5,,cancer-testis antigen,ENSG00000237957,CTpedia;daSilva2017;daSilva2017_testis_biased,True,False,Supported,True,False,testis,1.0,1.0,1.0,1.0,ENST00000439466,protein_coding,True,True,True,True,True,True,True,0.1,False,0.1,0.0,0.0,adipose tissue,0.0,0,0.0,0.0,0.0,0.0,0.0,TESTIS,True,False,False,NO_DATA,STRICT,TESTIS,HIGH,,canonical_default,include_default,derived:oncoref.cta.passes_filters,Derived from HPA reproductive-restriction filters and never-expressed rescue policy.
CT47A6,CT47.6,,cancer-testis antigen,ENSG00000226023,CTpedia;Wang2016_CT;daSilva2017;daSilva2017_testis_biased,True,False,Supported,True,False,testis,1.0,1.0,1.0,1.0,ENST00000419194,protein_coding,True,True,True,True,True,True,True,0.4,False,0.4,0.0,0.0,adipose tissue,0.0,0,0.0,0.0,0.0,0.0,0.0,TESTIS,True,False,False,NO_DATA,STRICT,TESTIS,HIGH,,canonical_default,include_default,derived:oncoref.cta.passes_filters,Derived from HPA reproductive-restriction filters and never-expressed rescue policy.
CT47A7,CT47.7,,cancer-testis antigen,ENSG00000228517,CTpedia;daSilva2017;daSilva2017_testis_biased,True,False,Supported,True,False,testis,1.0,1.0,1.0,1.0,ENST00000434883,protein_coding,True,True,True,True,True,True,True,0.6,False,0.6,0.0,0.0,adipose tissue,0.0,0,0.0,0.0,0.0,0.0,0.0,TESTIS,True,False,False,NO_DATA,STRICT,TESTIS,HIGH,,canonical_default,include_default,derived:oncoref.cta.passes_filters,Derived from HPA reproductive-restriction filters and never-expressed rescue policy.
CT47A11,CT47.11,,cancer-testis antigen,ENSG00000226929,CTexploreR_CT;CTpedia;Loriot2025_S1;daSilva2017;daSilva2017_testis_biased,True,False,Supported,True,False,testis,1.0,1.0,1.0,1.0,ENST00000457020,protein_coding,True,True,True,True,True,True,True,0.9,False,0.9,0.0,0.0,adipose tissue,0.0,0,0.0,0.0,0.0,0.0,0.0,TESTIS,True,False,False,NO_DATA,STRICT,TESTIS,HIGH,,canonical_default,include_default,derived:oncoref.cta.passes_filters,Derived from HPA reproductive-restriction filters and never-expressed rescue policy.
CT47A12,CT47;CT47.12,,cancer-testis antigen,ENSG00000226685,CTexploreR_CT;CTpedia;Loriot2025_S1;daSilva2017;daSilva2017_testis_biased,True,False,Supported,True,False,testis,1.0,1.0,1.0,1.0,ENST00000419982,protein_coding,True,True,True,True,True,True,True,1.1,False,1.1,0.0,0.0,adipose tissue,0.0,0,0.0,0.0,0.0,0.0,0.0,TESTIS,True,False,False,TESTIS,STRICT,TESTIS,HIGH,,canonical_default,include_default,derived:oncoref.cta.passes_filters,Derived from HPA reproductive-restriction filters and never-expressed rescue policy.
CT47B1,CT47.13;CT47A13,,cancer-testis antigen,ENSG00000236446,CTpedia;Chang2019_TGCT;Gong2021_reproductive_PC;Wang2016_CT;daSilva2017;daSilva2017_testis_biased,True,False,Supported,True,False,testis,1.0,1.0,1.0,1.0,ENST00000371311,protein_coding,True,True,True,True,True,True,True,6.7,False,6.7,0.0,0.0,adipose tissue,0.0,0,0.0,0.0,0.0,0.0,0.0,TESTIS,True,False,False,TESTIS,STRICT,TESTIS,HIGH,,canonical_default,include_default,derived:oncoref.cta.passes_filters,Derived from HPA reproductive-restriction filters and never-expressed rescue policy.
CT83,CXorf61;KK-LC-1;KKLC1,,cancer-testis antigen,ENSG00000204019,CTexploreR_CTP;CTpedia;Chang2019_TGCT;Gong2021_reproductive_PC;Jamin2021_CT;Loriot2025_S2;Wang2016_CT;daSilva2017;daSilva2017_CT;daSilva2017_protein;daSilva2017_testis_biased;daSilva2017_tumor_proteomics,no data,no data,no data,False,False,no data,0.9555,0.9555,0.9745,0.9745,ENST00000371894,protein_coding,True,True,True,True,False,False,True,62.2,False,62.2,0.0,0.0,salivary gland,2.6,1,0.0,0.0,0.0,0.0,0.0,NO_DATA,,,,SOMATIC,MODERATE,SOMATIC,MODERATE,,canonical_default,include_default,derived:oncoref.cta.passes_filters,Derived from HPA reproductive-restriction filters and never-expressed rescue policy.
TEX13A,,,cancer-testis antigen,ENSG00000268629,CTpedia;Gong2021_reproductive_PC;daSilva2017;daSilva2017_testis_biased,True,False,Enhanced,True,False,placenta; testis,1.0,1.0,1.0,1.0,ENST00000600991,protein_coding,True,True,True,True,True,True,True,10.3,False,10.3,0.0,0.0,adipose tissue,0.0,0,0.0,0.0,0.0,0.0,0.0,REPRODUCTIVE,True,False,True,TESTIS,STRICT,REPRODUCTIVE,LOW,,canonical_default,include_default,derived:oncoref.cta.passes_filters,Derived from HPA reproductive-restriction filters and never-expressed rescue policy.
TEX19,,,cancer-testis antigen,ENSG00000182459,CTexploreR_CTP;CTpedia;Chang2019_TGCT;Gong2021_reproductive_PC;Loriot2025_S2;Wang2016_CT;daSilva2017;daSilva2017_CT;daSilva2017_testis_biased,True,False,Enhanced,True,False,testis,0.9967,1.0,1.0,1.0,ENST00000333437,protein_coding,True,True,True,True,True,True,True,30.0,False,30.0,0.0,0.0,adipose tissue,0.0,0,0.0,0.0,0.0,0.0,0.0,TESTIS,True,False,False,TESTIS,STRICT,TESTIS,HIGH,,canonical_default,include_default,derived:oncoref.cta.passes_filters,Derived from HPA reproductive-restriction filters and never-expressed rescue policy.
TEX33,C22orf33;CIMIP4;EAN57;cE81G9.2,,cancer-testis antigen,ENSG00000185264,CTpedia;Chang2019_TGCT;Gong2021_reproductive_PC;daSilva2017;daSilva2017_testis_biased,True,False,Enhanced,True,False,testis,0.9989,0.9989,1.0,1.0,ENST00000381821,protein_coding,True,True,True,True,True,True,True,88.9,False,88.9,0.0,0.0,liver,0.1,0,0.0,0.0,0.0,0.1,0.0,TESTIS,True,False,False,TESTIS,STRICT,TESTIS,HIGH,,canonical_default,include_default,derived:oncoref.cta.passes_filters,Derived from HPA reproductive-restriction filters and never-expressed rescue policy.
TEX35,C1orf49;TSC24,,cancer-testis antigen,ENSG00000240021,CTpedia;Chang2019_TGCT;Gong2021_reproductive_PC;Wang2016_CT;daSilva2017;daSilva2017_CT;daSilva2017_testis_biased,True,False,Approved,False,False,testis,0.8786,0.8802,0.9776,0.9776,ENST00000367639,protein_coding,True,True,True,True,False,False,True,114.7,False,114.7,0.2,0.2,bone marrow,1.8,5,1.5,0.5,0.3,0.1,0.1,TESTIS,True,False,False,SOMATIC,MODERATE,TESTIS,LOW,,canonical_default,include_default,derived:oncoref.cta.passes_filters,Derived from HPA reproductive-restriction filters and never-expressed rescue policy.
TEX37,C2orf51;SPMIP9;TSC21,,cancer-testis antigen,ENSG00000172073,CTpedia;Carter2023_CT;Chang2019_TGCT;Gong2021_reproductive_PC;Wang2016_CT;daSilva2017;daSilva2017_testis_biased,True,False,Enhanced,True,False,testis,1.0,1.0,1.0,1.0,ENST00000303254,protein_coding,True,True,True,True,True,True,True,82.6,False,82.6,0.0,0.1,adipose tissue,0.0,0,0.0,0.0,0.0,0.0,0.0,TESTIS,True,False,False,TESTIS,STRICT,TESTIS,HIGH,,canonical_default,include_default,derived:oncoref.cta.passes_filters,Derived from HPA reproductive-restriction filters and never-expressed rescue policy.
TEX38,ATPAF1-AS1;C1orf223;THEG4,,cancer-testis antigen,ENSG00000186118,CTpedia;Chang2019_TGCT;Gong2021_reproductive_PC;Wang2016_CT;daSilva2017;daSilva2017_CT;daSilva2017_testis_biased,no data,no data,no data,True,False,no data,0.978,0.9783,1.0,1.0,ENST00000564071,protein_coding,True,True,True,True,True,True,True,377.8,False,377.8,0.1,0.2,pituitary gland,0.8,0,0.2,0.1,0.1,0.2,0.2,NO_DATA,,,,TESTIS,STRICT,TESTIS,HIGH,,canonical_default,include_default,derived:oncoref.cta.passes_filters,Derived from HPA reproductive-restriction filters and never-expressed rescue policy.
TEX44,C2orf57,,cancer-testis antigen,ENSG00000177673,CTpedia;Chang2019_TGCT;Gong2021_reproductive_PC;Wang2016_CT,True,False,Enhanced,True,False,testis,0.998,0.998,1.0,1.0,ENST00000313965,protein_coding,True,True,True,True,True,True,True,148.2,False,148.2,0.0,0.0,adipose tissue,0.0,0,0.0,0.0,0.0,0.0,0.0,TESTIS,True,False,False,TESTIS,STRICT,TESTIS,HIGH,,canonical_default,include_default,derived:oncoref.cta.passes_filters,Derived from HPA reproductive-restriction filters and never-expressed rescue policy.
TEX101,CT131;GTPR867;NYD-SP8;PRO1884;SGRG;SPATA44;TES101RP,,cancer-testis antigen,ENSG00000131126,CTexploreR_CTP;CTpedia;Chang2019_TGCT;Gong2021_reproductive_PC;Loriot2025_S2;Wang2016_CT;daSilva2017;daSilva2017_CT;daSilva2017_testis_biased,True,False,Enhanced,False,True,testis,0.8758,0.8834,0.9878,0.9878,ENST00000602198,protein_coding,True,True,True,True,True,False,True,114.4,False,114.4,0.3,0.2,pancreas,1.5,5,0.1,0.5,0.2,0.5,1.5,TESTIS,True,False,False,SOMATIC,MODERATE,TESTIS,LOW,,canonical_default,include_default,derived:oncoref.cta.passes_filters,Derived from HPA reproductive-restriction filters and never-expressed rescue policy.
PRSS54,CT67;KLKBL4,,cancer-testis antigen,ENSG00000103023,CTpedia;Chang2019_TGCT;Gong2021_reproductive_PC;Wang2016_CT;daSilva2017;daSilva2017_CT;daSilva2017_testis_biased,True,False,Enhanced,True,False,testis,0.995,0.995,1.0,1.0,ENST00000219301,protein_coding,True,True,True,True,True,True,True,40.2,False,40.2,0.0,0.0,basal ganglia,0.1,0,0.1,0.0,0.0,0.0,0.0,TESTIS,True,False,False,TESTIS,STRICT,TESTIS,HIGH,,canonical_default,include_default,derived:oncoref.cta.passes_filters,Derived from HPA reproductive-restriction filters and never-expressed rescue policy.
PHF7,HSPC045;HSPC226;NYD-SP6,,cancer-testis antigen,ENSG00000010318,CTpedia;Chang2019_TGCT;Gong2021_reproductive_PC;Wang2016_CT;daSilva2017;daSilva2017_CT;daSilva2017_testis_biased,True,False,Enhanced,False,True,testis,0.9106,0.9128,0.9436,0.9451,ENST00000327906,protein_coding,True,True,False,False,False,False,True,1181.3,False,1181.3,1.4,1.9,parathyroid gland,5.5,30,2.7,1.8,2.3,4.6,4.2,TESTIS,True,False,False,SOMATIC,PERMISSIVE,TESTIS,LOW,,canonical_default,include_default,derived:oncoref.cta.passes_filters,Derived from HPA reproductive-restriction filters and never-expressed rescue policy.
SLCO6A1,CT48;GST;OATP-I;OATP6A1;OATPY,,cancer-testis antigen,ENSG00000205359,CTpedia;Carter2023_CT;Chang2019_TGCT;Gong2021_reproductive_PC;Wang2016_CT;daSilva2017;daSilva2017_CT;daSilva2017_testis_biased,True,False,Enhanced,True,False,testis,1.0,1.0,1.0,1.0,ENST00000506729,protein_coding,True,True,True,True,True,True,True,29.4,False,29.4,0.0,0.2,adipose tissue,0.0,0,0.0,0.0,0.0,0.0,0.0,TESTIS,True,False,False,TESTIS,STRICT,TESTIS,HIGH,,canonical_default,include_default,derived:oncoref.cta.passes_filters,Derived from HPA reproductive-restriction filters and never-expressed rescue policy.
TEKT5,CT149,,cancer-testis antigen,ENSG00000153060,CTexploreR_CTP;CTpedia;Chang2019_TGCT;Gong2021_reproductive_PC;Loriot2025_S2;Wang2016_CT;daSilva2017;daSilva2017_CT;daSilva2017_testis_biased,no data,no data,no data,True,False,no data,0.8067,0.8067,1.0,1.0,ENST00000283025,protein_coding,True,True,True,True,True,True,True,31.2,False,31.2,0.1,0.0,stomach,0.9,0,0.4,0.1,0.1,0.8,0.3,NO_DATA,,,,TESTIS,STRICT,TESTIS,HIGH,,canonical_default,include_default,derived:oncoref.cta.passes_filters,Derived from HPA reproductive-restriction filters and never-expressed rescue policy.
DMRT1,CT154;DMT1,,cancer-testis antigen,ENSG00000137090,CTexploreR_CT;CTpedia;Chang2019_TGCT;Gong2021_reproductive_PC;Jamin2021_CT;Jamin2021_core;Loriot2025_S1;Wang2016_CT;daSilva2017;daSilva2017_CT;daSilva2017_testis_biased,True,False,Enhanced,True,False,testis,0.9812,0.9812,1.0,1.0,ENST00000382276,protein_coding,True,True,True,True,True,True,True,26.1,False,26.1,0.0,0.0,choroid plexus,0.3,0,0.3,0.0,0.0,0.0,0.0,TESTIS,True,False,False,TESTIS,STRICT,TESTIS,HIGH,,canonical_default,include_default,derived:oncoref.cta.passes_filters,Derived from HPA reproductive-restriction filters and never-expressed rescue policy.
DMRTC2,DMRT7,,cancer-testis antigen,ENSG00000142025,CTpedia;Carter2023_CT;Chang2019_TGCT;Gong2021_reproductive_PC;Wang2016_CT;daSilva2017;daSilva2017_CT;daSilva2017_testis_biased,True,False,Uncertain,True,False,testis,0.9475,0.9475,1.0,1.0,ENST00000269945,protein_coding,True,True,True,True,True,True,True,39.7,False,39.7,0.0,0.0,bone marrow,0.3,0,0.3,0.0,0.0,0.0,0.0,TESTIS,True,False,False,TESTIS,STRICT,TESTIS,HIGH,,canonical_default,include_default,derived:oncoref.cta.passes_filters,Derived from HPA reproductive-restriction filters and never-expressed rescue policy.
DNAJB8,CT156;DJ6,,cancer-testis antigen,ENSG00000179407,CTpedia;Chang2019_TGCT;Gong2021_reproductive_PC;Wang2016_CT;daSilva2017;daSilva2017_CT;daSilva2017_testis_biased,no data,no data,no data,True,False,no data,1.0,1.0,1.0,1.0,ENST00000469083,protein_coding,True,True,True,True,True,True,True,49.7,False,49.7,0.0,0.0,adipose tissue,0.0,0,0.0,0.0,0.0,0.0,0.0,NO_DATA,,,,TESTIS,STRICT,TESTIS,HIGH,,canonical_default,include_default,derived:oncoref.cta.passes_filters,Derived from HPA reproductive-restriction filters and never-expressed rescue policy.
SAGE1,CT14;SAGE,,cancer-testis antigen,ENSG00000181433,CTexploreR_CT;CTpedia;Carter2023_CT;Chang2019_TGCT;Gong2021_reproductive_PC;Loriot2025_S1;Wang2016_CT;daSilva2017;daSilva2017_CT;daSilva2017_testis_biased,True,False,Enhanced,True,False,testis,0.8393,0.8393,1.0,1.0,ENST00000324447,protein_coding,True,True,True,True,True,True,True,4.7,False,4.7,0.0,0.0,choroid plexus,0.2,0,0.2,0.0,0.0,0.0,0.0,TESTIS,True,False,False,TESTIS,STRICT,TESTIS,HIGH,,canonical_default,include_default,derived:oncoref.cta.passes_filters,Derived from HPA reproductive-restriction filters and never-expressed rescue policy.
ADAM2,CRYN1;CRYN2;CT15;FTNB;PH-30b;PH30;PH30-beta,,cancer-testis antigen,ENSG00000104755,CTpedia;Carter2023_CT;Chang2019_TGCT;Gong2021_reproductive_PC;Wang2016_CT;daSilva2017;daSilva2017_CT;daSilva2017_testis_biased,True,False,Enhanced,True,False,testis,1.0,1.0,1.0,1.0,ENST00000265708,protein_coding,True,True,True,True,True,True,True,37.0,False,37.0,0.0,0.0,adipose tissue,0.0,0,0.0,0.0,0.0,0.0,0.0,TESTIS,True,False,False,TESTIS,STRICT,TESTIS,HIGH,,canonical_default,include_default,derived:oncoref.cta.passes_filters,Derived from HPA reproductive-restriction filters and never-expressed rescue policy.
PLAC1,CT92;OOSP2B;OOSP2L,,cancer-testis antigen,ENSG00000170965,Bradley2020_CPA;CTpedia;Gong2021_placenta_PC;Gong2021_reproductive_PC;Wang2016_CT,True,False,Enhanced,True,False,placenta,0.9691,0.9691,1.0,1.0,ENST00000359237,protein_coding,True,True,True,True,True,True,True,27.0,False,0.9,0.3,27.0,skin,0.2,0,0.0,0.0,0.0,0.0,0.0,PLACENTAL,False,False,True,PLACENTAL,STRICT,PLACENTAL,HIGH,,canonical_default,include_default,derived:oncoref.cta.passes_filters,Derived from HPA reproductive-restriction filters and never-expressed rescue policy.
CABS1,C4orf35;CLPH;NYD-SP26,,cancer-testis antigen,ENSG00000145309,CTpedia;Chang2019_TGCT;Gong2021_reproductive_PC;Wang2016_CT;daSilva2017;daSilva2017_CT;daSilva2017_testis_biased,True,False,Enhanced,False,False,testis,0.9628,0.9628,0.9725,0.9725,ENST00000273936,protein_coding,True,True,True,True,False,False,True,103.4,False,103.4,0.0,0.0,salivary gland,3.9,1,0.0,0.0,0.0,0.0,0.0,TESTIS,True,False,False,SOMATIC,MODERATE,TESTIS,LOW,,canonical_default,include_default,derived:oncoref.cta.passes_filters,Derived from HPA reproductive-restriction filters and never-expressed rescue policy.
FATE1,CT43;FATE,,cancer-testis antigen,ENSG00000147378,Bruggeman2018_GC;CTpedia;Chang2019_TGCT;Gong2021_reproductive_PC;Wang2016_CT;daSilva2017;daSilva2017_CT;daSilva2017_testis_biased,True,False,Enhanced,True,True,testis,0.9564,0.9655,0.9948,1.0,ENST00000370350,protein_coding,True,True,True,True,True,True,True,232.3,False,232.3,0.3,0.0,heart muscle,0.9,0,0.8,0.9,0.2,0.1,0.1,TESTIS,True,False,False,TESTIS,STRICT,TESTIS,HIGH,,canonical_default,include_default,derived:oncoref.cta.passes_filters,Derived from HPA reproductive-restriction filters and never-expressed rescue policy.
HORMAD1,CT46;NOHMA,,cancer-testis antigen,ENSG00000143452,Bruggeman2018_GC;CTexploreR_CTP;CTpedia;Chang2019_TGCT;Gong2021_reproductive_PC;Jamin2021_CT;Jamin2021_core;Loriot2025_S2;Wang2016_CT;daSilva2017;daSilva2017_CT;daSilva2017_testis_biased,True,False,Enhanced,False,False,testis,0.879,0.879,0.9333,0.9333,ENST00000361824,protein_coding,True,True,False,False,False,False,True,114.3,False,114.3,0.0,0.5,skin,6.6,2,0.1,0.0,0.2,0.1,0.1,TESTIS,True,False,False,SOMATIC,PERMISSIVE,TESTIS,LOW,,canonical_default,include_default,derived:oncoref.cta.passes_filters,Derived from HPA reproductive-restriction filters and never-expressed rescue policy.
TSKS,PPP1R161;STK22S1;TSKS1;TSSKS,,cancer-testis antigen,ENSG00000126467,CTpedia;Chang2019_TGCT;Gong2021_reproductive_PC;Wang2016_CT,True,False,Enhanced,False,False,testis,0.8817,0.884,0.9897,0.9897,ENST00000246801,protein_coding,True,True,True,True,True,False,True,116.7,False,116.7,0.3,0.8,skin,1.7,3,0.2,1.4,0.4,0.2,0.2,TESTIS,True,False,False,SOMATIC,MODERATE,TESTIS,LOW,,canonical_default,include_default,derived:oncoref.cta.passes_filters,Derived from HPA reproductive-restriction filters and never-expressed rescue policy.
CCDC42,CCDC42A,,cancer-testis antigen,ENSG00000161973,CTpedia;Chang2019_TGCT;Gong2021_reproductive_PC;Wang2016_CT;daSilva2017;daSilva2017_CT;daSilva2017_testis_biased,no data,no data,no data,True,False,no data,0.9799,0.9809,1.0,1.0,ENST00000293845,protein_coding,True,True,True,True,True,True,True,92.4,False,92.4,0.0,0.0,bone marrow,0.2,0,0.0,0.0,0.2,0.2,0.0,NO_DATA,,,,TESTIS,STRICT,TESTIS,HIGH,,canonical_default,include_default,derived:oncoref.cta.passes_filters,Derived from HPA reproductive-restriction filters and never-expressed rescue policy.
ADAD1,Tenr,,cancer-testis antigen,ENSG00000164113,CTpedia;Chang2019_TGCT;Gong2021_reproductive_PC;Wang2016_CT;daSilva2017;daSilva2017_testis_biased,no data,no data,no data,True,False,no data,0.9983,1.0,1.0,1.0,ENST00000296513,protein_coding,True,True,True,True,True,True,True,115.6,False,115.6,0.6,0.0,adipose tissue,0.0,0,0.0,0.0,0.0,0.0,0.0,NO_DATA,,,,TESTIS,STRICT,TESTIS,HIGH,,canonical_default,include_default,derived:oncoref.cta.passes_filters,Derived from HPA reproductive-restriction filters and never-expressed rescue policy.
RIMBP3,RIM-BP3;RIM-BP3.1;RIM-BP3.A;RIMBP3.1;RIMBP3A,,cancer-testis antigen,ENSG00000275793,Bruggeman2018_GC;CTpedia;Carter2023_CT;Gong2021_reproductive_PC;daSilva2017;daSilva2017_CT;daSilva2017_testis_biased,True,False,Supported,True,True,testis,0.792,0.8205,1.0,1.0,ENST00000619918,protein_coding,True,True,True,True,True,True,True,27.6,False,27.6,0.1,0.1,lymph node,0.7,0,0.3,0.0,0.2,0.0,0.1,TESTIS,True,False,False,TESTIS,STRICT,TESTIS,HIGH,,canonical_default,include_default,derived:oncoref.cta.passes_filters,Derived from HPA reproductive-restriction filters and never-expressed rescue policy.
TENT5D,CT1.26;CT112;FAM46D,,cancer-testis antigen,ENSG00000174016,CTpedia;Chang2019_TGCT;Gong2021_reproductive_PC;Wang2016_CT;daSilva2017_CT;daSilva2017_testis_biased,no data,no data,no data,True,False,no data,1.0,1.0,1.0,1.0,ENST00000538312,protein_coding,True,True,True,True,True,True,True,3.3,False,3.3,0.0,0.0,adipose tissue,0.0,0,0.0,0.0,0.0,0.0,0.0,NO_DATA,,,,TESTIS,STRICT,TESTIS,HIGH,,canonical_default,include_default,derived:oncoref.cta.passes_filters,Derived from HPA reproductive-restriction filters and never-expressed rescue policy.
PRAME,CT130;MAPE;OIP-4;OIP4,,cancer-testis antigen,ENSG00000185686,Bruggeman2018_GC;CTexploreR_CTP;CTpedia;Chang2019_TGCT;Gong2021_reproductive_PC;Jamin2021_CT;Loriot2025_S2;Wang2016_CT;daSilva2017;daSilva2017_CT;daSilva2017_protein;daSilva2017_testis_biased;daSilva2017_tumor_proteomics,True,False,Enhanced,False,False,testis,0.8048,0.8063,0.8777,0.8777,ENST00000398743,protein_coding,True,False,False,False,False,False,True,102.2,False,102.2,4.6,0.0,adrenal gland,3.6,2,0.7,0.3,0.2,0.1,0.1,TESTIS,True,False,False,SOMATIC,PERMISSIVE,TESTIS,LOW,,canonical_default,include_default,derived:oncoref.cta.passes_filters,Derived from HPA reproductive-restriction filters and never-expressed rescue policy.
CBLL2,CT138;HAKAIL;ZNF645,,cancer-testis antigen,ENSG00000175809,CTpedia;Chang2019_TGCT;Gong2021_reproductive_PC;Wang2016_CT;daSilva2017_CT;daSilva2017_testis_biased,no data,no data,no data,True,False,no data,1.0,1.0,1.0,1.0,ENST00000323684,protein_coding,True,True,True,True,True,True,True,8.2,False,8.2,0.0,0.0,adipose tissue,0.0,0,0.0,0.0,0.0,0.0,0.0,NO_DATA,,,,TESTIS,STRICT,TESTIS,HIGH,,canonical_default,include_default,derived:oncoref.cta.passes_filters,Derived from HPA reproductive-restriction filters and never-expressed rescue policy.
CPXCR1,CT77,,cancer-testis antigen,ENSG00000147183,CTpedia;Chang2019_TGCT;Gong2021_reproductive_PC;Wang2016_CT;daSilva2017;daSilva2017_CT;daSilva2017_testis_biased,no data,no data,no data,True,False,no data,0.9841,0.9841,1.0,1.0,ENST00000276127,protein_coding,True,True,True,True,True,True,True,6.2,False,6.2,0.0,0.0,adipose tissue,0.0,0,0.0,0.0,0.0,0.0,0.0,NO_DATA,,,,TESTIS,STRICT,TESTIS,HIGH,,canonical_default,include_default,derived:oncoref.cta.passes_filters,Derived from HPA reproductive-restriction filters and never-expressed rescue policy.
TULP2,CT65;TUBL2,,cancer-testis antigen,ENSG00000104804,CTpedia;Chang2019_TGCT;Gong2021_reproductive_PC;Wang2016_CT,no data,no data,no data,True,False,no data,0.8298,0.8298,1.0,1.0,ENST00000221399,protein_coding,True,True,True,True,True,True,True,30.4,False,30.4,0.7,0.1,spleen,0.9,0,0.3,0.2,0.1,0.1,0.0,NO_DATA,,,,TESTIS,STRICT,TESTIS,HIGH,,canonical_default,include_default,derived:oncoref.cta.passes_filters,Derived from HPA reproductive-restriction filters and never-expressed rescue policy.
ACTL8,CT57,,cancer-testis antigen,ENSG00000117148,CTpedia;Carter2023_CT;Chang2019_TGCT;Gong2021_reproductive_PC;Wang2016_CT;daSilva2017;daSilva2017_CT;daSilva2017_protein;daSilva2017_testis_biased;daSilva2017_tumor_proteomics,no data,no data,no data,True,False,no data,0.939,0.939,1.0,1.0,ENST00000375406,protein_coding,True,True,True,True,True,True,True,6.9,False,6.9,0.8,0.0,colon,0.2,0,0.1,0.0,0.0,0.0,0.0,NO_DATA,,,,TESTIS,STRICT,TESTIS,HIGH,,canonical_default,include_default,derived:oncoref.cta.passes_filters,Derived from HPA reproductive-restriction filters and never-expressed rescue policy.
SPEM1,C17orf83,,cancer-testis antigen,ENSG00000181323,CTpedia;Chang2019_TGCT;Gong2021_reproductive_PC;daSilva2017;daSilva2017_CT;daSilva2017_testis_biased,no data,no data,no data,True,False,no data,0.997,0.997,1.0,1.0,ENST00000323675,protein_coding,True,True,True,True,True,True,True,66.8,False,66.8,0.0,0.0,retina,0.2,0,0.2,0.0,0.0,0.0,0.0,NO_DATA,,,,TESTIS,STRICT,TESTIS,HIGH,,canonical_default,include_default,derived:oncoref.cta.passes_filters,Derived from HPA reproductive-restriction filters and never-expressed rescue policy.
PRM1,CT94.1;P1,,cancer-testis antigen,ENSG00000175646,CTpedia;Chang2019_TGCT;Gong2021_reproductive_PC;daSilva2017;daSilva2017_testis_biased,True,False,Enhanced,False,False,testis,0.9938,0.9938,0.9962,0.9962,ENST00000312511,protein_coding,True,True,True,True,True,True,True,13722.9,False,13722.9,1.6,0.0,skeletal muscle,5.6,21,1.9,2.1,1.3,4.3,2.9,TESTIS,True,False,False,SOMATIC,MODERATE,TESTIS,LOW,,canonical_default,include_default,derived:oncoref.cta.passes_filters,Derived from HPA reproductive-restriction filters and never-expressed rescue policy.
PRM2,CT94.2,,cancer-testis antigen,ENSG00000122304,CTpedia;Chang2019_TGCT;Gong2021_reproductive_PC;Wang2016_CT;daSilva2017;daSilva2017_testis_biased,True,False,Enhanced,False,False,testis,0.9938,0.9938,0.9965,0.9965,ENST00000241808,protein_coding,True,True,True,True,True,True,True,11371.6,False,11371.6,1.4,0.0,skeletal muscle,4.5,19,1.7,1.8,1.1,3.5,2.5,TESTIS,True,False,False,SOMATIC,MODERATE,TESTIS,LOW,,canonical_default,include_default,derived:oncoref.cta.passes_filters,Derived from HPA reproductive-restriction filters and never-expressed rescue policy.
PRM3,,,cancer-testis antigen,ENSG00000178257,CTpedia;Chang2019_TGCT;Gong2021_reproductive_PC;daSilva2017;daSilva2017_testis_biased,no data,no data,no data,False,False,no data,0.9351,0.9351,0.9782,0.9782,ENST00000327157,protein_coding,True,True,True,True,False,False,True,86.4,False,86.4,0.0,0.0,bone marrow,2.6,2,1.3,0.1,0.0,0.0,0.0,NO_DATA,,,,SOMATIC,MODERATE,SOMATIC,MODERATE,,canonical_default,include_default,derived:oncoref.cta.passes_filters,Derived from HPA reproductive-restriction filters and never-expressed rescue policy.
AKAP4,AKAP 82;AKAP-4;AKAP82;CT99;FSC1;HI;PRKA4;hAKAP82;p82,,cancer-testis antigen,ENSG00000147081,CTpedia;Chang2019_TGCT;Gong2021_reproductive_PC;Wang2016_CT;daSilva2017;daSilva2017_CT;daSilva2017_testis_biased,True,False,Enhanced,True,False,testis,0.9989,0.9989,1.0,1.0,ENST00000358526,protein_coding,True,True,True,True,True,True,True,190.2,False,190.2,0.0,0.0,adipose tissue,0.0,0,0.0,0.0,0.0,0.0,0.0,TESTIS,True,False,False,TESTIS,STRICT,TESTIS,HIGH,,canonical_default,include_default,derived:oncoref.cta.passes_filters,Derived from HPA reproductive-restriction filters and never-expressed rescue policy.
TNP2,TP2,,cancer-testis antigen,ENSG00000178279,CTpedia;Chang2019_TGCT;Gong2021_reproductive_PC;daSilva2017;daSilva2017_testis_biased,no data,no data,no data,True,False,no data,1.0,1.0,1.0,1.0,ENST00000560751,protein_coding,True,True,True,True,True,True,True,47.9,False,47.9,0.0,0.0,adipose tissue,0.0,0,0.0,0.0,0.0,0.0,0.0,NO_DATA,,,,TESTIS,STRICT,TESTIS,HIGH,,canonical_default,include_default,derived:oncoref.cta.passes_filters,Derived from HPA reproductive-restriction filters and never-expressed rescue policy.
CGB8,,,cancer-testis antigen,ENSG00000213030,CTpedia;Gong2021_placenta_PC;Gong2021_reproductive_PC;daSilva2017;daSilva2017_CT;daSilva2017_testis_biased,True,False,Supported,False,False,placenta; testis,0.8873,0.8873,0.9293,0.9293,ENST00000448456,protein_coding,True,True,False,False,False,False,True,18.1,False,0.0,0.0,18.1,pituitary gland,2.3,1,0.0,0.0,0.0,0.0,0.0,REPRODUCTIVE,True,False,True,SOMATIC,PERMISSIVE,REPRODUCTIVE,LOW,,canonical_default,include_default,derived:oncoref.cta.passes_filters,Derived from HPA reproductive-restriction filters and never-expressed rescue policy.
PSG9,PS-beta-B;PS-beta-G-9;PS34;PSBG-9;PSG11;PSGII,,cancer-testis antigen,ENSG00000183668,CTpedia;Gong2021_placenta_PC;Gong2021_reproductive_PC,True,False,Supported,True,False,placenta; testis,0.9709,0.9709,1.0,1.0,ENST00000418820,protein_coding,True,True,True,True,True,True,True,103.4,False,0.0,0.0,103.4,smooth muscle,0.7,0,0.0,0.0,0.1,0.0,0.0,REPRODUCTIVE,True,False,True,PLACENTAL,STRICT,REPRODUCTIVE,LOW,,canonical_default,include_default,derived:oncoref.cta.passes_filters,Derived from HPA reproductive-restriction filters and never-expressed rescue policy.
PSG8,,,cancer-testis antigen,ENSG00000124467,CTpedia;Gong2021_placenta_PC;Gong2021_reproductive_PC;daSilva2017;daSilva2017_CT;daSilva2017_testis_biased,True,False,Supported,True,False,placenta; testis,0.9692,0.9692,1.0,1.0,ENST00000404209,protein_coding,True,True,True,True,True,True,True,6.3,False,0.0,0.0,6.3,parathyroid gland,0.2,0,0.0,0.0,0.0,0.0,0.0,REPRODUCTIVE,True,False,True,PLACENTAL,STRICT,REPRODUCTIVE,LOW,,canonical_default,include_default,derived:oncoref.cta.passes_filters,Derived from HPA reproductive-restriction filters and never-expressed rescue policy.
PSG11,PSBG-11;PSBG-13;PSG13;PSG14,,cancer-testis antigen,ENSG00000243130,CTpedia;Gong2021_placenta_PC;Gong2021_reproductive_PC;daSilva2017;daSilva2017_CT;daSilva2017_testis_biased,True,False,Enhanced,True,False,placenta; testis,0.9884,0.9884,1.0,1.0,ENST00000320078,protein_coding,True,True,True,True,True,True,True,51.3,False,0.0,0.0,51.3,smooth muscle,0.5,0,0.0,0.0,0.0,0.0,0.0,REPRODUCTIVE,True,False,True,PLACENTAL,STRICT,REPRODUCTIVE,LOW,,canonical_default,include_default,derived:oncoref.cta.passes_filters,Derived from HPA reproductive-restriction filters and never-expressed rescue policy.
PSG1,B1G1;CD66f;FL-NCA-1/2;PBG1;PS-beta-C/D;PS-beta-G-1;PSBG-1;PSBG1;PSG95;PSGGA;PSGIIA;SP1,,cancer-testis antigen,ENSG00000231924,CTpedia;Gong2021_placenta_PC;Gong2021_reproductive_PC,True,False,Supported,True,False,placenta; testis,0.9898,0.9898,1.0,1.0,ENST00000436291,protein_coding,True,True,True,True,True,True,True,252.6,False,0.0,0.0,252.6,spleen,0.6,0,0.1,0.0,0.3,0.0,0.0,REPRODUCTIVE,True,False,True,PLACENTAL,STRICT,REPRODUCTIVE,LOW,,canonical_default,include_default,derived:oncoref.cta.passes_filters,Derived from HPA reproductive-restriction filters and never-expressed rescue policy.
PSG3,,,cancer-testis antigen,ENSG00000221826,CTpedia;Gong2021_placenta_PC;Gong2021_reproductive_PC;daSilva2017;daSilva2017_CT;daSilva2017_testis_biased,True,False,Supported,True,False,placenta; testis,0.9914,0.9914,1.0,1.0,ENST00000327495,protein_coding,True,True,True,True,True,True,True,137.4,False,0.6,0.0,137.4,smooth muscle,0.6,0,0.0,0.0,0.0,0.0,0.1,REPRODUCTIVE,True,False,True,PLACENTAL,STRICT,REPRODUCTIVE,LOW,,canonical_default,include_default,derived:oncoref.cta.passes_filters,Derived from HPA reproductive-restriction filters and never-expressed rescue policy.
CSH2,CS-2;CSB;GHB1;PL;hCS-B,,cancer-testis antigen,ENSG00000213218,CTpedia;Gong2021_placenta_PC;Gong2021_reproductive_PC;Wang2016_CT;daSilva2017;daSilva2017_CT;daSilva2017_testis_biased,True,False,Supported,False,True,placenta,0.9883,0.9886,0.9909,0.9909,ENST00000336844,protein_coding,True,True,True,True,True,True,True,3198.1,False,0.2,0.0,3198.1,smooth muscle,14.6,6,0.0,0.0,3.4,0.0,1.1,PLACENTAL,False,False,True,SOMATIC,MODERATE,PLACENTAL,LOW,,canonical_default,include_default,derived:oncoref.cta.passes_filters,Derived from HPA reproductive-restriction filters and never-expressed rescue policy.
PSG5,FL-NCA-3;PSG,,cancer-testis antigen,ENSG00000204941,CTpedia;Gong2021_placenta_PC;Gong2021_reproductive_PC,True,False,Supported,True,False,placenta; testis,0.9714,0.9714,1.0,1.0,ENST00000366175,protein_coding,True,True,True,True,True,True,True,108.6,False,0.0,0.0,108.6,smooth muscle,0.8,0,0.3,0.0,0.0,0.0,0.1,REPRODUCTIVE,True,False,True,PLACENTAL,STRICT,REPRODUCTIVE,LOW,,canonical_default,include_default,derived:oncoref.cta.passes_filters,Derived from HPA reproductive-restriction filters and never-expressed rescue policy.
EGFL6,MAEG;W80,,cancer-testis antigen,ENSG00000198759,Bai2016_EGFL6;CTpedia,True,False,Enhanced,False,False,placenta,0.8743,0.8745,0.9065,0.9065,ENST00000361306,protein_coding,True,True,False,False,False,False,True,623.7,False,0.3,0.4,623.7,lung,24.8,11,2.2,0.2,24.8,0.0,1.2,PLACENTAL,False,False,True,SOMATIC,PERMISSIVE,PLACENTAL,LOW,lung,canonical_default,include_default,derived:oncoref.cta.passes_filters,Derived from HPA reproductive-restriction filters and never-expressed rescue policy.
LIN28B,CSDD2,,cancer-testis antigen,ENSG00000187772,Bruggeman2018_GC;CTpedia;Carter2023_CT;Chang2019_TGCT;Gong2021_placenta_PC;Gong2021_reproductive_PC;Jamin2021_CT;Jamin2021_core;Wang2016_CT;daSilva2017;daSilva2017_CT;daSilva2017_protein;daSilva2017_testis_biased;daSilva2017_tumor_proteomics,True,False,Enhanced,False,False,placenta,0.9426,0.9426,0.9924,0.9924,ENST00000635857,protein_coding,True,True,True,True,True,True,True,63.2,False,4.1,0.0,63.2,retina,1.5,1,1.5,0.0,0.0,0.0,0.0,PLACENTAL,False,False,True,SOMATIC,MODERATE,PLACENTAL,LOW,,canonical_default,include_default,derived:oncoref.cta.passes_filters,Derived from HPA reproductive-restriction filters and never-expressed rescue policy.
ADAM29,CT73;svph1,,cancer-testis antigen,ENSG00000168594,CTpedia;Chang2019_TGCT;Gong2021_reproductive_PC;Wang2016_CT;daSilva2017;daSilva2017_CT;daSilva2017_testis_biased,no data,no data,no data,True,False,no data,0.9684,0.9684,1.0,1.0,ENST00000359240,protein_coding,True,True,True,True,True,True,True,39.9,False,39.9,0.0,0.0,lung,0.2,0,0.1,0.0,0.2,0.0,0.0,NO_DATA,,,,TESTIS,STRICT,TESTIS,HIGH,,canonical_default,include_default,derived:oncoref.cta.passes_filters,Derived from HPA reproductive-restriction filters and never-expressed rescue policy.
CTCFL,BORIS;CT27;CTCF-T;HMGB1L1;dJ579F20.2,,cancer-testis antigen,ENSG00000124092,Bruggeman2018_GC;CTexploreR_CT;CTpedia;Chang2019_TGCT;Gong2021_reproductive_PC;Jamin2021_CT;Jamin2021_core;Loriot2025_S1;Wang2016_CT;daSilva2017;daSilva2017_CT;daSilva2017_testis_biased,True,False,Enhanced,True,False,testis,0.5437,0.5485,1.0,1.0,ENST00000423479,protein_coding,True,True,True,True,True,True,True,10.8,False,10.8,0.1,0.3,bone marrow,0.9,0,0.9,0.2,0.2,0.4,0.5,TESTIS,True,False,False,TESTIS,STRICT,TESTIS,HIGH,,canonical_default,include_default,derived:oncoref.cta.passes_filters,Derived from HPA reproductive-restriction filters and never-expressed rescue policy.
DDX53,CAGE;CT26,,cancer-testis antigen,ENSG00000184735,CTexploreR_CT;CTpedia;Chang2019_TGCT;Gong2021_reproductive_PC;Loriot2025_S1;Wang2016_CT;daSilva2017;daSilva2017_CT;daSilva2017_testis_biased,no data,no data,no data,True,False,no data,1.0,1.0,1.0,1.0,ENST00000327968,protein_coding,True,True,True,True,True,True,True,5.2,False,5.2,0.0,0.0,adipose tissue,0.0,0,0.0,0.0,0.0,0.0,0.0,NO_DATA,,,,TESTIS,STRICT,TESTIS,HIGH,,canonical_default,include_default,derived:oncoref.cta.passes_filters,Derived from HPA reproductive-restriction filters and never-expressed rescue policy.
DPPA2,CT100;ECAT15-2;PESCRG1,,cancer-testis antigen,ENSG00000163530,Bruggeman2018_GC;CTexploreR_CT;CTpedia;Carter2023_CT;Chang2019_TGCT;Gong2021_reproductive_PC;Loriot2025_S1;Wang2016_CT;daSilva2017;daSilva2017_CT;daSilva2017_protein;daSilva2017_testis_biased;daSilva2017_tumor_proteomics,no data,no data,no data,True,False,no data,0.9459,0.973,1.0,1.0,ENST00000478945,protein_coding,True,True,True,True,True,True,True,3.2,False,3.2,0.0,0.3,kidney,0.1,0,0.0,0.0,0.0,0.0,0.0,NO_DATA,,,,TESTIS,STRICT,TESTIS,HIGH,,canonical_default,include_default,derived:oncoref.cta.passes_filters,Derived from HPA reproductive-restriction filters and never-expressed rescue policy.
FTHL17,CT38,,cancer-testis antigen,ENSG00000132446,CTexploreR_CT;CTpedia;Carter2023_CT;Chang2019_TGCT;Gong2021_reproductive_PC;Loriot2025_S1;Wang2016_CT;daSilva2017;daSilva2017_CT;daSilva2017_testis_biased,no data,no data,no data,True,False,no data,0.9744,0.9744,1.0,1.0,ENST00000359202,protein_coding,True,True,True,True,True,True,True,3.8,False,3.8,0.0,0.0,skin,0.1,0,0.0,0.0,0.0,0.0,0.0,NO_DATA,,,,TESTIS,STRICT,TESTIS,HIGH,,canonical_default,include_default,derived:oncoref.cta.passes_filters,Derived from HPA reproductive-restriction filters and never-expressed rescue policy.
HORMAD2,CT46.2,,cancer-testis antigen,ENSG00000176635,CTpedia;Carter2023_CT;Chang2019_TGCT;Gong2021_reproductive_PC;Wang2016_CT;daSilva2017;daSilva2017_CT;daSilva2017_testis_biased,True,False,Enhanced,False,False,testis,0.8506,0.8506,0.9217,0.9217,ENST00000336726,protein_coding,True,True,False,False,False,False,True,22.2,False,22.2,0.0,0.0,liver,2.8,1,0.2,0.0,0.0,2.8,0.0,TESTIS,True,False,False,SOMATIC,PERMISSIVE,TESTIS,LOW,,canonical_default,include_default,derived:oncoref.cta.passes_filters,Derived from HPA reproductive-restriction filters and never-expressed rescue policy.
SYCP1,CT8;HOM-TES-14;SCP-1;SCP1,,cancer-testis antigen,ENSG00000198765,CTexploreR_CT;CTpedia;Chang2019_TGCT;Gong2021_reproductive_PC;Loriot2025_S1;Wang2016_CT;daSilva2017;daSilva2017_CT;daSilva2017_testis_biased,True,False,Enhanced,True,False,testis,0.9848,0.9848,1.0,1.0,ENST00000369522,protein_coding,True,True,True,True,True,True,True,39.0,False,39.0,0.0,0.0,adipose tissue,0.1,0,0.0,0.0,0.0,0.0,0.0,TESTIS,True,False,False,TESTIS,STRICT,TESTIS,HIGH,,canonical_default,include_default,derived:oncoref.cta.passes_filters,Derived from HPA reproductive-restriction filters and never-expressed rescue policy.
TDRD1,CT41.1,,cancer-testis antigen,ENSG00000095627,Bruggeman2018_GC;CTpedia;Carter2023_CT;Chang2019_TGCT;Gong2021_reproductive_PC;Wang2016_CT,True,False,Enhanced,False,False,ovary; testis,0.6627,0.6707,0.96,0.96,ENST00000251864,protein_coding,True,True,True,False,False,False,True,15.2,False,15.2,1.2,0.1,kidney,1.6,1,0.1,0.5,0.1,0.2,0.5,REPRODUCTIVE,True,True,False,SOMATIC,MODERATE,REPRODUCTIVE,LOW,,canonical_default,include_default,derived:oncoref.cta.passes_filters,Derived from HPA reproductive-restriction filters and never-expressed rescue policy.
ACTL7A,SPGF86,,cancer-testis antigen,ENSG00000187003,CTpedia;Chang2019_TGCT;Gong2021_reproductive_PC;Wang2016_CT;daSilva2017;daSilva2017_CT;daSilva2017_testis_biased,True,False,Enhanced,True,False,testis,0.9987,0.9987,1.0,1.0,ENST00000333999,protein_coding,True,True,True,True,True,True,True,223.8,False,223.8,0.0,0.0,adipose tissue,0.0,0,0.0,0.0,0.0,0.0,0.0,TESTIS,True,False,False,TESTIS,STRICT,TESTIS,HIGH,,canonical_default,include_default,derived:oncoref.cta.passes_filters,Derived from HPA reproductive-restriction filters and never-expressed rescue policy.
ACTL7B,Tact1,,cancer-testis antigen,ENSG00000148156,CTpedia;Chang2019_TGCT;Gong2021_reproductive_PC;Wang2016_CT;daSilva2017;daSilva2017_CT;daSilva2017_testis_biased,True,False,Enhanced,True,False,testis,0.9991,0.9991,1.0,1.0,ENST00000374667,protein_coding,True,True,True,True,True,True,True,115.5,False,115.5,0.0,0.0,adipose tissue,0.0,0,0.0,0.0,0.0,0.0,0.0,TESTIS,True,False,False,TESTIS,STRICT,TESTIS,HIGH,,canonical_default,include_default,derived:oncoref.cta.passes_filters,Derived from HPA reproductive-restriction filters and never-expressed rescue policy.
BOLL,BOULE,,cancer-testis antigen,ENSG00000152430,CTpedia;Chang2019_TGCT;Gong2021_reproductive_PC;Wang2016_CT;daSilva2017;daSilva2017_CT;daSilva2017_testis_biased,True,False,Enhanced,False,False,testis,0.9065,0.9065,0.9413,0.9413,ENST00000321801,protein_coding,True,True,False,False,False,False,True,47.5,False,47.5,0.0,0.0,skeletal muscle,3.6,2,0.0,0.0,0.0,0.0,0.0,TESTIS,True,False,False,SOMATIC,PERMISSIVE,TESTIS,LOW,,canonical_default,include_default,derived:oncoref.cta.passes_filters,Derived from HPA reproductive-restriction filters and never-expressed rescue policy.
BRDT,BRD6;CT9;SPGF21,,cancer-testis antigen,ENSG00000137948,Bruggeman2018_GC;CTexploreR_CT;CTpedia;Chang2019_TGCT;Gong2021_reproductive_PC;Loriot2025_S1;Wang2016_CT;daSilva2017;daSilva2017_CT;daSilva2017_testis_biased,True,False,Approved,False,False,testis,0.9429,0.9444,0.9875,0.9875,ENST00000394530,protein_coding,True,True,True,True,True,False,True,127.6,False,127.6,0.4,0.9,bone marrow,2.6,1,0.3,0.0,0.2,0.1,0.0,TESTIS,True,False,False,SOMATIC,MODERATE,TESTIS,LOW,,canonical_default,include_default,derived:oncoref.cta.passes_filters,Derived from HPA reproductive-restriction filters and never-expressed rescue policy.
CALR3,CMH19;CRT2;CT93,,cancer-testis antigen,ENSG00000269058,CTpedia;Gong2021_reproductive_PC;daSilva2017;daSilva2017_CT;daSilva2017_protein;daSilva2017_testis_biased;daSilva2017_tumor_proteomics,True,False,Enhanced,True,False,testis,0.9798,0.9813,1.0,1.0,ENST00000269881,protein_coding,True,True,True,True,True,True,True,63.0,False,63.0,0.0,0.0,liver,0.1,0,0.0,0.0,0.0,0.1,0.0,TESTIS,True,False,False,TESTIS,STRICT,TESTIS,HIGH,,canonical_default,include_default,derived:oncoref.cta.passes_filters,Derived from HPA reproductive-restriction filters and never-expressed rescue policy.
DDX4,VASA,,cancer-testis antigen,ENSG00000152670,CTpedia;Chang2019_TGCT;Gong2021_reproductive_PC;Wang2016_CT;daSilva2017;daSilva2017_CT;daSilva2017_protein;daSilva2017_testis_biased;daSilva2017_tumor_proteomics,True,False,Enhanced,True,False,testis,0.9747,0.976,1.0,1.0,ENST00000353507,protein_coding,True,True,True,True,True,True,True,145.2,False,145.2,1.2,0.0,pancreas,0.4,0,0.3,0.0,0.0,0.0,0.4,TESTIS,True,False,False,REPRODUCTIVE,STRICT,TESTIS,HIGH,,canonical_default,include_default,derived:oncoref.cta.passes_filters,Derived from HPA reproductive-restriction filters and never-expressed rescue policy.
DMRTB1,DMRT6,,cancer-testis antigen,ENSG00000143006,CTpedia;Chang2019_TGCT;Gong2021_reproductive_PC;Wang2016_CT;daSilva2017;daSilva2017_CT;daSilva2017_testis_biased,True,False,Enhanced,True,False,testis,0.9854,0.9854,1.0,1.0,ENST00000371445,protein_coding,True,True,True,True,True,True,True,60.9,False,60.9,0.0,0.0,thyroid gland,0.1,0,0.0,0.0,0.0,0.0,0.0,TESTIS,True,False,False,TESTIS,STRICT,TESTIS,HIGH,,canonical_default,include_default,derived:oncoref.cta.passes_filters,Derived from HPA reproductive-restriction filters and never-expressed rescue policy.
DPPA5,ESG1,,cancer-testis antigen,ENSG00000203909,CTpedia;Chang2019_TGCT;Wang2016_CT;daSilva2017;daSilva2017_testis_biased,no data,no data,no data,True,False,no data,0.7647,0.7647,1.0,1.0,ENST00000370370,protein_coding,True,True,True,True,True,True,True,2.0,False,2.0,0.6,0.0,lung,0.5,0,0.0,0.0,0.5,0.0,0.0,NO_DATA,,,,TESTIS,STRICT,TESTIS,HIGH,,canonical_default,include_default,derived:oncoref.cta.passes_filters,Derived from HPA reproductive-restriction filters and never-expressed rescue policy.
FKBP6,FKBP36;SPGF77,,cancer-testis antigen,ENSG00000077800,CTpedia;Chang2019_TGCT;Gong2021_reproductive_PC;Wang2016_CT;daSilva2017;daSilva2017_CT;daSilva2017_testis_biased,True,False,Enhanced,True,False,ovary; testis,0.9517,0.9551,1.0,1.0,ENST00000252037,protein_coding,True,True,True,True,True,True,True,56.9,False,56.9,0.3,0.0,appendix,0.2,0,0.1,0.0,0.2,0.0,0.0,REPRODUCTIVE,True,True,False,TESTIS,STRICT,REPRODUCTIVE,LOW,,canonical_default,include_default,derived:oncoref.cta.passes_filters,Derived from HPA reproductive-restriction filters and never-expressed rescue policy.
GAGE1,CT4.1;GAGE-1,,cancer-testis antigen,ENSG00000205777,CTexploreR_CT;CTpedia;Chang2019_TGCT;Gong2021_reproductive_PC;Jamin2021_CT;Jamin2021_core;Loriot2025_S1;Seager2024_CTA;Wang2016_CT;daSilva2017;daSilva2017_CT;daSilva2017_protein;daSilva2017_testis_biased;daSilva2017_tumor_proteomics,True,False,Supported,True,False,testis,0.7826,0.7826,1.0,1.0,ENST00000381700,protein_coding,True,True,True,True,True,True,True,1.8,False,1.8,0.0,0.0,retina,0.5,0,0.5,0.0,0.0,0.0,0.0,TESTIS,True,False,False,TESTIS,STRICT,TESTIS,HIGH,,canonical_default,include_default,derived:oncoref.cta.passes_filters,Derived from HPA reproductive-restriction filters and never-expressed rescue policy.
LDHC,CT32;LDH3;LDHX,,cancer-testis antigen,ENSG00000166796,CTexploreR_CTP;CTpedia;Chang2019_TGCT;Gong2021_reproductive_PC;Loriot2025_S2;Wang2016_CT;daSilva2017;daSilva2017_CT;daSilva2017_testis_biased,True,False,Enhanced,False,False,testis,0.9527,0.9534,0.9973,0.9973,ENST00000541669,protein_coding,True,True,True,True,True,True,True,257.4,False,257.4,0.2,0.0,liver,1.4,2,0.3,0.3,0.2,1.4,1.3,TESTIS,True,False,False,SOMATIC,MODERATE,TESTIS,LOW,,canonical_default,include_default,derived:oncoref.cta.passes_filters,Derived from HPA reproductive-restriction filters and never-expressed rescue policy.
MAGEA12,CT1.12;MAGE12,,cancer-testis antigen,ENSG00000213401,CTexploreR_CT;CTpedia;Carter2023_CT;Chang2019_TGCT;Jamin2021_CT;Jamin2021_core;Loriot2025_S1;Seager2024_CTA;Wang2016_CT;daSilva2017;daSilva2017_CT;daSilva2017_testis_biased,no data,no data,no data,True,False,no data,0.5625,0.5625,1.0,1.0,ENST00000393869,protein_coding,True,True,True,True,True,True,True,2.7,False,2.7,0.0,0.0,basal ganglia,0.5,0,0.5,0.0,0.0,0.0,0.0,NO_DATA,,,,TESTIS,STRICT,TESTIS,HIGH,,canonical_default,include_default,derived:oncoref.cta.passes_filters,Derived from HPA reproductive-restriction filters and never-expressed rescue policy.
MAGEA8,CT1.8;MAGE8,,cancer-testis antigen,ENSG00000156009,CTexploreR_CT;CTpedia;Chang2019_TGCT;Gong2021_placenta_PC;Gong2021_reproductive_PC;Loriot2025_S1;Wang2016_CT;daSilva2017;daSilva2017_CT;daSilva2017_testis_biased,True,False,Enhanced,True,False,placenta; testis,0.9539,0.9539,1.0,1.0,ENST00000535454,protein_coding,True,True,True,True,True,True,True,12.8,False,1.6,0.1,12.8,cerebellum,0.2,0,0.2,0.0,0.0,0.0,0.0,REPRODUCTIVE,True,False,True,REPRODUCTIVE,STRICT,REPRODUCTIVE,HIGH,,canonical_default,include_default,derived:oncoref.cta.passes_filters,Derived from HPA reproductive-restriction filters and never-expressed rescue policy.
MAGEB10,,,cancer-testis antigen,ENSG00000177689,CTpedia;Chang2019_TGCT;Gong2021_reproductive_PC;Wang2016_CT,no data,no data,no data,True,False,no data,0.6857,0.6857,1.0,1.0,ENST00000356790,protein_coding,True,True,True,True,True,True,True,2.4,False,2.4,0.0,0.0,bone marrow,0.3,0,0.1,0.0,0.0,0.0,0.0,NO_DATA,,,,TESTIS,STRICT,TESTIS,HIGH,,canonical_default,include_default,derived:oncoref.cta.passes_filters,Derived from HPA reproductive-restriction filters and never-expressed rescue policy.
MEIOB,C16orf73;POF23;SPGF22;gs129,,cancer-testis antigen,ENSG00000162039,CTexploreR_CT;CTpedia;Chang2019_TGCT;Gong2021_reproductive_PC;Loriot2025_S1;Wang2016_CT;daSilva2017;daSilva2017_CT;daSilva2017_protein;daSilva2017_testis_biased;daSilva2017_tumor_proteomics,no data,no data,no data,True,False,no data,0.8078,0.8318,1.0,1.0,ENST00000470044,protein_coding,True,True,True,True,True,True,True,26.5,False,26.5,0.4,0.0,retina,0.7,0,0.7,0.1,0.0,0.3,0.1,NO_DATA,,,,TESTIS,STRICT,TESTIS,HIGH,,canonical_default,include_default,derived:oncoref.cta.passes_filters,Derived from HPA reproductive-restriction filters and never-expressed rescue policy.
NANOS2,NOS-2;NOS2;ZC2HC12B,,cancer-testis antigen,ENSG00000188425,CTpedia;Chang2019_TGCT;Gong2021_reproductive_PC;Wang2016_CT;daSilva2017;daSilva2017_CT;daSilva2017_testis_biased,True,False,Approved,True,False,testis,0.875,0.875,1.0,1.0,ENST00000341294,protein_coding,True,True,True,True,True,True,True,3.5,False,3.5,0.0,0.0,basal ganglia,0.1,0,0.1,0.0,0.0,0.0,0.0,TESTIS,True,False,False,TESTIS,STRICT,TESTIS,HIGH,,canonical_default,include_default,derived:oncoref.cta.passes_filters,Derived from HPA reproductive-restriction filters and never-expressed rescue policy.
PASD1,CT63;CT64;OXTES1,,cancer-testis antigen,ENSG00000166049,CTexploreR_CT;CTpedia;Carter2023_CT;Chang2019_TGCT;Gong2021_reproductive_PC;Loriot2025_S1;Wang2016_CT;daSilva2017;daSilva2017_CT;daSilva2017_testis_biased,True,False,Enhanced,True,False,placenta; testis,1.0,1.0,1.0,1.0,ENST00000370357,protein_coding,True,True,True,True,True,True,True,15.6,False,15.6,0.0,0.0,adipose tissue,0.0,0,0.0,0.0,0.0,0.0,0.0,REPRODUCTIVE,True,False,True,TESTIS,STRICT,REPRODUCTIVE,LOW,,canonical_default,include_default,derived:oncoref.cta.passes_filters,Derived from HPA reproductive-restriction filters and never-expressed rescue policy.
PIWIL1,CT80.1;HIWI;MIWI;PIWI,,cancer-testis antigen,ENSG00000125207,CTpedia;Chang2019_TGCT;Gong2021_reproductive_PC;Jamin2021_CT;Jamin2021_core;Wang2016_CT;daSilva2017;daSilva2017_CT;daSilva2017_protein;daSilva2017_testis_biased;daSilva2017_tumor_proteomics,True,False,Enhanced,False,False,testis,0.9305,0.9305,0.9975,0.9975,ENST00000245255,protein_coding,True,True,True,True,True,True,True,41.5,False,41.5,0.0,0.0,retina,1.1,1,1.1,0.0,0.0,0.0,0.0,TESTIS,True,False,False,SOMATIC,MODERATE,TESTIS,LOW,,canonical_default,include_default,derived:oncoref.cta.passes_filters,Derived from HPA reproductive-restriction filters and never-expressed rescue policy.
RAD21L1,RAD21L;dJ545L17.2,,cancer-testis antigen,ENSG00000244588,CTexploreR_CT;CTpedia;Chang2019_TGCT;Gong2021_reproductive_PC;Loriot2025_S1;Wang2016_CT;daSilva2017;daSilva2017_CT;daSilva2017_testis_biased,True,False,Approved,True,False,testis,0.9043,0.9043,1.0,1.0,ENST00000402452,protein_coding,True,True,True,True,True,True,True,10.4,False,10.4,0.0,0.0,retina,0.8,0,0.8,0.0,0.0,0.0,0.0,TESTIS,True,False,False,TESTIS,STRICT,TESTIS,HIGH,,canonical_default,include_default,derived:oncoref.cta.passes_filters,Derived from HPA reproductive-restriction filters and never-expressed rescue policy.
SMC1B,SMC1BETA;SMC1L2,,cancer-testis antigen,ENSG00000077935,Bruggeman2018_GC;CTpedia;Carter2023_CT;Chang2019_TGCT;Gong2021_reproductive_PC;Wang2016_CT;daSilva2017;daSilva2017_CT;daSilva2017_protein;daSilva2017_testis_biased;daSilva2017_tumor_proteomics,True,False,Enhanced,True,False,testis,0.9712,0.9744,1.0,1.0,ENST00000357450,protein_coding,True,True,True,True,True,True,True,30.2,False,30.2,0.0,0.1,bone marrow,0.3,0,0.0,0.0,0.0,0.0,0.0,TESTIS,True,False,False,TESTIS,STRICT,TESTIS,HIGH,,canonical_default,include_default,derived:oncoref.cta.passes_filters,Derived from HPA reproductive-restriction filters and never-expressed rescue policy.
SYCE2,CESC1,,cancer-testis antigen,ENSG00000161860,CTpedia;Chang2019_TGCT;Wang2016_CT;daSilva2017;daSilva2017_CT;daSilva2017_testis_biased,True,False,Enhanced,False,True,testis,0.4358,0.4643,0.8019,0.8275,ENST00000293695,protein_coding,True,False,False,False,False,False,True,25.9,False,25.9,1.2,0.4,bone marrow,3.2,7,2.5,0.5,0.5,1.7,0.6,TESTIS,True,False,False,SOMATIC,PERMISSIVE,TESTIS,LOW,,canonical_default,include_default,derived:oncoref.cta.passes_filters,Derived from HPA reproductive-restriction filters and never-expressed rescue policy.
SYCP3,COR1;RPRGL4;SCP3;SPGF4,,cancer-testis antigen,ENSG00000139351,Bruggeman2018_GC;CTexploreR_CTP;CTpedia;Chang2019_TGCT;Gong2021_reproductive_PC;Loriot2025_S2;Wang2016_CT;daSilva2017;daSilva2017_CT;daSilva2017_testis_biased,True,False,Enhanced,True,False,testis,0.9574,0.9586,1.0,1.0,ENST00000392927,protein_coding,True,True,True,True,True,True,True,80.5,False,80.5,0.5,0.0,cerebellum,0.7,0,0.7,0.0,0.2,0.0,0.0,TESTIS,True,False,False,TESTIS,STRICT,TESTIS,HIGH,,canonical_default,include_default,derived:oncoref.cta.passes_filters,Derived from HPA reproductive-restriction filters and never-expressed rescue policy.
TEX14,CT113;SPGF23;SgK307,,cancer-testis antigen,ENSG00000121101,CTexploreR_CTP;CTpedia;Chang2019_TGCT;Gong2021_reproductive_PC;Loriot2025_S2;Wang2016_CT;daSilva2017;daSilva2017_CT;daSilva2017_testis_biased,True,False,Enhanced,False,False,testis,0.7472,0.7472,0.973,0.973,ENST00000389934,protein_coding,True,True,True,True,False,False,True,26.2,False,26.2,0.3,0.1,bone marrow,1.7,2,1.0,0.1,0.2,0.2,0.1,TESTIS,True,False,False,SOMATIC,MODERATE,TESTIS,LOW,,canonical_default,include_default,derived:oncoref.cta.passes_filters,Derived from HPA reproductive-restriction filters and never-expressed rescue policy.
UTF1,,,cancer-testis antigen,ENSG00000171794,CTpedia;Carter2023_CT;Chang2019_TGCT;Gong2021_reproductive_PC;Wang2016_CT;daSilva2017;daSilva2017_CT;daSilva2017_testis_biased,True,False,Enhanced,True,False,testis,0.913,0.913,1.0,1.0,ENST00000304477,protein_coding,True,True,True,True,True,True,True,5.8,False,5.8,0.5,0.0,amygdala,0.1,0,0.1,0.0,0.0,0.0,0.0,TESTIS,True,False,False,TESTIS,STRICT,TESTIS,HIGH,,canonical_default,include_default,derived:oncoref.cta.passes_filters,Derived from HPA reproductive-restriction filters and never-expressed rescue policy.
ZPBP,SPGF66;ZPBP1,,cancer-testis antigen,ENSG00000042813,CTpedia;Chang2019_TGCT;Gong2021_reproductive_PC;Wang2016_CT;daSilva2017;daSilva2017_CT;daSilva2017_testis_biased,True,False,Enhanced,False,False,testis,0.956,0.956,0.9752,0.9752,ENST00000046087,protein_coding,True,True,True,True,False,False,True,138.9,False,138.9,0.2,0.0,retina,4.5,1,4.5,0.0,0.0,0.0,0.0,TESTIS,True,False,False,SOMATIC,MODERATE,TESTIS,LOW,,canonical_default,include_default,derived:oncoref.cta.passes_filters,Derived from HPA reproductive-restriction filters and never-expressed rescue policy.
ZPBP2,ZPBPL,,cancer-testis antigen,ENSG00000186075,CTexploreR_CTP;CTpedia;Chang2019_TGCT;Gong2021_reproductive_PC;Loriot2025_S2;Wang2016_CT;daSilva2017;daSilva2017_CT;daSilva2017_testis_biased,True,False,Enhanced,True,False,testis,0.9546,0.9556,1.0,1.0,ENST00000348931,protein_coding,True,True,True,True,True,True,True,92.5,False,92.5,0.0,0.0,tonsil,0.9,0,0.5,0.0,0.0,0.1,0.0,TESTIS,True,False,False,TESTIS,STRICT,TESTIS,HIGH,,canonical_default,include_default,derived:oncoref.cta.passes_filters,Derived from HPA reproductive-restriction filters and never-expressed rescue policy.
C1orf94,,,cancer-testis antigen,ENSG00000142698,Bruggeman2018_GC;CTexploreR_CT;Chang2019_TGCT;Gong2021_reproductive_PC;Loriot2025_S1;Wang2016_CT;daSilva2017;daSilva2017_CT;daSilva2017_testis_biased,no data,no data,no data,True,False,no data,0.819,0.819,1.0,1.0,ENST00000373374,protein_coding,True,True,True,True,True,True,True,19.0,False,19.0,0.0,0.0,cerebral cortex,0.7,0,0.7,0.0,0.0,0.0,0.0,NO_DATA,,,,TESTIS,STRICT,TESTIS,HIGH,,canonical_default,include_default,derived:oncoref.cta.passes_filters,Derived from HPA reproductive-restriction filters and never-expressed rescue policy.
ZC3H11B,ZC3HDC11B,,cancer-testis antigen,ENSG00000215817,CTexploreR_CT;Loriot2025_S1,no data,no data,no data,True,False,no data,0.5052,0.5052,1.0,1.0,ENST00000651890,protein_coding,True,True,True,True,True,True,True,4.8,False,4.8,0.1,0.0,heart muscle,0.3,0,0.2,0.3,0.1,0.2,0.1,NO_DATA,,,,TESTIS,STRICT,TESTIS,HIGH,,canonical_default,include_default,derived:oncoref.cta.passes_filters,Derived from HPA reproductive-restriction filters and never-expressed rescue policy.
WDR64,,,cancer-testis antigen,ENSG00000162843,CTexploreR_CT;Chang2019_TGCT;Gong2021_reproductive_PC;Loriot2025_S1;Wang2016_CT;daSilva2017;daSilva2017_CT;daSilva2017_testis_biased,no data,no data,no data,True,False,no data,0.8966,0.8966,1.0,1.0,ENST00000437684,protein_coding,True,True,True,True,True,True,True,2.3,False,2.3,0.1,0.2,adrenal gland,0.1,0,0.0,0.0,0.0,0.0,0.0,NO_DATA,,,,TESTIS,STRICT,TESTIS,HIGH,,canonical_default,include_default,derived:oncoref.cta.passes_filters,Derived from HPA reproductive-restriction filters and never-expressed rescue policy.
POTEF,A26C1B;POTE2alpha;POTEACTIN,,cancer-testis antigen,ENSG00000196604,CTexploreR_CT;Loriot2025_S1;daSilva2017;daSilva2017_CT;daSilva2017_protein;daSilva2017_testis_biased;daSilva2017_tumor_proteomics,no data,no data,no data,True,False,no data,0.7826,0.7826,1.0,1.0,ENST00000409914,protein_coding,True,True,True,True,True,True,True,1.7,True,1.7,0.0,0.1,skeletal muscle,0.2,0,0.0,0.0,0.0,0.0,0.0,NO_DATA,,,,TESTIS,STRICT,TESTIS,MODERATE,,canonical_default,include_default,derived:oncoref.cta.passes_filters,Derived from HPA reproductive-restriction filters and never-expressed rescue policy.
COX7B2,,,cancer-testis antigen,ENSG00000170516,CTexploreR_CT;Carter2023_CT;Chang2019_TGCT;Gong2021_reproductive_PC;Loriot2025_S1;Wang2016_CT;daSilva2017;daSilva2017_CT;daSilva2017_testis_biased,no data,no data,no data,True,False,no data,0.9976,0.9976,1.0,1.0,ENST00000355591,protein_coding,True,True,True,True,True,True,True,83.4,False,83.4,0.0,1.1,adipose tissue,0.1,0,0.0,0.0,0.0,0.0,0.0,NO_DATA,,,,REPRODUCTIVE,STRICT,REPRODUCTIVE,HIGH,,canonical_default,include_default,derived:oncoref.cta.passes_filters,Derived from HPA reproductive-restriction filters and never-expressed rescue policy.
RBM46,CT68,,cancer-testis antigen,ENSG00000151962,CTexploreR_CT;Carter2023_CT;Chang2019_TGCT;Gong2021_reproductive_PC;Loriot2025_S1;Wang2016_CT;daSilva2017;daSilva2017_CT;daSilva2017_testis_biased,no data,no data,no data,True,False,no data,0.9539,0.9574,1.0,1.0,ENST00000281722,protein_coding,True,True,True,True,True,True,True,26.8,False,26.8,0.1,0.0,thyroid gland,0.4,0,0.1,0.0,0.0,0.1,0.0,NO_DATA,,,,TESTIS,STRICT,TESTIS,HIGH,,canonical_default,include_default,derived:oncoref.cta.passes_filters,Derived from HPA reproductive-restriction filters and never-expressed rescue policy.
TRIML2,SPRYD6,,cancer-testis antigen,ENSG00000179046,Bruggeman2018_GC;CTexploreR_CT;Chang2019_TGCT;Loriot2025_S1;Wang2016_CT;daSilva2017;daSilva2017_CT;daSilva2017_testis_biased,no data,no data,no data,True,False,no data,0.8767,0.8767,1.0,1.0,ENST00000682553,protein_coding,True,True,True,True,True,True,True,3.9,False,2.5,0.0,3.9,basal ganglia,0.4,0,0.4,0.0,0.1,0.0,0.0,NO_DATA,,,,REPRODUCTIVE,STRICT,REPRODUCTIVE,HIGH,,canonical_default,include_default,derived:oncoref.cta.passes_filters,Derived from HPA reproductive-restriction filters and never-expressed rescue policy.
RFPL4B,RNF211,,cancer-testis antigen,ENSG00000251258,CTexploreR_CT;Chang2019_TGCT;Gong2021_reproductive_PC;Loriot2025_S1;Wang2016_CT;daSilva2017;daSilva2017_CT;daSilva2017_testis_biased,no data,no data,no data,True,False,no data,0.8636,0.8636,1.0,1.0,ENST00000441065,protein_coding,True,True,True,True,True,True,True,1.6,True,1.6,0.0,0.3,kidney,0.3,0,0.0,0.0,0.0,0.0,0.0,NO_DATA,,,,TESTIS,STRICT,TESTIS,MODERATE,,canonical_default,include_default,derived:oncoref.cta.passes_filters,Derived from HPA reproductive-restriction filters and never-expressed rescue policy.
ZNF722,ZNF722P,,cancer-testis antigen,ENSG00000241149,CTexploreR_CT;Gong2021_reproductive_PC;Loriot2025_S1,no data,no data,no data,True,False,no data,0.9444,0.9444,1.0,1.0,ENST00000330020,protein_coding,True,True,True,True,True,True,True,1.7,True,1.7,0.0,0.0,bone marrow,0.1,0,0.0,0.0,0.0,0.0,0.0,NO_DATA,,,,TESTIS,STRICT,TESTIS,MODERATE,,canonical_default,include_default,derived:oncoref.cta.passes_filters,Derived from HPA reproductive-restriction filters and never-expressed rescue policy.
DCAF4L2,WDR21C,,cancer-testis antigen,ENSG00000176566,Bruggeman2018_GC;CTexploreR_CT;Carter2023_CT;Chang2019_TGCT;Gong2021_reproductive_PC;Jamin2021_CT;Jamin2021_core;Loriot2025_S1;Wang2016_CT;daSilva2017;daSilva2017_CT;daSilva2017_protein;daSilva2017_testis_biased;daSilva2017_tumor_proteomics,True,False,Uncertain,True,False,testis,1.0,1.0,1.0,1.0,ENST00000319675,protein_coding,True,True,True,True,True,True,True,20.7,False,20.7,0.0,0.0,adipose tissue,0.0,0,0.0,0.0,0.0,0.0,0.0,TESTIS,True,False,False,TESTIS,STRICT,TESTIS,HIGH,,canonical_default,include_default,derived:oncoref.cta.passes_filters,Derived from HPA reproductive-restriction filters and never-expressed rescue policy.
TEX48,,,cancer-testis antigen,ENSG00000230601,CTexploreR_CT;Gong2021_reproductive_PC;Loriot2025_S1;daSilva2017_testis_biased,no data,no data,no data,True,False,no data,0.9923,0.9923,1.0,1.0,ENST00000436752,protein_coding,True,True,True,True,True,True,True,25.7,False,25.7,0.0,0.0,basal ganglia,0.2,0,0.2,0.0,0.0,0.0,0.0,NO_DATA,,,,TESTIS,STRICT,TESTIS,HIGH,,canonical_default,include_default,derived:oncoref.cta.passes_filters,Derived from HPA reproductive-restriction filters and never-expressed rescue policy.
CBY2,NURIT;SPERT,,cancer-testis antigen,ENSG00000174015,CTexploreR_CT;Carter2023_CT;Chang2019_TGCT;Gong2021_reproductive_PC;Loriot2025_S1;Wang2016_CT;daSilva2017_CT;daSilva2017_testis_biased,True,False,Enhanced,True,False,testis,0.9948,0.9948,1.0,1.0,ENST00000310521,protein_coding,True,True,True,True,True,True,True,96.3,False,96.3,0.0,0.0,skin,0.2,0,0.0,0.0,0.0,0.0,0.0,TESTIS,True,False,False,TESTIS,STRICT,TESTIS,HIGH,,canonical_default,include_default,derived:oncoref.cta.passes_filters,Derived from HPA reproductive-restriction filters and never-expressed rescue policy.
GARIN2,C14orf54;FAM71D;GARI-L1;GARI-L2,,cancer-testis antigen,ENSG00000172717,CTexploreR_CT;Carter2023_CT;Chang2019_TGCT;Gong2021_reproductive_PC;Loriot2025_S1;Wang2016_CT;daSilva2017_CT;daSilva2017_testis_biased,no data,no data,no data,True,False,no data,0.8797,0.8835,1.0,1.0,ENST00000612183,protein_coding,True,True,True,True,True,True,True,23.3,False,23.3,0.0,0.1,retina,0.8,0,0.8,0.2,0.0,0.1,0.0,NO_DATA,,,,TESTIS,STRICT,TESTIS,HIGH,,canonical_default,include_default,derived:oncoref.cta.passes_filters,Derived from HPA reproductive-restriction filters and never-expressed rescue policy.
GOLGA6L7,GOLGA6L7P,,cancer-testis antigen,ENSG00000261649,CTexploreR_CT;Carter2023_CT;Gong2021_reproductive_PC;Loriot2025_S1,no data,no data,no data,True,False,no data,0.9441,0.9441,1.0,1.0,ENST00000567390,protein_coding,True,True,True,True,True,True,True,27.0,False,27.0,0.0,0.0,retina,0.4,0,0.4,0.1,0.0,0.0,0.0,NO_DATA,,,,TESTIS,STRICT,TESTIS,HIGH,,canonical_default,include_default,derived:oncoref.cta.passes_filters,Derived from HPA reproductive-restriction filters and never-expressed rescue policy.
PRDM7,PFM4;ZNF910,,cancer-testis antigen,ENSG00000126856,CTexploreR_CT;Chang2019_TGCT;Gong2021_reproductive_PC;Loriot2025_S1;Wang2016_CT;daSilva2017;daSilva2017_CT;daSilva2017_testis_biased,True,False,Approved,True,False,testis,1.0,1.0,1.0,1.0,ENST00000449207,protein_coding,True,True,True,True,True,True,True,1.0,False,1.0,0.0,0.0,adipose tissue,0.0,0,0.0,0.0,0.0,0.0,0.0,TESTIS,True,False,False,TESTIS,STRICT,TESTIS,HIGH,,canonical_default,include_default,derived:oncoref.cta.passes_filters,Derived from HPA reproductive-restriction filters and never-expressed rescue policy.
CHCT1,C17orf64,,cancer-testis antigen,ENSG00000141371,CTexploreR_CT;Chang2019_TGCT;Gong2021_reproductive_PC;Loriot2025_S1;Wang2016_CT;daSilva2017_CT;daSilva2017_testis_biased,True,False,Enhanced,True,False,testis,0.9669,0.9677,1.0,1.0,ENST00000461535,protein_coding,True,True,True,True,True,True,True,131.5,False,131.5,0.1,0.0,bone marrow,0.6,0,0.2,0.0,0.1,0.0,0.1,TESTIS,True,False,False,TESTIS,STRICT,TESTIS,HIGH,,canonical_default,include_default,derived:oncoref.cta.passes_filters,Derived from HPA reproductive-restriction filters and never-expressed rescue policy.
POTEC,A26B2;CT104.6;POTE-18;POTE18,,cancer-testis antigen,ENSG00000183206,CTexploreR_CT;Chang2019_TGCT;Gong2021_reproductive_PC;Loriot2025_S1;Wang2016_CT;daSilva2017;daSilva2017_CT;daSilva2017_testis_biased,no data,no data,no data,True,False,no data,1.0,1.0,1.0,1.0,ENST00000358970,protein_coding,True,True,True,True,True,True,True,2.4,False,2.4,0.0,0.0,adipose tissue,0.0,0,0.0,0.0,0.0,0.0,0.0,NO_DATA,,,,TESTIS,STRICT,TESTIS,HIGH,,canonical_default,include_default,derived:oncoref.cta.passes_filters,Derived from HPA reproductive-restriction filters and never-expressed rescue policy.
ZNF729,,,cancer-testis antigen,ENSG00000196350,CTexploreR_CT;Gong2021_reproductive_PC;Loriot2025_S1;daSilva2017;daSilva2017_testis_biased,no data,no data,no data,True,False,no data,0.95,0.95,1.0,1.0,ENST00000601693,protein_coding,True,True,True,True,True,True,True,1.9,True,1.9,0.0,0.0,adipose tissue,0.0,0,0.0,0.0,0.0,0.0,0.0,NO_DATA,,,,TESTIS,STRICT,TESTIS,MODERATE,,canonical_default,include_default,derived:oncoref.cta.passes_filters,Derived from HPA reproductive-restriction filters and never-expressed rescue policy.
ZNF723,ZNF723P,,cancer-testis antigen,ENSG00000268696,CTexploreR_CT;Loriot2025_S1,no data,no data,no data,True,False,no data,0.8293,0.8293,1.0,1.0,ENST00000600766,protein_coding,True,True,True,True,True,True,True,3.3,False,3.3,0.0,0.1,parathyroid gland,0.2,0,0.0,0.0,0.0,0.0,0.1,NO_DATA,,,,TESTIS,STRICT,TESTIS,HIGH,,canonical_default,include_default,derived:oncoref.cta.passes_filters,Derived from HPA reproductive-restriction filters and never-expressed rescue policy.
GFY,Goofy,,cancer-testis antigen,ENSG00000261949,CTexploreR_CT;Loriot2025_S1,no data,no data,no data,True,False,no data,0.52,0.52,1.0,1.0,ENST00000576655,protein_coding,True,True,True,True,True,True,True,1.3,True,1.3,0.0,0.0,retina,0.6,0,0.6,0.0,0.0,0.0,0.0,NO_DATA,,,,TESTIS,STRICT,TESTIS,MODERATE,,canonical_default,include_default,derived:oncoref.cta.passes_filters,Derived from HPA reproductive-restriction filters and never-expressed rescue policy.
CSTL1,CTES1;RCET11;dJ322G13.4,,cancer-testis antigen,ENSG00000125823,CTexploreR_CT;Chang2019_TGCT;Gong2021_reproductive_PC;Loriot2025_S1;Wang2016_CT;daSilva2017;daSilva2017_CT;daSilva2017_testis_biased,no data,no data,no data,True,False,no data,0.9444,0.9444,1.0,1.0,ENST00000246020,protein_coding,True,True,True,True,True,True,True,1.7,True,1.7,0.0,0.0,esophagus,0.1,0,0.0,0.0,0.0,0.0,0.0,NO_DATA,,,,TESTIS,STRICT,TESTIS,MODERATE,,canonical_default,include_default,derived:oncoref.cta.passes_filters,Derived from HPA reproductive-restriction filters and never-expressed rescue policy.
VCX3A,VCX-8r;VCX-A;VCX3;VCX8R;VCXA,,cancer-testis antigen,ENSG00000169059,CTexploreR_CT;Carter2023_CT;Chang2019_TGCT;Gong2021_reproductive_PC;Loriot2025_S1;Wang2016_CT;daSilva2017;daSilva2017_CT;daSilva2017_testis_biased,True,False,Supported,True,False,testis,0.9255,0.9255,1.0,1.0,ENST00000381089,protein_coding,True,True,True,True,True,True,True,53.3,False,53.3,0.1,0.0,basal ganglia,0.4,0,0.4,0.2,0.0,0.1,0.0,TESTIS,True,False,False,TESTIS,STRICT,TESTIS,HIGH,,canonical_default,include_default,derived:oncoref.cta.passes_filters,Derived from HPA reproductive-restriction filters and never-expressed rescue policy.
VCX,VCX-10r;VCX-B1;VCX1;VCX10R;VCXB1,,cancer-testis antigen,ENSG00000182583,CTexploreR_CT;Carter2023_CT;Chang2019_TGCT;Gong2021_reproductive_PC;Loriot2025_S1;Wang2016_CT;daSilva2017;daSilva2017_CT;daSilva2017_testis_biased,True,False,Supported,True,False,testis,0.9078,0.9078,1.0,1.0,ENST00000381059,protein_coding,True,True,True,True,True,True,True,32.5,False,32.5,0.0,0.0,basal ganglia,0.4,0,0.4,0.1,0.0,0.0,0.0,TESTIS,True,False,False,TESTIS,STRICT,TESTIS,HIGH,,canonical_default,include_default,derived:oncoref.cta.passes_filters,Derived from HPA reproductive-restriction filters and never-expressed rescue policy.
VCX3B,VCX-C;VCXC,,cancer-testis antigen,ENSG00000205642,CTexploreR_CT;Chang2019_TGCT;Gong2021_reproductive_PC;Loriot2025_S1;Wang2016_CT;daSilva2017;daSilva2017_CT;daSilva2017_testis_biased,True,False,Supported,True,False,testis,0.8812,0.8812,1.0,1.0,ENST00000381032,protein_coding,True,True,True,True,True,True,True,14.1,False,14.1,0.0,0.0,retina,0.4,0,0.4,0.1,0.0,0.0,0.1,TESTIS,True,False,False,TESTIS,STRICT,TESTIS,HIGH,,canonical_default,include_default,derived:oncoref.cta.passes_filters,Derived from HPA reproductive-restriction filters and never-expressed rescue policy.
PPP4R3C,FLFL3P;PPP4R3CP;SMEK3P;smk1,,cancer-testis antigen,ENSG00000224960,CTexploreR_CT;Carter2023_CT;Gong2021_reproductive_PC;Loriot2025_S1,no data,no data,no data,True,False,no data,1.0,1.0,1.0,1.0,ENST00000412172,protein_coding,True,True,True,True,True,True,True,1.8,True,1.8,0.0,0.2,adipose tissue,0.0,0,0.0,0.0,0.0,0.0,0.0,NO_DATA,,,,TESTIS,STRICT,TESTIS,MODERATE,,canonical_default,include_default,derived:oncoref.cta.passes_filters,Derived from HPA reproductive-restriction filters and never-expressed rescue policy.
DCAF8L2,WDR42C,,cancer-testis antigen,ENSG00000189186,CTexploreR_CT;Gong2021_reproductive_PC;Loriot2025_S1;daSilva2017;daSilva2017_CT;daSilva2017_testis_biased,no data,no data,no data,True,False,no data,1.0,1.0,1.0,1.0,ENST00000451261,protein_coding,True,True,True,True,True,True,True,19.3,False,19.3,0.7,0.0,adipose tissue,0.0,0,0.0,0.0,0.0,0.0,0.0,NO_DATA,,,,TESTIS,STRICT,TESTIS,HIGH,,canonical_default,include_default,derived:oncoref.cta.passes_filters,Derived from HPA reproductive-restriction filters and never-expressed rescue policy.
SSX5,,,cancer-testis antigen,ENSG00000165583,CTexploreR_CT;Loriot2025_S1;Wang2016_CT;daSilva2017;daSilva2017_CT;daSilva2017_testis_biased,True,False,Supported,True,False,testis,0.2667,0.2667,1.0,1.0,ENST00000347757,protein_coding,True,True,True,True,True,True,True,0.4,False,0.4,0.0,0.0,bone marrow,0.2,0,0.0,0.2,0.0,0.0,0.0,TESTIS,True,False,False,NO_DATA,STRICT,TESTIS,HIGH,,canonical_default,include_default,derived:oncoref.cta.passes_filters,Derived from HPA reproductive-restriction filters and never-expressed rescue policy.
CXorf49,CXorf49B,,cancer-testis antigen,ENSG00000215115,CTexploreR_CT;Loriot2025_S1;daSilva2017;daSilva2017_protein;daSilva2017_testis_biased;daSilva2017_tumor_proteomics,no data,no data,no data,True,False,no data,1.0,1.0,1.0,1.0,ENST00000535490,protein_coding,True,True,True,True,True,True,True,3.3,False,3.3,0.0,0.0,adipose tissue,0.0,0,0.0,0.0,0.0,0.0,0.0,NO_DATA,,,,TESTIS,STRICT,TESTIS,HIGH,,canonical_default,include_default,derived:oncoref.cta.passes_filters,Derived from HPA reproductive-restriction filters and never-expressed rescue policy.
CXorf49B,CXorf49,,cancer-testis antigen,ENSG00000215113,CTexploreR_CT;Loriot2025_S1;daSilva2017;daSilva2017_CT;daSilva2017_testis_biased,no data,no data,no data,True,False,no data,1.0,1.0,1.0,1.0,ENST00000542739,protein_coding,True,True,True,True,True,True,True,4.6,False,4.6,0.0,0.0,adipose tissue,0.0,0,0.0,0.0,0.0,0.0,0.0,NO_DATA,,,,TESTIS,STRICT,TESTIS,HIGH,,canonical_default,include_default,derived:oncoref.cta.passes_filters,Derived from HPA reproductive-restriction filters and never-expressed rescue policy.
TGIF2LX,TGIFLX,,cancer-testis antigen,ENSG00000153779,CTexploreR_CT;Carter2023_CT;Chang2019_TGCT;Gong2021_reproductive_PC;Loriot2025_S1;Wang2016_CT;daSilva2017;daSilva2017_CT;daSilva2017_testis_biased,True,False,Supported,True,False,testis,1.0,1.0,1.0,1.0,ENST00000283891,protein_coding,True,True,True,True,True,True,True,8.5,False,8.5,0.0,0.0,adipose tissue,0.0,0,0.0,0.0,0.0,0.0,0.0,TESTIS,True,False,False,TESTIS,STRICT,TESTIS,HIGH,,canonical_default,include_default,derived:oncoref.cta.passes_filters,Derived from HPA reproductive-restriction filters and never-expressed rescue policy.
ESX1,ESX1L;ESXR1,,cancer-testis antigen,ENSG00000123576,CTexploreR_CT;Carter2023_CT;Chang2019_TGCT;Gong2021_reproductive_PC;Loriot2025_S1;Wang2016_CT;daSilva2017;daSilva2017_CT;daSilva2017_testis_biased,True,False,Enhanced,True,False,testis,1.0,1.0,1.0,1.0,ENST00000372588,protein_coding,True,True,True,True,True,True,True,8.6,False,8.6,0.0,0.1,adipose tissue,0.0,0,0.0,0.0,0.0,0.0,0.0,TESTIS,True,False,False,TESTIS,STRICT,TESTIS,HIGH,,canonical_default,include_default,derived:oncoref.cta.passes_filters,Derived from HPA reproductive-restriction filters and never-expressed rescue policy.
TEX13C,,,cancer-testis antigen,ENSG00000282815,CTexploreR_CT;Carter2023_CT;Gong2021_reproductive_PC;Loriot2025_S1,no data,no data,no data,True,False,no data,1.0,1.0,1.0,1.0,ENST00000695841,protein_coding,True,True,True,True,True,True,True,1.6,True,1.6,0.0,0.0,adipose tissue,0.0,0,0.0,0.0,0.0,0.0,0.0,NO_DATA,,,,TESTIS,STRICT,TESTIS,MODERATE,,canonical_default,include_default,derived:oncoref.cta.passes_filters,Derived from HPA reproductive-restriction filters and never-expressed rescue policy.
CT55,BJHCC20A;CXorf48;SPGFX7,,cancer-testis antigen,ENSG00000169551,CTexploreR_CT;Carter2023_CT;Chang2019_TGCT;Gong2021_reproductive_PC;Loriot2025_S1;Wang2016_CT,no data,no data,no data,True,False,no data,0.6981,0.6981,1.0,1.0,ENST00000276241,protein_coding,True,True,True,True,True,True,True,3.7,False,3.7,0.0,0.0,basal ganglia,0.3,0,0.3,0.0,0.0,0.0,0.0,NO_DATA,,,,TESTIS,STRICT,TESTIS,HIGH,,canonical_default,include_default,derived:oncoref.cta.passes_filters,Derived from HPA reproductive-restriction filters and never-expressed rescue policy.
CT45A10,CT45A5,,cancer-testis antigen,ENSG00000269586,CTexploreR_CT;Loriot2025_S1;daSilva2017;daSilva2017_testis_biased,True,False,Supported,False,False,testis,0.5882,0.5882,0.9195,0.9195,ENST00000682849,protein_coding,True,True,False,False,False,False,True,9.0,False,9.0,0.0,0.0,hippocampal formation,1.4,3,1.4,0.0,0.1,0.0,0.0,TESTIS,True,False,False,SOMATIC,PERMISSIVE,TESTIS,LOW,,canonical_default,include_default,derived:oncoref.cta.passes_filters,Derived from HPA reproductive-restriction filters and never-expressed rescue policy.
CXorf51B,CXorf51A,,cancer-testis antigen,ENSG00000235699,CTexploreR_CT;Loriot2025_S1;daSilva2017;daSilva2017_testis_biased,no data,no data,no data,True,False,no data,0.9993,0.9993,1.0,1.0,ENST00000438525,protein_coding,True,True,True,True,True,True,True,145.8,False,145.8,0.0,0.0,adipose tissue,0.0,0,0.0,0.0,0.0,0.0,0.0,NO_DATA,,,,TESTIS,STRICT,TESTIS,HIGH,,canonical_default,include_default,derived:oncoref.cta.passes_filters,Derived from HPA reproductive-restriction filters and never-expressed rescue policy.
VCY,BPY1;VCY1;VCY1A,,cancer-testis antigen,ENSG00000129864,CTexploreR_CT;Loriot2025_S1;daSilva2017;daSilva2017_CT;daSilva2017_testis_biased,True,False,Supported,True,False,testis,1.0,1.0,1.0,1.0,ENST00000250825,protein_coding,True,True,True,True,True,True,True,58.3,False,58.3,0.0,0.0,adipose tissue,0.0,0,0.0,0.0,0.0,0.0,0.0,TESTIS,True,False,False,TESTIS,STRICT,TESTIS,HIGH,,canonical_default,include_default,derived:oncoref.cta.passes_filters,Derived from HPA reproductive-restriction filters and never-expressed rescue policy.
VCY1B,BPY1B,,cancer-testis antigen,ENSG00000129862,CTexploreR_CT;Loriot2025_S1;daSilva2017;daSilva2017_testis_biased,True,False,Supported,True,False,testis,1.0,1.0,1.0,1.0,ENST00000250823,protein_coding,True,True,True,True,True,True,True,55.6,False,55.6,0.0,0.4,adipose tissue,0.0,0,0.0,0.0,0.0,0.0,0.0,TESTIS,True,False,False,TESTIS,STRICT,TESTIS,HIGH,,canonical_default,include_default,derived:oncoref.cta.passes_filters,Derived from HPA reproductive-restriction filters and never-expressed rescue policy.
RBMY1B,,,cancer-testis antigen,ENSG00000242875,CTexploreR_CT;Loriot2025_S1;Wang2016_CT;daSilva2017;daSilva2017_protein;daSilva2017_testis_biased;daSilva2017_tumor_proteomics,True,False,Supported,True,False,testis,1.0,1.0,1.0,1.0,ENST00000383020,protein_coding,True,True,True,True,True,True,True,0.2,False,0.2,0.0,0.0,adipose tissue,0.0,0,0.0,0.0,0.0,0.0,0.0,TESTIS,True,False,False,NO_DATA,STRICT,TESTIS,HIGH,,canonical_default,include_default,derived:oncoref.cta.passes_filters,Derived from HPA reproductive-restriction filters and never-expressed rescue policy.
RBMY1A1,RBM;RBM1;RBM2;RBMY;RBMY1C;YRRM1;YRRM2,,cancer-testis antigen,ENSG00000234414,CTexploreR_CT;Loriot2025_S1;Wang2016_CT;daSilva2017;daSilva2017_protein;daSilva2017_testis_biased;daSilva2017_tumor_proteomics,True,False,Supported,True,False,testis,1.0,1.0,1.0,1.0,ENST00000382707,protein_coding,True,True,True,True,True,True,True,8.3,False,8.3,0.0,0.0,adipose tissue,0.0,0,0.0,0.0,0.0,0.0,0.0,TESTIS,True,False,False,TESTIS,STRICT,TESTIS,HIGH,,canonical_default,include_default,derived:oncoref.cta.passes_filters,Derived from HPA reproductive-restriction filters and never-expressed rescue policy.
RBMY1E,,,cancer-testis antigen,ENSG00000242389,CTexploreR_CT;Loriot2025_S1;Wang2016_CT;daSilva2017;daSilva2017_protein;daSilva2017_testis_biased;daSilva2017_tumor_proteomics,True,False,Supported,True,False,testis,1.0,1.0,1.0,1.0,ENST00000382658,protein_coding,True,True,True,True,True,True,True,2.5,False,2.5,0.0,0.0,adipose tissue,0.0,0,0.0,0.0,0.0,0.0,0.0,TESTIS,True,False,False,TESTIS,STRICT,TESTIS,HIGH,,canonical_default,include_default,derived:oncoref.cta.passes_filters,Derived from HPA reproductive-restriction filters and never-expressed rescue policy.
AKNAD1,C1orf62,,cancer-testis antigen,ENSG00000162641,CTexploreR_CTP;Loriot2025_S2;daSilva2017;daSilva2017_CT;daSilva2017_testis_biased,no data,no data,no data,True,False,no data,0.94,1.0,1.0,1.0,ENST00000357393,protein_coding,True,True,True,True,True,True,True,4.7,False,4.7,0.0,0.0,adipose tissue,0.0,0,0.0,0.0,0.0,0.0,0.0,NO_DATA,,,,TESTIS,STRICT,TESTIS,HIGH,,canonical_default,include_default,derived:oncoref.cta.passes_filters,Derived from HPA reproductive-restriction filters and never-expressed rescue policy.
DCAF4L1,WDR21B,,cancer-testis antigen,ENSG00000182308,CTexploreR_CTP;Chang2019_TGCT;Gong2021_reproductive_PC;Jamin2021_CT;Jamin2021_core;Loriot2025_S2;Wang2016_CT;daSilva2017;daSilva2017_CT;daSilva2017_testis_biased,True,False,Enhanced,False,False,testis,0.7067,0.7067,0.9957,0.9957,ENST00000333141,protein_coding,True,True,True,True,True,True,True,24.0,False,24.0,0.1,0.0,skeletal muscle,1.1,1,0.7,0.5,0.3,0.4,0.1,TESTIS,True,False,False,SOMATIC,MODERATE,TESTIS,LOW,,canonical_default,include_default,derived:oncoref.cta.passes_filters,Derived from HPA reproductive-restriction filters and never-expressed rescue policy.
NAA11,ARD1B;ARD2;hARD2,,cancer-testis antigen,ENSG00000156269,CTexploreR_CTP;Carter2023_CT;Chang2019_TGCT;Loriot2025_S2;Wang2016_CT;daSilva2017;daSilva2017_CT;daSilva2017_protein;daSilva2017_testis_biased;daSilva2017_tumor_proteomics,True,False,Approved,True,False,placenta; testis,0.8929,0.8929,1.0,1.0,ENST00000286794,protein_coding,True,True,True,True,True,True,True,6.0,False,6.0,0.0,4.0,retina,0.4,0,0.4,0.0,0.0,0.0,0.0,REPRODUCTIVE,True,False,True,REPRODUCTIVE,STRICT,REPRODUCTIVE,HIGH,,canonical_default,include_default,derived:oncoref.cta.passes_filters,Derived from HPA reproductive-restriction filters and never-expressed rescue policy.
TMEM270,WBSCR28,,cancer-testis antigen,ENSG00000175877,CTexploreR_CTP;Chang2019_TGCT;Gong2021_reproductive_PC;Loriot2025_S2;Wang2016_CT;daSilva2017_CT;daSilva2017_testis_biased,no data,no data,no data,True,False,no data,0.9742,0.9742,1.0,1.0,ENST00000320531,protein_coding,True,True,True,True,True,True,True,75.4,False,75.4,0.0,0.0,duodenum,0.3,0,0.2,0.0,0.0,0.2,0.1,NO_DATA,,,,TESTIS,STRICT,TESTIS,HIGH,,canonical_default,include_default,derived:oncoref.cta.passes_filters,Derived from HPA reproductive-restriction filters and never-expressed rescue policy.
ANKRD7,TSA806,,cancer-testis antigen,ENSG00000106013,CTexploreR_CTP;Chang2019_TGCT;Gong2021_reproductive_PC;Loriot2025_S2;Wang2016_CT;daSilva2017;daSilva2017_CT;daSilva2017_testis_biased,no data,no data,no data,True,False,no data,0.9834,0.9835,0.9989,0.9989,ENST00000477532,protein_coding,True,True,True,True,True,True,True,834.8,False,834.8,0.2,0.0,thyroid gland,0.8,0,0.4,0.3,0.1,0.2,0.7,NO_DATA,,,,TESTIS,STRICT,TESTIS,HIGH,,canonical_default,include_default,derived:oncoref.cta.passes_filters,Derived from HPA reproductive-restriction filters and never-expressed rescue policy.
RNF148,,,cancer-testis antigen,ENSG00000235631,CTexploreR_CTP;Chang2019_TGCT;Gong2021_reproductive_PC;Loriot2025_S2;Wang2016_CT;daSilva2017;daSilva2017_CT;daSilva2017_testis_biased,no data,no data,no data,True,False,no data,0.8872,0.8872,1.0,1.0,ENST00000434824,protein_coding,True,True,True,True,True,True,True,47.9,False,47.9,0.1,0.0,cerebellum,0.5,0,0.5,0.2,0.4,0.3,0.3,NO_DATA,,,,TESTIS,STRICT,TESTIS,HIGH,,canonical_default,include_default,derived:oncoref.cta.passes_filters,Derived from HPA reproductive-restriction filters and never-expressed rescue policy.
GARIN1B,FAM137A;FAM71F1;GARI-L1;GARIL1;NYD-SP18,,cancer-testis antigen,ENSG00000135248,CTexploreR_CTP;Chang2019_TGCT;Gong2021_reproductive_PC;Loriot2025_S2;Wang2016_CT;daSilva2017_CT;daSilva2017_testis_biased,no data,no data,no data,False,False,no data,0.9194,0.9194,1.0,1.0,ENST00000485070,protein_coding,True,True,True,True,True,True,True,91.3,False,91.3,0.0,0.0,midbrain,1.0,2,1.0,0.0,0.1,0.0,0.1,NO_DATA,,,,SOMATIC,MODERATE,SOMATIC,MODERATE,,canonical_default,include_default,derived:oncoref.cta.passes_filters,Derived from HPA reproductive-restriction filters and never-expressed rescue policy.
TMEM210,,,cancer-testis antigen,ENSG00000185863,CTexploreR_CTP;Chang2019_TGCT;Gong2021_reproductive_PC;Loriot2025_S2;daSilva2017;daSilva2017_testis_biased,True,False,Enhanced,False,False,testis,0.8324,0.8324,0.971,0.971,ENST00000413619,protein_coding,True,True,True,True,False,False,True,14.4,False,14.4,0.0,0.0,salivary gland,1.4,1,0.0,0.0,0.0,0.0,0.2,TESTIS,True,False,False,SOMATIC,MODERATE,TESTIS,LOW,,canonical_default,include_default,derived:oncoref.cta.passes_filters,Derived from HPA reproductive-restriction filters and never-expressed rescue policy.
C12orf42,,,cancer-testis antigen,ENSG00000179088,CTexploreR_CTP;Chang2019_TGCT;Gong2021_reproductive_PC;Loriot2025_S2;Wang2016_CT,no data,no data,no data,False,True,no data,0.7731,0.8333,0.9812,1.0,ENST00000378113,protein_coding,True,True,True,True,True,False,True,16.7,False,16.7,0.0,0.0,spleen,1.0,1,0.1,0.0,0.0,0.0,0.0,NO_DATA,,,,SOMATIC,MODERATE,SOMATIC,MODERATE,,canonical_default,include_default,derived:oncoref.cta.passes_filters,Derived from HPA reproductive-restriction filters and never-expressed rescue policy.
CCDC196,C14orf53;LINC00238;NCRNA00238,,cancer-testis antigen,ENSG00000196553,CTexploreR_CTP;Gong2021_reproductive_PC;Loriot2025_S2,no data,no data,no data,True,False,no data,0.9815,0.9815,1.0,1.0,ENST00000636229,protein_coding,True,True,True,True,True,True,True,5.3,False,5.3,0.0,0.0,basal ganglia,0.1,0,0.1,0.0,0.0,0.0,0.0,NO_DATA,,,,TESTIS,STRICT,TESTIS,HIGH,,canonical_default,include_default,derived:oncoref.cta.passes_filters,Derived from HPA reproductive-restriction filters and never-expressed rescue policy.
LRRC36,RORBP70;XLHSRF2,,cancer-testis antigen,ENSG00000159708,CTexploreR_CTP;Loriot2025_S2,True,False,Enhanced,False,False,testis,0.775,0.775,0.8702,0.8702,ENST00000329956,protein_coding,True,False,False,False,False,False,True,34.3,False,34.3,0.1,5.9,lung,4.8,1,0.3,0.0,4.8,0.0,0.3,TESTIS,True,False,False,SOMATIC,PERMISSIVE,TESTIS,LOW,,canonical_default,include_default,derived:oncoref.cta.passes_filters,Derived from HPA reproductive-restriction filters and never-expressed rescue policy.
DPEP3,MBD3,,cancer-testis antigen,ENSG00000141096,Bruggeman2018_GC;CTexploreR_CTP;Chang2019_TGCT;Gong2021_reproductive_PC;Loriot2025_S2;Wang2016_CT;daSilva2017;daSilva2017_CT;daSilva2017_protein;daSilva2017_testis_biased;daSilva2017_tumor_proteomics,True,False,Enhanced,False,False,testis,0.8241,0.8259,0.9634,0.9634,ENST00000672962,protein_coding,True,True,True,False,False,False,True,45.7,False,45.7,0.1,0.1,spleen,2.0,2,0.2,0.1,0.3,0.1,0.1,TESTIS,True,False,False,SOMATIC,MODERATE,TESTIS,LOW,,canonical_default,include_default,derived:oncoref.cta.passes_filters,Derived from HPA reproductive-restriction filters and never-expressed rescue policy.
FBXO39,CT144;FBOX39;Fbx39,,cancer-testis antigen,ENSG00000177294,CTexploreR_CTP;Chang2019_TGCT;Gong2021_reproductive_PC;Loriot2025_S2;Wang2016_CT;daSilva2017;daSilva2017_CT;daSilva2017_testis_biased,no data,no data,no data,True,False,no data,0.8552,0.8579,1.0,1.0,ENST00000321535,protein_coding,True,True,True,True,True,True,True,29.5,False,29.5,1.0,0.2,liver,0.8,0,0.1,0.1,0.2,0.8,0.0,NO_DATA,,,,REPRODUCTIVE,STRICT,REPRODUCTIVE,HIGH,,canonical_default,include_default,derived:oncoref.cta.passes_filters,Derived from HPA reproductive-restriction filters and never-expressed rescue policy.
C17orf50,,,cancer-testis antigen,ENSG00000270806,CTexploreR_CTP;Gong2021_reproductive_PC;Loriot2025_S2;daSilva2017;daSilva2017_CT;daSilva2017_testis_biased,no data,no data,no data,False,False,no data,0.9294,0.9303,0.999,0.999,ENST00000605587,protein_coding,True,True,True,True,True,True,True,102.7,False,102.7,0.0,0.0,basal ganglia,1.1,1,1.1,0.0,0.1,0.0,0.2,NO_DATA,,,,SOMATIC,MODERATE,SOMATIC,MODERATE,,canonical_default,include_default,derived:oncoref.cta.passes_filters,Derived from HPA reproductive-restriction filters and never-expressed rescue policy.
MEIOC,C17orf104,,cancer-testis antigen,ENSG00000180336,CTexploreR_CTP;Chang2019_TGCT;Loriot2025_S2;Wang2016_CT;daSilva2017_CT;daSilva2017_testis_biased;daSilva2017_tumor_proteomics,True,False,Enhanced,False,False,testis,0.6686,0.6686,0.9076,0.9076,ENST00000409122,protein_coding,True,True,False,False,False,False,True,46.2,False,46.2,0.3,0.1,cerebellum,3.3,7,3.3,0.3,0.2,0.7,0.2,TESTIS,True,False,False,SOMATIC,PERMISSIVE,TESTIS,LOW,,canonical_default,include_default,derived:oncoref.cta.passes_filters,Derived from HPA reproductive-restriction filters and never-expressed rescue policy.
C20orf141,dJ860F19.4,,cancer-testis antigen,ENSG00000258713,CTexploreR_CTP;Chang2019_TGCT;Gong2021_reproductive_PC;Loriot2025_S2;Wang2016_CT;daSilva2017;daSilva2017_CT;daSilva2017_testis_biased,no data,no data,no data,False,False,no data,0.9688,0.9688,0.9952,0.9952,ENST00000603872,protein_coding,True,True,True,True,True,True,True,126.6,False,126.6,0.0,0.6,retina,1.6,1,1.6,0.0,0.0,0.0,0.0,NO_DATA,,,,SOMATIC,MODERATE,SOMATIC,MODERATE,,canonical_default,include_default,derived:oncoref.cta.passes_filters,Derived from HPA reproductive-restriction filters and never-expressed rescue policy.
EFCAB8,,,cancer-testis antigen,ENSG00000215529,CTexploreR_CTP;Loriot2025_S2,no data,no data,no data,True,False,no data,0.5238,0.5397,1.0,1.0,ENST00000400522,protein_coding,True,True,True,True,True,True,True,3.3,False,3.3,0.0,0.0,appendix,0.3,0,0.1,0.0,0.1,0.1,0.1,NO_DATA,,,,TESTIS,STRICT,TESTIS,HIGH,,canonical_default,include_default,derived:oncoref.cta.passes_filters,Derived from HPA reproductive-restriction filters and never-expressed rescue policy.
GAGE12C,GAGE-12B,,cancer-testis antigen,ENSG00000237671,CTexploreR_CTP;Jamin2021_CT;Jamin2021_core;Loriot2025_S2;daSilva2017;daSilva2017_testis_biased,True,False,Supported,True,False,testis,1.0,1.0,1.0,1.0,ENST00000420398,protein_coding,True,True,True,True,True,True,True,23.0,False,23.0,0.0,0.0,adipose tissue,0.0,0,0.0,0.0,0.0,0.0,0.0,TESTIS,True,False,False,TESTIS,STRICT,TESTIS,HIGH,,canonical_default,include_default,derived:oncoref.cta.passes_filters,Derived from HPA reproductive-restriction filters and never-expressed rescue policy.
GAGE12F,GAGE-12F,,cancer-testis antigen,ENSG00000236362,CTexploreR_CTP;Jamin2021_CT;Jamin2021_core;Loriot2025_S2;daSilva2017;daSilva2017_protein;daSilva2017_testis_biased;daSilva2017_tumor_proteomics,True,False,Supported,False,False,testis,0.9121,0.9121,0.9275,0.9275,ENST00000639028,protein_coding,True,True,False,False,False,False,True,103.3,False,103.3,0.5,0.0,stomach,8.3,2,1.7,0.0,0.0,0.0,0.0,TESTIS,True,False,False,SOMATIC,PERMISSIVE,TESTIS,LOW,,canonical_default,include_default,derived:oncoref.cta.passes_filters,Derived from HPA reproductive-restriction filters and never-expressed rescue policy.
TKTL1,TKR;TKT2,,cancer-testis antigen,ENSG00000007350,Bruggeman2018_GC;CTexploreR_CTP;Chang2019_TGCT;Gong2021_reproductive_PC;Jamin2021_CT;Loriot2025_S2;Wang2016_CT;daSilva2017;daSilva2017_CT;daSilva2017_protein;daSilva2017_testis_biased;daSilva2017_tumor_proteomics,True,False,Enhanced,False,False,testis,0.8901,0.893,0.9701,0.9701,ENST00000369915,protein_coding,True,True,True,True,False,False,True,123.4,False,123.4,1.9,0.3,heart muscle,3.7,3,2.1,3.7,1.0,0.2,0.0,TESTIS,True,False,False,SOMATIC,MODERATE,TESTIS,LOW,,canonical_default,include_default,derived:oncoref.cta.passes_filters,Derived from HPA reproductive-restriction filters and never-expressed rescue policy.
ANKRD60,C20orf86;bA196N14.3,,cancer-testis antigen,ENSG00000124227,Gong2021_reproductive_PC;daSilva2017_protein;daSilva2017_testis_biased;daSilva2017_tumor_proteomics,no data,no data,no data,True,False,no data,0.8537,0.8537,1.0,1.0,ENST00000457363,protein_coding,True,True,True,True,True,True,True,3.5,False,3.5,0.0,0.0,skeletal muscle,0.2,0,0.1,0.0,0.0,0.0,0.0,NO_DATA,,,,TESTIS,STRICT,TESTIS,HIGH,,canonical_default,include_default,derived:oncoref.cta.passes_filters,Derived from HPA reproductive-restriction filters and never-expressed rescue policy.
CCDC168,C13orf40,,cancer-testis antigen,ENSG00000175820,Chang2019_TGCT;Gong2021_reproductive_PC;Wang2016_CT;daSilva2017_CT;daSilva2017_protein;daSilva2017_testis_biased;daSilva2017_tumor_proteomics,no data,no data,no data,True,False,no data,0.9773,0.9773,1.0,1.0,ENST00000322527,protein_coding,True,True,True,True,True,True,True,8.6,False,8.6,0.0,0.0,heart muscle,0.1,0,0.0,0.1,0.0,0.0,0.0,NO_DATA,,,,TESTIS,STRICT,TESTIS,HIGH,,canonical_default,include_default,derived:oncoref.cta.passes_filters,Derived from HPA reproductive-restriction filters and never-expressed rescue policy.
CSNK1A1L,CK1,,cancer-testis antigen,ENSG00000180138,Chang2019_TGCT;Wang2016_CT;daSilva2017_CT;daSilva2017_protein;daSilva2017_testis_biased;daSilva2017_tumor_proteomics,no data,no data,no data,True,False,no data,0.8095,0.8095,1.0,1.0,ENST00000379800,protein_coding,True,True,True,True,True,True,True,3.4,False,3.4,0.0,0.0,bone marrow,0.5,0,0.0,0.0,0.1,0.0,0.0,NO_DATA,,,,TESTIS,STRICT,TESTIS,HIGH,,canonical_default,include_default,derived:oncoref.cta.passes_filters,Derived from HPA reproductive-restriction filters and never-expressed rescue policy.
EXD1,EXDL1,,cancer-testis antigen,ENSG00000178997,Chang2019_TGCT;Gong2021_reproductive_PC;Wang2016_CT;daSilva2017_CT;daSilva2017_protein;daSilva2017_testis_biased;daSilva2017_tumor_proteomics,no data,no data,no data,True,False,no data,0.8896,0.8896,1.0,1.0,ENST00000458580,protein_coding,True,True,True,True,True,True,True,14.5,False,14.5,0.0,0.0,spinal cord,0.4,0,0.4,0.0,0.0,0.0,0.0,NO_DATA,,,,TESTIS,STRICT,TESTIS,HIGH,,canonical_default,include_default,derived:oncoref.cta.passes_filters,Derived from HPA reproductive-restriction filters and never-expressed rescue policy.
GARIN4,FAM71A;FAM71E2;GARI-L4;GARIL4,,cancer-testis antigen,ENSG00000162771,Chang2019_TGCT;Gong2021_reproductive_PC;Wang2016_CT;daSilva2017_CT;daSilva2017_protein;daSilva2017_testis_biased,True,False,Enhanced,True,False,testis,0.9598,0.9611,1.0,1.0,ENST00000294829,protein_coding,True,True,True,True,True,True,True,76.5,False,76.5,0.0,0.0,skin,0.7,0,0.0,0.0,0.2,0.0,0.0,TESTIS,True,False,False,TESTIS,STRICT,TESTIS,HIGH,,canonical_default,include_default,derived:oncoref.cta.passes_filters,Derived from HPA reproductive-restriction filters and never-expressed rescue policy.
GAGE12G,AL4;CT4.7;GAGE-12G,,cancer-testis antigen,ENSG00000215269,Jamin2021_CT;Jamin2021_core;daSilva2017_protein;daSilva2017_testis_biased;daSilva2017_tumor_proteomics,True,False,Supported,False,False,testis,0.8972,0.8972,0.9234,0.9234,ENST00000445148,protein_coding,True,True,False,False,False,False,True,60.1,False,60.1,0.1,0.0,stomach,5.9,2,1.0,0.0,0.0,0.0,0.0,TESTIS,True,False,False,SOMATIC,PERMISSIVE,TESTIS,LOW,,canonical_default,include_default,derived:oncoref.cta.passes_filters,Derived from HPA reproductive-restriction filters and never-expressed rescue policy.
GOLGA6A,GLP;GOLGA6,,cancer-testis antigen,ENSG00000159289,Chang2019_TGCT;Gong2021_reproductive_PC;Wang2016_CT;daSilva2017_CT;daSilva2017_protein;daSilva2017_testis_biased;daSilva2017_tumor_proteomics,True,False,Supported,False,False,testis,0.7914,0.7914,0.9195,0.9195,ENST00000290438,protein_coding,True,True,False,False,False,False,True,14.7,False,14.7,0.1,0.0,liver,2.2,1,0.2,0.0,0.0,2.2,0.0,TESTIS,True,False,False,SOMATIC,PERMISSIVE,TESTIS,LOW,,canonical_default,include_default,derived:oncoref.cta.passes_filters,Derived from HPA reproductive-restriction filters and never-expressed rescue policy.
GOLGA6D,,,cancer-testis antigen,ENSG00000140478,Gong2021_reproductive_PC;Wang2016_CT;daSilva2017_protein;daSilva2017_testis_biased;daSilva2017_tumor_proteomics,True,False,Supported,True,False,testis,0.9213,0.9213,1.0,1.0,ENST00000434739,protein_coding,True,True,True,True,True,True,True,11.7,False,11.7,0.0,0.0,liver,0.7,0,0.1,0.0,0.0,0.7,0.0,TESTIS,True,False,False,TESTIS,STRICT,TESTIS,HIGH,,canonical_default,include_default,derived:oncoref.cta.passes_filters,Derived from HPA reproductive-restriction filters and never-expressed rescue policy.
GOLGA6L6,,,cancer-testis antigen,ENSG00000277322,Gong2021_reproductive_PC;daSilva2017_CT;daSilva2017_protein;daSilva2017_testis_biased;daSilva2017_tumor_proteomics,no data,no data,no data,True,False,no data,1.0,1.0,1.0,1.0,ENST00000619213,protein_coding,True,True,True,True,True,True,True,5.0,False,5.0,0.0,0.0,adipose tissue,0.0,0,0.0,0.0,0.0,0.0,0.0,NO_DATA,,,,TESTIS,STRICT,TESTIS,HIGH,,canonical_default,include_default,derived:oncoref.cta.passes_filters,Derived from HPA reproductive-restriction filters and never-expressed rescue policy.
HMGB4,dJ1007G16.5,,cancer-testis antigen,ENSG00000176256,Chang2019_TGCT;Gong2021_reproductive_PC;Wang2016_CT;daSilva2017_protein;daSilva2017_testis_biased;daSilva2017_tumor_proteomics,True,False,Enhanced,True,False,testis,0.9997,0.9997,1.0,1.0,ENST00000519684,protein_coding,True,True,True,True,True,True,True,361.1,False,361.1,0.0,0.0,small intestine,0.1,0,0.0,0.0,0.0,0.0,0.0,TESTIS,True,False,False,TESTIS,STRICT,TESTIS,HIGH,,canonical_default,include_default,derived:oncoref.cta.passes_filters,Derived from HPA reproductive-restriction filters and never-expressed rescue policy.
KIF4B,,,cancer-testis antigen,ENSG00000226650,Chang2019_TGCT;Gong2021_reproductive_PC;Wang2016_CT;daSilva2017_CT;daSilva2017_protein;daSilva2017_testis_biased;daSilva2017_tumor_proteomics,no data,no data,no data,True,False,no data,1.0,1.0,1.0,1.0,ENST00000435029,protein_coding,True,True,True,True,True,True,True,3.4,False,3.4,0.0,0.0,adipose tissue,0.0,0,0.0,0.0,0.0,0.0,0.0,NO_DATA,,,,TESTIS,STRICT,TESTIS,HIGH,,canonical_default,include_default,derived:oncoref.cta.passes_filters,Derived from HPA reproductive-restriction filters and never-expressed rescue policy.
NT5C1B-RDH14,,,cancer-testis antigen,ENSG00000250741,daSilva2017_protein;daSilva2017_testis_biased;daSilva2017_tumor_proteomics,no data,no data,no data,True,False,no data,0.9938,0.9938,1.0,1.0,ENST00000444297,protein_coding,True,True,True,True,True,True,True,16.1,False,16.1,0.0,0.0,duodenum,0.1,0,0.0,0.0,0.0,0.0,0.0,NO_DATA,,,,TESTIS,STRICT,TESTIS,HIGH,,canonical_default,include_default,derived:oncoref.cta.passes_filters,Derived from HPA reproductive-restriction filters and never-expressed rescue policy.
NUTM2F,FAM22F;NUTMF,,cancer-testis antigen,ENSG00000130950,Gong2021_reproductive_PC;daSilva2017_CT;daSilva2017_protein;daSilva2017_testis_biased;daSilva2017_tumor_proteomics,no data,no data,no data,True,False,no data,0.9,0.9,1.0,1.0,ENST00000253262,protein_coding,True,True,True,True,True,True,True,1.8,True,1.8,0.0,0.0,choroid plexus,0.1,0,0.1,0.0,0.0,0.1,0.0,NO_DATA,,,,TESTIS,STRICT,TESTIS,MODERATE,,canonical_default,include_default,derived:oncoref.cta.passes_filters,Derived from HPA reproductive-restriction filters and never-expressed rescue policy.
PCDHA9,PCDH-ALPHA9,,cancer-testis antigen,ENSG00000204961,Wang2016_CT;daSilva2017_CT;daSilva2017_protein;daSilva2017_testis_biased;daSilva2017_tumor_proteomics,no data,no data,no data,True,False,no data,0.2292,0.2292,1.0,1.0,ENST00000532602,protein_coding,True,True,True,True,True,True,True,1.1,True,1.1,0.0,0.0,cerebellum,0.8,0,0.8,0.0,0.0,0.0,0.7,NO_DATA,,,,TESTIS,STRICT,TESTIS,MODERATE,,canonical_default,include_default,derived:oncoref.cta.passes_filters,Derived from HPA reproductive-restriction filters and never-expressed rescue policy.
PDHA2,PDHAL;SPGF70,,cancer-testis antigen,ENSG00000163114,Chang2019_TGCT;Gong2021_reproductive_PC;Wang2016_CT;daSilva2017_protein;daSilva2017_testis_biased;daSilva2017_tumor_proteomics,True,False,Approved,True,False,testis,1.0,1.0,1.0,1.0,ENST00000295266,protein_coding,True,True,True,True,True,True,True,58.4,False,58.4,0.0,0.0,adipose tissue,0.0,0,0.0,0.0,0.0,0.0,0.0,TESTIS,True,False,False,TESTIS,STRICT,TESTIS,HIGH,,canonical_default,include_default,derived:oncoref.cta.passes_filters,Derived from HPA reproductive-restriction filters and never-expressed rescue policy.
PGK2,HEL-S-272;PGKB;PGKPS;dJ417L20.2,,cancer-testis antigen,ENSG00000170950,Chang2019_TGCT;Gong2021_reproductive_PC;Wang2016_CT;daSilva2017_CT;daSilva2017_protein;daSilva2017_testis_biased;daSilva2017_tumor_proteomics,True,False,Supported,True,False,ovary; testis,0.9974,0.9974,1.0,1.0,ENST00000304801,protein_coding,True,True,True,True,True,True,True,194.1,False,194.1,0.0,0.0,adipose tissue,0.0,0,0.0,0.0,0.0,0.0,0.0,REPRODUCTIVE,True,True,False,TESTIS,STRICT,REPRODUCTIVE,LOW,,canonical_default,include_default,derived:oncoref.cta.passes_filters,Derived from HPA reproductive-restriction filters and never-expressed rescue policy.
RBMXL2,HNRNPG-T;HNRNPGT;HNRPGT,,cancer-testis antigen,ENSG00000170748,Bruggeman2018_GC;Chang2019_TGCT;Gong2021_reproductive_PC;Wang2016_CT;daSilva2017_CT;daSilva2017_protein;daSilva2017_testis_biased;daSilva2017_tumor_proteomics,True,False,Enhanced,True,False,testis,0.9887,0.9887,1.0,1.0,ENST00000306904,protein_coding,True,True,True,True,True,True,True,34.9,False,34.9,0.0,0.0,kidney,0.1,0,0.1,0.0,0.0,0.1,0.0,TESTIS,True,False,False,TESTIS,STRICT,TESTIS,HIGH,,canonical_default,include_default,derived:oncoref.cta.passes_filters,Derived from HPA reproductive-restriction filters and never-expressed rescue policy.
RBMY1D,RBM1;RBM2;YRRM1;YRRM2;hRBMY,,cancer-testis antigen,ENSG00000244395,daSilva2017_protein;daSilva2017_testis_biased;daSilva2017_tumor_proteomics,True,False,Supported,True,False,testis,1.0,1.0,1.0,1.0,ENST00000382680,protein_coding,True,True,True,True,True,True,True,1.3,False,1.3,0.0,0.0,adipose tissue,0.0,0,0.0,0.0,0.0,0.0,0.0,TESTIS,True,False,False,TESTIS,STRICT,TESTIS,HIGH,,canonical_default,include_default,derived:oncoref.cta.passes_filters,Derived from HPA reproductive-restriction filters and never-expressed rescue policy.
RBMY1F,YRRM2,,cancer-testis antigen,ENSG00000169800,Wang2016_CT;daSilva2017_protein;daSilva2017_testis_biased;daSilva2017_tumor_proteomics,True,False,Supported,True,False,testis,1.0,1.0,1.0,1.0,ENST00000454978,protein_coding,True,True,True,True,True,True,True,3.1,False,3.1,0.0,0.0,adipose tissue,0.0,0,0.0,0.0,0.0,0.0,0.0,TESTIS,True,False,False,TESTIS,STRICT,TESTIS,HIGH,,canonical_default,include_default,derived:oncoref.cta.passes_filters,Derived from HPA reproductive-restriction filters and never-expressed rescue policy.
RGPD4,RGP4,,cancer-testis antigen,ENSG00000196862,Bruggeman2018_GC;Carter2023_CT;Gong2021_reproductive_PC;daSilva2017_CT;daSilva2017_protein;daSilva2017_testis_biased;daSilva2017_tumor_proteomics,no data,no data,no data,False,False,no data,0.37,0.4,1.0,1.0,ENST00000408999,protein_coding,True,True,True,True,True,True,True,3.6,False,3.6,0.1,0.0,retina,1.0,1,1.0,0.0,0.1,0.1,0.0,NO_DATA,,,,SOMATIC,MODERATE,SOMATIC,MODERATE,,canonical_default,include_default,derived:oncoref.cta.passes_filters,Derived from HPA reproductive-restriction filters and never-expressed rescue policy.
SLC25A52,MCART2,,cancer-testis antigen,ENSG00000141437,Gong2021_reproductive_PC;daSilva2017_CT;daSilva2017_protein;daSilva2017_testis_biased;daSilva2017_tumor_proteomics,no data,no data,no data,True,False,no data,0.8145,0.8145,1.0,1.0,ENST00000269205,protein_coding,True,True,True,True,True,True,True,10.1,False,10.1,0.0,0.0,liver,0.6,0,0.1,0.0,0.0,0.6,0.0,NO_DATA,,,,TESTIS,STRICT,TESTIS,HIGH,,canonical_default,include_default,derived:oncoref.cta.passes_filters,Derived from HPA reproductive-restriction filters and never-expressed rescue policy.
STKLD1,C9orf96;SgK071;Sk521,,cancer-testis antigen,ENSG00000198870,Chang2019_TGCT;Wang2016_CT;daSilva2017_CT;daSilva2017_protein;daSilva2017_testis_biased;daSilva2017_tumor_proteomics,no data,no data,no data,True,False,no data,0.5405,0.5405,1.0,1.0,ENST00000371957,protein_coding,True,True,True,True,True,True,True,9.7,False,9.7,0.3,0.0,cerebellum,0.6,0,0.6,0.1,0.1,0.3,0.1,NO_DATA,,,,TESTIS,STRICT,TESTIS,HIGH,,canonical_default,include_default,derived:oncoref.cta.passes_filters,Derived from HPA reproductive-restriction filters and never-expressed rescue policy.
TMCO5A,TMCO5,,cancer-testis antigen,ENSG00000166069,Chang2019_TGCT;Gong2021_reproductive_PC;Wang2016_CT;daSilva2017_CT;daSilva2017_protein;daSilva2017_testis_biased;daSilva2017_tumor_proteomics,True,False,Enhanced,True,False,testis,0.9843,0.9843,1.0,1.0,ENST00000559502,protein_coding,True,True,True,True,True,True,True,106.5,False,106.5,0.0,0.0,stomach,0.6,0,0.1,0.0,0.0,0.0,0.0,TESTIS,True,False,False,TESTIS,STRICT,TESTIS,HIGH,,canonical_default,include_default,derived:oncoref.cta.passes_filters,Derived from HPA reproductive-restriction filters and never-expressed rescue policy.
YBX2,CONTRIN;CSDA3;DBPC;MSY2,,cancer-testis antigen,ENSG00000006047,Chang2019_TGCT;Gong2021_reproductive_PC;Wang2016_CT;daSilva2017_CT;daSilva2017_protein;daSilva2017_testis_biased;daSilva2017_tumor_proteomics,True,False,Enhanced,False,False,testis,0.913,0.913,0.9579,0.9579,ENST00000007699,protein_coding,True,True,True,False,False,False,True,535.8,False,535.8,0.3,0.0,colon,7.0,16,2.9,1.4,0.1,1.9,0.3,TESTIS,True,False,False,SOMATIC,MODERATE,TESTIS,LOW,,canonical_default,include_default,derived:oncoref.cta.passes_filters,Derived from HPA reproductive-restriction filters and never-expressed rescue policy.
ZC2HC1B,C6orf94;FAM164B;dJ468K18.5,,cancer-testis antigen,ENSG00000118491,Gong2021_reproductive_PC;Wang2016_CT;daSilva2017_CT;daSilva2017_protein;daSilva2017_testis_biased;daSilva2017_tumor_proteomics,no data,no data,no data,True,False,no data,0.9416,0.9416,1.0,1.0,ENST00000237275,protein_coding,True,True,True,True,True,True,True,14.4,False,14.4,0.0,0.1,skeletal muscle,0.2,0,0.0,0.0,0.0,0.0,0.0,NO_DATA,,,,TESTIS,STRICT,TESTIS,HIGH,,canonical_default,include_default,derived:oncoref.cta.passes_filters,Derived from HPA reproductive-restriction filters and never-expressed rescue policy.
XAGE2,CT12.2;GAGED3;XAGE-2;XAGE2B,,cancer-testis antigen,ENSG00000155622,CTpedia;Gong2021_placenta_PC;Gong2021_reproductive_PC,no data,no data,no data,False,False,no data,0.9645,0.9645,0.977,0.977,ENST00000286049,protein_coding,True,True,True,True,False,False,True,192.5,False,0.5,0.0,192.5,lung,5.5,1,0.0,0.1,5.5,0.0,0.4,NO_DATA,,,,SOMATIC,MODERATE,SOMATIC,MODERATE,lung,canonical_default,include_default,derived:oncoref.cta.passes_filters,Derived from HPA reproductive-restriction filters and never-expressed rescue policy.
MAGEB6,CT3.4;FLJ40242;MAGE-B6;MAGEB6A,,cancer-testis antigen,ENSG00000176746,CTexploreR_CT;CTpedia;Carter2023_CT;Chang2019_TGCT;Gong2021_reproductive_PC;Loriot2025_S1;Wang2016_CT;daSilva2017_CT;daSilva2017_testis_biased,no data,no data,no data,True,False,no data,1.0,1.0,1.0,1.0,ENST00000379034,protein_coding,True,True,True,True,True,True,True,3.1,False,3.1,0.0,0.0,adipose tissue,0.0,0,0.0,0.0,0.0,0.0,0.0,NO_DATA,,,,TESTIS,STRICT,TESTIS,HIGH,,canonical_default,include_default,derived:oncoref.cta.passes_filters,Derived from HPA reproductive-restriction filters and never-expressed rescue policy.
CT47A8,,,cancer-testis antigen,ENSG00000230347,daSilva2017_testis_biased;paralog:CT47A1,True,False,Supported,True,False,testis,1.0,1.0,1.0,1.0,ENST00000457977,protein_coding,True,True,True,True,True,True,True,0.1,False,0.1,0.0,0.0,adipose tissue,0.0,0,0.0,0.0,0.0,0.0,0.0,TESTIS,True,False,False,NO_DATA,STRICT,TESTIS,HIGH,,canonical_default,include_default,derived:oncoref.cta.passes_filters,Derived from HPA reproductive-restriction filters and never-expressed rescue policy.
CT47A9,,,cancer-testis antigen,ENSG00000226600,Wang2016_CT;daSilva2017_testis_biased;paralog:CT47A1,True,False,Supported,True,False,testis,1.0,1.0,1.0,1.0,ENST00000417256,protein_coding,True,True,True,True,True,True,True,0.1,False,0.1,0.0,0.0,adipose tissue,0.0,0,0.0,0.0,0.0,0.0,0.0,TESTIS,True,False,False,NO_DATA,STRICT,TESTIS,HIGH,,canonical_default,include_default,derived:oncoref.cta.passes_filters,Derived from HPA reproductive-restriction filters and never-expressed rescue policy.
CT47A10,,,cancer-testis antigen,ENSG00000224089,Wang2016_CT;daSilva2017_testis_biased;paralog:CT47A1,True,False,Supported,True,False,testis,1.0,1.0,1.0,1.0,ENST00000430448,protein_coding,True,True,True,True,True,True,True,0.1,False,0.1,0.0,0.0,adipose tissue,0.0,0,0.0,0.0,0.0,0.0,0.0,TESTIS,True,False,False,NO_DATA,STRICT,TESTIS,HIGH,,canonical_default,include_default,derived:oncoref.cta.passes_filters,Derived from HPA reproductive-restriction filters and never-expressed rescue policy.
CT45A8,,,cancer-testis antigen,ENSG00000278085,Loriot2025_S1;daSilva2017_testis_biased;paralog:CT45A1,no data,no data,no data,True,False,no data,0.8333,0.8333,1.0,1.0,ENST00000611660,protein_coding,True,True,True,True,True,True,True,1.0,True,1.0,0.0,0.0,basal ganglia,0.1,0,0.1,0.0,0.0,0.0,0.0,NO_DATA,,,,TESTIS,STRICT,TESTIS,MODERATE,,canonical_default,include_default,derived:oncoref.cta.passes_filters,Derived from HPA reproductive-restriction filters and never-expressed rescue policy.
GAGE12D,,,cancer-testis antigen,ENSG00000227488,Jamin2021_CT;Jamin2021_core;Wang2016_CT;daSilva2017_CT;daSilva2017_testis_biased;paralog:GAGE12C,True,False,Supported,True,False,testis,1.0,1.0,1.0,1.0,ENST00000405679,protein_coding,True,True,True,True,True,True,True,23.0,False,23.0,0.0,0.0,adipose tissue,0.0,0,0.0,0.0,0.0,0.0,0.0,TESTIS,True,False,False,TESTIS,STRICT,TESTIS,HIGH,,canonical_default,include_default,derived:oncoref.cta.passes_filters,Derived from HPA reproductive-restriction filters and never-expressed rescue policy.
GAGE10,,,cancer-testis antigen,ENSG00000215274,Seager2024_CTA;paralog:GAGE2A,True,False,Supported,True,False,testis,0.2692,0.2692,1.0,1.0,ENST00000407599,protein_coding,True,True,True,True,True,True,True,1.6,False,1.6,0.5,0.0,pituitary gland,0.8,0,0.5,0.1,0.0,0.0,0.0,TESTIS,True,False,False,TESTIS,STRICT,TESTIS,HIGH,,canonical_default,include_default,derived:oncoref.cta.passes_filters,Derived from HPA reproductive-restriction filters and never-expressed rescue policy.
MAGEA2B,,,cancer-testis antigen,ENSG00000183305,Jamin2021_CT;Jamin2021_core;Wang2016_CT;daSilva2017_testis_biased;paralog:MAGEA2,no data,no data,no data,True,False,no data,1.0,1.0,1.0,1.0,ENST00000331220,protein_coding,True,True,True,True,True,True,True,1.9,True,1.9,0.0,0.1,adipose tissue,0.0,0,0.0,0.0,0.0,0.0,0.0,NO_DATA,,,,TESTIS,STRICT,TESTIS,MODERATE,,canonical_default,include_default,derived:oncoref.cta.passes_filters,Derived from HPA reproductive-restriction filters and never-expressed rescue policy.
CGB2,,,cancer-germline antigen,ENSG00000104818,Bialas2020_CGB_cancer;Kubiczak2013_CGB_ovarian;Rull2005_CGB_placenta;Rull2008_CGB_RNA;Wang2016_CT;placental_antigen,True,False,Supported,True,False,placenta; testis,0.32,0.32,1.0,1.0,ENST00000359342,protein_coding,True,True,True,True,True,True,True,1.5,False,1.5,0.0,0.1,basal ganglia,0.6,0,0.6,0.1,0.0,0.0,0.0,REPRODUCTIVE,True,False,True,TESTIS,STRICT,REPRODUCTIVE,LOW,,canonical_default,include_default,derived:oncoref.cta.passes_filters,Derived from HPA reproductive-restriction filters and never-expressed rescue policy.
PSG2,,,cancer-germline antigen,ENSG00000242221,Gong2021_placenta_PC;Gong2021_reproductive_PC;placental_antigen,no data,no data,no data,True,False,no data,0.9855,0.9855,1.0,1.0,ENST00000406487,protein_coding,True,True,True,True,True,True,True,231.6,False,0.0,0.0,231.6,smooth muscle,0.9,0,0.1,0.0,0.2,0.0,0.2,NO_DATA,,,,PLACENTAL,STRICT,PLACENTAL,HIGH,,canonical_default,include_default,derived:oncoref.cta.passes_filters,Derived from HPA reproductive-restriction filters and never-expressed rescue policy.
PSG6,,,cancer-germline antigen,ENSG00000170848,Gong2021_placenta_PC;Gong2021_reproductive_PC;placental_antigen,True,False,Supported,False,False,placenta; testis,0.9619,0.9619,0.9916,0.9916,ENST00000292125,protein_coding,True,True,True,True,True,True,True,48.0,False,0.0,0.0,48.0,bone marrow,1.4,1,0.1,0.0,0.0,0.0,0.0,REPRODUCTIVE,True,False,True,SOMATIC,MODERATE,REPRODUCTIVE,LOW,,canonical_default,include_default,derived:oncoref.cta.passes_filters,Derived from HPA reproductive-restriction filters and never-expressed rescue policy.
PSG7,,,cancer-germline antigen,ENSG00000221878,Gong2021_placenta_PC;Gong2021_reproductive_PC;placental_antigen,True,False,Supported,False,False,placenta; testis,0.678,0.678,0.9375,0.9375,ENST00000446844,protein_coding,True,True,False,False,False,False,True,4.0,False,0.0,0.0,4.0,skin,1.2,1,0.0,0.0,0.0,0.0,0.0,REPRODUCTIVE,True,False,True,SOMATIC,PERMISSIVE,REPRODUCTIVE,LOW,,canonical_default,include_default,derived:oncoref.cta.passes_filters,Derived from HPA reproductive-restriction filters and never-expressed rescue policy.
ERVH48-1,,,cancer-germline antigen,ENSG00000233056,Gong2021_placenta_ncRNA;Gong2021_reproductive_ncRNA;placental_antigen,no data,no data,no data,False,True,no data,0.932,0.9395,0.9953,0.9966,ENST00000447535,protein_coding,True,True,True,True,True,True,True,148.0,False,1.4,0.1,148.0,retina,1.5,1,1.5,0.1,0.3,0.1,0.7,NO_DATA,,,,SOMATIC,MODERATE,SOMATIC,MODERATE,,canonical_default,include_default,derived:oncoref.cta.passes_filters,Derived from HPA reproductive-restriction filters and never-expressed rescue policy.
ERVV-2,,,cancer-germline antigen,ENSG00000268964,Gong2021_placenta_PC;Gong2021_reproductive_PC;placental_antigen,no data,no data,no data,True,False,no data,0.8632,0.8632,1.0,1.0,ENST00000601417,protein_coding,True,True,True,True,True,True,True,8.1,False,0.1,0.0,8.1,skeletal muscle,0.5,0,0.0,0.0,0.0,0.0,0.0,NO_DATA,,,,PLACENTAL,STRICT,PLACENTAL,HIGH,,canonical_default,include_default,derived:oncoref.cta.passes_filters,Derived from HPA reproductive-restriction filters and never-expressed rescue policy.
LGALS13,,,cancer-germline antigen,ENSG00000105198,Gong2021_placenta_PC;Gong2021_reproductive_PC;Wang2016_CT;daSilva2017_testis_biased;placental_antigen,no data,no data,no data,True,False,no data,0.9492,0.9492,1.0,1.0,ENST00000221797,protein_coding,True,True,True,True,True,True,True,10.9,False,0.3,0.0,10.9,retina,0.2,0,0.2,0.0,0.0,0.0,0.0,NO_DATA,,,,PLACENTAL,STRICT,PLACENTAL,HIGH,,canonical_default,include_default,derived:oncoref.cta.passes_filters,Derived from HPA reproductive-restriction filters and never-expressed rescue policy.
LGALS14,,,cancer-germline antigen,ENSG00000006659,Gong2021_placenta_PC;Gong2021_reproductive_PC;placental_antigen,no data,no data,no data,True,False,no data,0.8849,0.8877,1.0,1.0,ENST00000360675,protein_coding,True,True,True,True,True,True,True,63.5,False,0.2,0.1,63.5,skin,0.9,0,0.5,0.0,0.2,0.0,0.5,NO_DATA,,,,PLACENTAL,STRICT,PLACENTAL,HIGH,,canonical_default,include_default,derived:oncoref.cta.passes_filters,Derived from HPA reproductive-restriction filters and never-expressed rescue policy.
SSX4B,,,cancer-testis antigen,ENSG00000269791,Jamin2021_CT;Jamin2021_core;daSilva2017_testis_biased;paralog:SSX4,True,False,Supported,True,False,testis,0.9286,0.9286,1.0,1.0,ENST00000595235,protein_coding,True,True,True,True,True,True,True,2.6,False,2.6,0.0,0.0,heart muscle,0.1,0,0.0,0.1,0.0,0.0,0.0,TESTIS,True,False,False,TESTIS,STRICT,TESTIS,HIGH,,canonical_default,include_default,derived:oncoref.cta.passes_filters,Derived from HPA reproductive-restriction filters and never-expressed rescue policy.
LGALS16,,,cancer-germline antigen,ENSG00000249861,Gong2021_placenta_PC;Gong2021_reproductive_PC;placental_antigen,no data,no data,no data,True,False,no data,0.8235,0.8235,1.0,1.0,ENST00000392051,protein_coding,True,True,True,True,True,True,True,5.6,False,0.0,0.0,5.6,cerebellum,0.4,0,0.4,0.0,0.0,0.0,0.0,NO_DATA,,,,PLACENTAL,STRICT,PLACENTAL,HIGH,,canonical_default,include_default,derived:oncoref.cta.passes_filters,Derived from HPA reproductive-restriction filters and never-expressed rescue policy.
NLRP9,,,cancer-germline antigen,ENSG00000185792,Bruggeman2018_GC;celltype_germline_candidate,no data,no data,no data,True,False,no data,0.6571,0.6571,1.0,1.0,ENST00000332836,protein_coding,True,True,True,True,True,True,True,2.0,False,0.3,2.0,0.0,bone marrow,0.1,0,0.0,0.0,0.0,0.0,0.0,NO_DATA,,,,REPRODUCTIVE,STRICT,REPRODUCTIVE,HIGH,,canonical_default,include_default,derived:oncoref.cta.passes_filters,Derived from HPA reproductive-restriction filters and never-expressed rescue policy.
ZFP42,,,cancer-germline antigen,ENSG00000179059,Bruggeman2018_GC;Chang2019_TGCT;Gong2021_reproductive_PC;Wang2016_CT;celltype_germline_candidate,no data,no data,no data,True,False,no data,0.3333,0.3457,1.0,1.0,ENST00000509524,protein_coding,True,True,True,True,True,True,True,2.0,False,2.0,0.0,0.7,skeletal muscle,0.7,0,0.1,0.0,0.4,0.0,0.0,NO_DATA,,,,TESTIS,STRICT,TESTIS,HIGH,,canonical_default,include_default,derived:oncoref.cta.passes_filters,Derived from HPA reproductive-restriction filters and never-expressed rescue policy.
SUN5,SPAG4L;SPAG4L-2,Sad1 and UNC84 domain containing 5,cancer-germline antigen,ENSG00000167098,Chang2019_TGCT;Gong2021_reproductive_PC;celltype_germline_candidate;daSilva2017_testis_biased,True,False,Enhanced,True,False,testis,1.0,1.0,1.0,1.0,ENST00000356173,protein_coding,True,True,True,True,True,True,True,43.6,False,43.6,0.0,0.0,adipose tissue,0.0,0,0.0,0.0,0.0,0.0,0.0,TESTIS,True,False,False,TESTIS,STRICT,TESTIS,HIGH,,canonical_default,include_default,derived:oncoref.cta.passes_filters,Derived from HPA reproductive-restriction filters and never-expressed rescue policy.
SSX7,,SSX family member 7,cancer-germline antigen,ENSG00000187754,Wang2016_CT;paralog_cta_candidate,True,False,Approved,True,False,testis,0.0,0.0,1.0,1.0,ENST00000298181,protein_coding,True,True,True,True,True,True,True,0.6,False,0.0,0.0,0.0,retina,0.6,0,0.6,0.0,0.1,0.0,0.0,TESTIS,True,False,False,NO_DATA,STRICT,TESTIS,MODERATE,,canonical_default,include_default,derived:oncoref.cta.passes_filters,Derived from HPA reproductive-restriction filters and never-expressed rescue policy.
INSL4,,,,ENSG00000120211,Gong2021_placenta_PC;Gong2021_reproductive_PC,no data,no data,no data,True,False,no data,0.8701,0.8701,0.973,0.973,,protein_coding,True,True,True,True,False,False,True,15.4,False,0.0,0.0,15.4,bone marrow,0.3,0,0.1,0.0,0.0,0.0,0.0,NO_DATA,,,,PLACENTAL,MODERATE,PLACENTAL,MODERATE,,canonical_default,include_default,derived:oncoref.cta.passes_filters,Derived from HPA reproductive-restriction filters and never-expressed rescue policy.
GCM1,,,,ENSG00000137270,Gong2021_placenta_PC;Gong2021_reproductive_PC,True,False,Enhanced,False,False,placenta,0.7153,0.7153,0.8726,0.8726,,protein_coding,True,False,False,False,False,False,True,19.5,False,0.6,0.0,19.5,skeletal muscle,3.4,2,0.3,0.1,0.1,0.1,0.1,PLACENTAL,False,False,True,SOMATIC,PERMISSIVE,PLACENTAL,LOW,,canonical_default,include_default,derived:oncoref.cta.passes_filters,Derived from HPA reproductive-restriction filters and never-expressed rescue policy.
CYP19A1,,,,ENSG00000137869,Gong2021_placenta_PC;Gong2021_reproductive_PC,True,False,Enhanced,False,False,placenta,0.7523,0.7535,0.8543,0.8543,,protein_coding,True,False,False,False,False,False,True,120.5,False,6.1,3.1,120.5,adrenal gland,8.2,8,0.6,1.1,0.6,0.1,1.2,PLACENTAL,False,False,True,SOMATIC,PERMISSIVE,PLACENTAL,LOW,,canonical_default,include_default,derived:oncoref.cta.passes_filters,Derived from HPA reproductive-restriction filters and never-expressed rescue policy.
HTRA4,,,,ENSG00000169495,Gong2021_placenta_PC;Gong2021_reproductive_PC,True,False,Enhanced,False,False,placenta,0.6922,0.6964,0.8819,0.8819,,protein_coding,True,False,False,False,False,False,True,64.5,False,0.8,0.6,64.5,bone marrow,6.8,5,0.9,0.1,1.8,0.3,0.6,PLACENTAL,False,False,True,SOMATIC,PERMISSIVE,PLACENTAL,LOW,,canonical_default,include_default,derived:oncoref.cta.passes_filters,Derived from HPA reproductive-restriction filters and never-expressed rescue policy.
KISS1,,,,ENSG00000170498,Gong2021_placenta_PC;Gong2021_reproductive_PC,True,False,Enhanced,False,False,placenta; testis,0.913,0.9134,0.9606,0.9606,,protein_coding,True,True,True,False,False,False,True,226.4,False,2.5,0.0,226.4,basal ganglia,4.4,7,4.4,0.0,0.8,1.5,0.3,REPRODUCTIVE,True,False,True,SOMATIC,MODERATE,REPRODUCTIVE,LOW,,canonical_default,include_default,derived:oncoref.cta.passes_filters,Derived from HPA reproductive-restriction filters and never-expressed rescue policy.
DBF4,,,,ENSG00000006634,Chang2019_TGCT;Wang2016_CT,no data,no data,no data,True,False,no data,0.6276,0.6527,1.0,1.0,,protein_coding,True,True,True,True,True,True,True,14.7,False,14.7,0.2,0.1,bone marrow,0.6,0,0.3,0.1,0.1,0.1,0.1,NO_DATA,,,,TESTIS,STRICT,TESTIS,HIGH,,canonical_default,include_default,derived:oncoref.cta.passes_filters,Derived from HPA reproductive-restriction filters and never-expressed rescue policy.
SOX30,,,,ENSG00000039600,Carter2023_CT;Chang2019_TGCT;Gong2021_reproductive_PC;Wang2016_CT;daSilva2017_CT;daSilva2017_testis_biased,True,False,Enhanced,True,False,testis,0.9368,0.9452,1.0,1.0,,protein_coding,True,True,True,True,True,True,True,78.4,False,78.4,0.1,0.1,duodenum,0.7,0,0.1,0.1,0.0,0.0,0.0,TESTIS,True,False,False,TESTIS,STRICT,TESTIS,HIGH,,canonical_default,include_default,derived:oncoref.cta.passes_filters,Derived from HPA reproductive-restriction filters and never-expressed rescue policy.
GSC2,,,,ENSG00000063515,Chang2019_TGCT;Gong2021_reproductive_PC;daSilva2017_testis_biased,True,False,Uncertain,False,False,testis,0.6875,0.6875,1.0,1.0,,protein_coding,True,True,True,True,True,True,True,2.2,False,2.2,0.0,0.0,retina,1.0,1,1.0,0.0,0.0,0.0,0.0,TESTIS,True,False,False,SOMATIC,MODERATE,TESTIS,LOW,,canonical_default,include_default,derived:oncoref.cta.passes_filters,Derived from HPA reproductive-restriction filters and never-expressed rescue policy.
FNDC8,,,,ENSG00000073598,Chang2019_TGCT;Gong2021_reproductive_PC;Wang2016_CT;daSilva2017_CT;daSilva2017_testis_biased,True,False,Supported,True,False,testis,0.9954,0.9954,1.0,1.0,,protein_coding,True,True,True,True,True,True,True,86.5,False,86.5,0.0,0.0,esophagus,0.1,0,0.0,0.0,0.0,0.0,0.0,TESTIS,True,False,False,TESTIS,STRICT,TESTIS,HIGH,,canonical_default,include_default,derived:oncoref.cta.passes_filters,Derived from HPA reproductive-restriction filters and never-expressed rescue policy.
ACR,,,,ENSG00000100312,Chang2019_TGCT;Gong2021_reproductive_PC;Wang2016_CT;daSilva2017_CT;daSilva2017_testis_biased,True,False,Enhanced,False,False,testis,0.7502,0.7502,0.9402,0.9402,,protein_coding,True,True,False,False,False,False,True,84.3,False,84.3,0.3,0.1,spleen,2.9,3,0.9,0.9,1.9,0.7,0.2,TESTIS,True,False,False,SOMATIC,PERMISSIVE,TESTIS,LOW,,canonical_default,include_default,derived:oncoref.cta.passes_filters,Derived from HPA reproductive-restriction filters and never-expressed rescue policy.
LRRC74A,,,,ENSG00000100565,Chang2019_TGCT;Gong2021_reproductive_PC;Wang2016_CT;daSilva2017_CT;daSilva2017_testis_biased,no data,no data,no data,True,False,no data,0.9559,0.9559,1.0,1.0,,protein_coding,True,True,True,True,True,True,True,6.4,False,6.4,0.1,0.0,spleen,0.3,0,0.0,0.0,0.0,0.0,0.0,NO_DATA,,,,TESTIS,STRICT,TESTIS,HIGH,,canonical_default,include_default,derived:oncoref.cta.passes_filters,Derived from HPA reproductive-restriction filters and never-expressed rescue policy.
SEL1L2,,,,ENSG00000101251,daSilva2017_CT;daSilva2017_testis_biased,True,False,Approved,True,False,testis,0.9589,0.9589,1.0,1.0,,protein_coding,True,True,True,True,True,True,True,6.9,False,6.9,0.1,0.0,smooth muscle,0.1,0,0.1,0.0,0.0,0.0,0.0,TESTIS,True,False,False,TESTIS,STRICT,TESTIS,HIGH,,canonical_default,include_default,derived:oncoref.cta.passes_filters,Derived from HPA reproductive-restriction filters and never-expressed rescue policy.
RSPH6A,,,,ENSG00000104941,Chang2019_TGCT;Gong2021_reproductive_PC;Wang2016_CT;daSilva2017_CT;daSilva2017_testis_biased,True,False,Enhanced,False,False,testis,0.9003,0.9003,0.9426,0.9426,,protein_coding,True,True,False,False,False,False,True,28.9,False,28.9,0.0,0.0,thyroid gland,2.7,1,0.0,0.0,0.0,0.0,0.0,TESTIS,True,False,False,SOMATIC,PERMISSIVE,TESTIS,LOW,,canonical_default,include_default,derived:oncoref.cta.passes_filters,Derived from HPA reproductive-restriction filters and never-expressed rescue policy.
OVOL3,,,,ENSG00000105261,Chang2019_TGCT,no data,no data,no data,True,False,no data,0.5873,0.5873,1.0,1.0,,protein_coding,True,True,True,True,True,True,True,3.7,False,3.7,0.0,0.0,skin,0.8,0,0.2,0.0,0.0,0.0,0.0,NO_DATA,,,,TESTIS,STRICT,TESTIS,HIGH,,canonical_default,include_default,derived:oncoref.cta.passes_filters,Derived from HPA reproductive-restriction filters and never-expressed rescue policy.
ZNRF4,,,,ENSG00000105428,Chang2019_TGCT;Gong2021_reproductive_PC;Wang2016_CT;daSilva2017_CT;daSilva2017_testis_biased,no data,no data,no data,True,False,no data,0.9957,0.9957,1.0,1.0,,protein_coding,True,True,True,True,True,True,True,116.7,False,116.7,0.0,0.0,amygdala,0.2,0,0.2,0.0,0.0,0.0,0.0,NO_DATA,,,,TESTIS,STRICT,TESTIS,HIGH,,canonical_default,include_default,derived:oncoref.cta.passes_filters,Derived from HPA reproductive-restriction filters and never-expressed rescue policy.
FSCN3,,,,ENSG00000106328,Chang2019_TGCT;Gong2021_reproductive_PC;Wang2016_CT;daSilva2017_CT;daSilva2017_testis_biased,True,False,Enhanced,True,False,ovary; testis,0.9573,0.9573,1.0,1.0,,protein_coding,True,True,True,True,True,True,True,96.4,False,96.4,0.1,0.0,cerebellum,0.5,0,0.5,0.1,0.2,0.1,0.1,REPRODUCTIVE,True,True,False,TESTIS,STRICT,REPRODUCTIVE,LOW,,canonical_default,include_default,derived:oncoref.cta.passes_filters,Derived from HPA reproductive-restriction filters and never-expressed rescue policy.
FBXO24,,,,ENSG00000106336,Chang2019_TGCT;Gong2021_reproductive_PC;Wang2016_CT,True,False,Enhanced,False,False,testis,0.7392,0.741,0.9873,0.9873,,protein_coding,True,True,True,True,True,False,True,79.0,False,79.0,0.9,0.6,skin,1.3,5,1.0,0.7,0.5,0.7,0.6,TESTIS,True,False,False,SOMATIC,MODERATE,TESTIS,LOW,,canonical_default,include_default,derived:oncoref.cta.passes_filters,Derived from HPA reproductive-restriction filters and never-expressed rescue policy.
AKAP3,,,,ENSG00000111254,Bruggeman2018_GC;Chang2019_TGCT;Gong2021_reproductive_PC;Wang2016_CT,True,False,Enhanced,False,False,epididymis; testis,0.6852,0.6908,0.8966,0.8966,,protein_coding,True,False,False,False,False,False,True,97.2,False,97.2,0.5,0.7,heart muscle,4.1,12,2.2,4.1,0.7,1.0,1.9,TESTIS,True,False,False,SOMATIC,PERMISSIVE,TESTIS,LOW,,canonical_default,include_default,derived:oncoref.cta.passes_filters,Derived from HPA reproductive-restriction filters and never-expressed rescue policy.
SLC26A8,,,,ENSG00000112053,Chang2019_TGCT;Wang2016_CT;daSilva2017_CT;daSilva2017_testis_biased,True,False,Enhanced,False,False,testis,0.701,0.701,0.8327,0.8327,,protein_coding,True,False,False,False,False,False,True,42.8,False,42.8,0.0,0.1,bone marrow,4.9,6,4.0,0.0,0.3,0.1,0.1,TESTIS,True,False,False,SOMATIC,PERMISSIVE,TESTIS,LOW,,canonical_default,include_default,derived:oncoref.cta.passes_filters,Derived from HPA reproductive-restriction filters and never-expressed rescue policy.
HDGFL1,,,,ENSG00000112273,Bruggeman2018_GC;Chang2019_TGCT;Gong2021_reproductive_PC;Wang2016_CT;daSilva2017_CT;daSilva2017_testis_biased,True,False,Enhanced,True,False,testis,0.9944,0.9944,1.0,1.0,,protein_coding,True,True,True,True,True,True,True,88.5,False,88.5,0.1,0.0,pituitary gland,0.4,0,0.0,0.0,0.0,0.0,0.0,TESTIS,True,False,False,TESTIS,STRICT,TESTIS,HIGH,,canonical_default,include_default,derived:oncoref.cta.passes_filters,Derived from HPA reproductive-restriction filters and never-expressed rescue policy.
IL5,,,,ENSG00000113525,Carter2023_CT;Chang2019_TGCT;Wang2016_CT,no data,no data,no data,True,False,no data,0.5158,0.5158,1.0,1.0,,protein_coding,True,True,True,True,True,True,True,4.9,False,4.9,0.0,0.0,small intestine,0.8,0,0.3,0.2,0.0,0.2,0.0,NO_DATA,,,,TESTIS,STRICT,TESTIS,HIGH,,canonical_default,include_default,derived:oncoref.cta.passes_filters,Derived from HPA reproductive-restriction filters and never-expressed rescue policy.
ZNF541,,,,ENSG00000118156,Chang2019_TGCT;Wang2016_CT,True,False,Enhanced,False,False,testis,0.6062,0.6088,0.9134,0.9134,,protein_coding,True,True,False,False,False,False,True,20.8,False,20.8,2.3,0.3,adrenal gland,3.0,2,0.5,0.8,0.1,0.1,0.1,TESTIS,True,False,False,SOMATIC,PERMISSIVE,TESTIS,LOW,,canonical_default,include_default,derived:oncoref.cta.passes_filters,Derived from HPA reproductive-restriction filters and never-expressed rescue policy.
TNP1,,,,ENSG00000118245,Chang2019_TGCT;Gong2021_reproductive_PC;Wang2016_CT;daSilva2017_testis_biased,True,False,Enhanced,False,False,testis,0.9939,0.9939,0.998,0.998,,protein_coding,True,True,True,True,True,True,True,5787.7,False,5787.7,0.8,0.0,skeletal muscle,2.3,8,0.8,0.8,0.5,1.9,1.3,TESTIS,True,False,False,SOMATIC,MODERATE,TESTIS,LOW,,canonical_default,include_default,derived:oncoref.cta.passes_filters,Derived from HPA reproductive-restriction filters and never-expressed rescue policy.
EQTN,,,,ENSG00000120160,Chang2019_TGCT;Gong2021_reproductive_PC;Wang2016_CT;daSilva2017_CT;daSilva2017_testis_biased,True,False,Enhanced,True,False,testis,0.8285,0.8285,1.0,1.0,,protein_coding,True,True,True,True,True,True,True,36.7,False,36.7,0.5,0.0,spinal cord,0.6,0,0.6,0.0,0.3,0.0,0.4,TESTIS,True,False,False,TESTIS,STRICT,TESTIS,HIGH,,canonical_default,include_default,derived:oncoref.cta.passes_filters,Derived from HPA reproductive-restriction filters and never-expressed rescue policy.
SLC25A2,,,,ENSG00000120329,Carter2023_CT;Chang2019_TGCT;Wang2016_CT;daSilva2017_CT;daSilva2017_testis_biased,no data,no data,no data,True,False,no data,0.7738,0.7738,1.0,1.0,,protein_coding,True,True,True,True,True,True,True,6.4,False,6.4,0.1,0.0,liver,0.2,0,0.0,0.0,0.1,0.2,0.1,NO_DATA,,,,TESTIS,STRICT,TESTIS,HIGH,,canonical_default,include_default,derived:oncoref.cta.passes_filters,Derived from HPA reproductive-restriction filters and never-expressed rescue policy.
LYZL1,,,,ENSG00000120563,Chang2019_TGCT;Gong2021_reproductive_PC;Wang2016_CT;daSilva2017_testis_biased,no data,no data,no data,True,False,no data,0.998,0.998,1.0,1.0,,protein_coding,True,True,True,True,True,True,True,49.6,False,49.6,0.0,0.0,liver,0.1,0,0.0,0.0,0.0,0.1,0.0,NO_DATA,,,,TESTIS,STRICT,TESTIS,HIGH,,canonical_default,include_default,derived:oncoref.cta.passes_filters,Derived from HPA reproductive-restriction filters and never-expressed rescue policy.
RGSL1,,,,ENSG00000121446,Chang2019_TGCT;Gong2021_reproductive_PC;Wang2016_CT;daSilva2017_CT;daSilva2017_testis_biased,no data,no data,no data,True,False,no data,0.7619,0.7619,0.9744,0.9744,,protein_coding,True,True,True,True,False,False,True,4.8,False,4.8,0.0,0.0,skin,0.2,0,0.0,0.0,0.0,0.0,0.0,NO_DATA,,,,TESTIS,MODERATE,TESTIS,MODERATE,,canonical_default,include_default,derived:oncoref.cta.passes_filters,Derived from HPA reproductive-restriction filters and never-expressed rescue policy.
ACTRT1,,,,ENSG00000123165,Chang2019_TGCT;Gong2021_reproductive_PC;daSilva2017_testis_biased,True,False,Supported,True,False,testis,1.0,1.0,1.0,1.0,,protein_coding,True,True,True,True,True,True,True,4.0,False,4.0,0.0,0.0,adipose tissue,0.0,0,0.0,0.0,0.0,0.0,0.0,TESTIS,True,False,False,TESTIS,STRICT,TESTIS,HIGH,,canonical_default,include_default,derived:oncoref.cta.passes_filters,Derived from HPA reproductive-restriction filters and never-expressed rescue policy.
CCDC70,,,,ENSG00000123171,Chang2019_TGCT;Gong2021_reproductive_PC;Wang2016_CT;daSilva2017_CT;daSilva2017_testis_biased,True,False,Enhanced,True,False,fallopian tube; testis,0.9992,0.9992,1.0,1.0,,protein_coding,True,True,True,True,True,True,True,131.5,False,131.5,0.0,0.0,adipose tissue,0.0,0,0.0,0.0,0.0,0.0,0.0,TESTIS,True,False,False,TESTIS,STRICT,TESTIS,HIGH,,canonical_default,include_default,derived:oncoref.cta.passes_filters,Derived from HPA reproductive-restriction filters and never-expressed rescue policy.
ATXN3L,,,,ENSG00000123594,Chang2019_TGCT;Gong2021_reproductive_PC;daSilva2017_testis_biased,no data,no data,no data,True,False,no data,1.0,1.0,1.0,1.0,,protein_coding,True,True,True,True,True,True,True,3.9,False,3.9,0.0,0.1,adipose tissue,0.0,0,0.0,0.0,0.0,0.0,0.0,NO_DATA,,,,TESTIS,STRICT,TESTIS,HIGH,,canonical_default,include_default,derived:oncoref.cta.passes_filters,Derived from HPA reproductive-restriction filters and never-expressed rescue policy.
GTSF1L,,,,ENSG00000124196,Chang2019_TGCT;Gong2021_reproductive_PC;Loriot2025_S2;Wang2016_CT;daSilva2017_CT;daSilva2017_testis_biased,True,False,Enhanced,False,False,epididymis; testis,0.9793,0.9811,0.9977,0.9977,,protein_coding,True,True,True,True,True,True,True,217.5,False,217.5,0.0,0.0,lymph node,1.4,2,0.0,0.0,0.0,0.0,0.0,TESTIS,True,False,False,SOMATIC,MODERATE,TESTIS,LOW,,canonical_default,include_default,derived:oncoref.cta.passes_filters,Derived from HPA reproductive-restriction filters and never-expressed rescue policy.
IRGC,,,,ENSG00000124449,Chang2019_TGCT;Gong2021_reproductive_PC;Wang2016_CT;daSilva2017_CT;daSilva2017_testis_biased,True,False,Enhanced,True,False,testis,0.9959,0.9959,1.0,1.0,,protein_coding,True,True,True,True,True,True,True,145.5,False,145.5,0.0,0.0,basal ganglia,0.1,0,0.1,0.0,0.0,0.0,0.0,TESTIS,True,False,False,TESTIS,STRICT,TESTIS,HIGH,,canonical_default,include_default,derived:oncoref.cta.passes_filters,Derived from HPA reproductive-restriction filters and never-expressed rescue policy.
TCP11,,,,ENSG00000124678,Chang2019_TGCT;Gong2021_reproductive_PC;Wang2016_CT;daSilva2017_CT;daSilva2017_testis_biased,True,False,Supported,True,False,testis,0.9733,0.9736,1.0,1.0,,protein_coding,True,True,True,True,True,True,True,331.3,False,331.3,0.7,0.0,kidney,0.5,0,0.2,0.1,0.2,0.2,0.1,TESTIS,True,False,False,TESTIS,STRICT,TESTIS,HIGH,,canonical_default,include_default,derived:oncoref.cta.passes_filters,Derived from HPA reproductive-restriction filters and never-expressed rescue policy.
FNDC11,,,,ENSG00000125531,Chang2019_TGCT;Gong2021_reproductive_PC;Wang2016_CT;daSilva2017_CT;daSilva2017_testis_biased,no data,no data,no data,False,False,no data,0.8405,0.8429,0.9839,0.9839,,protein_coding,True,True,True,True,True,False,True,105.0,False,105.0,0.3,0.1,kidney,1.2,3,1.0,0.2,0.9,0.1,0.1,NO_DATA,,,,SOMATIC,MODERATE,SOMATIC,MODERATE,,canonical_default,include_default,derived:oncoref.cta.passes_filters,Derived from HPA reproductive-restriction filters and never-expressed rescue policy.
CST8,,,,ENSG00000125815,Chang2019_TGCT;Gong2021_reproductive_PC;daSilva2017_testis_biased,no data,no data,no data,True,False,no data,0.9954,0.9954,1.0,1.0,,protein_coding,True,True,True,True,True,True,True,21.7,False,21.7,0.0,0.0,retina,0.1,0,0.1,0.0,0.0,0.0,0.0,NO_DATA,,,,TESTIS,STRICT,TESTIS,HIGH,,canonical_default,include_default,derived:oncoref.cta.passes_filters,Derived from HPA reproductive-restriction filters and never-expressed rescue policy.
NKX2-4,,,,ENSG00000125816,daSilva2017_CT;daSilva2017_testis_biased,no data,no data,no data,True,False,no data,0.6111,0.6111,1.0,1.0,,protein_coding,True,True,True,True,True,True,True,1.1,True,1.1,0.0,0.0,hypothalamus,0.5,0,0.5,0.0,0.0,0.0,0.0,NO_DATA,,,,TESTIS,STRICT,TESTIS,MODERATE,,canonical_default,include_default,derived:oncoref.cta.passes_filters,Derived from HPA reproductive-restriction filters and never-expressed rescue policy.
C20orf173,,,,ENSG00000125975,Chang2019_TGCT;Gong2021_reproductive_PC;Wang2016_CT;daSilva2017_CT;daSilva2017_testis_biased,no data,no data,no data,True,False,no data,0.9914,0.9914,1.0,1.0,,protein_coding,True,True,True,True,True,True,True,34.5,False,34.5,0.0,0.0,skin,0.2,0,0.1,0.0,0.0,0.0,0.0,NO_DATA,,,,TESTIS,STRICT,TESTIS,HIGH,,canonical_default,include_default,derived:oncoref.cta.passes_filters,Derived from HPA reproductive-restriction filters and never-expressed rescue policy.
CDY2B,,,,ENSG00000129873,Wang2016_CT;daSilva2017_CT;daSilva2017_testis_biased,True,False,Supported,True,False,testis,1.0,1.0,1.0,1.0,,protein_coding,True,True,True,True,True,True,True,0.5,False,0.5,0.0,0.0,adipose tissue,0.0,0,0.0,0.0,0.0,0.0,0.0,TESTIS,True,False,False,NO_DATA,STRICT,TESTIS,HIGH,,canonical_default,include_default,derived:oncoref.cta.passes_filters,Derived from HPA reproductive-restriction filters and never-expressed rescue policy.
ACSBG2,,,,ENSG00000130377,Chang2019_TGCT;Gong2021_reproductive_PC;Wang2016_CT;daSilva2017_CT;daSilva2017_testis_biased,True,False,Enhanced,True,False,testis,0.9805,0.9805,1.0,1.0,,protein_coding,True,True,True,True,True,True,True,125.5,False,125.5,0.0,0.0,cerebellum,0.5,0,0.5,0.0,0.0,0.0,0.0,TESTIS,True,False,False,TESTIS,STRICT,TESTIS,HIGH,,canonical_default,include_default,derived:oncoref.cta.passes_filters,Derived from HPA reproductive-restriction filters and never-expressed rescue policy.
CCDC62,,,,ENSG00000130783,Chang2019_TGCT;Gong2021_reproductive_PC;Wang2016_CT;daSilva2017_CT;daSilva2017_testis_biased,True,False,Approved,False,False,testis,0.8491,0.8516,0.9941,0.9941,,protein_coding,True,True,True,True,True,True,True,68.0,False,68.0,0.1,0.0,retina,1.4,1,1.4,0.1,0.1,0.1,0.1,TESTIS,True,False,False,SOMATIC,MODERATE,TESTIS,LOW,,canonical_default,include_default,derived:oncoref.cta.passes_filters,Derived from HPA reproductive-restriction filters and never-expressed rescue policy.
PKDREJ,,,,ENSG00000130943,Carter2023_CT;Chang2019_TGCT;Wang2016_CT,True,False,Enhanced,True,False,testis,0.4474,0.4474,1.0,1.0,,protein_coding,True,True,True,True,True,True,True,3.3,False,3.3,0.1,0.0,skin,0.5,0,0.2,0.3,0.0,0.0,0.2,TESTIS,True,False,False,TESTIS,STRICT,TESTIS,HIGH,,canonical_default,include_default,derived:oncoref.cta.passes_filters,Derived from HPA reproductive-restriction filters and never-expressed rescue policy.
BPIFA3,,,,ENSG00000131059,Chang2019_TGCT;Gong2021_reproductive_PC;daSilva2017_testis_biased,True,False,Enhanced,True,False,testis,1.0,1.0,1.0,1.0,,protein_coding,True,True,True,True,True,True,True,52.2,False,52.2,0.0,0.0,adipose tissue,0.0,0,0.0,0.0,0.0,0.0,0.0,TESTIS,True,False,False,TESTIS,STRICT,TESTIS,HIGH,,canonical_default,include_default,derived:oncoref.cta.passes_filters,Derived from HPA reproductive-restriction filters and never-expressed rescue policy.
C3orf20,,,,ENSG00000131379,Carter2023_CT;Chang2019_TGCT;Gong2021_reproductive_PC;Wang2016_CT;daSilva2017_CT;daSilva2017_testis_biased,no data,no data,no data,True,False,no data,0.7386,0.75,1.0,1.0,,protein_coding,True,True,True,True,True,True,True,6.4,False,6.4,0.0,0.1,retina,0.4,0,0.4,0.0,0.0,0.1,0.1,NO_DATA,,,,TESTIS,STRICT,TESTIS,HIGH,,canonical_default,include_default,derived:oncoref.cta.passes_filters,Derived from HPA reproductive-restriction filters and never-expressed rescue policy.
RHOXF2,,,,ENSG00000131721,Chang2019_TGCT;Gong2021_reproductive_PC;daSilva2017_testis_biased,True,False,Enhanced,True,False,testis,0.9469,0.9469,1.0,1.0,,protein_coding,True,True,True,True,True,True,True,10.7,False,10.7,0.0,0.0,skeletal muscle,0.2,0,0.1,0.0,0.0,0.0,0.0,TESTIS,True,False,False,TESTIS,STRICT,TESTIS,HIGH,,canonical_default,include_default,derived:oncoref.cta.passes_filters,Derived from HPA reproductive-restriction filters and never-expressed rescue policy.
USP29,,,,ENSG00000131864,Chang2019_TGCT;Gong2021_reproductive_PC;Wang2016_CT;daSilva2017_CT;daSilva2017_testis_biased,True,False,Enhanced,False,False,testis,0.3835,0.3835,0.8085,0.8085,,protein_coding,True,False,False,False,False,False,True,4.8,False,4.8,0.1,0.2,bone marrow,1.6,3,0.4,0.3,0.1,0.1,1.3,TESTIS,True,False,False,SOMATIC,PERMISSIVE,TESTIS,LOW,,canonical_default,include_default,derived:oncoref.cta.passes_filters,Derived from HPA reproductive-restriction filters and never-expressed rescue policy.
SCP2D1,,,,ENSG00000132631,Chang2019_TGCT;Gong2021_reproductive_PC;daSilva2017_testis_biased,no data,no data,no data,True,False,no data,1.0,1.0,1.0,1.0,,protein_coding,True,True,True,True,True,True,True,54.8,False,54.8,0.0,0.0,adipose tissue,0.0,0,0.0,0.0,0.0,0.0,0.0,NO_DATA,,,,TESTIS,STRICT,TESTIS,HIGH,,canonical_default,include_default,derived:oncoref.cta.passes_filters,Derived from HPA reproductive-restriction filters and never-expressed rescue policy.
TPTE2,,,,ENSG00000132958,Chang2019_TGCT;Wang2016_CT,no data,no data,no data,True,False,no data,0.4932,0.5,1.0,1.0,,protein_coding,True,True,True,True,True,True,True,7.1,False,7.1,0.0,0.1,duodenum,0.5,0,0.5,0.0,0.0,0.1,0.0,NO_DATA,,,,TESTIS,STRICT,TESTIS,HIGH,,canonical_default,include_default,derived:oncoref.cta.passes_filters,Derived from HPA reproductive-restriction filters and never-expressed rescue policy.
ADAM20,,,,ENSG00000134007,Carter2023_CT;Chang2019_TGCT;Wang2016_CT;daSilva2017_CT;daSilva2017_testis_biased,True,False,Enhanced,True,False,testis,0.6265,0.6265,1.0,1.0,,protein_coding,True,True,True,True,True,True,True,5.1,False,5.1,0.1,0.0,cerebellum,0.4,0,0.4,0.1,0.1,0.1,0.0,TESTIS,True,False,False,TESTIS,STRICT,TESTIS,HIGH,,canonical_default,include_default,derived:oncoref.cta.passes_filters,Derived from HPA reproductive-restriction filters and never-expressed rescue policy.
ADAM30,,,,ENSG00000134249,Chang2019_TGCT;Gong2021_reproductive_PC;Wang2016_CT;daSilva2017_CT;daSilva2017_testis_biased,True,False,Uncertain,True,False,testis,1.0,1.0,1.0,1.0,,protein_coding,True,True,True,True,True,True,True,25.2,False,25.2,0.0,0.0,adipose tissue,0.0,0,0.0,0.0,0.0,0.0,0.0,TESTIS,True,False,False,TESTIS,STRICT,TESTIS,HIGH,,canonical_default,include_default,derived:oncoref.cta.passes_filters,Derived from HPA reproductive-restriction filters and never-expressed rescue policy.
USP26,,,,ENSG00000134588,Wang2016_CT;daSilva2017_CT;daSilva2017_testis_biased,True,False,Approved,True,False,testis,0.8,0.8,1.0,1.0,,protein_coding,True,True,True,True,True,True,True,0.4,False,0.4,0.0,0.0,skin,0.1,0,0.0,0.0,0.0,0.0,0.0,TESTIS,True,False,False,NO_DATA,STRICT,TESTIS,MODERATE,,canonical_default,include_default,derived:oncoref.cta.passes_filters,Derived from HPA reproductive-restriction filters and never-expressed rescue policy.
ACRV1,,,,ENSG00000134940,Chang2019_TGCT;Gong2021_reproductive_PC;Wang2016_CT;daSilva2017_CT;daSilva2017_testis_biased,True,False,Enhanced,False,False,testis,0.8792,0.8792,0.9566,0.9566,,protein_coding,True,True,True,False,False,False,True,113.4,False,113.4,0.0,0.1,basal ganglia,2.4,5,2.4,0.0,0.0,0.0,0.0,TESTIS,True,False,False,SOMATIC,MODERATE,TESTIS,LOW,,canonical_default,include_default,derived:oncoref.cta.passes_filters,Derived from HPA reproductive-restriction filters and never-expressed rescue policy.
FAM186B,,,,ENSG00000135436,Bruggeman2018_GC;Chang2019_TGCT;Gong2021_reproductive_PC;Wang2016_CT,no data,no data,no data,False,False,no data,0.7276,0.7292,0.9865,0.9865,,protein_coding,True,True,True,True,True,False,True,44.7,False,44.7,0.6,0.1,pancreas,1.5,3,0.8,0.3,0.2,0.7,1.5,NO_DATA,,,,SOMATIC,MODERATE,SOMATIC,MODERATE,,canonical_default,include_default,derived:oncoref.cta.passes_filters,Derived from HPA reproductive-restriction filters and never-expressed rescue policy.
CAPN11,,,,ENSG00000137225,Chang2019_TGCT;Wang2016_CT,True,False,Enhanced,False,True,testis,0.6637,0.7102,0.9105,0.9457,,protein_coding,True,True,False,False,False,False,True,29.5,False,29.5,0.0,0.5,adipose tissue,1.5,1,0.1,0.3,0.2,0.0,0.1,TESTIS,True,False,False,SOMATIC,PERMISSIVE,TESTIS,LOW,,canonical_default,include_default,derived:oncoref.cta.passes_filters,Derived from HPA reproductive-restriction filters and never-expressed rescue policy.
CCDC54,,,,ENSG00000138483,Chang2019_TGCT;Gong2021_reproductive_PC;Wang2016_CT;daSilva2017_CT;daSilva2017_testis_biased,no data,no data,no data,True,False,no data,0.9771,0.9771,1.0,1.0,,protein_coding,True,True,True,True,True,True,True,113.9,False,113.9,0.2,0.9,heart muscle,0.7,0,0.2,0.7,0.1,0.0,0.0,NO_DATA,,,,TESTIS,STRICT,TESTIS,HIGH,,canonical_default,include_default,derived:oncoref.cta.passes_filters,Derived from HPA reproductive-restriction filters and never-expressed rescue policy.
C4orf17,,,,ENSG00000138813,Chang2019_TGCT;Gong2021_reproductive_PC;Wang2016_CT;daSilva2017_CT;daSilva2017_testis_biased,no data,no data,no data,True,False,no data,1.0,1.0,1.0,1.0,,protein_coding,True,True,True,True,True,True,True,19.5,False,19.5,0.0,0.0,adipose tissue,0.0,0,0.0,0.0,0.0,0.0,0.0,NO_DATA,,,,TESTIS,STRICT,TESTIS,HIGH,,canonical_default,include_default,derived:oncoref.cta.passes_filters,Derived from HPA reproductive-restriction filters and never-expressed rescue policy.
TTLL8,,,,ENSG00000138892,Chang2019_TGCT;Gong2021_reproductive_PC;daSilva2017_CT;daSilva2017_testis_biased,no data,no data,no data,True,False,no data,1.0,1.0,1.0,1.0,,protein_coding,True,True,True,True,True,True,True,4.0,False,4.0,0.0,0.0,adipose tissue,0.0,0,0.0,0.0,0.0,0.0,0.0,NO_DATA,,,,TESTIS,STRICT,TESTIS,HIGH,,canonical_default,include_default,derived:oncoref.cta.passes_filters,Derived from HPA reproductive-restriction filters and never-expressed rescue policy.
PLCZ1,,,,ENSG00000139151,Chang2019_TGCT;Gong2021_reproductive_PC;Wang2016_CT;daSilva2017_CT;daSilva2017_testis_biased,no data,no data,no data,False,False,no data,0.9195,0.9195,0.9828,0.9828,,protein_coding,True,True,True,True,True,False,True,41.1,False,41.1,0.0,0.0,skin,1.7,1,0.0,0.4,0.0,0.1,0.0,NO_DATA,,,,SOMATIC,MODERATE,SOMATIC,MODERATE,,canonical_default,include_default,derived:oncoref.cta.passes_filters,Derived from HPA reproductive-restriction filters and never-expressed rescue policy.
DHH,,,,ENSG00000139549,Jamin2021_CT,no data,no data,no data,False,False,no data,0.5534,0.5534,1.0,1.0,,protein_coding,True,True,True,True,True,True,True,16.2,False,16.2,0.3,0.6,spinal cord,1.0,1,1.0,0.6,0.5,0.1,0.1,NO_DATA,,,,SOMATIC,MODERATE,SOMATIC,MODERATE,,canonical_default,include_default,derived:oncoref.cta.passes_filters,Derived from HPA reproductive-restriction filters and never-expressed rescue policy.
RNF113B,,,,ENSG00000139797,Carter2023_CT;Chang2019_TGCT;Gong2021_reproductive_PC;Wang2016_CT;daSilva2017_CT;daSilva2017_testis_biased,no data,no data,no data,True,False,no data,0.9849,0.9849,1.0,1.0,,protein_coding,True,True,True,True,True,True,True,45.7,False,45.7,0.0,0.0,adrenal gland,0.2,0,0.0,0.0,0.0,0.1,0.0,NO_DATA,,,,TESTIS,STRICT,TESTIS,HIGH,,canonical_default,include_default,derived:oncoref.cta.passes_filters,Derived from HPA reproductive-restriction filters and never-expressed rescue policy.
SEPTIN12,,,,ENSG00000140623,Chang2019_TGCT;Gong2021_reproductive_PC;Wang2016_CT;daSilva2017_CT;daSilva2017_testis_biased,no data,no data,no data,False,False,no data,0.9303,0.9303,0.9784,0.9784,,protein_coding,True,True,True,True,False,False,True,96.1,False,96.1,0.0,0.0,cerebellum,3.1,1,3.1,0.0,0.0,0.1,0.0,NO_DATA,,,,SOMATIC,MODERATE,SOMATIC,MODERATE,,canonical_default,include_default,derived:oncoref.cta.passes_filters,Derived from HPA reproductive-restriction filters and never-expressed rescue policy.
CMTM2,,,,ENSG00000140932,Chang2019_TGCT;Gong2021_reproductive_PC;Wang2016_CT;daSilva2017_CT;daSilva2017_testis_biased,no data,no data,no data,False,True,no data,0.9762,0.9779,0.9987,0.9989,,protein_coding,True,True,True,True,True,True,True,630.9,False,630.9,0.2,0.2,spleen,1.4,3,1.2,0.1,0.5,0.3,0.2,NO_DATA,,,,SOMATIC,MODERATE,SOMATIC,MODERATE,,canonical_default,include_default,derived:oncoref.cta.passes_filters,Derived from HPA reproductive-restriction filters and never-expressed rescue policy.
ADAD2,,,,ENSG00000140955,Chang2019_TGCT;Gong2021_reproductive_PC;Wang2016_CT;daSilva2017_CT;daSilva2017_testis_biased,True,False,Enhanced,False,False,testis,0.7848,0.7848,0.9225,0.9225,,protein_coding,True,True,False,False,False,False,True,62.9,False,62.9,0.2,0.0,spleen,3.6,4,2.1,0.4,0.0,0.1,0.1,TESTIS,True,False,False,SOMATIC,PERMISSIVE,TESTIS,LOW,,canonical_default,include_default,derived:oncoref.cta.passes_filters,Derived from HPA reproductive-restriction filters and never-expressed rescue policy.
FNDC7,,,,ENSG00000143107,daSilva2017_CT;daSilva2017_testis_biased,True,False,Enhanced,True,False,testis,0.3667,0.3667,1.0,1.0,,protein_coding,True,True,True,True,True,True,True,1.1,False,1.1,0.0,0.0,retina,0.4,0,0.4,0.0,0.0,0.0,0.0,TESTIS,True,False,False,TESTIS,STRICT,TESTIS,HIGH,,canonical_default,include_default,derived:oncoref.cta.passes_filters,Derived from HPA reproductive-restriction filters and never-expressed rescue policy.
HHIPL2,,,,ENSG00000143512,Chang2019_TGCT;Wang2016_CT,True,False,Enhanced,False,False,testis,0.466,0.466,0.8043,0.8043,,protein_coding,True,False,False,False,False,False,True,4.7,False,4.7,0.1,0.0,thyroid gland,1.9,2,0.1,0.1,0.0,0.0,0.0,TESTIS,True,False,False,SOMATIC,PERMISSIVE,TESTIS,LOW,,canonical_default,include_default,derived:oncoref.cta.passes_filters,Derived from HPA reproductive-restriction filters and never-expressed rescue policy.
NUP210L,,,,ENSG00000143552,Chang2019_TGCT;Gong2021_reproductive_PC;Wang2016_CT;daSilva2017_CT;daSilva2017_testis_biased,True,False,Enhanced,True,False,testis,0.8721,0.8721,1.0,1.0,,protein_coding,True,True,True,True,True,True,True,25.8,False,25.8,0.1,0.0,choroid plexus,0.6,0,0.6,0.0,0.1,0.0,0.1,TESTIS,True,False,False,TESTIS,STRICT,TESTIS,HIGH,,canonical_default,include_default,derived:oncoref.cta.passes_filters,Derived from HPA reproductive-restriction filters and never-expressed rescue policy.
SLC22A14,,,,ENSG00000144671,Chang2019_TGCT;Wang2016_CT,no data,no data,no data,False,False,no data,0.6141,0.6141,0.9717,0.9717,,protein_coding,True,True,True,True,False,False,True,11.3,False,11.3,0.0,0.0,cerebellum,1.3,1,1.3,0.1,0.1,0.1,0.1,NO_DATA,,,,SOMATIC,MODERATE,SOMATIC,MODERATE,,canonical_default,include_default,derived:oncoref.cta.passes_filters,Derived from HPA reproductive-restriction filters and never-expressed rescue policy.
C20orf144,,,,ENSG00000149609,Gong2021_reproductive_PC;daSilva2017_CT;daSilva2017_testis_biased,True,False,Enhanced,True,False,testis,0.9988,0.9988,1.0,1.0,,protein_coding,True,True,True,True,True,True,True,172.7,False,172.7,0.0,0.0,adipose tissue,0.0,0,0.0,0.0,0.0,0.0,0.0,TESTIS,True,False,False,TESTIS,STRICT,TESTIS,HIGH,,canonical_default,include_default,derived:oncoref.cta.passes_filters,Derived from HPA reproductive-restriction filters and never-expressed rescue policy.
CCDC83,,,,ENSG00000150676,Chang2019_TGCT;Gong2021_reproductive_PC;Wang2016_CT;daSilva2017_CT;daSilva2017_testis_biased,no data,no data,no data,True,False,no data,1.0,1.0,1.0,1.0,,protein_coding,True,True,True,True,True,True,True,34.5,False,34.5,0.0,0.0,adipose tissue,0.0,0,0.0,0.0,0.0,0.0,0.0,NO_DATA,,,,TESTIS,STRICT,TESTIS,HIGH,,canonical_default,include_default,derived:oncoref.cta.passes_filters,Derived from HPA reproductive-restriction filters and never-expressed rescue policy.
TKTL2,,,,ENSG00000151005,Chang2019_TGCT;Gong2021_reproductive_PC;Wang2016_CT;daSilva2017_CT;daSilva2017_testis_biased,no data,no data,no data,True,False,no data,0.9947,0.9947,1.0,1.0,,protein_coding,True,True,True,True,True,True,True,56.1,False,56.1,0.0,0.0,bone marrow,0.1,0,0.1,0.0,0.0,0.0,0.0,NO_DATA,,,,TESTIS,STRICT,TESTIS,HIGH,,canonical_default,include_default,derived:oncoref.cta.passes_filters,Derived from HPA reproductive-restriction filters and never-expressed rescue policy.
LYZL2,,,,ENSG00000151033,Carter2023_CT;Chang2019_TGCT;Gong2021_reproductive_PC;Wang2016_CT;daSilva2017_CT;daSilva2017_testis_biased,no data,no data,no data,True,False,no data,1.0,1.0,1.0,1.0,,protein_coding,True,True,True,True,True,True,True,69.1,False,69.1,0.0,0.0,adipose tissue,0.0,0,0.0,0.0,0.0,0.0,0.0,NO_DATA,,,,TESTIS,STRICT,TESTIS,HIGH,,canonical_default,include_default,derived:oncoref.cta.passes_filters,Derived from HPA reproductive-restriction filters and never-expressed rescue policy.
ALLC,,,,ENSG00000151360,Chang2019_TGCT;Wang2016_CT;daSilva2017_CT;daSilva2017_testis_biased,no data,no data,no data,True,False,no data,0.8757,0.8811,1.0,1.0,,protein_coding,True,True,True,True,True,True,True,16.0,False,16.0,0.2,0.0,gallbladder,0.7,0,0.1,0.1,0.0,0.6,0.0,NO_DATA,,,,TESTIS,STRICT,TESTIS,HIGH,,canonical_default,include_default,derived:oncoref.cta.passes_filters,Derived from HPA reproductive-restriction filters and never-expressed rescue policy.
ANKAR,,,,ENSG00000151687,Bruggeman2018_GC,no data,no data,no data,True,False,no data,0.3427,0.3483,1.0,1.0,,protein_coding,True,True,True,True,True,True,True,5.6,False,5.6,0.2,0.3,parathyroid gland,0.6,0,0.6,0.1,0.3,0.3,0.5,NO_DATA,,,,TESTIS,STRICT,TESTIS,HIGH,,canonical_default,include_default,derived:oncoref.cta.passes_filters,Derived from HPA reproductive-restriction filters and never-expressed rescue policy.
SPACA7,,,,ENSG00000153498,Chang2019_TGCT;Gong2021_reproductive_PC;daSilva2017_testis_biased,True,False,Enhanced,True,False,testis,0.9692,0.9692,1.0,1.0,,protein_coding,True,True,True,True,True,True,True,81.7,False,81.7,0.0,0.0,bone marrow,0.5,0,0.3,0.1,0.0,0.2,0.0,TESTIS,True,False,False,TESTIS,STRICT,TESTIS,HIGH,,canonical_default,include_default,derived:oncoref.cta.passes_filters,Derived from HPA reproductive-restriction filters and never-expressed rescue policy.
ASB17,,,,ENSG00000154007,Chang2019_TGCT;Gong2021_reproductive_PC;Wang2016_CT;daSilva2017_CT;daSilva2017_testis_biased,no data,no data,no data,True,False,no data,0.9959,0.9959,1.0,1.0,,protein_coding,True,True,True,True,True,True,True,48.5,False,48.5,0.0,0.0,kidney,0.2,0,0.0,0.0,0.0,0.0,0.0,NO_DATA,,,,TESTIS,STRICT,TESTIS,HIGH,,canonical_default,include_default,derived:oncoref.cta.passes_filters,Derived from HPA reproductive-restriction filters and never-expressed rescue policy.
ASZ1,,,,ENSG00000154438,Chang2019_TGCT;Gong2021_reproductive_PC;Wang2016_CT;daSilva2017_CT;daSilva2017_testis_biased,True,False,Enhanced,True,False,testis,1.0,1.0,1.0,1.0,,protein_coding,True,True,True,True,True,True,True,10.4,False,10.4,0.0,0.0,adipose tissue,0.0,0,0.0,0.0,0.0,0.0,0.0,TESTIS,True,False,False,TESTIS,STRICT,TESTIS,HIGH,,canonical_default,include_default,derived:oncoref.cta.passes_filters,Derived from HPA reproductive-restriction filters and never-expressed rescue policy.
C2CD6,,,,ENSG00000155754,Chang2019_TGCT;Loriot2025_S2;Wang2016_CT;daSilva2017_CT;daSilva2017_testis_biased,no data,no data,no data,False,False,no data,0.7795,0.7795,0.9869,0.9869,,protein_coding,True,True,True,True,True,False,True,38.7,False,38.7,0.8,0.1,choroid plexus,1.2,3,1.2,1.2,0.3,0.1,0.0,NO_DATA,,,,SOMATIC,MODERATE,SOMATIC,MODERATE,,canonical_default,include_default,derived:oncoref.cta.passes_filters,Derived from HPA reproductive-restriction filters and never-expressed rescue policy.
CYLC2,,,,ENSG00000155833,Chang2019_TGCT;Gong2021_reproductive_PC;daSilva2017_testis_biased,no data,no data,no data,True,False,no data,1.0,1.0,1.0,1.0,,protein_coding,True,True,True,True,True,True,True,45.3,False,45.3,0.0,0.0,adipose tissue,0.0,0,0.0,0.0,0.0,0.0,0.0,NO_DATA,,,,TESTIS,STRICT,TESTIS,HIGH,,canonical_default,include_default,derived:oncoref.cta.passes_filters,Derived from HPA reproductive-restriction filters and never-expressed rescue policy.
TRIM42,,,,ENSG00000155890,Chang2019_TGCT;Gong2021_reproductive_PC;Wang2016_CT;daSilva2017_testis_biased,no data,no data,no data,True,False,no data,1.0,1.0,1.0,1.0,,protein_coding,True,True,True,True,True,True,True,16.2,False,16.2,0.0,0.0,adipose tissue,0.0,0,0.0,0.0,0.0,0.0,0.0,NO_DATA,,,,TESTIS,STRICT,TESTIS,HIGH,,canonical_default,include_default,derived:oncoref.cta.passes_filters,Derived from HPA reproductive-restriction filters and never-expressed rescue policy.
FBXO43,,,,ENSG00000156509,Chang2019_TGCT;Jamin2021_CT;Wang2016_CT,no data,no data,no data,True,False,no data,0.7826,0.8478,1.0,1.0,,protein_coding,True,True,True,True,True,True,True,3.5,False,3.5,0.1,0.0,lymph node,0.2,0,0.0,0.0,0.0,0.0,0.0,NO_DATA,,,,TESTIS,STRICT,TESTIS,HIGH,,canonical_default,include_default,derived:oncoref.cta.passes_filters,Derived from HPA reproductive-restriction filters and never-expressed rescue policy.
LYZL4,,,,ENSG00000157093,Chang2019_TGCT;Gong2021_reproductive_PC;Wang2016_CT;daSilva2017_CT;daSilva2017_testis_biased,True,False,Approved,False,False,testis,0.9548,0.9548,1.0,1.0,,protein_coding,True,True,True,True,True,True,True,50.7,False,50.7,0.0,0.0,retina,1.0,1,1.0,0.0,0.0,0.0,0.0,TESTIS,True,False,False,SOMATIC,MODERATE,TESTIS,LOW,,canonical_default,include_default,derived:oncoref.cta.passes_filters,Derived from HPA reproductive-restriction filters and never-expressed rescue policy.
POM121L2,,,,ENSG00000158553,Chang2019_TGCT;Gong2021_reproductive_PC;Wang2016_CT;daSilva2017_CT;daSilva2017_testis_biased,no data,no data,no data,True,False,no data,1.0,1.0,1.0,1.0,,protein_coding,True,True,True,True,True,True,True,7.3,False,7.3,0.0,0.0,adipose tissue,0.0,0,0.0,0.0,0.0,0.0,0.0,NO_DATA,,,,TESTIS,STRICT,TESTIS,HIGH,,canonical_default,include_default,derived:oncoref.cta.passes_filters,Derived from HPA reproductive-restriction filters and never-expressed rescue policy.
CCDC116,,,,ENSG00000161180,Chang2019_TGCT;Wang2016_CT,no data,no data,no data,False,False,no data,0.5992,0.6012,0.9859,0.9859,,protein_coding,True,True,True,True,True,False,True,28.9,False,28.9,1.1,0.5,colon,1.0,1,0.5,0.6,0.6,0.3,0.4,NO_DATA,,,,SOMATIC,MODERATE,SOMATIC,MODERATE,,canonical_default,include_default,derived:oncoref.cta.passes_filters,Derived from HPA reproductive-restriction filters and never-expressed rescue policy.
KLHL10,,,,ENSG00000161594,Chang2019_TGCT;Gong2021_reproductive_PC;Wang2016_CT;daSilva2017_CT;daSilva2017_testis_biased,True,False,Enhanced,True,False,testis,0.8358,0.8358,0.9909,0.9909,,protein_coding,True,True,True,True,True,True,True,55.7,False,55.7,0.3,0.0,colon,0.8,0,0.3,0.1,0.1,0.1,0.0,TESTIS,True,False,False,TESTIS,STRICT,TESTIS,HIGH,,canonical_default,include_default,derived:oncoref.cta.passes_filters,Derived from HPA reproductive-restriction filters and never-expressed rescue policy.
IZUMO2,,,,ENSG00000161652,Chang2019_TGCT;Gong2021_reproductive_PC;Wang2016_CT;daSilva2017_CT;daSilva2017_testis_biased,no data,no data,no data,True,False,no data,0.9937,0.9937,1.0,1.0,,protein_coding,True,True,True,True,True,True,True,62.8,False,62.8,0.0,0.0,midbrain,0.1,0,0.1,0.0,0.0,0.0,0.0,NO_DATA,,,,TESTIS,STRICT,TESTIS,HIGH,,canonical_default,include_default,derived:oncoref.cta.passes_filters,Derived from HPA reproductive-restriction filters and never-expressed rescue policy.
CCDC27,,,,ENSG00000162592,Carter2023_CT;Chang2019_TGCT;Gong2021_reproductive_PC;Wang2016_CT;daSilva2017_CT;daSilva2017_testis_biased,no data,no data,no data,True,False,no data,0.9655,0.9655,1.0,1.0,,protein_coding,True,True,True,True,True,True,True,16.5,False,16.5,0.3,0.0,heart muscle,0.2,0,0.0,0.2,0.0,0.0,0.0,NO_DATA,,,,TESTIS,STRICT,TESTIS,HIGH,,canonical_default,include_default,derived:oncoref.cta.passes_filters,Derived from HPA reproductive-restriction filters and never-expressed rescue policy.
ZSWIM2,,,,ENSG00000163012,Chang2019_TGCT;Wang2016_CT;daSilva2017_CT;daSilva2017_testis_biased,no data,no data,no data,True,False,no data,0.9091,0.9091,1.0,1.0,,protein_coding,True,True,True,True,True,True,True,9.0,False,9.0,0.0,0.0,pituitary gland,0.6,0,0.2,0.0,0.0,0.0,0.0,NO_DATA,,,,TESTIS,STRICT,TESTIS,HIGH,,canonical_default,include_default,derived:oncoref.cta.passes_filters,Derived from HPA reproductive-restriction filters and never-expressed rescue policy.
SMCP,,,,ENSG00000163206,Chang2019_TGCT;Gong2021_reproductive_PC;Wang2016_CT;daSilva2017_CT;daSilva2017_testis_biased,True,False,Enhanced,False,False,testis,0.992,0.992,0.9997,0.9997,,protein_coding,True,True,True,True,True,True,True,727.3,False,727.3,0.3,0.0,cerebellum,1.2,1,1.2,0.1,0.0,0.2,0.1,TESTIS,True,False,False,SOMATIC,MODERATE,TESTIS,LOW,,canonical_default,include_default,derived:oncoref.cta.passes_filters,Derived from HPA reproductive-restriction filters and never-expressed rescue policy.
PDCL2,,,,ENSG00000163440,Carter2023_CT;Chang2019_TGCT;Gong2021_reproductive_PC;Wang2016_CT;daSilva2017_CT;daSilva2017_testis_biased,True,False,Enhanced,True,False,testis,0.9906,0.9906,1.0,1.0,,protein_coding,True,True,True,True,True,True,True,63.3,False,63.3,0.0,0.0,esophagus,0.3,0,0.0,0.0,0.0,0.0,0.0,TESTIS,True,False,False,TESTIS,STRICT,TESTIS,HIGH,,canonical_default,include_default,derived:oncoref.cta.passes_filters,Derived from HPA reproductive-restriction filters and never-expressed rescue policy.
TSACC,,,,ENSG00000163467,Chang2019_TGCT;Gong2021_reproductive_PC;Wang2016_CT;daSilva2017_CT;daSilva2017_testis_biased,no data,no data,no data,False,False,no data,0.9652,0.9655,0.9955,0.9955,,protein_coding,True,True,True,True,True,True,True,899.2,False,899.2,0.2,0.5,retina,2.2,7,2.2,0.5,0.2,1.7,0.6,NO_DATA,,,,SOMATIC,MODERATE,SOMATIC,MODERATE,,canonical_default,include_default,derived:oncoref.cta.passes_filters,Derived from HPA reproductive-restriction filters and never-expressed rescue policy.
ERICH6,,,,ENSG00000163645,Chang2019_TGCT;Gong2021_reproductive_PC;Wang2016_CT;daSilva2017_CT;daSilva2017_testis_biased,True,False,Enhanced,False,False,testis,0.7192,0.7192,0.9654,0.9654,,protein_coding,True,True,True,False,False,False,True,28.9,False,28.9,0.2,0.1,thyroid gland,1.3,1,0.4,0.3,0.2,0.1,0.0,TESTIS,True,False,False,SOMATIC,MODERATE,TESTIS,LOW,,canonical_default,include_default,derived:oncoref.cta.passes_filters,Derived from HPA reproductive-restriction filters and never-expressed rescue policy.
FANCD2OS,,,,ENSG00000163705,Chang2019_TGCT;Gong2021_reproductive_PC;Wang2016_CT;daSilva2017_CT;daSilva2017_testis_biased,no data,no data,no data,False,False,no data,0.9708,0.9708,1.0,1.0,,protein_coding,True,True,True,True,True,True,True,59.9,False,59.9,0.0,0.0,bone marrow,1.0,1,0.0,0.0,0.0,0.0,0.0,NO_DATA,,,,SOMATIC,MODERATE,SOMATIC,MODERATE,,canonical_default,include_default,derived:oncoref.cta.passes_filters,Derived from HPA reproductive-restriction filters and never-expressed rescue policy.
CCDC158,,,,ENSG00000163749,Chang2019_TGCT;Wang2016_CT,no data,no data,no data,False,False,no data,0.74,0.74,0.97,0.97,,protein_coding,True,True,True,False,False,False,True,33.3,False,33.3,0.0,0.0,liver,1.6,2,0.5,0.4,0.1,1.6,0.3,NO_DATA,,,,SOMATIC,MODERATE,SOMATIC,MODERATE,,canonical_default,include_default,derived:oncoref.cta.passes_filters,Derived from HPA reproductive-restriction filters and never-expressed rescue policy.
SPDYA,,,,ENSG00000163806,Chang2019_TGCT;Wang2016_CT,True,False,Enhanced,False,False,ovary; testis,0.4667,0.4667,0.8198,0.8198,,protein_coding,True,False,False,False,False,False,True,32.0,False,32.0,1.4,0.2,cerebellum,2.3,15,2.3,0.8,0.6,1.4,0.8,REPRODUCTIVE,True,True,False,SOMATIC,PERMISSIVE,REPRODUCTIVE,LOW,,canonical_default,include_default,derived:oncoref.cta.passes_filters,Derived from HPA reproductive-restriction filters and never-expressed rescue policy.
ZDHHC19,,,,ENSG00000163958,Chang2019_TGCT;Wang2016_CT;daSilva2017_CT;daSilva2017_testis_biased,no data,no data,no data,False,False,no data,0.9228,0.9228,0.9896,0.9896,,protein_coding,True,True,True,True,True,False,True,48.7,False,48.7,0.3,0.0,spleen,1.5,1,0.1,0.0,0.3,0.6,0.0,NO_DATA,,,,SOMATIC,MODERATE,SOMATIC,MODERATE,,canonical_default,include_default,derived:oncoref.cta.passes_filters,Derived from HPA reproductive-restriction filters and never-expressed rescue policy.
SPMIP2,,,,ENSG00000164123,Chang2019_TGCT;Gong2021_reproductive_PC;daSilva2017_CT;daSilva2017_testis_biased,no data,no data,no data,True,False,no data,0.9115,0.9115,1.0,1.0,,protein_coding,True,True,True,True,True,True,True,10.3,False,10.3,0.0,0.0,bone marrow,0.5,0,0.2,0.0,0.0,0.0,0.0,NO_DATA,,,,TESTIS,STRICT,TESTIS,HIGH,,canonical_default,include_default,derived:oncoref.cta.passes_filters,Derived from HPA reproductive-restriction filters and never-expressed rescue policy.
SPZ1,,,,ENSG00000164299,Chang2019_TGCT;Gong2021_reproductive_PC;Wang2016_CT;daSilva2017_CT;daSilva2017_testis_biased,no data,no data,no data,True,False,no data,1.0,1.0,1.0,1.0,,protein_coding,True,True,True,True,True,True,True,27.2,False,27.2,0.0,0.0,adipose tissue,0.0,0,0.0,0.0,0.0,0.0,0.0,NO_DATA,,,,TESTIS,STRICT,TESTIS,HIGH,,canonical_default,include_default,derived:oncoref.cta.passes_filters,Derived from HPA reproductive-restriction filters and never-expressed rescue policy.
FAM170A,,,,ENSG00000164334,Chang2019_TGCT;Gong2021_reproductive_PC;Wang2016_CT;daSilva2017_CT;daSilva2017_testis_biased,True,False,Enhanced,True,False,testis,0.972,0.972,1.0,1.0,,protein_coding,True,True,True,True,True,True,True,13.9,False,13.9,0.0,0.0,choroid plexus,0.2,0,0.2,0.0,0.0,0.1,0.0,TESTIS,True,False,False,TESTIS,STRICT,TESTIS,HIGH,,canonical_default,include_default,derived:oncoref.cta.passes_filters,Derived from HPA reproductive-restriction filters and never-expressed rescue policy.
SPMIP7,,,,ENSG00000164500,Chang2019_TGCT;Gong2021_reproductive_PC;Wang2016_CT;daSilva2017_CT;daSilva2017_testis_biased,no data,no data,no data,True,False,no data,0.84,0.84,1.0,1.0,,protein_coding,True,True,True,True,True,True,True,4.2,False,4.2,0.0,0.0,basal ganglia,0.3,0,0.3,0.0,0.0,0.0,0.0,NO_DATA,,,,TESTIS,STRICT,TESTIS,HIGH,,canonical_default,include_default,derived:oncoref.cta.passes_filters,Derived from HPA reproductive-restriction filters and never-expressed rescue policy.
TEX47,,,,ENSG00000164645,Chang2019_TGCT;Gong2021_reproductive_PC;Wang2016_CT;daSilva2017_CT;daSilva2017_testis_biased,no data,no data,no data,True,False,no data,0.9929,0.9929,1.0,1.0,,protein_coding,True,True,True,True,True,True,True,28.1,False,28.1,0.0,0.0,retina,0.1,0,0.1,0.0,0.0,0.0,0.0,NO_DATA,,,,TESTIS,STRICT,TESTIS,HIGH,,canonical_default,include_default,derived:oncoref.cta.passes_filters,Derived from HPA reproductive-restriction filters and never-expressed rescue policy.
PRKACG,,,,ENSG00000165059,Chang2019_TGCT;Gong2021_reproductive_PC;Wang2016_CT;daSilva2017_CT;daSilva2017_testis_biased,True,False,Supported,True,False,testis,1.0,1.0,1.0,1.0,,protein_coding,True,True,True,True,True,True,True,23.9,False,23.9,0.0,0.0,adipose tissue,0.0,0,0.0,0.0,0.0,0.0,0.0,TESTIS,True,False,False,TESTIS,STRICT,TESTIS,HIGH,,canonical_default,include_default,derived:oncoref.cta.passes_filters,Derived from HPA reproductive-restriction filters and never-expressed rescue policy.
PRSS37,,,,ENSG00000165076,Chang2019_TGCT;Gong2021_reproductive_PC;Wang2016_CT;daSilva2017_CT;daSilva2017_testis_biased,True,False,Enhanced,True,False,testis,0.9828,0.9926,1.0,1.0,,protein_coding,True,True,True,True,True,True,True,40.1,False,40.1,0.0,0.0,cerebellum,0.1,0,0.1,0.0,0.0,0.0,0.0,TESTIS,True,False,False,TESTIS,STRICT,TESTIS,HIGH,,canonical_default,include_default,derived:oncoref.cta.passes_filters,Derived from HPA reproductive-restriction filters and never-expressed rescue policy.
SSMEM1,,,,ENSG00000165120,Chang2019_TGCT;Gong2021_reproductive_PC;daSilva2017_CT;daSilva2017_testis_biased,no data,no data,no data,True,False,no data,0.9906,0.9906,1.0,1.0,,protein_coding,True,True,True,True,True,True,True,31.4,False,31.4,0.0,0.1,choroid plexus,0.1,0,0.1,0.0,0.1,0.0,0.1,NO_DATA,,,,TESTIS,STRICT,TESTIS,HIGH,,canonical_default,include_default,derived:oncoref.cta.passes_filters,Derived from HPA reproductive-restriction filters and never-expressed rescue policy.
LLCFC1,,,,ENSG00000165131,Chang2019_TGCT;Gong2021_reproductive_PC;Loriot2025_S2;Wang2016_CT;daSilva2017_CT;daSilva2017_testis_biased,no data,no data,no data,False,False,no data,0.8966,0.8966,0.9844,0.9844,,protein_coding,True,True,True,True,True,False,True,64.2,False,64.2,0.0,0.0,bone marrow,1.6,3,1.3,0.0,0.2,0.0,0.0,NO_DATA,,,,SOMATIC,MODERATE,SOMATIC,MODERATE,,canonical_default,include_default,derived:oncoref.cta.passes_filters,Derived from HPA reproductive-restriction filters and never-expressed rescue policy.
CXorf58,,,,ENSG00000165182,Chang2019_TGCT;Wang2016_CT,no data,no data,no data,True,False,no data,0.4935,0.5065,1.0,1.0,,protein_coding,True,True,True,True,True,True,True,3.8,False,3.8,0.0,0.0,retina,0.4,0,0.4,0.1,0.0,0.1,0.2,NO_DATA,,,,TESTIS,STRICT,TESTIS,HIGH,,canonical_default,include_default,derived:oncoref.cta.passes_filters,Derived from HPA reproductive-restriction filters and never-expressed rescue policy.
C12orf50,,,,ENSG00000165805,Chang2019_TGCT;Gong2021_reproductive_PC;Wang2016_CT;daSilva2017_CT;daSilva2017_testis_biased,no data,no data,no data,True,False,no data,1.0,1.0,1.0,1.0,,protein_coding,True,True,True,True,True,True,True,49.1,False,49.1,0.0,0.0,adipose tissue,0.0,0,0.0,0.0,0.0,0.0,0.0,NO_DATA,,,,TESTIS,STRICT,TESTIS,HIGH,,canonical_default,include_default,derived:oncoref.cta.passes_filters,Derived from HPA reproductive-restriction filters and never-expressed rescue policy.
ERICH6B,,,,ENSG00000165837,daSilva2017_CT;daSilva2017_testis_biased,no data,no data,no data,True,False,no data,0.9048,0.9048,1.0,1.0,,protein_coding,True,True,True,True,True,True,True,1.9,True,1.9,0.0,0.0,choroid plexus,0.2,0,0.2,0.0,0.0,0.0,0.0,NO_DATA,,,,TESTIS,STRICT,TESTIS,MODERATE,,canonical_default,include_default,derived:oncoref.cta.passes_filters,Derived from HPA reproductive-restriction filters and never-expressed rescue policy.
SPMIP5,,,,ENSG00000165863,Chang2019_TGCT;Jamin2021_CT;Jamin2021_core;Wang2016_CT,no data,no data,no data,False,False,no data,0.8282,0.8282,0.9756,0.9756,,protein_coding,True,True,True,True,False,False,True,82.2,False,82.2,3.6,0.0,adrenal gland,1.7,6,1.7,0.4,0.0,0.0,1.1,NO_DATA,,,,SOMATIC,MODERATE,SOMATIC,MODERATE,,canonical_default,include_default,derived:oncoref.cta.passes_filters,Derived from HPA reproductive-restriction filters and never-expressed rescue policy.
C16orf78,,,,ENSG00000166152,Chang2019_TGCT;Gong2021_reproductive_PC;daSilva2017_testis_biased,no data,no data,no data,True,False,no data,1.0,1.0,1.0,1.0,,protein_coding,True,True,True,True,True,True,True,47.4,False,47.4,0.0,0.0,adipose tissue,0.0,0,0.0,0.0,0.0,0.0,0.0,NO_DATA,,,,TESTIS,STRICT,TESTIS,HIGH,,canonical_default,include_default,derived:oncoref.cta.passes_filters,Derived from HPA reproductive-restriction filters and never-expressed rescue policy.
CCDC182,,,,ENSG00000166329,Carter2023_CT;Chang2019_TGCT;Gong2021_reproductive_PC;daSilva2017_testis_biased,no data,no data,no data,True,False,no data,0.9964,0.9964,1.0,1.0,,protein_coding,True,True,True,True,True,True,True,27.7,False,27.7,0.0,0.0,pancreas,0.1,0,0.0,0.0,0.0,0.0,0.1,NO_DATA,,,,TESTIS,STRICT,TESTIS,HIGH,,canonical_default,include_default,derived:oncoref.cta.passes_filters,Derived from HPA reproductive-restriction filters and never-expressed rescue policy.
POTED,,,,ENSG00000166351,Chang2019_TGCT;Gong2021_reproductive_PC;Wang2016_CT;daSilva2017_CT;daSilva2017_testis_biased,no data,no data,no data,True,False,no data,0.7963,0.7963,1.0,1.0,,protein_coding,True,True,True,True,True,True,True,4.2,False,4.2,0.0,0.1,retina,0.2,0,0.2,0.1,0.1,0.0,0.0,NO_DATA,,,,TESTIS,STRICT,TESTIS,HIGH,,canonical_default,include_default,derived:oncoref.cta.passes_filters,Derived from HPA reproductive-restriction filters and never-expressed rescue policy.
LDHAL6A,,,,ENSG00000166800,Chang2019_TGCT;Wang2016_CT,no data,no data,no data,False,False,no data,0.5,0.5048,0.988,0.988,,protein_coding,True,True,True,True,True,False,True,8.9,False,8.9,1.3,0.2,retina,1.1,2,1.1,0.1,0.1,0.0,0.3,NO_DATA,,,,SOMATIC,MODERATE,SOMATIC,MODERATE,,canonical_default,include_default,derived:oncoref.cta.passes_filters,Derived from HPA reproductive-restriction filters and never-expressed rescue policy.
MS4A5,,,,ENSG00000166930,Chang2019_TGCT;Gong2021_reproductive_PC;daSilva2017_testis_biased,True,False,Uncertain,True,False,testis,0.9954,0.9954,1.0,1.0,,protein_coding,True,True,True,True,True,True,True,43.3,False,43.3,0.0,0.0,duodenum,0.2,0,0.0,0.0,0.0,0.0,0.0,TESTIS,True,False,False,TESTIS,STRICT,TESTIS,HIGH,,canonical_default,include_default,derived:oncoref.cta.passes_filters,Derived from HPA reproductive-restriction filters and never-expressed rescue policy.
TBC1D21,,,,ENSG00000167139,Chang2019_TGCT;Gong2021_reproductive_PC;daSilva2017_testis_biased,True,False,Enhanced,True,False,testis,1.0,1.0,1.0,1.0,,protein_coding,True,True,True,True,True,True,True,48.3,False,48.3,0.0,0.0,adipose tissue,0.0,0,0.0,0.0,0.0,0.0,0.0,TESTIS,True,False,False,TESTIS,STRICT,TESTIS,HIGH,,canonical_default,include_default,derived:oncoref.cta.passes_filters,Derived from HPA reproductive-restriction filters and never-expressed rescue policy.
NLRP7,,,,ENSG00000167634,Bruggeman2018_GC;Chang2019_TGCT;Jamin2021_CT;Jamin2021_core;Wang2016_CT,no data,no data,no data,True,False,no data,0.8113,0.8113,1.0,1.0,,protein_coding,True,True,True,True,True,True,True,3.8,False,3.8,0.5,0.0,spleen,0.6,0,0.0,0.0,0.0,0.0,0.0,NO_DATA,,,,TESTIS,STRICT,TESTIS,HIGH,,canonical_default,include_default,derived:oncoref.cta.passes_filters,Derived from HPA reproductive-restriction filters and never-expressed rescue policy.
TTC21A,,,,ENSG00000168026,Chang2019_TGCT;Wang2016_CT;daSilva2017_CT;daSilva2017_testis_biased,True,False,Enhanced,False,False,testis,0.6446,0.6516,0.8619,0.8619,,protein_coding,True,False,False,False,False,False,True,44.7,False,44.7,0.7,0.3,tonsil,1.6,2,0.9,0.2,0.9,0.2,1.2,TESTIS,True,False,False,SOMATIC,PERMISSIVE,TESTIS,LOW,,canonical_default,include_default,derived:oncoref.cta.passes_filters,Derived from HPA reproductive-restriction filters and never-expressed rescue policy.
ADAM18,,,,ENSG00000168619,Chang2019_TGCT;Gong2021_reproductive_PC;Wang2016_CT;daSilva2017_CT;daSilva2017_testis_biased,no data,no data,no data,True,False,no data,0.9889,0.9889,1.0,1.0,,protein_coding,True,True,True,True,True,True,True,8.9,False,8.9,0.0,0.0,heart muscle,0.1,0,0.0,0.1,0.0,0.0,0.0,NO_DATA,,,,TESTIS,STRICT,TESTIS,HIGH,,canonical_default,include_default,derived:oncoref.cta.passes_filters,Derived from HPA reproductive-restriction filters and never-expressed rescue policy.
GOT1L1,,,,ENSG00000169154,Chang2019_TGCT;Gong2021_reproductive_PC;daSilva2017_testis_biased,no data,no data,no data,True,False,no data,0.9527,0.9527,1.0,1.0,,protein_coding,True,True,True,True,True,True,True,13.7,False,13.7,0.3,0.1,gallbladder,0.2,0,0.0,0.0,0.0,0.0,0.0,NO_DATA,,,,TESTIS,STRICT,TESTIS,HIGH,,canonical_default,include_default,derived:oncoref.cta.passes_filters,Derived from HPA reproductive-restriction filters and never-expressed rescue policy.
IL13,,,,ENSG00000169194,Chang2019_TGCT;Gong2021_reproductive_PC;Wang2016_CT;daSilva2017_CT;daSilva2017_testis_biased,no data,no data,no data,True,False,no data,0.8973,0.9125,1.0,1.0,,protein_coding,True,True,True,True,True,True,True,23.6,False,23.6,0.0,0.0,gallbladder,0.5,0,0.1,0.0,0.1,0.0,0.0,NO_DATA,,,,TESTIS,STRICT,TESTIS,HIGH,,canonical_default,include_default,derived:oncoref.cta.passes_filters,Derived from HPA reproductive-restriction filters and never-expressed rescue policy.
OR6F1,,,,ENSG00000169214,Chang2019_TGCT;Gong2021_reproductive_PC;Wang2016_CT;daSilva2017_CT;daSilva2017_testis_biased,no data,no data,no data,True,False,no data,1.0,1.0,1.0,1.0,,protein_coding,True,True,True,True,True,True,True,1.3,True,1.3,0.0,0.0,adipose tissue,0.0,0,0.0,0.0,0.0,0.0,0.0,NO_DATA,,,,TESTIS,STRICT,TESTIS,MODERATE,,canonical_default,include_default,derived:oncoref.cta.passes_filters,Derived from HPA reproductive-restriction filters and never-expressed rescue policy.
TAS2R1,,,,ENSG00000169777,daSilva2017_CT;daSilva2017_testis_biased,no data,no data,no data,True,False,no data,0.9125,0.9125,1.0,1.0,,protein_coding,True,True,True,True,True,True,True,7.3,False,7.3,0.0,0.0,basal ganglia,0.2,0,0.2,0.0,0.0,0.0,0.0,NO_DATA,,,,TESTIS,STRICT,TESTIS,HIGH,,canonical_default,include_default,derived:oncoref.cta.passes_filters,Derived from HPA reproductive-restriction filters and never-expressed rescue policy.
HSFY2,,,,ENSG00000169953,Wang2016_CT;daSilva2017_CT;daSilva2017_testis_biased,no data,no data,no data,True,False,no data,0.8761,0.8761,1.0,1.0,,protein_coding,True,True,True,True,True,True,True,20.5,False,20.5,0.0,0.0,hypothalamus,0.6,0,0.6,0.0,0.0,0.0,0.0,NO_DATA,,,,TESTIS,STRICT,TESTIS,HIGH,,canonical_default,include_default,derived:oncoref.cta.passes_filters,Derived from HPA reproductive-restriction filters and never-expressed rescue policy.
USP50,,,,ENSG00000170236,Chang2019_TGCT;Wang2016_CT;daSilva2017_CT;daSilva2017_testis_biased,no data,no data,no data,True,False,no data,0.2424,0.2424,1.0,1.0,,protein_coding,True,True,True,True,True,True,True,1.5,True,1.5,0.1,0.0,kidney,0.6,0,0.2,0.1,0.2,0.3,0.0,NO_DATA,,,,TESTIS,STRICT,TESTIS,MODERATE,,canonical_default,include_default,derived:oncoref.cta.passes_filters,Derived from HPA reproductive-restriction filters and never-expressed rescue policy.
GARIN3,,,,ENSG00000170613,Chang2019_TGCT;Gong2021_reproductive_PC;daSilva2017_CT;daSilva2017_testis_biased,True,False,Enhanced,True,False,testis,1.0,1.0,1.0,1.0,,protein_coding,True,True,True,True,True,True,True,30.7,False,30.7,0.0,0.0,adipose tissue,0.0,0,0.0,0.0,0.0,0.0,0.0,TESTIS,True,False,False,TESTIS,STRICT,TESTIS,HIGH,,canonical_default,include_default,derived:oncoref.cta.passes_filters,Derived from HPA reproductive-restriction filters and never-expressed rescue policy.
TPD52L3,,,,ENSG00000170777,Chang2019_TGCT;Gong2021_reproductive_PC;Wang2016_CT;daSilva2017_CT;daSilva2017_testis_biased,no data,no data,no data,True,False,no data,0.9987,0.9987,1.0,1.0,,protein_coding,True,True,True,True,True,True,True,149.2,False,149.2,0.0,0.0,adipose tissue,0.0,0,0.0,0.0,0.0,0.0,0.0,NO_DATA,,,,TESTIS,STRICT,TESTIS,HIGH,,canonical_default,include_default,derived:oncoref.cta.passes_filters,Derived from HPA reproductive-restriction filters and never-expressed rescue policy.
FSHR,,,,ENSG00000170820,Chang2019_TGCT;Wang2016_CT,no data,no data,no data,True,False,no data,0.875,0.8929,1.0,1.0,,protein_coding,True,True,True,True,True,True,True,2.7,False,2.2,2.7,0.0,heart muscle,0.3,0,0.0,0.3,0.0,0.0,0.0,NO_DATA,,,,REPRODUCTIVE,STRICT,REPRODUCTIVE,HIGH,,canonical_default,include_default,derived:oncoref.cta.passes_filters,Derived from HPA reproductive-restriction filters and never-expressed rescue policy.
DDI1,,,,ENSG00000170967,Gong2021_reproductive_PC;daSilva2017_CT;daSilva2017_testis_biased,True,False,Enhanced,True,False,testis,1.0,1.0,1.0,1.0,,protein_coding,True,True,True,True,True,True,True,24.7,False,24.7,0.0,0.0,adipose tissue,0.0,0,0.0,0.0,0.0,0.0,0.0,TESTIS,True,False,False,TESTIS,STRICT,TESTIS,HIGH,,canonical_default,include_default,derived:oncoref.cta.passes_filters,Derived from HPA reproductive-restriction filters and never-expressed rescue policy.
C8orf74,,,,ENSG00000171060,Chang2019_TGCT;Gong2021_reproductive_PC;daSilva2017_testis_biased,no data,no data,no data,True,False,no data,1.0,1.0,1.0,1.0,,protein_coding,True,True,True,True,True,True,True,16.6,False,16.6,0.0,0.0,adipose tissue,0.0,0,0.0,0.0,0.0,0.0,0.0,NO_DATA,,,,TESTIS,STRICT,TESTIS,HIGH,,canonical_default,include_default,derived:oncoref.cta.passes_filters,Derived from HPA reproductive-restriction filters and never-expressed rescue policy.
SPACA5,,,,ENSG00000171489,Wang2016_CT,True,False,Supported,True,False,testis,0.697,0.702,1.0,1.0,,protein_coding,True,True,True,True,True,True,True,13.7,False,13.7,0.1,0.0,thyroid gland,0.5,0,0.4,0.0,0.1,0.0,0.4,TESTIS,True,False,False,TESTIS,STRICT,TESTIS,HIGH,,canonical_default,include_default,derived:oncoref.cta.passes_filters,Derived from HPA reproductive-restriction filters and never-expressed rescue policy.
MROH2B,,,,ENSG00000171495,Chang2019_TGCT;Gong2021_reproductive_PC;Wang2016_CT;daSilva2017_CT;daSilva2017_testis_biased,True,False,Enhanced,True,False,testis,0.9966,0.9966,1.0,1.0,,protein_coding,True,True,True,True,True,True,True,29.3,False,29.3,0.0,0.0,colon,0.1,0,0.0,0.0,0.0,0.0,0.0,TESTIS,True,False,False,TESTIS,STRICT,TESTIS,HIGH,,canonical_default,include_default,derived:oncoref.cta.passes_filters,Derived from HPA reproductive-restriction filters and never-expressed rescue policy.
WDR87,,,,ENSG00000171804,Chang2019_TGCT;Gong2021_reproductive_PC;Wang2016_CT;daSilva2017_CT;daSilva2017_testis_biased,no data,no data,no data,True,False,no data,0.9763,0.9763,1.0,1.0,,protein_coding,True,True,True,True,True,True,True,16.5,False,16.5,0.0,0.0,thyroid gland,0.3,0,0.1,0.0,0.0,0.0,0.0,NO_DATA,,,,TESTIS,STRICT,TESTIS,HIGH,,canonical_default,include_default,derived:oncoref.cta.passes_filters,Derived from HPA reproductive-restriction filters and never-expressed rescue policy.
KLF17,,,,ENSG00000171872,Chang2019_TGCT;Wang2016_CT,True,False,Enhanced,False,False,testis,0.5625,0.5625,0.9861,0.9861,,protein_coding,True,True,True,True,True,False,True,8.1,False,8.1,0.0,0.0,smooth muscle,1.1,2,0.1,0.0,0.4,0.0,0.0,TESTIS,True,False,False,SOMATIC,MODERATE,TESTIS,LOW,,canonical_default,include_default,derived:oncoref.cta.passes_filters,Derived from HPA reproductive-restriction filters and never-expressed rescue policy.
LDHAL6B,,,,ENSG00000171989,Chang2019_TGCT;Gong2021_reproductive_PC;Wang2016_CT;daSilva2017_CT;daSilva2017_testis_biased,True,False,Enhanced,True,False,testis,0.906,0.906,1.0,1.0,,protein_coding,True,True,True,True,True,True,True,39.5,False,39.5,0.0,0.0,adipose tissue,0.3,0,0.1,0.1,0.1,0.3,0.1,TESTIS,True,False,False,TESTIS,STRICT,TESTIS,HIGH,,canonical_default,include_default,derived:oncoref.cta.passes_filters,Derived from HPA reproductive-restriction filters and never-expressed rescue policy.
EFCAB3,,,,ENSG00000172421,Chang2019_TGCT;Gong2021_reproductive_PC;Wang2016_CT;daSilva2017_CT;daSilva2017_testis_biased,True,False,Uncertain,True,False,testis,0.8923,0.8923,1.0,1.0,,protein_coding,True,True,True,True,True,True,True,5.8,False,5.8,0.0,0.0,adipose tissue,0.4,0,0.2,0.0,0.0,0.0,0.0,TESTIS,True,False,False,TESTIS,STRICT,TESTIS,HIGH,,canonical_default,include_default,derived:oncoref.cta.passes_filters,Derived from HPA reproductive-restriction filters and never-expressed rescue policy.
FAM170B,,,,ENSG00000172538,Chang2019_TGCT;Gong2021_reproductive_PC;Wang2016_CT;daSilva2017_CT;daSilva2017_testis_biased,no data,no data,no data,True,False,no data,1.0,1.0,1.0,1.0,,protein_coding,True,True,True,True,True,True,True,6.3,False,6.3,0.0,0.0,adipose tissue,0.0,0,0.0,0.0,0.0,0.0,0.0,NO_DATA,,,,TESTIS,STRICT,TESTIS,HIGH,,canonical_default,include_default,derived:oncoref.cta.passes_filters,Derived from HPA reproductive-restriction filters and never-expressed rescue policy.
XKR3,,,,ENSG00000172967,Chang2019_TGCT;Gong2021_reproductive_PC;Wang2016_CT;daSilva2017_CT;daSilva2017_testis_biased,no data,no data,no data,True,False,no data,0.9753,0.9753,1.0,1.0,,protein_coding,True,True,True,True,True,True,True,7.9,False,7.9,0.0,0.0,cerebral cortex,0.1,0,0.1,0.0,0.0,0.0,0.0,NO_DATA,,,,TESTIS,STRICT,TESTIS,HIGH,,canonical_default,include_default,derived:oncoref.cta.passes_filters,Derived from HPA reproductive-restriction filters and never-expressed rescue policy.
IQCF1,,,,ENSG00000173389,Chang2019_TGCT;Gong2021_reproductive_PC;Wang2016_CT;daSilva2017_CT;daSilva2017_testis_biased,no data,no data,no data,True,False,no data,0.9985,0.9985,1.0,1.0,,protein_coding,True,True,True,True,True,True,True,68.7,False,68.7,0.0,0.0,adipose tissue,0.0,0,0.0,0.0,0.0,0.0,0.0,NO_DATA,,,,TESTIS,STRICT,TESTIS,HIGH,,canonical_default,include_default,derived:oncoref.cta.passes_filters,Derived from HPA reproductive-restriction filters and never-expressed rescue policy.
GLIPR1L1,,,,ENSG00000173401,Chang2019_TGCT;Gong2021_reproductive_PC;Wang2016_CT;daSilva2017_CT;daSilva2017_testis_biased,True,False,Enhanced,True,False,testis,0.826,0.826,1.0,1.0,,protein_coding,True,True,True,True,True,True,True,31.6,False,31.6,0.2,0.0,skin,0.5,0,0.4,0.3,0.1,0.0,0.2,TESTIS,True,False,False,TESTIS,STRICT,TESTIS,HIGH,,canonical_default,include_default,derived:oncoref.cta.passes_filters,Derived from HPA reproductive-restriction filters and never-expressed rescue policy.
SPATA3,,,,ENSG00000173699,Chang2019_TGCT;Gong2021_reproductive_PC;Wang2016_CT;daSilva2017_CT;daSilva2017_testis_biased,True,False,Enhanced,True,False,testis,0.9823,0.9823,1.0,1.0,,protein_coding,True,True,True,True,True,True,True,171.8,False,171.8,0.0,0.1,bone marrow,0.3,0,0.3,0.1,0.1,0.0,0.1,TESTIS,True,False,False,TESTIS,STRICT,TESTIS,HIGH,,canonical_default,include_default,derived:oncoref.cta.passes_filters,Derived from HPA reproductive-restriction filters and never-expressed rescue policy.
SPMIP3,,,,ENSG00000173728,Carter2023_CT;Chang2019_TGCT;Gong2021_reproductive_PC;Loriot2025_S2;daSilva2017_testis_biased,no data,no data,no data,True,False,no data,0.9855,0.9855,1.0,1.0,,protein_coding,True,True,True,True,True,True,True,34.0,False,34.0,0.0,0.0,parathyroid gland,0.5,0,0.0,0.0,0.0,0.0,0.0,NO_DATA,,,,TESTIS,STRICT,TESTIS,HIGH,,canonical_default,include_default,derived:oncoref.cta.passes_filters,Derived from HPA reproductive-restriction filters and never-expressed rescue policy.
TOPAZ1,,,,ENSG00000173769,Chang2019_TGCT;Gong2021_reproductive_PC;daSilva2017_CT;daSilva2017_testis_biased,no data,no data,no data,True,False,no data,1.0,1.0,1.0,1.0,,protein_coding,True,True,True,True,True,True,True,3.4,False,3.4,0.0,0.0,adipose tissue,0.0,0,0.0,0.0,0.0,0.0,0.0,NO_DATA,,,,TESTIS,STRICT,TESTIS,HIGH,,canonical_default,include_default,derived:oncoref.cta.passes_filters,Derived from HPA reproductive-restriction filters and never-expressed rescue policy.
ARL13A,,,,ENSG00000174225,Carter2023_CT;Chang2019_TGCT;Gong2021_reproductive_PC;Wang2016_CT,no data,no data,no data,True,False,no data,0.6098,0.6098,1.0,1.0,,protein_coding,True,True,True,True,True,True,True,5.0,False,5.0,0.0,0.0,skin,0.7,0,0.3,0.1,0.1,0.0,0.0,NO_DATA,,,,TESTIS,STRICT,TESTIS,HIGH,,canonical_default,include_default,derived:oncoref.cta.passes_filters,Derived from HPA reproductive-restriction filters and never-expressed rescue policy.
STARD6,,,,ENSG00000174448,Chang2019_TGCT;Gong2021_reproductive_PC;Wang2016_CT;daSilva2017_CT;daSilva2017_testis_biased,no data,no data,no data,True,False,no data,0.8889,0.8889,1.0,1.0,,protein_coding,True,True,True,True,True,True,True,8.0,False,8.0,0.0,0.0,spinal cord,0.3,0,0.3,0.0,0.0,0.0,0.0,NO_DATA,,,,TESTIS,STRICT,TESTIS,HIGH,,canonical_default,include_default,derived:oncoref.cta.passes_filters,Derived from HPA reproductive-restriction filters and never-expressed rescue policy.
GOLGA6L2,,,,ENSG00000174450,Carter2023_CT;Chang2019_TGCT;Gong2021_reproductive_PC;daSilva2017_testis_biased,no data,no data,no data,False,False,no data,0.9632,0.9632,0.998,0.998,,protein_coding,True,True,True,True,True,True,True,49.8,False,49.8,0.0,0.0,skeletal muscle,1.1,1,0.2,0.2,0.0,0.0,0.0,NO_DATA,,,,SOMATIC,MODERATE,SOMATIC,MODERATE,,canonical_default,include_default,derived:oncoref.cta.passes_filters,Derived from HPA reproductive-restriction filters and never-expressed rescue policy.
TEX36,,,,ENSG00000175018,Carter2023_CT;Chang2019_TGCT;Gong2021_reproductive_PC;Wang2016_CT;daSilva2017_CT;daSilva2017_testis_biased,no data,no data,no data,True,False,no data,0.9489,0.9489,1.0,1.0,,protein_coding,True,True,True,True,True,True,True,26.0,False,26.0,0.0,0.0,smooth muscle,0.4,0,0.0,0.0,0.0,0.0,0.0,NO_DATA,,,,TESTIS,STRICT,TESTIS,HIGH,,canonical_default,include_default,derived:oncoref.cta.passes_filters,Derived from HPA reproductive-restriction filters and never-expressed rescue policy.
HIGD2B,,,,ENSG00000175202,Chang2019_TGCT;Gong2021_reproductive_PC,no data,no data,no data,True,False,no data,0.875,0.875,1.0,1.0,,protein_coding,True,True,True,True,True,True,True,3.5,False,3.5,0.0,0.0,thyroid gland,0.2,0,0.0,0.0,0.0,0.0,0.0,NO_DATA,,,,TESTIS,STRICT,TESTIS,HIGH,,canonical_default,include_default,derived:oncoref.cta.passes_filters,Derived from HPA reproductive-restriction filters and never-expressed rescue policy.
CATSPER1,,,,ENSG00000175294,Chang2019_TGCT;Wang2016_CT,no data,no data,no data,True,False,no data,0.8936,0.8936,1.0,1.0,,protein_coding,True,True,True,True,True,True,True,16.8,False,16.8,0.0,0.0,bone marrow,0.5,0,0.1,0.1,0.4,0.0,0.0,NO_DATA,,,,TESTIS,STRICT,TESTIS,HIGH,,canonical_default,include_default,derived:oncoref.cta.passes_filters,Derived from HPA reproductive-restriction filters and never-expressed rescue policy.
TSGA10IP,,,,ENSG00000175513,daSilva2017_CT;daSilva2017_testis_biased,no data,no data,no data,True,False,no data,0.8661,0.8661,1.0,1.0,,protein_coding,True,True,True,True,True,True,True,9.7,False,9.7,0.0,0.0,cerebellum,0.7,0,0.7,0.0,0.0,0.0,0.0,NO_DATA,,,,TESTIS,STRICT,TESTIS,HIGH,,canonical_default,include_default,derived:oncoref.cta.passes_filters,Derived from HPA reproductive-restriction filters and never-expressed rescue policy.
UBQLN3,,,,ENSG00000175520,Chang2019_TGCT;Gong2021_reproductive_PC;Wang2016_CT;daSilva2017_CT;daSilva2017_testis_biased,True,False,Enhanced,True,False,testis,0.9974,0.9974,1.0,1.0,,protein_coding,True,True,True,True,True,True,True,154.3,False,154.3,0.0,0.0,adipose tissue,0.0,0,0.0,0.0,0.0,0.0,0.0,TESTIS,True,False,False,TESTIS,STRICT,TESTIS,HIGH,,canonical_default,include_default,derived:oncoref.cta.passes_filters,Derived from HPA reproductive-restriction filters and never-expressed rescue policy.
RBMXL3,,,,ENSG00000175718,Chang2019_TGCT;Gong2021_reproductive_PC;daSilva2017_testis_biased,True,False,Supported,True,False,testis,1.0,1.0,1.0,1.0,,protein_coding,True,True,True,True,True,True,True,2.6,False,2.6,0.0,0.0,adipose tissue,0.0,0,0.0,0.0,0.0,0.0,0.0,TESTIS,True,False,False,TESTIS,STRICT,TESTIS,HIGH,,canonical_default,include_default,derived:oncoref.cta.passes_filters,Derived from HPA reproductive-restriction filters and never-expressed rescue policy.
TMPRSS7,,,,ENSG00000176040,Wang2016_CT,no data,no data,no data,True,False,no data,0.4194,0.4839,1.0,1.0,,protein_coding,True,True,True,True,True,True,True,1.3,True,1.3,0.0,0.0,choroid plexus,0.2,0,0.2,0.0,0.1,0.0,0.2,NO_DATA,,,,TESTIS,STRICT,TESTIS,MODERATE,,canonical_default,include_default,derived:oncoref.cta.passes_filters,Derived from HPA reproductive-restriction filters and never-expressed rescue policy.
HSF5,,,,ENSG00000176160,Carter2023_CT;Chang2019_TGCT;Gong2021_reproductive_PC;Wang2016_CT;daSilva2017_CT;daSilva2017_testis_biased,True,False,Enhanced,False,False,testis,0.9184,0.934,0.9978,0.9978,,protein_coding,True,True,True,True,True,True,True,47.3,False,47.3,0.0,0.0,lymph node,1.1,1,0.1,0.0,0.0,0.0,0.0,TESTIS,True,False,False,SOMATIC,MODERATE,TESTIS,LOW,,canonical_default,include_default,derived:oncoref.cta.passes_filters,Derived from HPA reproductive-restriction filters and never-expressed rescue policy.
ENTHD1,,,,ENSG00000176177,Chang2019_TGCT;Wang2016_CT;daSilva2017_CT;daSilva2017_testis_biased,no data,no data,no data,True,True,no data,0.7329,0.8219,0.97,1.0,,protein_coding,True,True,True,True,False,False,True,10.7,False,10.7,0.0,0.0,basal ganglia,0.9,0,0.9,0.0,0.0,0.0,0.0,NO_DATA,,,,TESTIS,MODERATE,TESTIS,MODERATE,,canonical_default,include_default,derived:oncoref.cta.passes_filters,Derived from HPA reproductive-restriction filters and never-expressed rescue policy.
OR4N2,,,,ENSG00000176294,Wang2016_CT;daSilva2017_CT;daSilva2017_testis_biased,no data,no data,no data,True,False,no data,0.7708,0.7708,1.0,1.0,,protein_coding,True,True,True,True,True,True,True,3.7,False,3.7,0.0,0.0,cerebral cortex,0.5,0,0.5,0.1,0.0,0.0,0.0,NO_DATA,,,,TESTIS,STRICT,TESTIS,HIGH,,canonical_default,include_default,derived:oncoref.cta.passes_filters,Derived from HPA reproductive-restriction filters and never-expressed rescue policy.
FOXR1,,,,ENSG00000176302,Carter2023_CT;Chang2019_TGCT;Gong2021_reproductive_PC;Wang2016_CT;daSilva2017_CT;daSilva2017_testis_biased,no data,no data,no data,True,False,no data,0.9444,0.963,1.0,1.0,,protein_coding,True,True,True,True,True,True,True,4.1,False,4.1,1.0,0.0,retina,0.1,0,0.1,0.0,0.0,0.0,0.0,NO_DATA,,,,REPRODUCTIVE,STRICT,REPRODUCTIVE,HIGH,,canonical_default,include_default,derived:oncoref.cta.passes_filters,Derived from HPA reproductive-restriction filters and never-expressed rescue policy.
CNBD1,,,,ENSG00000176571,Chang2019_TGCT;Gong2021_reproductive_PC;Wang2016_CT;daSilva2017_testis_biased,no data,no data,no data,True,False,no data,0.9074,0.9074,1.0,1.0,,protein_coding,True,True,True,True,True,True,True,4.9,False,4.9,0.0,0.0,spleen,0.3,0,0.1,0.0,0.0,0.0,0.0,NO_DATA,,,,TESTIS,STRICT,TESTIS,HIGH,,canonical_default,include_default,derived:oncoref.cta.passes_filters,Derived from HPA reproductive-restriction filters and never-expressed rescue policy.
TGIF2LY,,,,ENSG00000176679,Chang2019_TGCT;Gong2021_reproductive_PC;Wang2016_CT;daSilva2017_testis_biased,no data,no data,no data,True,False,no data,1.0,1.0,1.0,1.0,,protein_coding,True,True,True,True,True,True,True,3.9,False,3.9,0.0,0.0,adipose tissue,0.0,0,0.0,0.0,0.0,0.0,0.0,NO_DATA,,,,TESTIS,STRICT,TESTIS,HIGH,,canonical_default,include_default,derived:oncoref.cta.passes_filters,Derived from HPA reproductive-restriction filters and never-expressed rescue policy.
TRIM60,,,,ENSG00000176979,Chang2019_TGCT;Gong2021_reproductive_PC;Wang2016_CT;daSilva2017_testis_biased,True,False,Uncertain,True,False,ovary; testis,0.9667,0.9667,1.0,1.0,,protein_coding,True,True,True,True,True,True,True,1.5,False,1.5,0.0,1.4,skin,0.1,0,0.0,0.0,0.0,0.0,0.0,REPRODUCTIVE,True,True,False,REPRODUCTIVE,STRICT,REPRODUCTIVE,HIGH,,canonical_default,include_default,derived:oncoref.cta.passes_filters,Derived from HPA reproductive-restriction filters and never-expressed rescue policy.
CETN1,,,,ENSG00000177143,Chang2019_TGCT;Gong2021_reproductive_PC;Wang2016_CT;daSilva2017_testis_biased,True,False,Enhanced,True,False,testis,0.9992,0.9992,1.0,1.0,,protein_coding,True,True,True,True,True,True,True,130.6,False,130.6,0.0,0.0,adipose tissue,0.0,0,0.0,0.0,0.0,0.0,0.0,TESTIS,True,False,False,TESTIS,STRICT,TESTIS,HIGH,,canonical_default,include_default,derived:oncoref.cta.passes_filters,Derived from HPA reproductive-restriction filters and never-expressed rescue policy.
SPACA4,,,,ENSG00000177202,Chang2019_TGCT;Gong2021_reproductive_PC;Wang2016_CT,True,False,Enhanced,False,False,testis,0.8255,0.8255,0.9058,0.9058,,protein_coding,True,True,False,False,False,False,True,114.5,False,114.5,0.0,0.0,colon,3.5,8,0.1,0.0,0.9,0.1,0.3,TESTIS,True,False,False,SOMATIC,PERMISSIVE,TESTIS,LOW,,canonical_default,include_default,derived:oncoref.cta.passes_filters,Derived from HPA reproductive-restriction filters and never-expressed rescue policy.
BEND2,,,,ENSG00000177324,Chang2019_TGCT;Gong2021_reproductive_PC;Wang2016_CT;daSilva2017_CT;daSilva2017_testis_biased,True,False,Enhanced,True,False,testis,0.9286,0.9286,1.0,1.0,,protein_coding,True,True,True,True,True,True,True,5.2,False,5.2,0.0,0.0,bone marrow,0.2,0,0.0,0.0,0.0,0.0,0.0,TESTIS,True,False,False,TESTIS,STRICT,TESTIS,HIGH,,canonical_default,include_default,derived:oncoref.cta.passes_filters,Derived from HPA reproductive-restriction filters and never-expressed rescue policy.
RBM44,,,,ENSG00000177483,Chang2019_TGCT;Wang2016_CT,True,False,Enhanced,True,False,testis,0.7299,0.7299,1.0,1.0,,protein_coding,True,True,True,True,True,True,True,15.3,False,15.3,0.0,0.1,bone marrow,0.5,0,0.0,0.1,0.3,0.1,0.3,TESTIS,True,False,False,TESTIS,STRICT,TESTIS,HIGH,,canonical_default,include_default,derived:oncoref.cta.passes_filters,Derived from HPA reproductive-restriction filters and never-expressed rescue policy.
FAM187B,,,,ENSG00000177558,Chang2019_TGCT;Gong2021_reproductive_PC;Wang2016_CT;daSilva2017_CT;daSilva2017_testis_biased,True,False,Enhanced,True,False,testis,0.9853,0.9853,1.0,1.0,,protein_coding,True,True,True,True,True,True,True,66.8,False,66.8,0.0,0.0,spleen,0.2,0,0.1,0.0,0.1,0.0,0.0,TESTIS,True,False,False,TESTIS,STRICT,TESTIS,HIGH,,canonical_default,include_default,derived:oncoref.cta.passes_filters,Derived from HPA reproductive-restriction filters and never-expressed rescue policy.
C12orf54,,,,ENSG00000177627,Chang2019_TGCT;Gong2021_reproductive_PC;Wang2016_CT;daSilva2017_CT;daSilva2017_testis_biased,no data,no data,no data,True,False,no data,0.8952,0.8952,1.0,1.0,,protein_coding,True,True,True,True,True,True,True,38.8,False,38.8,0.4,0.1,tonsil,0.6,0,0.2,0.0,0.1,0.0,0.0,NO_DATA,,,,TESTIS,STRICT,TESTIS,HIGH,,canonical_default,include_default,derived:oncoref.cta.passes_filters,Derived from HPA reproductive-restriction filters and never-expressed rescue policy.
CAPZA3,,,,ENSG00000177938,Chang2019_TGCT;Gong2021_reproductive_PC;Wang2016_CT;daSilva2017_CT;daSilva2017_testis_biased,True,False,Enhanced,False,False,testis,0.9589,0.9589,0.9916,0.9916,,protein_coding,True,True,True,True,True,True,True,177.5,False,177.5,0.0,0.0,skin,2.1,3,0.0,0.0,0.0,1.2,0.1,TESTIS,True,False,False,SOMATIC,MODERATE,TESTIS,LOW,,canonical_default,include_default,derived:oncoref.cta.passes_filters,Derived from HPA reproductive-restriction filters and never-expressed rescue policy.
TSSK6,,,,ENSG00000178093,Chang2019_TGCT;Gong2021_reproductive_PC;Wang2016_CT,no data,no data,no data,False,False,no data,0.8729,0.8734,0.9951,0.9951,,protein_coding,True,True,True,True,True,True,True,162.9,False,162.9,0.5,0.0,skin,1.5,6,1.0,0.3,0.4,1.2,1.0,NO_DATA,,,,SOMATIC,MODERATE,SOMATIC,MODERATE,,canonical_default,include_default,derived:oncoref.cta.passes_filters,Derived from HPA reproductive-restriction filters and never-expressed rescue policy.
CCDC185,,,,ENSG00000178395,Chang2019_TGCT;Gong2021_reproductive_PC;Wang2016_CT;daSilva2017_CT;daSilva2017_testis_biased,no data,no data,no data,True,False,no data,1.0,1.0,1.0,1.0,,protein_coding,True,True,True,True,True,True,True,34.4,False,34.4,0.0,0.0,adipose tissue,0.0,0,0.0,0.0,0.0,0.0,0.0,NO_DATA,,,,TESTIS,STRICT,TESTIS,HIGH,,canonical_default,include_default,derived:oncoref.cta.passes_filters,Derived from HPA reproductive-restriction filters and never-expressed rescue policy.
C10orf53,,,,ENSG00000178645,Chang2019_TGCT;Gong2021_reproductive_PC;Wang2016_CT;daSilva2017_CT;daSilva2017_testis_biased,True,False,Enhanced,True,False,testis,0.9553,0.9553,1.0,1.0,,protein_coding,True,True,True,True,True,True,True,38.5,False,38.5,0.0,0.0,bone marrow,0.3,0,0.3,0.0,0.0,0.0,0.0,TESTIS,True,False,False,TESTIS,STRICT,TESTIS,HIGH,,canonical_default,include_default,derived:oncoref.cta.passes_filters,Derived from HPA reproductive-restriction filters and never-expressed rescue policy.
PXT1,,,,ENSG00000179165,Chang2019_TGCT;Wang2016_CT,no data,no data,no data,True,False,no data,0.5366,0.5366,1.0,1.0,,protein_coding,True,True,True,True,True,True,True,2.2,False,2.2,0.0,0.0,cerebellum,0.3,0,0.3,0.1,0.1,0.0,0.0,NO_DATA,,,,TESTIS,STRICT,TESTIS,HIGH,,canonical_default,include_default,derived:oncoref.cta.passes_filters,Derived from HPA reproductive-restriction filters and never-expressed rescue policy.
SIGLECL1,,,,ENSG00000179213,Chang2019_TGCT;Gong2021_reproductive_PC;Wang2016_CT;daSilva2017_CT;daSilva2017_testis_biased,True,False,Enhanced,True,False,testis,0.9851,0.9851,1.0,1.0,,protein_coding,True,True,True,True,True,True,True,19.9,False,19.9,0.0,0.0,spleen,0.1,0,0.0,0.0,0.0,0.0,0.0,TESTIS,True,False,False,TESTIS,STRICT,TESTIS,HIGH,,canonical_default,include_default,derived:oncoref.cta.passes_filters,Derived from HPA reproductive-restriction filters and never-expressed rescue policy.
RNF151,,,,ENSG00000179580,Carter2023_CT;Chang2019_TGCT;Gong2021_reproductive_PC;daSilva2017_CT;daSilva2017_testis_biased,no data,no data,no data,True,False,no data,0.9925,0.9925,1.0,1.0,,protein_coding,True,True,True,True,True,True,True,185.0,False,185.0,0.0,0.0,cerebellum,0.1,0,0.1,0.0,0.0,0.1,0.1,NO_DATA,,,,TESTIS,STRICT,TESTIS,HIGH,,canonical_default,include_default,derived:oncoref.cta.passes_filters,Derived from HPA reproductive-restriction filters and never-expressed rescue policy.
GARIN5B,,,,ENSG00000180043,Chang2019_TGCT;Gong2021_reproductive_PC;Wang2016_CT;daSilva2017_CT;daSilva2017_testis_biased;daSilva2017_tumor_proteomics,no data,no data,no data,True,False,no data,0.9928,0.9928,1.0,1.0,,protein_coding,True,True,True,True,True,True,True,27.7,False,27.7,0.0,0.0,hypothalamus,0.1,0,0.1,0.0,0.0,0.0,0.0,NO_DATA,,,,TESTIS,STRICT,TESTIS,HIGH,,canonical_default,include_default,derived:oncoref.cta.passes_filters,Derived from HPA reproductive-restriction filters and never-expressed rescue policy.
REDIC1,,,,ENSG00000180116,Chang2019_TGCT;Gong2021_reproductive_PC;Wang2016_CT;daSilva2017_CT;daSilva2017_testis_biased,no data,no data,no data,True,False,no data,0.9663,0.9663,1.0,1.0,,protein_coding,True,True,True,True,True,True,True,8.6,False,8.6,0.0,0.0,tonsil,0.2,0,0.0,0.0,0.0,0.0,0.0,NO_DATA,,,,TESTIS,STRICT,TESTIS,HIGH,,canonical_default,include_default,derived:oncoref.cta.passes_filters,Derived from HPA reproductive-restriction filters and never-expressed rescue policy.
GARIN6,,,,ENSG00000180219,Carter2023_CT;Chang2019_TGCT;Gong2021_reproductive_PC;daSilva2017_CT;daSilva2017_testis_biased,no data,no data,no data,True,False,no data,0.997,0.997,1.0,1.0,,protein_coding,True,True,True,True,True,True,True,32.7,False,32.7,0.0,0.0,cerebellum,0.1,0,0.1,0.0,0.0,0.0,0.0,NO_DATA,,,,TESTIS,STRICT,TESTIS,HIGH,,canonical_default,include_default,derived:oncoref.cta.passes_filters,Derived from HPA reproductive-restriction filters and never-expressed rescue policy.
C3orf22,,,,ENSG00000180697,Chang2019_TGCT;Gong2021_reproductive_PC;Wang2016_CT;daSilva2017_CT;daSilva2017_testis_biased,True,False,Enhanced,True,False,testis,1.0,1.0,1.0,1.0,,protein_coding,True,True,True,True,True,True,True,47.1,False,47.1,0.0,0.0,adipose tissue,0.0,0,0.0,0.0,0.0,0.0,0.0,TESTIS,True,False,False,TESTIS,STRICT,TESTIS,HIGH,,canonical_default,include_default,derived:oncoref.cta.passes_filters,Derived from HPA reproductive-restriction filters and never-expressed rescue policy.
C11orf42,,,,ENSG00000180878,Chang2019_TGCT;Gong2021_reproductive_PC;Wang2016_CT,True,False,Enhanced,False,False,testis,0.7155,0.7155,0.9634,0.9634,,protein_coding,True,True,True,False,False,False,True,24.7,False,24.7,0.1,0.1,skin,1.5,2,1.4,0.1,0.0,0.1,0.1,TESTIS,True,False,False,SOMATIC,MODERATE,TESTIS,LOW,,canonical_default,include_default,derived:oncoref.cta.passes_filters,Derived from HPA reproductive-restriction filters and never-expressed rescue policy.
OR52D1,,,,ENSG00000181609,daSilva2017_CT;daSilva2017_testis_biased,no data,no data,no data,True,False,no data,1.0,1.0,1.0,1.0,,protein_coding,True,True,True,True,True,True,True,1.1,True,1.1,0.0,0.0,adipose tissue,0.0,0,0.0,0.0,0.0,0.0,0.0,NO_DATA,,,,TESTIS,STRICT,TESTIS,MODERATE,,canonical_default,include_default,derived:oncoref.cta.passes_filters,Derived from HPA reproductive-restriction filters and never-expressed rescue policy.
ANKRD62,,,,ENSG00000181626,Chang2019_TGCT,True,False,Enhanced,True,False,testis,0.5714,0.5714,1.0,1.0,,protein_coding,True,True,True,True,True,True,True,1.6,False,1.6,0.0,0.0,pancreas,0.9,0,0.0,0.0,0.0,0.0,0.9,TESTIS,True,False,False,TESTIS,STRICT,TESTIS,HIGH,,canonical_default,include_default,derived:oncoref.cta.passes_filters,Derived from HPA reproductive-restriction filters and never-expressed rescue policy.
ACTL9,,,,ENSG00000181786,Chang2019_TGCT;Gong2021_reproductive_PC;Wang2016_CT;daSilva2017_testis_biased,no data,no data,no data,True,False,no data,1.0,1.0,1.0,1.0,,protein_coding,True,True,True,True,True,True,True,108.6,False,108.6,0.0,0.0,adipose tissue,0.0,0,0.0,0.0,0.0,0.0,0.0,NO_DATA,,,,TESTIS,STRICT,TESTIS,HIGH,,canonical_default,include_default,derived:oncoref.cta.passes_filters,Derived from HPA reproductive-restriction filters and never-expressed rescue policy.
FTMT,,,,ENSG00000181867,Chang2019_TGCT;Gong2021_reproductive_PC;Wang2016_CT;daSilva2017_testis_biased,no data,no data,no data,True,False,no data,1.0,1.0,1.0,1.0,,protein_coding,True,True,True,True,True,True,True,52.6,False,52.6,0.0,0.0,adipose tissue,0.0,0,0.0,0.0,0.0,0.0,0.0,NO_DATA,,,,TESTIS,STRICT,TESTIS,HIGH,,canonical_default,include_default,derived:oncoref.cta.passes_filters,Derived from HPA reproductive-restriction filters and never-expressed rescue policy.
ADIG,,,,ENSG00000182035,Chang2019_TGCT;Gong2021_reproductive_PC;Wang2016_CT;daSilva2017_CT;daSilva2017_testis_biased,no data,no data,no data,False,False,no data,0.9123,0.9123,0.9733,0.9733,,protein_coding,True,True,True,True,False,False,True,52.0,False,52.0,0.0,0.0,thyroid gland,1.0,1,0.3,0.1,0.0,0.0,0.0,NO_DATA,,,,SOMATIC,MODERATE,SOMATIC,MODERATE,,canonical_default,include_default,derived:oncoref.cta.passes_filters,Derived from HPA reproductive-restriction filters and never-expressed rescue policy.
ZAR1,,,,ENSG00000182223,daSilva2017_CT;daSilva2017_testis_biased,no data,no data,no data,True,False,no data,0.575,0.575,1.0,1.0,,protein_coding,True,True,True,True,True,True,True,1.4,True,1.4,0.9,0.0,midbrain,0.7,0,0.7,0.0,0.0,0.0,0.0,NO_DATA,,,,TESTIS,STRICT,TESTIS,MODERATE,,canonical_default,include_default,derived:oncoref.cta.passes_filters,Derived from HPA reproductive-restriction filters and never-expressed rescue policy.
IZUMO1,,,,ENSG00000182264,Chang2019_TGCT;Wang2016_CT;daSilva2017_CT;daSilva2017_testis_biased,True,False,Enhanced,False,False,testis,0.754,0.754,0.9721,0.9721,,protein_coding,True,True,True,True,False,False,True,18.4,False,18.4,0.0,0.3,pancreas,1.5,1,0.2,0.2,0.7,0.0,1.5,TESTIS,True,False,False,SOMATIC,MODERATE,TESTIS,LOW,,canonical_default,include_default,derived:oncoref.cta.passes_filters,Derived from HPA reproductive-restriction filters and never-expressed rescue policy.
TMEM95,,,,ENSG00000182896,Chang2019_TGCT;Gong2021_reproductive_PC;Wang2016_CT;daSilva2017_testis_biased,no data,no data,no data,True,False,no data,1.0,1.0,1.0,1.0,,protein_coding,True,True,True,True,True,True,True,10.8,False,10.8,0.0,0.0,adipose tissue,0.0,0,0.0,0.0,0.0,0.0,0.0,NO_DATA,,,,TESTIS,STRICT,TESTIS,HIGH,,canonical_default,include_default,derived:oncoref.cta.passes_filters,Derived from HPA reproductive-restriction filters and never-expressed rescue policy.
CYLC1,,,,ENSG00000183035,Chang2019_TGCT;Gong2021_reproductive_PC;daSilva2017_testis_biased,True,False,Enhanced,True,False,testis,1.0,1.0,1.0,1.0,,protein_coding,True,True,True,True,True,True,True,30.3,False,30.3,0.0,0.0,adipose tissue,0.0,0,0.0,0.0,0.0,0.0,0.0,TESTIS,True,False,False,TESTIS,STRICT,TESTIS,HIGH,,canonical_default,include_default,derived:oncoref.cta.passes_filters,Derived from HPA reproductive-restriction filters and never-expressed rescue policy.
WBP2NL,,,,ENSG00000183066,Chang2019_TGCT;Wang2016_CT,True,False,Enhanced,True,False,testis,0.5538,0.5569,0.9879,0.9879,,protein_coding,True,True,True,True,True,False,True,17.3,False,17.3,0.6,0.1,basal ganglia,0.7,0,0.7,0.0,0.2,0.1,0.7,TESTIS,True,False,False,TESTIS,MODERATE,TESTIS,HIGH,,canonical_default,include_default,derived:oncoref.cta.passes_filters,Derived from HPA reproductive-restriction filters and never-expressed rescue policy.
RIMBP3C,,,,ENSG00000183246,Gong2021_reproductive_PC;daSilva2017_CT;daSilva2017_testis_biased,True,False,Supported,True,False,testis,0.9434,0.9811,1.0,1.0,,protein_coding,True,True,True,True,True,True,True,5.0,False,5.0,0.0,0.0,spleen,0.1,0,0.0,0.0,0.0,0.0,0.0,TESTIS,True,False,False,TESTIS,STRICT,TESTIS,HIGH,,canonical_default,include_default,derived:oncoref.cta.passes_filters,Derived from HPA reproductive-restriction filters and never-expressed rescue policy.
FAM9A,,,,ENSG00000183304,Chang2019_TGCT;Gong2021_reproductive_PC;Wang2016_CT;daSilva2017_CT;daSilva2017_testis_biased,no data,no data,no data,True,False,no data,0.6562,0.6562,1.0,1.0,,protein_coding,True,True,True,True,True,True,True,4.2,False,4.2,0.0,0.0,retina,0.8,0,0.8,0.2,0.0,0.3,0.1,NO_DATA,,,,TESTIS,STRICT,TESTIS,HIGH,,canonical_default,include_default,derived:oncoref.cta.passes_filters,Derived from HPA reproductive-restriction filters and never-expressed rescue policy.
SPDYE4,,,,ENSG00000183318,Chang2019_TGCT;Gong2021_reproductive_PC;Wang2016_CT;daSilva2017_CT;daSilva2017_testis_biased,True,False,Enhanced,True,False,testis,0.6754,0.6754,1.0,1.0,,protein_coding,True,True,True,True,True,True,True,7.6,False,7.6,0.0,0.1,bone marrow,0.8,0,0.2,0.0,0.0,0.0,0.0,TESTIS,True,False,False,TESTIS,STRICT,TESTIS,HIGH,,canonical_default,include_default,derived:oncoref.cta.passes_filters,Derived from HPA reproductive-restriction filters and never-expressed rescue policy.
TMEM89,,,,ENSG00000183396,Chang2019_TGCT;Gong2021_reproductive_PC;Wang2016_CT;daSilva2017_CT;daSilva2017_testis_biased,no data,no data,no data,False,False,no data,0.806,0.806,0.9706,0.9706,,protein_coding,True,True,True,True,False,False,True,24.1,False,24.1,0.0,0.0,bone marrow,1.7,1,0.1,0.1,0.1,0.0,0.2,NO_DATA,,,,SOMATIC,MODERATE,SOMATIC,MODERATE,,canonical_default,include_default,derived:oncoref.cta.passes_filters,Derived from HPA reproductive-restriction filters and never-expressed rescue policy.
C10orf120,,,,ENSG00000183559,Chang2019_TGCT;Gong2021_reproductive_PC;Wang2016_CT;daSilva2017_CT;daSilva2017_testis_biased,no data,no data,no data,True,False,no data,0.9934,0.9934,1.0,1.0,,protein_coding,True,True,True,True,True,True,True,30.1,False,30.1,0.0,0.0,pancreas,0.1,0,0.0,0.0,0.0,0.0,0.1,NO_DATA,,,,TESTIS,STRICT,TESTIS,HIGH,,canonical_default,include_default,derived:oncoref.cta.passes_filters,Derived from HPA reproductive-restriction filters and never-expressed rescue policy.
GOLGA8G,,,,ENSG00000183629,Chang2019_TGCT;Wang2016_CT,no data,no data,no data,True,False,no data,1.0,1.0,1.0,1.0,,protein_coding,True,True,True,True,True,True,True,8.9,False,8.9,0.0,0.0,adipose tissue,0.0,0,0.0,0.0,0.0,0.0,0.0,NO_DATA,,,,TESTIS,STRICT,TESTIS,HIGH,,canonical_default,include_default,derived:oncoref.cta.passes_filters,Derived from HPA reproductive-restriction filters and never-expressed rescue policy.
OR4N4,,,,ENSG00000183706,Gong2021_reproductive_PC;Wang2016_CT;daSilva2017_CT;daSilva2017_testis_biased,no data,no data,no data,True,False,no data,1.0,1.0,1.0,1.0,,protein_coding,True,True,True,True,True,True,True,7.8,False,7.8,0.0,0.0,adipose tissue,0.0,0,0.0,0.0,0.0,0.0,0.0,NO_DATA,,,,TESTIS,STRICT,TESTIS,HIGH,,canonical_default,include_default,derived:oncoref.cta.passes_filters,Derived from HPA reproductive-restriction filters and never-expressed rescue policy.
BPY2,,,,ENSG00000183753,Wang2016_CT;daSilva2017_CT;daSilva2017_testis_biased,no data,no data,no data,True,False,no data,0.7857,0.7857,1.0,1.0,,protein_coding,True,True,True,True,True,True,True,1.1,True,1.1,0.0,0.0,kidney,0.2,0,0.0,0.0,0.0,0.0,0.0,NO_DATA,,,,TESTIS,STRICT,TESTIS,MODERATE,,canonical_default,include_default,derived:oncoref.cta.passes_filters,Derived from HPA reproductive-restriction filters and never-expressed rescue policy.
PP2D1,,,,ENSG00000183977,daSilva2017_CT;daSilva2017_testis_biased,True,False,Enhanced,False,False,testis,0.5581,0.5581,0.8732,0.8732,,protein_coding,True,False,False,False,False,False,True,7.2,False,7.2,0.0,0.0,bone marrow,1.9,1,0.4,0.1,0.2,0.1,0.1,TESTIS,True,False,False,SOMATIC,PERMISSIVE,TESTIS,LOW,,canonical_default,include_default,derived:oncoref.cta.passes_filters,Derived from HPA reproductive-restriction filters and never-expressed rescue policy.
TRIML1,,,,ENSG00000184108,Chang2019_TGCT;Gong2021_reproductive_PC;Wang2016_CT;daSilva2017_CT;daSilva2017_testis_biased,no data,no data,no data,True,False,no data,1.0,1.0,1.0,1.0,,protein_coding,True,True,True,True,True,True,True,11.7,False,11.7,0.0,0.0,adipose tissue,0.0,0,0.0,0.0,0.0,0.0,0.0,NO_DATA,,,,TESTIS,STRICT,TESTIS,HIGH,,canonical_default,include_default,derived:oncoref.cta.passes_filters,Derived from HPA reproductive-restriction filters and never-expressed rescue policy.
IQCF2,,,,ENSG00000184345,Chang2019_TGCT;Gong2021_reproductive_PC;daSilva2017_testis_biased,no data,no data,no data,True,False,no data,1.0,1.0,1.0,1.0,,protein_coding,True,True,True,True,True,True,True,13.6,False,13.6,0.0,0.0,adipose tissue,0.0,0,0.0,0.0,0.0,0.0,0.0,NO_DATA,,,,TESTIS,STRICT,TESTIS,HIGH,,canonical_default,include_default,derived:oncoref.cta.passes_filters,Derived from HPA reproductive-restriction filters and never-expressed rescue policy.
SPEM2,,,,ENSG00000184560,Chang2019_TGCT;Gong2021_reproductive_PC;Wang2016_CT;daSilva2017_CT;daSilva2017_testis_biased,no data,no data,no data,True,False,no data,0.9952,0.9952,1.0,1.0,,protein_coding,True,True,True,True,True,True,True,124.5,False,124.5,0.0,0.0,retina,0.2,0,0.2,0.0,0.0,0.0,0.0,NO_DATA,,,,TESTIS,STRICT,TESTIS,HIGH,,canonical_default,include_default,derived:oncoref.cta.passes_filters,Derived from HPA reproductive-restriction filters and never-expressed rescue policy.
PRSS55,,,,ENSG00000184647,Chang2019_TGCT;Gong2021_reproductive_PC;Wang2016_CT;daSilva2017_CT;daSilva2017_testis_biased,no data,no data,no data,True,False,no data,0.9215,0.9215,1.0,1.0,,protein_coding,True,True,True,True,True,True,True,27.0,False,27.0,0.0,0.0,cerebellum,0.4,0,0.4,0.0,0.0,0.1,0.0,NO_DATA,,,,TESTIS,STRICT,TESTIS,HIGH,,canonical_default,include_default,derived:oncoref.cta.passes_filters,Derived from HPA reproductive-restriction filters and never-expressed rescue policy.
DYNLT2,,,,ENSG00000184786,Bruggeman2018_GC;Chang2019_TGCT;Wang2016_CT;daSilva2017_CT;daSilva2017_testis_biased,no data,no data,no data,True,False,no data,0.9944,0.9944,1.0,1.0,,protein_coding,True,True,True,True,True,True,True,17.7,False,17.7,0.0,0.0,bone marrow,0.1,0,0.0,0.0,0.0,0.0,0.0,NO_DATA,,,,TESTIS,STRICT,TESTIS,HIGH,,canonical_default,include_default,derived:oncoref.cta.passes_filters,Derived from HPA reproductive-restriction filters and never-expressed rescue policy.
PRR23B,,,,ENSG00000184814,Chang2019_TGCT;Gong2021_reproductive_PC;Wang2016_CT;daSilva2017_CT;daSilva2017_testis_biased,no data,no data,no data,True,False,no data,1.0,1.0,1.0,1.0,,protein_coding,True,True,True,True,True,True,True,1.2,True,1.2,0.0,0.0,adipose tissue,0.0,0,0.0,0.0,0.0,0.0,0.0,NO_DATA,,,,TESTIS,STRICT,TESTIS,MODERATE,,canonical_default,include_default,derived:oncoref.cta.passes_filters,Derived from HPA reproductive-restriction filters and never-expressed rescue policy.
NT5C1B,,,,ENSG00000185013,Chang2019_TGCT;Gong2021_reproductive_PC;Wang2016_CT;daSilva2017_CT;daSilva2017_testis_biased,no data,no data,no data,False,False,no data,0.7746,0.7746,1.0,1.0,,protein_coding,True,True,True,True,True,True,True,34.5,False,34.5,0.0,0.2,skin,1.0,1,0.2,0.6,0.2,0.2,0.4,NO_DATA,,,,SOMATIC,MODERATE,SOMATIC,MODERATE,,canonical_default,include_default,derived:oncoref.cta.passes_filters,Derived from HPA reproductive-restriction filters and never-expressed rescue policy.
C5orf47,,,,ENSG00000185056,Chang2019_TGCT;Gong2021_reproductive_PC;Wang2016_CT;daSilva2017_CT;daSilva2017_testis_biased,no data,no data,no data,True,False,no data,0.9722,0.9722,1.0,1.0,,protein_coding,True,True,True,True,True,True,True,21.0,False,21.0,0.0,0.0,basal ganglia,0.2,0,0.2,0.0,0.0,0.0,0.0,NO_DATA,,,,TESTIS,STRICT,TESTIS,HIGH,,canonical_default,include_default,derived:oncoref.cta.passes_filters,Derived from HPA reproductive-restriction filters and never-expressed rescue policy.
ZNF479,,,,ENSG00000185177,Chang2019_TGCT;Gong2021_reproductive_PC;Wang2016_CT;daSilva2017_CT;daSilva2017_testis_biased,no data,no data,no data,True,False,no data,0.9,0.9,1.0,1.0,,protein_coding,True,True,True,True,True,True,True,2.7,False,2.7,0.0,0.0,bone marrow,0.1,0,0.1,0.0,0.0,0.0,0.0,NO_DATA,,,,TESTIS,STRICT,TESTIS,HIGH,,canonical_default,include_default,derived:oncoref.cta.passes_filters,Derived from HPA reproductive-restriction filters and never-expressed rescue policy.
SPPL2C,,,,ENSG00000185294,Chang2019_TGCT;Gong2021_reproductive_PC;Jamin2021_CT;Wang2016_CT;daSilva2017_CT;daSilva2017_testis_biased,True,False,Supported,False,False,testis,0.9275,0.9275,0.9803,0.9803,,protein_coding,True,True,True,True,True,False,True,35.8,False,35.8,0.0,0.0,cerebellum,1.7,1,1.7,0.0,0.0,0.0,0.0,TESTIS,True,False,False,SOMATIC,MODERATE,TESTIS,LOW,,canonical_default,include_default,derived:oncoref.cta.passes_filters,Derived from HPA reproductive-restriction filters and never-expressed rescue policy.
FAM47A,,,,ENSG00000185448,Chang2019_TGCT;Gong2021_reproductive_PC;daSilva2017_CT;daSilva2017_testis_biased,no data,no data,no data,True,False,no data,1.0,1.0,1.0,1.0,,protein_coding,True,True,True,True,True,True,True,2.8,False,2.8,0.0,0.0,adipose tissue,0.0,0,0.0,0.0,0.0,0.0,0.0,NO_DATA,,,,TESTIS,STRICT,TESTIS,HIGH,,canonical_default,include_default,derived:oncoref.cta.passes_filters,Derived from HPA reproductive-restriction filters and never-expressed rescue policy.
SMIM23,,,,ENSG00000185662,Chang2019_TGCT;Gong2021_reproductive_PC;daSilva2017_testis_biased,no data,no data,no data,True,False,no data,0.9959,0.9959,1.0,1.0,,protein_coding,True,True,True,True,True,True,True,24.3,False,24.3,0.0,0.0,spleen,0.1,0,0.0,0.0,0.0,0.0,0.0,NO_DATA,,,,TESTIS,STRICT,TESTIS,HIGH,,canonical_default,include_default,derived:oncoref.cta.passes_filters,Derived from HPA reproductive-restriction filters and never-expressed rescue policy.
NPAP1,,,,ENSG00000185823,Chang2019_TGCT;Wang2016_CT,no data,no data,no data,True,False,no data,0.3929,0.3929,1.0,1.0,,protein_coding,True,True,True,True,True,True,True,2.8,False,2.8,0.5,0.0,kidney,0.8,0,0.4,0.0,0.0,0.0,0.4,NO_DATA,,,,TESTIS,STRICT,TESTIS,HIGH,,canonical_default,include_default,derived:oncoref.cta.passes_filters,Derived from HPA reproductive-restriction filters and never-expressed rescue policy.
PRSS38,,,,ENSG00000185888,Chang2019_TGCT;Gong2021_reproductive_PC;Wang2016_CT;daSilva2017_testis_biased,no data,no data,no data,True,False,no data,0.9762,0.9762,1.0,1.0,,protein_coding,True,True,True,True,True,True,True,4.1,False,4.1,0.0,0.0,choroid plexus,0.1,0,0.1,0.0,0.0,0.0,0.0,NO_DATA,,,,TESTIS,STRICT,TESTIS,HIGH,,canonical_default,include_default,derived:oncoref.cta.passes_filters,Derived from HPA reproductive-restriction filters and never-expressed rescue policy.
FAM186A,,,,ENSG00000185958,Chang2019_TGCT;Gong2021_reproductive_PC;Wang2016_CT,no data,no data,no data,False,False,no data,0.5344,0.5344,0.9922,0.9922,,protein_coding,True,True,True,True,True,True,True,13.8,False,13.8,0.2,0.0,skeletal muscle,1.1,1,0.8,0.4,0.1,0.3,0.3,NO_DATA,,,,SOMATIC,MODERATE,SOMATIC,MODERATE,,canonical_default,include_default,derived:oncoref.cta.passes_filters,Derived from HPA reproductive-restriction filters and never-expressed rescue policy.
CCIN,,,,ENSG00000185972,Chang2019_TGCT;Gong2021_reproductive_PC;Loriot2025_S2;Wang2016_CT;daSilva2017_CT;daSilva2017_testis_biased,no data,no data,no data,False,False,no data,0.8841,0.8841,0.9835,0.9835,,protein_coding,True,True,True,True,True,False,True,72.6,False,72.6,0.1,0.5,smooth muscle,1.8,2,0.2,0.1,0.4,0.0,0.2,NO_DATA,,,,SOMATIC,MODERATE,SOMATIC,MODERATE,,canonical_default,include_default,derived:oncoref.cta.passes_filters,Derived from HPA reproductive-restriction filters and never-expressed rescue policy.
PRR30,,,,ENSG00000186143,Chang2019_TGCT;Gong2021_reproductive_PC;Wang2016_CT;daSilva2017_CT;daSilva2017_testis_biased,no data,no data,no data,True,False,no data,0.9993,0.9993,1.0,1.0,,protein_coding,True,True,True,True,True,True,True,143.5,False,143.5,0.0,0.0,adipose tissue,0.0,0,0.0,0.0,0.0,0.0,0.0,NO_DATA,,,,TESTIS,STRICT,TESTIS,HIGH,,canonical_default,include_default,derived:oncoref.cta.passes_filters,Derived from HPA reproductive-restriction filters and never-expressed rescue policy.
UBL4B,,,,ENSG00000186150,Chang2019_TGCT;Gong2021_reproductive_PC;Wang2016_CT;daSilva2017_CT;daSilva2017_testis_biased,True,False,Enhanced,False,False,testis,0.9095,0.9095,0.9777,0.9777,,protein_coding,True,True,True,True,False,False,True,102.0,False,102.0,0.5,0.0,choroid plexus,3.2,2,3.2,0.0,0.0,0.0,0.0,TESTIS,True,False,False,SOMATIC,MODERATE,TESTIS,LOW,,canonical_default,include_default,derived:oncoref.cta.passes_filters,Derived from HPA reproductive-restriction filters and never-expressed rescue policy.
SLC36A3,,,,ENSG00000186334,Chang2019_TGCT;Gong2021_reproductive_PC;Wang2016_CT;daSilva2017_CT;daSilva2017_testis_biased,no data,no data,no data,True,False,no data,0.9481,0.9481,1.0,1.0,,protein_coding,True,True,True,True,True,True,True,7.3,False,7.3,0.0,0.0,pancreas,0.2,0,0.0,0.0,0.0,0.0,0.2,NO_DATA,,,,TESTIS,STRICT,TESTIS,HIGH,,canonical_default,include_default,derived:oncoref.cta.passes_filters,Derived from HPA reproductive-restriction filters and never-expressed rescue policy.
TMPRSS12,,,,ENSG00000186452,Chang2019_TGCT;Gong2021_reproductive_PC;Wang2016_CT;daSilva2017_CT;daSilva2017_testis_biased,no data,no data,no data,True,False,no data,0.9589,0.9589,1.0,1.0,,protein_coding,True,True,True,True,True,True,True,21.0,False,21.0,0.0,0.0,kidney,0.2,0,0.1,0.0,0.0,0.0,0.0,NO_DATA,,,,TESTIS,STRICT,TESTIS,HIGH,,canonical_default,include_default,derived:oncoref.cta.passes_filters,Derived from HPA reproductive-restriction filters and never-expressed rescue policy.
CCDC73,,,,ENSG00000186714,Bruggeman2018_GC,no data,no data,no data,True,False,no data,0.6176,0.6176,1.0,1.0,,protein_coding,True,True,True,True,True,True,True,3.7,False,3.7,0.5,0.0,liver,0.4,0,0.3,0.0,0.0,0.4,0.0,NO_DATA,,,,TESTIS,STRICT,TESTIS,HIGH,,canonical_default,include_default,derived:oncoref.cta.passes_filters,Derived from HPA reproductive-restriction filters and never-expressed rescue policy.
SPATA21,,,,ENSG00000187144,daSilva2017_CT;daSilva2017_testis_biased,no data,no data,no data,True,False,no data,0.6066,0.6066,1.0,1.0,,protein_coding,True,True,True,True,True,True,True,7.4,False,7.4,0.0,0.0,retina,0.8,0,0.8,0.0,0.0,0.3,0.4,NO_DATA,,,,TESTIS,STRICT,TESTIS,HIGH,,canonical_default,include_default,derived:oncoref.cta.passes_filters,Derived from HPA reproductive-restriction filters and never-expressed rescue policy.
H2AP,,,,ENSG00000187516,Chang2019_TGCT;Gong2021_reproductive_PC;Wang2016_CT;daSilva2017_CT;daSilva2017_testis_biased,True,False,Enhanced,True,False,testis,0.9862,0.9862,1.0,1.0,,protein_coding,True,True,True,True,True,True,True,42.9,False,42.9,0.0,0.0,skin,0.2,0,0.1,0.0,0.0,0.1,0.0,TESTIS,True,False,False,TESTIS,STRICT,TESTIS,HIGH,,canonical_default,include_default,derived:oncoref.cta.passes_filters,Derived from HPA reproductive-restriction filters and never-expressed rescue policy.
C5orf52,,,,ENSG00000187658,Chang2019_TGCT;Gong2021_reproductive_PC;Wang2016_CT;daSilva2017_CT;daSilva2017_testis_biased,no data,no data,no data,False,False,no data,0.8791,0.8791,0.9769,0.9769,,protein_coding,True,True,True,True,False,False,True,34.9,False,34.9,0.0,0.0,colon,1.7,2,0.0,0.0,0.0,0.0,0.0,NO_DATA,,,,SOMATIC,MODERATE,SOMATIC,MODERATE,,canonical_default,include_default,derived:oncoref.cta.passes_filters,Derived from HPA reproductive-restriction filters and never-expressed rescue policy.
EZHIP,,,,ENSG00000187690,Chang2019_TGCT;Jamin2021_CT;Jamin2021_core;Wang2016_CT,True,False,Enhanced,False,False,ovary; placenta; testis,0.4762,0.4762,0.8868,0.8868,,protein_coding,True,False,False,False,False,False,True,5.7,False,5.7,0.4,0.9,cerebellum,1.6,2,1.6,0.2,0.0,0.0,0.1,REPRODUCTIVE,True,True,True,SOMATIC,PERMISSIVE,REPRODUCTIVE,LOW,,canonical_default,include_default,derived:oncoref.cta.passes_filters,Derived from HPA reproductive-restriction filters and never-expressed rescue policy.
TMEM202,,,,ENSG00000187806,Chang2019_TGCT;Gong2021_reproductive_PC;Wang2016_CT;daSilva2017_testis_biased,no data,no data,no data,True,False,no data,1.0,1.0,1.0,1.0,,protein_coding,True,True,True,True,True,True,True,11.9,False,11.9,0.0,0.0,adipose tissue,0.0,0,0.0,0.0,0.0,0.0,0.0,NO_DATA,,,,TESTIS,STRICT,TESTIS,HIGH,,canonical_default,include_default,derived:oncoref.cta.passes_filters,Derived from HPA reproductive-restriction filters and never-expressed rescue policy.
C2orf78,,,,ENSG00000187833,Chang2019_TGCT;Gong2021_reproductive_PC;Wang2016_CT;daSilva2017_CT;daSilva2017_testis_biased,no data,no data,no data,True,False,no data,1.0,1.0,1.0,1.0,,protein_coding,True,True,True,True,True,True,True,12.1,False,12.1,0.0,0.0,adipose tissue,0.0,0,0.0,0.0,0.0,0.0,0.0,NO_DATA,,,,TESTIS,STRICT,TESTIS,HIGH,,canonical_default,include_default,derived:oncoref.cta.passes_filters,Derived from HPA reproductive-restriction filters and never-expressed rescue policy.
ZCCHC13,,,,ENSG00000187969,Chang2019_TGCT;Gong2021_reproductive_PC;daSilva2017_testis_biased,True,False,Enhanced,True,False,testis,1.0,1.0,1.0,1.0,,protein_coding,True,True,True,True,True,True,True,22.3,False,22.3,0.0,0.0,adipose tissue,0.0,0,0.0,0.0,0.0,0.0,0.0,TESTIS,True,False,False,TESTIS,STRICT,TESTIS,HIGH,,canonical_default,include_default,derived:oncoref.cta.passes_filters,Derived from HPA reproductive-restriction filters and never-expressed rescue policy.
C19orf67,,,,ENSG00000188032,Carter2023_CT;Chang2019_TGCT;daSilva2017_testis_biased,no data,no data,no data,True,False,no data,0.8553,0.8553,1.0,1.0,,protein_coding,True,True,True,True,True,True,True,6.4,False,6.4,0.1,0.0,stomach,0.2,0,0.0,0.0,0.0,0.0,0.1,NO_DATA,,,,TESTIS,STRICT,TESTIS,HIGH,,canonical_default,include_default,derived:oncoref.cta.passes_filters,Derived from HPA reproductive-restriction filters and never-expressed rescue policy.
RNF133,,,,ENSG00000188050,Chang2019_TGCT;Gong2021_reproductive_PC;Wang2016_CT;daSilva2017_CT;daSilva2017_testis_biased,no data,no data,no data,True,False,no data,0.9113,0.9113,1.0,1.0,,protein_coding,True,True,True,True,True,True,True,41.0,False,41.0,0.1,0.0,cerebellum,0.4,0,0.4,0.1,0.3,0.1,0.2,NO_DATA,,,,TESTIS,STRICT,TESTIS,HIGH,,canonical_default,include_default,derived:oncoref.cta.passes_filters,Derived from HPA reproductive-restriction filters and never-expressed rescue policy.
CIMIP2A,,,,ENSG00000188163,Chang2019_TGCT;Gong2021_reproductive_PC;Wang2016_CT;daSilva2017_CT;daSilva2017_testis_biased,True,False,Enhanced,False,False,epididymis; testis,0.7936,0.7936,0.9864,0.9864,,protein_coding,True,True,True,True,True,False,True,59.1,False,59.1,0.1,0.0,liver,1.8,2,0.6,0.5,0.2,1.8,0.5,TESTIS,True,False,False,SOMATIC,MODERATE,TESTIS,LOW,,canonical_default,include_default,derived:oncoref.cta.passes_filters,Derived from HPA reproductive-restriction filters and never-expressed rescue policy.
LRRIQ4,,,,ENSG00000188306,Chang2019_TGCT;Wang2016_CT,no data,no data,no data,True,False,no data,0.5918,0.5918,1.0,1.0,,protein_coding,True,True,True,True,True,True,True,2.8,False,2.8,0.1,0.0,small intestine,0.4,0,0.2,0.0,0.0,0.0,0.0,NO_DATA,,,,TESTIS,STRICT,TESTIS,HIGH,,canonical_default,include_default,derived:oncoref.cta.passes_filters,Derived from HPA reproductive-restriction filters and never-expressed rescue policy.
PPP3R2,,,,ENSG00000188386,Chang2019_TGCT;Gong2021_reproductive_PC;Wang2016_CT;daSilva2017_CT;daSilva2017_testis_biased,no data,no data,no data,True,False,no data,0.9975,0.9975,1.0,1.0,,protein_coding,True,True,True,True,True,True,True,78.6,False,78.6,0.0,0.0,skeletal muscle,0.1,0,0.0,0.0,0.0,0.0,0.0,NO_DATA,,,,TESTIS,STRICT,TESTIS,HIGH,,canonical_default,include_default,derived:oncoref.cta.passes_filters,Derived from HPA reproductive-restriction filters and never-expressed rescue policy.
TMCO2,,,,ENSG00000188800,Chang2019_TGCT;Gong2021_reproductive_PC;Wang2016_CT;daSilva2017_CT;daSilva2017_testis_biased,no data,no data,no data,True,False,no data,0.9975,0.9975,1.0,1.0,,protein_coding,True,True,True,True,True,True,True,119.2,False,119.2,0.0,0.0,urinary bladder,0.1,0,0.0,0.0,0.0,0.0,0.0,NO_DATA,,,,TESTIS,STRICT,TESTIS,HIGH,,canonical_default,include_default,derived:oncoref.cta.passes_filters,Derived from HPA reproductive-restriction filters and never-expressed rescue policy.
DUSP21,,,,ENSG00000189037,Chang2019_TGCT;Gong2021_reproductive_PC;Wang2016_CT;daSilva2017_CT;daSilva2017_testis_biased,no data,no data,no data,True,False,no data,0.9541,0.9541,1.0,1.0,,protein_coding,True,True,True,True,True,True,True,10.4,False,10.4,0.0,0.0,bone marrow,0.2,0,0.0,0.0,0.0,0.0,0.0,NO_DATA,,,,TESTIS,STRICT,TESTIS,HIGH,,canonical_default,include_default,derived:oncoref.cta.passes_filters,Derived from HPA reproductive-restriction filters and never-expressed rescue policy.
FAM47B,,,,ENSG00000189132,Chang2019_TGCT;Gong2021_reproductive_PC;daSilva2017_testis_biased,no data,no data,no data,True,False,no data,1.0,1.0,1.0,1.0,,protein_coding,True,True,True,True,True,True,True,9.0,False,9.0,0.0,0.0,adipose tissue,0.0,0,0.0,0.0,0.0,0.0,0.0,NO_DATA,,,,TESTIS,STRICT,TESTIS,HIGH,,canonical_default,include_default,derived:oncoref.cta.passes_filters,Derived from HPA reproductive-restriction filters and never-expressed rescue policy.
FSCB,,,,ENSG00000189139,Chang2019_TGCT;Gong2021_reproductive_PC;Wang2016_CT;daSilva2017_CT;daSilva2017_testis_biased,True,False,Supported,True,False,testis,1.0,1.0,1.0,1.0,,protein_coding,True,True,True,True,True,True,True,31.6,False,31.6,0.0,0.0,adipose tissue,0.0,0,0.0,0.0,0.0,0.0,0.0,TESTIS,True,False,False,TESTIS,STRICT,TESTIS,HIGH,,canonical_default,include_default,derived:oncoref.cta.passes_filters,Derived from HPA reproductive-restriction filters and never-expressed rescue policy.
FOXR2,,,,ENSG00000189299,Gong2021_reproductive_PC;Wang2016_CT;daSilva2017_CT;daSilva2017_testis_biased,no data,no data,no data,True,False,no data,0.9231,0.9231,1.0,1.0,,protein_coding,True,True,True,True,True,True,True,1.2,True,1.2,0.0,0.0,adipose tissue,0.0,0,0.0,0.0,0.0,0.0,0.0,NO_DATA,,,,TESTIS,STRICT,TESTIS,MODERATE,,canonical_default,include_default,derived:oncoref.cta.passes_filters,Derived from HPA reproductive-restriction filters and never-expressed rescue policy.
TBC1D28,,,,ENSG00000189375,Gong2021_reproductive_PC;daSilva2017_CT;daSilva2017_testis_biased,no data,no data,no data,True,False,no data,0.9598,0.9598,1.0,1.0,,protein_coding,True,True,True,True,True,True,True,21.5,False,21.5,0.0,0.0,tonsil,0.3,0,0.2,0.0,0.0,0.0,0.0,NO_DATA,,,,TESTIS,STRICT,TESTIS,HIGH,,canonical_default,include_default,derived:oncoref.cta.passes_filters,Derived from HPA reproductive-restriction filters and never-expressed rescue policy.
OTUD6A,,,,ENSG00000189401,Chang2019_TGCT;Gong2021_reproductive_PC,True,False,Enhanced,True,False,testis,0.7188,0.7188,1.0,1.0,,protein_coding,True,True,True,True,True,True,True,4.6,False,4.6,0.0,0.0,bone marrow,0.7,0,0.2,0.1,0.0,0.0,0.0,TESTIS,True,False,False,TESTIS,STRICT,TESTIS,HIGH,,canonical_default,include_default,derived:oncoref.cta.passes_filters,Derived from HPA reproductive-restriction filters and never-expressed rescue policy.
NBPF4,,,,ENSG00000196427,Chang2019_TGCT;Jamin2021_CT;Jamin2021_core;Wang2016_CT,True,False,Uncertain,False,False,testis,0.5783,0.6024,0.9706,0.9706,,protein_coding,True,True,True,True,False,False,True,4.3,False,4.3,0.0,0.5,small intestine,1.1,1,0.3,0.0,0.0,0.0,0.0,TESTIS,True,False,False,SOMATIC,MODERATE,TESTIS,LOW,,canonical_default,include_default,derived:oncoref.cta.passes_filters,Derived from HPA reproductive-restriction filters and never-expressed rescue policy.
GK2,,,,ENSG00000196475,Chang2019_TGCT;Gong2021_reproductive_PC;Wang2016_CT;daSilva2017_CT;daSilva2017_testis_biased,no data,no data,no data,True,False,no data,1.0,1.0,1.0,1.0,,protein_coding,True,True,True,True,True,True,True,86.9,False,86.9,0.0,0.0,adipose tissue,0.0,0,0.0,0.0,0.0,0.0,0.0,NO_DATA,,,,TESTIS,STRICT,TESTIS,HIGH,,canonical_default,include_default,derived:oncoref.cta.passes_filters,Derived from HPA reproductive-restriction filters and never-expressed rescue policy.
PFN3,,,,ENSG00000196570,Carter2023_CT;Chang2019_TGCT;Gong2021_reproductive_PC;Wang2016_CT;daSilva2017_CT;daSilva2017_testis_biased,no data,no data,no data,True,False,no data,0.9542,0.9542,1.0,1.0,,protein_coding,True,True,True,True,True,True,True,25.0,False,25.0,0.0,0.0,kidney,0.9,0,0.1,0.0,0.0,0.2,0.0,NO_DATA,,,,TESTIS,STRICT,TESTIS,HIGH,,canonical_default,include_default,derived:oncoref.cta.passes_filters,Derived from HPA reproductive-restriction filters and never-expressed rescue policy.
SPMIP10,,,,ENSG00000196900,Chang2019_TGCT;Gong2021_reproductive_PC;Wang2016_CT;daSilva2017_CT;daSilva2017_testis_biased,no data,no data,no data,True,False,no data,0.9538,0.9538,1.0,1.0,,protein_coding,True,True,True,True,True,True,True,22.7,False,22.7,0.0,0.0,colon,0.6,0,0.1,0.0,0.0,0.0,0.0,NO_DATA,,,,TESTIS,STRICT,TESTIS,HIGH,,canonical_default,include_default,derived:oncoref.cta.passes_filters,Derived from HPA reproductive-restriction filters and never-expressed rescue policy.
ZNF679,,,,ENSG00000197123,Gong2021_reproductive_PC;Wang2016_CT;daSilva2017_CT;daSilva2017_testis_biased,no data,no data,no data,True,False,no data,1.0,1.0,1.0,1.0,,protein_coding,True,True,True,True,True,True,True,1.0,True,1.0,0.0,0.0,adipose tissue,0.0,0,0.0,0.0,0.0,0.0,0.0,NO_DATA,,,,TESTIS,STRICT,TESTIS,MODERATE,,canonical_default,include_default,derived:oncoref.cta.passes_filters,Derived from HPA reproductive-restriction filters and never-expressed rescue policy.
ADAM32,,,,ENSG00000197140,Chang2019_TGCT;Wang2016_CT,True,False,Enhanced,False,False,testis,0.5711,0.5711,0.9734,0.9734,,protein_coding,True,True,True,True,False,False,True,26.6,False,26.6,0.6,0.1,pancreas,1.7,1,0.9,0.7,0.3,0.0,1.7,TESTIS,True,False,False,SOMATIC,MODERATE,TESTIS,LOW,,canonical_default,include_default,derived:oncoref.cta.passes_filters,Derived from HPA reproductive-restriction filters and never-expressed rescue policy.
CCER1,,,,ENSG00000197651,Chang2019_TGCT;Gong2021_reproductive_PC;Wang2016_CT;daSilva2017_testis_biased,no data,no data,no data,True,False,no data,1.0,1.0,1.0,1.0,,protein_coding,True,True,True,True,True,True,True,37.2,False,37.2,0.0,0.0,adipose tissue,0.0,0,0.0,0.0,0.0,0.0,0.0,NO_DATA,,,,TESTIS,STRICT,TESTIS,HIGH,,canonical_default,include_default,derived:oncoref.cta.passes_filters,Derived from HPA reproductive-restriction filters and never-expressed rescue policy.
FAM47C,,,,ENSG00000198173,Chang2019_TGCT;Gong2021_reproductive_PC;Wang2016_CT;daSilva2017_CT;daSilva2017_testis_biased,no data,no data,no data,True,False,no data,0.9655,0.9655,1.0,1.0,,protein_coding,True,True,True,True,True,True,True,2.8,False,2.8,0.0,0.0,pituitary gland,0.1,0,0.0,0.0,0.0,0.0,0.0,NO_DATA,,,,TESTIS,STRICT,TESTIS,HIGH,,canonical_default,include_default,derived:oncoref.cta.passes_filters,Derived from HPA reproductive-restriction filters and never-expressed rescue policy.
CCT8L2,,,,ENSG00000198445,Chang2019_TGCT;Gong2021_reproductive_PC;Wang2016_CT;daSilva2017_CT;daSilva2017_testis_biased,no data,no data,no data,True,False,no data,1.0,1.0,1.0,1.0,,protein_coding,True,True,True,True,True,True,True,20.8,False,20.8,0.0,0.0,adipose tissue,0.0,0,0.0,0.0,0.0,0.0,0.0,NO_DATA,,,,TESTIS,STRICT,TESTIS,HIGH,,canonical_default,include_default,derived:oncoref.cta.passes_filters,Derived from HPA reproductive-restriction filters and never-expressed rescue policy.
LELP1,,,,ENSG00000203784,Chang2019_TGCT;Gong2021_reproductive_PC;Wang2016_CT;daSilva2017_CT;daSilva2017_testis_biased,True,False,Enhanced,True,False,testis,0.9951,0.9952,1.0,1.0,,protein_coding,True,True,True,True,True,True,True,1086.6,False,1086.6,0.1,0.0,skeletal muscle,0.4,0,0.1,0.1,0.1,0.3,0.2,TESTIS,True,False,False,TESTIS,STRICT,TESTIS,HIGH,,canonical_default,include_default,derived:oncoref.cta.passes_filters,Derived from HPA reproductive-restriction filters and never-expressed rescue policy.
FAM24A,,,,ENSG00000203795,Chang2019_TGCT;Gong2021_reproductive_PC;daSilva2017_testis_biased,True,False,Supported,True,False,testis,1.0,1.0,1.0,1.0,,protein_coding,True,True,True,True,True,True,True,17.1,False,17.1,0.0,0.0,adipose tissue,0.0,0,0.0,0.0,0.0,0.0,0.0,TESTIS,True,False,False,TESTIS,STRICT,TESTIS,HIGH,,canonical_default,include_default,derived:oncoref.cta.passes_filters,Derived from HPA reproductive-restriction filters and never-expressed rescue policy.
CXorf66,,,,ENSG00000203933,Chang2019_TGCT;Gong2021_reproductive_PC;Wang2016_CT;daSilva2017_testis_biased,no data,no data,no data,True,False,no data,0.9559,0.9559,1.0,1.0,,protein_coding,True,True,True,True,True,True,True,13.0,False,13.0,0.0,0.0,liver,0.6,0,0.0,0.0,0.0,0.6,0.0,NO_DATA,,,,TESTIS,STRICT,TESTIS,HIGH,,canonical_default,include_default,derived:oncoref.cta.passes_filters,Derived from HPA reproductive-restriction filters and never-expressed rescue policy.
C10orf62,,,,ENSG00000203942,Chang2019_TGCT;Gong2021_reproductive_PC;Wang2016_CT;daSilva2017_CT;daSilva2017_testis_biased,True,False,Enhanced,True,False,testis,0.9762,0.9762,1.0,1.0,,protein_coding,True,True,True,True,True,True,True,270.2,False,270.2,0.0,0.0,cerebellum,0.8,0,0.8,0.8,0.0,0.7,0.3,TESTIS,True,False,False,TESTIS,STRICT,TESTIS,HIGH,,canonical_default,include_default,derived:oncoref.cta.passes_filters,Derived from HPA reproductive-restriction filters and never-expressed rescue policy.
RHOXF2B,,,,ENSG00000203989,Chang2019_TGCT;Gong2021_reproductive_PC;Wang2016_CT;daSilva2017_CT;daSilva2017_testis_biased,True,False,Supported,True,False,testis,0.9952,0.9952,1.0,1.0,,protein_coding,True,True,True,True,True,True,True,20.6,False,20.6,0.2,0.0,liver,0.1,0,0.0,0.0,0.0,0.1,0.0,TESTIS,True,False,False,TESTIS,STRICT,TESTIS,HIGH,,canonical_default,include_default,derived:oncoref.cta.passes_filters,Derived from HPA reproductive-restriction filters and never-expressed rescue policy.
C1orf185,,,,ENSG00000204006,Chang2019_TGCT;Gong2021_reproductive_PC;daSilva2017_testis_biased,no data,no data,no data,True,False,no data,0.996,0.996,1.0,1.0,,protein_coding,True,True,True,True,True,True,True,24.7,False,24.7,0.0,0.0,adipose tissue,0.1,0,0.0,0.0,0.0,0.0,0.0,NO_DATA,,,,TESTIS,STRICT,TESTIS,HIGH,,canonical_default,include_default,derived:oncoref.cta.passes_filters,Derived from HPA reproductive-restriction filters and never-expressed rescue policy.
GLT6D1,,,,ENSG00000204007,Chang2019_TGCT;Gong2021_reproductive_PC;daSilva2017_CT;daSilva2017_testis_biased,no data,no data,no data,True,False,no data,0.9787,0.9787,1.0,1.0,,protein_coding,True,True,True,True,True,True,True,4.6,False,4.6,0.0,0.0,adipose tissue,0.0,0,0.0,0.0,0.0,0.0,0.0,NO_DATA,,,,TESTIS,STRICT,TESTIS,HIGH,,canonical_default,include_default,derived:oncoref.cta.passes_filters,Derived from HPA reproductive-restriction filters and never-expressed rescue policy.
LIPJ,,,,ENSG00000204022,Chang2019_TGCT;Wang2016_CT,no data,no data,no data,True,False,no data,0.4277,0.4528,1.0,1.0,,protein_coding,True,True,True,True,True,True,True,6.8,False,6.8,0.0,0.0,cerebellum,0.5,0,0.5,0.1,0.1,0.5,0.3,NO_DATA,,,,TESTIS,STRICT,TESTIS,HIGH,,canonical_default,include_default,derived:oncoref.cta.passes_filters,Derived from HPA reproductive-restriction filters and never-expressed rescue policy.
TRPC5OS,,,,ENSG00000204025,Carter2023_CT;Gong2021_reproductive_PC;daSilva2017_testis_biased,no data,no data,no data,True,False,no data,0.9207,0.9207,1.0,1.0,,protein_coding,True,True,True,True,True,True,True,20.9,False,20.9,0.0,0.0,kidney,0.2,0,0.2,0.0,0.0,0.0,0.0,NO_DATA,,,,TESTIS,STRICT,TESTIS,HIGH,,canonical_default,include_default,derived:oncoref.cta.passes_filters,Derived from HPA reproductive-restriction filters and never-expressed rescue policy.
TXNDC8,,,,ENSG00000204193,Chang2019_TGCT;Gong2021_reproductive_PC;daSilva2017_testis_biased,no data,no data,no data,True,False,no data,0.9953,1.0,1.0,1.0,,protein_coding,True,True,True,True,True,True,True,21.3,False,21.3,0.0,0.0,adipose tissue,0.0,0,0.0,0.0,0.0,0.0,0.0,NO_DATA,,,,TESTIS,STRICT,TESTIS,HIGH,,canonical_default,include_default,derived:oncoref.cta.passes_filters,Derived from HPA reproductive-restriction filters and never-expressed rescue policy.
TSBP1,,,,ENSG00000204296,Carter2023_CT;Chang2019_TGCT;Gong2021_reproductive_PC;Wang2016_CT;daSilva2017_CT;daSilva2017_testis_biased,True,False,Approved,True,False,testis,0.9853,0.9853,1.0,1.0,,protein_coding,True,True,True,True,True,True,True,33.6,False,33.6,0.0,0.0,lymph node,0.2,0,0.0,0.0,0.0,0.0,0.0,TESTIS,True,False,False,TESTIS,STRICT,TESTIS,HIGH,,canonical_default,include_default,derived:oncoref.cta.passes_filters,Derived from HPA reproductive-restriction filters and never-expressed rescue policy.
TMEM225,,,,ENSG00000204300,Chang2019_TGCT;Gong2021_reproductive_PC;daSilva2017_testis_biased,no data,no data,no data,True,False,no data,1.0,1.0,1.0,1.0,,protein_coding,True,True,True,True,True,True,True,21.3,False,21.3,0.0,0.0,adipose tissue,0.0,0,0.0,0.0,0.0,0.0,0.0,NO_DATA,,,,TESTIS,STRICT,TESTIS,HIGH,,canonical_default,include_default,derived:oncoref.cta.passes_filters,Derived from HPA reproductive-restriction filters and never-expressed rescue policy.
C9orf57,,,,ENSG00000204669,Chang2019_TGCT;Gong2021_reproductive_PC;Wang2016_CT;daSilva2017_CT;daSilva2017_testis_biased,no data,no data,no data,True,False,no data,0.9922,0.9922,1.0,1.0,,protein_coding,True,True,True,True,True,True,True,12.7,False,12.7,0.0,0.0,heart muscle,0.1,0,0.0,0.1,0.0,0.0,0.0,NO_DATA,,,,TESTIS,STRICT,TESTIS,HIGH,,canonical_default,include_default,derived:oncoref.cta.passes_filters,Derived from HPA reproductive-restriction filters and never-expressed rescue policy.
OR2H1,,,,ENSG00000204688,Chang2019_TGCT;Gong2021_reproductive_PC;Wang2016_CT;daSilva2017_CT;daSilva2017_testis_biased,no data,no data,no data,True,False,no data,1.0,1.0,1.0,1.0,,protein_coding,True,True,True,True,True,True,True,12.3,False,12.3,0.0,0.0,adipose tissue,0.0,0,0.0,0.0,0.0,0.0,0.0,NO_DATA,,,,TESTIS,STRICT,TESTIS,HIGH,,canonical_default,include_default,derived:oncoref.cta.passes_filters,Derived from HPA reproductive-restriction filters and never-expressed rescue policy.
FBXO47,,,,ENSG00000204952,Chang2019_TGCT;Gong2021_reproductive_PC;Wang2016_CT;daSilva2017_CT;daSilva2017_testis_biased,no data,no data,no data,True,False,no data,1.0,1.0,1.0,1.0,,protein_coding,True,True,True,True,True,True,True,3.8,False,3.8,0.0,0.0,adipose tissue,0.0,0,0.0,0.0,0.0,0.0,0.0,NO_DATA,,,,TESTIS,STRICT,TESTIS,HIGH,,canonical_default,include_default,derived:oncoref.cta.passes_filters,Derived from HPA reproductive-restriction filters and never-expressed rescue policy.
MS4A13,,,,ENSG00000204979,Chang2019_TGCT;Gong2021_reproductive_PC;daSilva2017_testis_biased,no data,no data,no data,True,False,no data,1.0,1.0,1.0,1.0,,protein_coding,True,True,True,True,True,True,True,3.4,False,3.4,0.0,0.0,adipose tissue,0.0,0,0.0,0.0,0.0,0.0,0.0,NO_DATA,,,,TESTIS,STRICT,TESTIS,HIGH,,canonical_default,include_default,derived:oncoref.cta.passes_filters,Derived from HPA reproductive-restriction filters and never-expressed rescue policy.
SPATA31F1,,,,ENSG00000205108,Chang2019_TGCT;Gong2021_reproductive_PC;Wang2016_CT;daSilva2017_CT;daSilva2017_testis_biased,True,False,Enhanced,True,False,testis,0.9959,0.9959,1.0,1.0,,protein_coding,True,True,True,True,True,True,True,24.1,False,24.1,0.0,0.0,skin,0.1,0,0.0,0.0,0.0,0.0,0.0,TESTIS,True,False,False,TESTIS,STRICT,TESTIS,HIGH,,canonical_default,include_default,derived:oncoref.cta.passes_filters,Derived from HPA reproductive-restriction filters and never-expressed rescue policy.
CDKL4,,,,ENSG00000205111,Chang2019_TGCT;Wang2016_CT,no data,no data,no data,True,False,no data,0.3729,0.3729,1.0,1.0,,protein_coding,True,True,True,True,True,True,True,2.0,False,2.0,0.0,0.2,choroid plexus,0.7,0,0.7,0.1,0.1,0.0,0.0,NO_DATA,,,,TESTIS,STRICT,TESTIS,HIGH,,canonical_default,include_default,derived:oncoref.cta.passes_filters,Derived from HPA reproductive-restriction filters and never-expressed rescue policy.
MGAT4D,,,,ENSG00000205301,Chang2019_TGCT;Gong2021_reproductive_PC;daSilva2017_testis_biased,True,False,Enhanced,True,False,testis,0.9607,0.9607,1.0,1.0,,protein_coding,True,True,True,True,True,True,True,22.0,False,22.0,0.0,0.0,liver,0.1,0,0.0,0.0,0.0,0.1,0.0,TESTIS,True,False,False,TESTIS,STRICT,TESTIS,HIGH,,canonical_default,include_default,derived:oncoref.cta.passes_filters,Derived from HPA reproductive-restriction filters and never-expressed rescue policy.
IZUMO3,,,,ENSG00000205442,Chang2019_TGCT;Gong2021_reproductive_PC;daSilva2017_testis_biased,no data,no data,no data,True,False,no data,1.0,1.0,1.0,1.0,,protein_coding,True,True,True,True,True,True,True,13.3,False,13.3,0.0,0.0,adipose tissue,0.0,0,0.0,0.0,0.0,0.0,0.0,NO_DATA,,,,TESTIS,STRICT,TESTIS,HIGH,,canonical_default,include_default,derived:oncoref.cta.passes_filters,Derived from HPA reproductive-restriction filters and never-expressed rescue policy.
C16orf96,,,,ENSG00000205832,Carter2023_CT;Chang2019_TGCT;Wang2016_CT,no data,no data,no data,True,False,no data,0.6023,0.6082,1.0,1.0,,protein_coding,True,True,True,True,True,True,True,10.2,False,10.2,0.1,0.0,spinal cord,0.6,0,0.6,0.0,0.1,0.3,0.4,NO_DATA,,,,TESTIS,STRICT,TESTIS,HIGH,,canonical_default,include_default,derived:oncoref.cta.passes_filters,Derived from HPA reproductive-restriction filters and never-expressed rescue policy.
TTC23L,,,,ENSG00000205838,Chang2019_TGCT;Wang2016_CT,True,False,Enhanced,False,False,epididymis; testis,0.5035,0.5082,0.8707,0.8707,,protein_coding,True,False,False,False,False,False,True,21.2,False,21.2,0.2,0.2,retina,1.4,2,1.4,0.2,0.3,0.1,0.8,TESTIS,True,False,False,SOMATIC,PERMISSIVE,TESTIS,LOW,,canonical_default,include_default,derived:oncoref.cta.passes_filters,Derived from HPA reproductive-restriction filters and never-expressed rescue policy.
LRRC72,,,,ENSG00000205858,Chang2019_TGCT;Gong2021_reproductive_PC;daSilva2017_testis_biased,no data,no data,no data,True,False,no data,1.0,1.0,1.0,1.0,,protein_coding,True,True,True,True,True,True,True,2.5,False,2.5,0.0,0.0,adipose tissue,0.0,0,0.0,0.0,0.0,0.0,0.0,NO_DATA,,,,TESTIS,STRICT,TESTIS,HIGH,,canonical_default,include_default,derived:oncoref.cta.passes_filters,Derived from HPA reproductive-restriction filters and never-expressed rescue policy.
SMIM21,,,,ENSG00000206026,Chang2019_TGCT;Gong2021_reproductive_PC;Wang2016_CT;daSilva2017_CT;daSilva2017_testis_biased,True,False,Enhanced,True,False,testis,1.0,1.0,1.0,1.0,,protein_coding,True,True,True,True,True,True,True,2.7,False,2.7,0.0,0.0,adipose tissue,0.0,0,0.0,0.0,0.0,0.0,0.0,TESTIS,True,False,False,TESTIS,STRICT,TESTIS,HIGH,,canonical_default,include_default,derived:oncoref.cta.passes_filters,Derived from HPA reproductive-restriction filters and never-expressed rescue policy.
C18orf63,,,,ENSG00000206043,Chang2019_TGCT;Gong2021_reproductive_PC;daSilva2017_testis_biased,no data,no data,no data,True,False,no data,0.9796,0.9796,1.0,1.0,,protein_coding,True,True,True,True,True,True,True,9.6,False,9.6,0.0,0.0,adipose tissue,0.0,0,0.0,0.0,0.0,0.0,0.0,NO_DATA,,,,TESTIS,STRICT,TESTIS,HIGH,,canonical_default,include_default,derived:oncoref.cta.passes_filters,Derived from HPA reproductive-restriction filters and never-expressed rescue policy.
PRR23A,,,,ENSG00000206260,Gong2021_reproductive_PC;daSilva2017_CT;daSilva2017_testis_biased,no data,no data,no data,True,False,no data,0.9412,0.9412,1.0,1.0,,protein_coding,True,True,True,True,True,True,True,1.5,True,1.5,0.1,0.0,bone marrow,0.1,0,0.0,0.0,0.0,0.0,0.0,NO_DATA,,,,TESTIS,STRICT,TESTIS,MODERATE,,canonical_default,include_default,derived:oncoref.cta.passes_filters,Derived from HPA reproductive-restriction filters and never-expressed rescue policy.
CD200R1L,,,,ENSG00000206531,Chang2019_TGCT;Gong2021_reproductive_PC;Wang2016_CT;daSilva2017_CT;daSilva2017_testis_biased,no data,no data,no data,True,False,no data,1.0,1.0,1.0,1.0,,protein_coding,True,True,True,True,True,True,True,2.7,False,2.7,0.0,0.0,adipose tissue,0.0,0,0.0,0.0,0.0,0.0,0.0,NO_DATA,,,,TESTIS,STRICT,TESTIS,HIGH,,canonical_default,include_default,derived:oncoref.cta.passes_filters,Derived from HPA reproductive-restriction filters and never-expressed rescue policy.
TRIM71,,,,ENSG00000206557,Bruggeman2018_GC;Chang2019_TGCT;Wang2016_CT;daSilva2017_CT;daSilva2017_testis_biased,no data,no data,no data,True,False,no data,0.5495,0.5495,1.0,1.0,,protein_coding,True,True,True,True,True,True,True,4.7,False,4.7,0.1,0.2,kidney,0.8,0,0.7,0.0,0.7,0.0,0.0,NO_DATA,,,,TESTIS,STRICT,TESTIS,HIGH,,canonical_default,include_default,derived:oncoref.cta.passes_filters,Derived from HPA reproductive-restriction filters and never-expressed rescue policy.
TSSK1B,,,,ENSG00000212122,Chang2019_TGCT;Gong2021_reproductive_PC;Wang2016_CT;daSilva2017_CT;daSilva2017_testis_biased,True,False,Enhanced,True,False,testis,0.9924,0.9924,1.0,1.0,,protein_coding,True,True,True,True,True,True,True,52.1,False,52.1,0.0,0.0,skin,0.2,0,0.1,0.0,0.0,0.0,0.0,TESTIS,True,False,False,TESTIS,STRICT,TESTIS,HIGH,,canonical_default,include_default,derived:oncoref.cta.passes_filters,Derived from HPA reproductive-restriction filters and never-expressed rescue policy.
TSGA13,,,,ENSG00000213265,Chang2019_TGCT;Gong2021_reproductive_PC,no data,no data,no data,True,False,no data,0.9927,0.9927,1.0,1.0,,protein_coding,True,True,True,True,True,True,True,13.6,False,13.6,0.0,0.0,adipose tissue,0.0,0,0.0,0.0,0.0,0.0,0.0,NO_DATA,,,,TESTIS,STRICT,TESTIS,HIGH,,canonical_default,include_default,derived:oncoref.cta.passes_filters,Derived from HPA reproductive-restriction filters and never-expressed rescue policy.
TTLL13,,,,ENSG00000213471,Chang2019_TGCT;Wang2016_CT,True,False,Enhanced,True,False,testis,0.9405,0.9405,1.0,1.0,,protein_coding,True,True,True,True,True,True,True,7.9,False,7.9,0.0,0.0,duodenum,0.1,0,0.1,0.0,0.0,0.0,0.0,TESTIS,True,False,False,TESTIS,STRICT,TESTIS,HIGH,,canonical_default,include_default,derived:oncoref.cta.passes_filters,Derived from HPA reproductive-restriction filters and never-expressed rescue policy.
FAM209B,,,,ENSG00000213714,Chang2019_TGCT;Gong2021_reproductive_PC,True,False,Enhanced,False,False,testis,0.7463,0.7503,0.8974,0.8974,,protein_coding,True,False,False,False,False,False,True,111.2,False,111.2,0.2,0.1,bone marrow,11.6,4,0.5,0.5,0.9,0.8,0.6,TESTIS,True,False,False,SOMATIC,PERMISSIVE,TESTIS,LOW,,canonical_default,include_default,derived:oncoref.cta.passes_filters,Derived from HPA reproductive-restriction filters and never-expressed rescue policy.
SPDYE3,,,,ENSG00000214300,Bruggeman2018_GC,True,False,Supported,True,False,testis,0.75,0.75,1.0,1.0,,protein_coding,True,True,True,True,True,True,True,2.4,False,2.4,0.0,0.0,bone marrow,0.1,0,0.1,0.0,0.0,0.1,0.0,TESTIS,True,False,False,TESTIS,STRICT,TESTIS,HIGH,,canonical_default,include_default,derived:oncoref.cta.passes_filters,Derived from HPA reproductive-restriction filters and never-expressed rescue policy.
EFCAB9,,,,ENSG00000214360,Chang2019_TGCT;Gong2021_reproductive_PC;daSilva2017_testis_biased,no data,no data,no data,True,False,no data,0.97,0.97,1.0,1.0,,protein_coding,True,True,True,True,True,True,True,9.7,False,9.7,0.0,0.0,cerebellum,0.2,0,0.2,0.0,0.0,0.0,0.0,NO_DATA,,,,TESTIS,STRICT,TESTIS,HIGH,,canonical_default,include_default,derived:oncoref.cta.passes_filters,Derived from HPA reproductive-restriction filters and never-expressed rescue policy.
IQCF5,,,,ENSG00000214681,Chang2019_TGCT;Gong2021_reproductive_PC;daSilva2017_testis_biased,no data,no data,no data,True,False,no data,1.0,1.0,1.0,1.0,,protein_coding,True,True,True,True,True,True,True,101.5,False,101.5,0.0,0.0,adipose tissue,0.0,0,0.0,0.0,0.0,0.0,0.0,NO_DATA,,,,TESTIS,STRICT,TESTIS,HIGH,,canonical_default,include_default,derived:oncoref.cta.passes_filters,Derived from HPA reproductive-restriction filters and never-expressed rescue policy.
IQCF6,,,,ENSG00000214686,Chang2019_TGCT;Gong2021_reproductive_PC;daSilva2017_testis_biased,no data,no data,no data,True,False,no data,0.9766,0.9766,1.0,1.0,,protein_coding,True,True,True,True,True,True,True,20.9,False,20.9,0.0,0.0,pancreas,0.3,0,0.0,0.0,0.0,0.0,0.3,NO_DATA,,,,TESTIS,STRICT,TESTIS,HIGH,,canonical_default,include_default,derived:oncoref.cta.passes_filters,Derived from HPA reproductive-restriction filters and never-expressed rescue policy.
RAD51AP2,,,,ENSG00000214842,Chang2019_TGCT;Gong2021_reproductive_PC;Wang2016_CT;daSilva2017_CT;daSilva2017_testis_biased,no data,no data,no data,True,False,no data,0.8214,0.8214,1.0,1.0,,protein_coding,True,True,True,True,True,True,True,9.1,False,9.1,0.0,0.1,cerebral cortex,0.3,0,0.3,0.2,0.0,0.2,0.2,NO_DATA,,,,TESTIS,STRICT,TESTIS,HIGH,,canonical_default,include_default,derived:oncoref.cta.passes_filters,Derived from HPA reproductive-restriction filters and never-expressed rescue policy.
SPATA31D1,,,,ENSG00000214929,Chang2019_TGCT;Gong2021_reproductive_PC;daSilva2017_CT;daSilva2017_testis_biased,no data,no data,no data,True,False,no data,1.0,1.0,1.0,1.0,,protein_coding,True,True,True,True,True,True,True,10.8,False,10.8,0.0,0.0,adipose tissue,0.0,0,0.0,0.0,0.0,0.0,0.0,NO_DATA,,,,TESTIS,STRICT,TESTIS,HIGH,,canonical_default,include_default,derived:oncoref.cta.passes_filters,Derived from HPA reproductive-restriction filters and never-expressed rescue policy.
C16orf90,,,,ENSG00000215131,Chang2019_TGCT;Gong2021_reproductive_PC;Wang2016_CT;daSilva2017_CT;daSilva2017_testis_biased,no data,no data,no data,True,False,no data,0.9979,0.9979,1.0,1.0,,protein_coding,True,True,True,True,True,True,True,47.0,False,47.0,0.0,0.0,skeletal muscle,0.1,0,0.0,0.0,0.0,0.0,0.0,NO_DATA,,,,TESTIS,STRICT,TESTIS,HIGH,,canonical_default,include_default,derived:oncoref.cta.passes_filters,Derived from HPA reproductive-restriction filters and never-expressed rescue policy.
PRSS41,,,,ENSG00000215148,daSilva2017_CT;daSilva2017_testis_biased,no data,no data,no data,True,False,no data,0.5714,0.5714,1.0,1.0,,protein_coding,True,True,True,True,True,True,True,1.2,True,1.2,0.0,0.0,salivary gland,0.4,0,0.1,0.0,0.0,0.0,0.0,NO_DATA,,,,TESTIS,STRICT,TESTIS,MODERATE,,canonical_default,include_default,derived:oncoref.cta.passes_filters,Derived from HPA reproductive-restriction filters and never-expressed rescue policy.
KCNU1,,,,ENSG00000215262,Chang2019_TGCT;Gong2021_reproductive_PC;Wang2016_CT;daSilva2017_CT;daSilva2017_testis_biased,no data,no data,no data,True,False,no data,0.9444,0.9444,1.0,1.0,,protein_coding,True,True,True,True,True,True,True,6.8,False,6.8,0.0,0.0,choroid plexus,0.1,0,0.1,0.0,0.0,0.0,0.0,NO_DATA,,,,TESTIS,STRICT,TESTIS,HIGH,,canonical_default,include_default,derived:oncoref.cta.passes_filters,Derived from HPA reproductive-restriction filters and never-expressed rescue policy.
GAB4,,,,ENSG00000215568,Wang2016_CT;daSilva2017_CT;daSilva2017_testis_biased,no data,no data,no data,True,False,no data,0.9524,0.9524,1.0,1.0,,protein_coding,True,True,True,True,True,True,True,2.0,False,2.0,0.0,0.0,spinal cord,0.1,0,0.1,0.0,0.0,0.0,0.0,NO_DATA,,,,TESTIS,STRICT,TESTIS,HIGH,,canonical_default,include_default,derived:oncoref.cta.passes_filters,Derived from HPA reproductive-restriction filters and never-expressed rescue policy.
TDRD15,,,,ENSG00000218819,Chang2019_TGCT;Gong2021_reproductive_PC;daSilva2017_testis_biased,no data,no data,no data,True,False,no data,0.8548,0.8548,1.0,1.0,,protein_coding,True,True,True,True,True,True,True,5.3,False,5.3,0.0,0.0,liver,0.9,0,0.0,0.0,0.0,0.9,0.0,NO_DATA,,,,TESTIS,STRICT,TESTIS,HIGH,,canonical_default,include_default,derived:oncoref.cta.passes_filters,Derived from HPA reproductive-restriction filters and never-expressed rescue policy.
PAPOLB,,,,ENSG00000218823,Chang2019_TGCT;Gong2021_reproductive_PC;Wang2016_CT;daSilva2017_CT;daSilva2017_testis_biased,no data,no data,no data,True,False,no data,0.9932,0.9932,1.0,1.0,,protein_coding,True,True,True,True,True,True,True,29.0,False,29.0,0.0,0.0,retina,0.2,0,0.2,0.0,0.0,0.0,0.0,NO_DATA,,,,TESTIS,STRICT,TESTIS,HIGH,,canonical_default,include_default,derived:oncoref.cta.passes_filters,Derived from HPA reproductive-restriction filters and never-expressed rescue policy.
CATSPERZ,,,,ENSG00000219435,Gong2021_reproductive_PC;daSilva2017_CT;daSilva2017_testis_biased,no data,no data,no data,False,False,no data,0.9532,0.9532,0.9849,0.9849,,protein_coding,True,True,True,True,True,False,True,570.0,False,570.0,0.1,0.8,hippocampal formation,3.3,8,3.3,0.1,0.5,0.3,0.6,NO_DATA,,,,SOMATIC,MODERATE,SOMATIC,MODERATE,,canonical_default,include_default,derived:oncoref.cta.passes_filters,Derived from HPA reproductive-restriction filters and never-expressed rescue policy.
OR3A2,,,,ENSG00000221882,Carter2023_CT;Chang2019_TGCT;Wang2016_CT,no data,no data,no data,True,False,no data,0.4697,0.5152,1.0,1.0,,protein_coding,True,True,True,True,True,True,True,2.8,False,2.8,0.2,0.1,retina,0.9,0,0.9,0.0,0.1,0.0,0.0,NO_DATA,,,,TESTIS,STRICT,TESTIS,HIGH,,canonical_default,include_default,derived:oncoref.cta.passes_filters,Derived from HPA reproductive-restriction filters and never-expressed rescue policy.
OR1C1,,,,ENSG00000221888,Chang2019_TGCT;Gong2021_reproductive_PC;Wang2016_CT;daSilva2017_CT;daSilva2017_testis_biased,no data,no data,no data,True,False,no data,0.8929,0.8929,1.0,1.0,,protein_coding,True,True,True,True,True,True,True,2.5,False,2.5,0.0,0.0,retina,0.2,0,0.2,0.0,0.0,0.0,0.0,NO_DATA,,,,TESTIS,STRICT,TESTIS,HIGH,,canonical_default,include_default,derived:oncoref.cta.passes_filters,Derived from HPA reproductive-restriction filters and never-expressed rescue policy.
POM121L12,,,,ENSG00000221900,Chang2019_TGCT;Gong2021_reproductive_PC;daSilva2017_testis_biased,True,False,Enhanced,True,False,testis,1.0,1.0,1.0,1.0,,protein_coding,True,True,True,True,True,True,True,12.9,False,12.9,0.0,0.0,adipose tissue,0.0,0,0.0,0.0,0.0,0.0,0.0,TESTIS,True,False,False,TESTIS,STRICT,TESTIS,HIGH,,canonical_default,include_default,derived:oncoref.cta.passes_filters,Derived from HPA reproductive-restriction filters and never-expressed rescue policy.
EBLN1,,,,ENSG00000223601,Chang2019_TGCT;Gong2021_reproductive_PC;daSilva2017_testis_biased,no data,no data,no data,True,False,no data,0.8438,0.8438,1.0,1.0,,protein_coding,True,True,True,True,True,True,True,2.7,False,2.7,0.0,0.0,cerebellum,0.1,0,0.1,0.0,0.0,0.0,0.0,NO_DATA,,,,TESTIS,STRICT,TESTIS,HIGH,,canonical_default,include_default,derived:oncoref.cta.passes_filters,Derived from HPA reproductive-restriction filters and never-expressed rescue policy.
RBMY1J,,,,ENSG00000226941,Wang2016_CT;daSilva2017_testis_biased,True,False,Supported,True,False,testis,1.0,1.0,1.0,1.0,,protein_coding,True,True,True,True,True,True,True,1.4,False,1.4,0.0,0.0,adipose tissue,0.0,0,0.0,0.0,0.0,0.0,0.0,TESTIS,True,False,False,TESTIS,STRICT,TESTIS,HIGH,,canonical_default,include_default,derived:oncoref.cta.passes_filters,Derived from HPA reproductive-restriction filters and never-expressed rescue policy.
ANHX,,,,ENSG00000227059,Chang2019_TGCT;Gong2021_reproductive_PC;daSilva2017_testis_biased,no data,no data,no data,True,False,no data,1.0,1.0,1.0,1.0,,protein_coding,True,True,True,True,True,True,True,4.8,False,4.8,0.0,0.0,adipose tissue,0.0,0,0.0,0.0,0.0,0.0,0.0,NO_DATA,,,,TESTIS,STRICT,TESTIS,HIGH,,canonical_default,include_default,derived:oncoref.cta.passes_filters,Derived from HPA reproductive-restriction filters and never-expressed rescue policy.
TEX46,,,,ENSG00000227868,Chang2019_TGCT;Gong2021_reproductive_PC;daSilva2017_testis_biased,no data,no data,no data,True,False,no data,0.911,0.911,1.0,1.0,,protein_coding,True,True,True,True,True,True,True,80.8,False,80.8,0.1,0.0,choroid plexus,0.6,0,0.6,0.1,0.1,0.1,0.4,NO_DATA,,,,TESTIS,STRICT,TESTIS,HIGH,,canonical_default,include_default,derived:oncoref.cta.passes_filters,Derived from HPA reproductive-restriction filters and never-expressed rescue policy.
BOD1L2,,,,ENSG00000228075,Chang2019_TGCT;Gong2021_reproductive_PC;daSilva2017_testis_biased,no data,no data,no data,True,False,no data,0.9978,0.9978,1.0,1.0,,protein_coding,True,True,True,True,True,True,True,268.7,False,268.7,0.0,0.0,liver,0.1,0,0.0,0.0,0.0,0.1,0.0,NO_DATA,,,,TESTIS,STRICT,TESTIS,HIGH,,canonical_default,include_default,derived:oncoref.cta.passes_filters,Derived from HPA reproductive-restriction filters and never-expressed rescue policy.
GK3,,,,ENSG00000229894,Bruggeman2018_GC;Carter2023_CT;Gong2021_reproductive_PC;Jamin2021_CT,no data,no data,no data,True,False,no data,0.9478,0.9478,1.0,1.0,,protein_coding,True,True,True,True,True,True,True,12.7,False,12.7,0.0,0.0,bone marrow,0.4,0,0.0,0.0,0.1,0.1,0.0,NO_DATA,,,,TESTIS,STRICT,TESTIS,HIGH,,canonical_default,include_default,derived:oncoref.cta.passes_filters,Derived from HPA reproductive-restriction filters and never-expressed rescue policy.
PRPS1L1,,,,ENSG00000229937,Chang2019_TGCT;Gong2021_reproductive_PC;Wang2016_CT;daSilva2017_CT;daSilva2017_testis_biased,no data,no data,no data,True,False,no data,1.0,1.0,1.0,1.0,,protein_coding,True,True,True,True,True,True,True,30.6,False,30.6,0.0,0.0,adipose tissue,0.0,0,0.0,0.0,0.0,0.0,0.0,NO_DATA,,,,TESTIS,STRICT,TESTIS,HIGH,,canonical_default,include_default,derived:oncoref.cta.passes_filters,Derived from HPA reproductive-restriction filters and never-expressed rescue policy.
IQCF3,,,,ENSG00000229972,Chang2019_TGCT;Gong2021_reproductive_PC;Wang2016_CT;daSilva2017_testis_biased,no data,no data,no data,True,False,no data,0.9913,0.9913,1.0,1.0,,protein_coding,True,True,True,True,True,True,True,102.8,False,102.8,0.0,0.0,pancreas,0.4,0,0.2,0.0,0.0,0.0,0.4,NO_DATA,,,,TESTIS,STRICT,TESTIS,HIGH,,canonical_default,include_default,derived:oncoref.cta.passes_filters,Derived from HPA reproductive-restriction filters and never-expressed rescue policy.
CFAP97D1,,,,ENSG00000231256,Chang2019_TGCT;Gong2021_reproductive_PC;daSilva2017_CT;daSilva2017_testis_biased,True,False,Approved,True,False,testis,0.7784,0.7784,1.0,1.0,,protein_coding,True,True,True,True,True,True,True,12.9,False,12.9,0.0,0.1,skeletal muscle,0.5,0,0.3,0.0,0.0,0.0,0.3,TESTIS,True,False,False,TESTIS,STRICT,TESTIS,HIGH,,canonical_default,include_default,derived:oncoref.cta.passes_filters,Derived from HPA reproductive-restriction filters and never-expressed rescue policy.
PPP1R2B,,,,ENSG00000231989,Bruggeman2018_GC;Gong2021_reproductive_PC,no data,no data,no data,True,False,no data,0.9953,0.9953,1.0,1.0,,protein_coding,True,True,True,True,True,True,True,21.3,False,21.3,0.0,0.0,skeletal muscle,0.1,0,0.0,0.0,0.0,0.0,0.0,NO_DATA,,,,TESTIS,STRICT,TESTIS,HIGH,,canonical_default,include_default,derived:oncoref.cta.passes_filters,Derived from HPA reproductive-restriction filters and never-expressed rescue policy.
BTBD18,,,,ENSG00000233436,Bruggeman2018_GC;Chang2019_TGCT;Wang2016_CT,no data,no data,no data,True,False,no data,0.6774,0.6774,1.0,1.0,,protein_coding,True,True,True,True,True,True,True,2.1,False,2.1,0.0,0.0,cerebellum,0.2,0,0.2,0.0,0.0,0.0,0.0,NO_DATA,,,,TESTIS,STRICT,TESTIS,HIGH,,canonical_default,include_default,derived:oncoref.cta.passes_filters,Derived from HPA reproductive-restriction filters and never-expressed rescue policy.
C16orf82,,,,ENSG00000234186,Gong2021_reproductive_PC;daSilva2017_CT;daSilva2017_testis_biased,no data,no data,no data,True,False,no data,0.9967,0.9967,1.0,1.0,,protein_coding,True,True,True,True,True,True,True,268.7,False,268.7,0.0,0.0,pituitary gland,0.3,0,0.2,0.0,0.0,0.0,0.0,NO_DATA,,,,TESTIS,STRICT,TESTIS,HIGH,,canonical_default,include_default,derived:oncoref.cta.passes_filters,Derived from HPA reproductive-restriction filters and never-expressed rescue policy.
CLDN34,,,,ENSG00000234469,Chang2019_TGCT,no data,no data,no data,True,False,no data,0.5152,0.5152,1.0,1.0,,protein_coding,True,True,True,True,True,True,True,1.6,True,1.6,0.1,0.0,retina,0.5,0,0.5,0.0,0.1,0.1,0.1,NO_DATA,,,,TESTIS,STRICT,TESTIS,MODERATE,,canonical_default,include_default,derived:oncoref.cta.passes_filters,Derived from HPA reproductive-restriction filters and never-expressed rescue policy.
FREY1,,,,ENSG00000234776,Chang2019_TGCT;Gong2021_reproductive_PC;daSilva2017_testis_biased,no data,no data,no data,True,False,no data,0.9944,0.9944,1.0,1.0,,protein_coding,True,True,True,True,True,True,True,53.2,False,53.2,0.0,0.0,esophagus,0.3,0,0.0,0.0,0.0,0.0,0.0,NO_DATA,,,,TESTIS,STRICT,TESTIS,HIGH,,canonical_default,include_default,derived:oncoref.cta.passes_filters,Derived from HPA reproductive-restriction filters and never-expressed rescue policy.
CIMIP7,,,,ENSG00000236980,Chang2019_TGCT;Gong2021_reproductive_PC;daSilva2017_CT;daSilva2017_testis_biased,no data,no data,no data,True,False,no data,1.0,1.0,1.0,1.0,,protein_coding,True,True,True,True,True,True,True,7.0,False,7.0,0.0,0.0,adipose tissue,0.0,0,0.0,0.0,0.0,0.0,0.0,NO_DATA,,,,TESTIS,STRICT,TESTIS,HIGH,,canonical_default,include_default,derived:oncoref.cta.passes_filters,Derived from HPA reproductive-restriction filters and never-expressed rescue policy.
C4orf51,,,,ENSG00000237136,Chang2019_TGCT;Gong2021_reproductive_PC;Wang2016_CT;daSilva2017_CT;daSilva2017_testis_biased,no data,no data,no data,True,False,no data,0.9333,0.9333,1.0,1.0,,protein_coding,True,True,True,True,True,True,True,5.6,False,5.6,0.0,0.0,adipose tissue,0.0,0,0.0,0.0,0.0,0.0,0.0,NO_DATA,,,,TESTIS,STRICT,TESTIS,HIGH,,canonical_default,include_default,derived:oncoref.cta.passes_filters,Derived from HPA reproductive-restriction filters and never-expressed rescue policy.
MEIOSIN,,,,ENSG00000237452,Chang2019_TGCT;Gong2021_reproductive_PC;daSilva2017_testis_biased,no data,no data,no data,True,False,no data,0.9595,0.9595,1.0,1.0,,protein_coding,True,True,True,True,True,True,True,7.1,False,7.1,0.0,0.0,heart muscle,0.3,0,0.0,0.3,0.0,0.0,0.0,NO_DATA,,,,TESTIS,STRICT,TESTIS,HIGH,,canonical_default,include_default,derived:oncoref.cta.passes_filters,Derived from HPA reproductive-restriction filters and never-expressed rescue policy.
OR7E24,,,,ENSG00000237521,Chang2019_TGCT;Gong2021_reproductive_PC;Wang2016_CT;daSilva2017_CT;daSilva2017_testis_biased,no data,no data,no data,True,False,no data,1.0,1.0,1.0,1.0,,protein_coding,True,True,True,True,True,True,True,1.8,True,1.8,0.1,0.0,adipose tissue,0.0,0,0.0,0.0,0.0,0.0,0.0,NO_DATA,,,,TESTIS,STRICT,TESTIS,MODERATE,,canonical_default,include_default,derived:oncoref.cta.passes_filters,Derived from HPA reproductive-restriction filters and never-expressed rescue policy.
TEX51,,,,ENSG00000237524,Chang2019_TGCT;Gong2021_reproductive_PC,no data,no data,no data,True,False,no data,0.9949,0.9949,1.0,1.0,,protein_coding,True,True,True,True,True,True,True,58.3,False,58.3,0.0,0.0,kidney,0.3,0,0.0,0.0,0.0,0.0,0.0,NO_DATA,,,,TESTIS,STRICT,TESTIS,HIGH,,canonical_default,include_default,derived:oncoref.cta.passes_filters,Derived from HPA reproductive-restriction filters and never-expressed rescue policy.
LRRC37A2,,,,ENSG00000238083,Bruggeman2018_GC,True,False,Supported,True,False,testis,0.3318,0.3649,1.0,1.0,,protein_coding,True,True,True,True,True,True,True,6.7,False,6.7,0.2,0.1,pituitary gland,0.7,0,0.5,0.1,0.4,0.1,0.2,TESTIS,True,False,False,TESTIS,STRICT,TESTIS,HIGH,,canonical_default,include_default,derived:oncoref.cta.passes_filters,Derived from HPA reproductive-restriction filters and never-expressed rescue policy.
STPG4,,,,ENSG00000239605,Chang2019_TGCT;Wang2016_CT;daSilva2017_CT;daSilva2017_testis_biased,True,False,Approved,True,False,testis,0.9,0.9062,1.0,1.0,,protein_coding,True,True,True,True,True,True,True,14.3,False,14.3,0.1,0.0,gallbladder,0.2,0,0.1,0.1,0.1,0.0,0.0,TESTIS,True,False,False,TESTIS,STRICT,TESTIS,HIGH,,canonical_default,include_default,derived:oncoref.cta.passes_filters,Derived from HPA reproductive-restriction filters and never-expressed rescue policy.
PRR20G,,,,ENSG00000239620,Carter2023_CT,no data,no data,no data,True,False,no data,1.0,1.0,1.0,1.0,,protein_coding,True,True,True,True,True,True,True,3.9,False,3.9,0.0,0.0,adipose tissue,0.0,0,0.0,0.0,0.0,0.0,0.0,NO_DATA,,,,TESTIS,STRICT,TESTIS,HIGH,,canonical_default,include_default,derived:oncoref.cta.passes_filters,Derived from HPA reproductive-restriction filters and never-expressed rescue policy.
LRRD1,,,,ENSG00000240720,Gong2021_reproductive_PC;daSilva2017_CT;daSilva2017_testis_biased,True,False,Supported,True,False,testis,0.809,0.809,1.0,1.0,,protein_coding,True,True,True,True,True,True,True,14.3,False,14.3,0.1,0.0,retina,0.4,0,0.4,0.1,0.0,0.0,0.0,TESTIS,True,False,False,TESTIS,STRICT,TESTIS,HIGH,,canonical_default,include_default,derived:oncoref.cta.passes_filters,Derived from HPA reproductive-restriction filters and never-expressed rescue policy.
RTL9,,,,ENSG00000243978,Chang2019_TGCT;Wang2016_CT,True,False,Enhanced,False,False,testis,0.6026,0.6026,0.9571,0.9571,,protein_coding,True,True,True,False,False,False,True,7.6,False,7.6,1.1,0.4,hypothalamus,1.2,2,1.2,0.5,0.0,0.1,0.0,TESTIS,True,False,False,SOMATIC,MODERATE,TESTIS,LOW,,canonical_default,include_default,derived:oncoref.cta.passes_filters,Derived from HPA reproductive-restriction filters and never-expressed rescue policy.
INSL3,,,,ENSG00000248099,Chang2019_TGCT;Gong2021_reproductive_PC;Wang2016_CT;daSilva2017_CT;daSilva2017_testis_biased,True,False,Enhanced,False,False,testis,0.9343,0.935,0.9763,0.9763,,protein_coding,True,True,True,True,False,False,True,397.1,False,397.1,124.5,0.3,spleen,5.1,9,1.3,0.2,0.8,0.4,0.2,TESTIS,True,False,False,SOMATIC,MODERATE,TESTIS,LOW,,canonical_default,include_default,derived:oncoref.cta.passes_filters,Derived from HPA reproductive-restriction filters and never-expressed rescue policy.
SPMAP2L,,,,ENSG00000249693,Carter2023_CT;Chang2019_TGCT,no data,no data,no data,True,False,no data,0.5763,0.5763,1.0,1.0,,protein_coding,True,True,True,True,True,True,True,3.4,False,3.4,0.0,0.0,smooth muscle,0.5,0,0.0,0.0,0.0,0.0,0.0,NO_DATA,,,,TESTIS,STRICT,TESTIS,HIGH,,canonical_default,include_default,derived:oncoref.cta.passes_filters,Derived from HPA reproductive-restriction filters and never-expressed rescue policy.
NACA2,,,,ENSG00000253506,Bruggeman2018_GC;Gong2021_reproductive_PC;daSilva2017_CT;daSilva2017_testis_biased,no data,no data,no data,False,False,no data,0.6962,0.6962,0.9905,0.9905,,protein_coding,True,True,True,True,True,True,True,62.4,False,62.4,1.9,0.1,skin,1.3,6,0.8,0.9,0.7,0.7,1.1,NO_DATA,,,,SOMATIC,MODERATE,SOMATIC,MODERATE,,canonical_default,include_default,derived:oncoref.cta.passes_filters,Derived from HPA reproductive-restriction filters and never-expressed rescue policy.
CCDC166,,,,ENSG00000255181,Chang2019_TGCT;Gong2021_reproductive_PC;Wang2016_CT;daSilva2017_CT;daSilva2017_testis_biased,no data,no data,no data,True,False,no data,0.9756,0.9756,1.0,1.0,,protein_coding,True,True,True,True,True,True,True,4.0,False,4.0,0.0,0.0,cerebral cortex,0.1,0,0.1,0.0,0.0,0.0,0.0,NO_DATA,,,,TESTIS,STRICT,TESTIS,HIGH,,canonical_default,include_default,derived:oncoref.cta.passes_filters,Derived from HPA reproductive-restriction filters and never-expressed rescue policy.
CCDC179,,,,ENSG00000255359,Chang2019_TGCT;Gong2021_reproductive_PC;daSilva2017_testis_biased,no data,no data,no data,True,False,no data,1.0,1.0,1.0,1.0,,protein_coding,True,True,True,True,True,True,True,22.8,False,22.8,0.0,0.0,adipose tissue,0.0,0,0.0,0.0,0.0,0.0,0.0,NO_DATA,,,,TESTIS,STRICT,TESTIS,HIGH,,canonical_default,include_default,derived:oncoref.cta.passes_filters,Derived from HPA reproductive-restriction filters and never-expressed rescue policy.
SPMIP11,,,,ENSG00000257987,Chang2019_TGCT;Gong2021_reproductive_PC,no data,no data,no data,False,False,no data,0.9395,0.9395,0.9948,0.9948,,protein_coding,True,True,True,True,True,True,True,20.2,False,20.2,0.0,0.0,stomach,1.1,1,0.0,0.0,0.2,0.0,0.0,NO_DATA,,,,SOMATIC,MODERATE,SOMATIC,MODERATE,,canonical_default,include_default,derived:oncoref.cta.passes_filters,Derived from HPA reproductive-restriction filters and never-expressed rescue policy.
PRSS58,,,,ENSG00000258223,Chang2019_TGCT;Gong2021_reproductive_PC;Wang2016_CT;daSilva2017_testis_biased,no data,no data,no data,True,False,no data,0.9921,0.996,1.0,1.0,,protein_coding,True,True,True,True,True,True,True,25.1,False,25.1,0.0,0.0,pancreas,0.1,0,0.0,0.0,0.0,0.0,0.1,NO_DATA,,,,TESTIS,STRICT,TESTIS,HIGH,,canonical_default,include_default,derived:oncoref.cta.passes_filters,Derived from HPA reproductive-restriction filters and never-expressed rescue policy.
SLC35G6,,,,ENSG00000259224,Carter2023_CT,no data,no data,no data,True,False,no data,0.8772,0.8772,1.0,1.0,,protein_coding,True,True,True,True,True,True,True,5.0,False,5.0,0.0,0.0,skeletal muscle,0.4,0,0.1,0.0,0.0,0.0,0.0,NO_DATA,,,,TESTIS,STRICT,TESTIS,HIGH,,canonical_default,include_default,derived:oncoref.cta.passes_filters,Derived from HPA reproductive-restriction filters and never-expressed rescue policy.
ARMH2,,,,ENSG00000260286,Chang2019_TGCT,no data,no data,no data,False,False,no data,0.7647,0.7647,1.0,1.0,,protein_coding,True,True,True,True,True,True,True,13.0,False,13.0,0.0,0.0,choroid plexus,1.0,2,1.0,0.0,1.0,0.0,0.0,NO_DATA,,,,SOMATIC,MODERATE,SOMATIC,MODERATE,,canonical_default,include_default,derived:oncoref.cta.passes_filters,Derived from HPA reproductive-restriction filters and never-expressed rescue policy.
HEATR9,,,,ENSG00000270379,Gong2021_reproductive_PC;daSilva2017_CT;daSilva2017_testis_biased,no data,no data,no data,True,False,no data,0.8909,0.8909,1.0,1.0,,protein_coding,True,True,True,True,True,True,True,9.8,False,9.8,0.0,0.0,spleen,0.4,0,0.0,0.0,0.1,0.0,0.0,NO_DATA,,,,TESTIS,STRICT,TESTIS,HIGH,,canonical_default,include_default,derived:oncoref.cta.passes_filters,Derived from HPA reproductive-restriction filters and never-expressed rescue policy.
LYPD4,,,,ENSG00000273111,Gong2021_reproductive_PC;daSilva2017_CT;daSilva2017_testis_biased,no data,no data,no data,True,False,no data,0.9951,0.9951,1.0,1.0,,protein_coding,True,True,True,True,True,True,True,101.9,False,101.9,0.0,0.0,bone marrow,0.3,0,0.0,0.0,0.0,0.0,0.0,NO_DATA,,,,TESTIS,STRICT,TESTIS,HIGH,,canonical_default,include_default,derived:oncoref.cta.passes_filters,Derived from HPA reproductive-restriction filters and never-expressed rescue policy.
GOLGA6L1,,,,ENSG00000273976,Gong2021_reproductive_PC;daSilva2017_CT;daSilva2017_testis_biased,no data,no data,no data,True,False,no data,0.9787,0.9787,1.0,1.0,,protein_coding,True,True,True,True,True,True,True,27.6,False,27.6,0.0,0.0,cerebral cortex,0.5,0,0.5,0.0,0.0,0.0,0.0,NO_DATA,,,,TESTIS,STRICT,TESTIS,HIGH,,canonical_default,include_default,derived:oncoref.cta.passes_filters,Derived from HPA reproductive-restriction filters and never-expressed rescue policy.
H2AB1,,,,ENSG00000274183,daSilva2017_CT;daSilva2017_testis_biased,no data,no data,no data,True,False,no data,0.6571,0.6571,1.0,1.0,,protein_coding,True,True,True,True,True,True,True,11.4,False,11.4,0.1,0.0,bone marrow,0.6,0,0.2,0.2,0.1,0.2,0.2,NO_DATA,,,,TESTIS,STRICT,TESTIS,HIGH,,canonical_default,include_default,derived:oncoref.cta.passes_filters,Derived from HPA reproductive-restriction filters and never-expressed rescue policy.
SPMAP1,,,,ENSG00000275489,Gong2021_reproductive_PC;daSilva2017_CT;daSilva2017_testis_biased,no data,no data,no data,True,False,no data,0.9692,0.9692,1.0,1.0,,protein_coding,True,True,True,True,True,True,True,18.9,False,18.9,0.0,0.0,adipose tissue,0.2,0,0.1,0.0,0.0,0.0,0.0,NO_DATA,,,,TESTIS,STRICT,TESTIS,HIGH,,canonical_default,include_default,derived:oncoref.cta.passes_filters,Derived from HPA reproductive-restriction filters and never-expressed rescue policy.
LYZL6,,,,ENSG00000275722,Gong2021_reproductive_PC;daSilva2017_CT;daSilva2017_testis_biased,True,False,Enhanced,False,False,testis,0.9549,0.9549,0.9978,0.9978,,protein_coding,True,True,True,True,True,True,True,46.6,False,46.6,0.0,0.0,skin,1.1,1,0.3,0.1,0.0,0.0,0.1,TESTIS,True,False,False,SOMATIC,MODERATE,TESTIS,LOW,,canonical_default,include_default,derived:oncoref.cta.passes_filters,Derived from HPA reproductive-restriction filters and never-expressed rescue policy.
ENSG00000283599,,,,ENSG00000283599,Carter2023_CT;Gong2021_reproductive_PC,no data,no data,no data,True,False,no data,0.9524,0.9524,1.0,1.0,,protein_coding,True,True,True,True,True,True,True,8.0,False,8.0,0.0,0.0,cerebral cortex,0.2,0,0.2,0.0,0.0,0.0,0.0,NO_DATA,,,,TESTIS,STRICT,TESTIS,HIGH,,canonical_default,include_default,derived:oncoref.cta.passes_filters,Derived from HPA reproductive-restriction filters and never-expressed rescue policy.
OR8B2,,,,ENSG00000284680,Gong2021_reproductive_PC;Wang2016_CT;daSilva2017_testis_biased,no data,no data,no data,True,False,no data,1.0,1.0,1.0,1.0,,protein_coding,True,True,True,True,True,True,True,1.1,True,1.1,0.0,0.0,adipose tissue,0.0,0,0.0,0.0,0.0,0.0,0.0,NO_DATA,,,,TESTIS,STRICT,TESTIS,MODERATE,,canonical_default,include_default,derived:oncoref.cta.passes_filters,Derived from HPA reproductive-restriction filters and never-expressed rescue policy.
