identity,Ensembl_Gene_ID,Symbol,biotype,source_databases,nominated,mapped,protein_coding,family_eligible,hpa_restriction,default_panel
ENSG00000000460,ENSG00000000460,FIRRM,protein_coding,Bruggeman2018_GC;Jamin2021_CT,True,True,True,True,False,False
ENSG00000001631,ENSG00000001631,KRIT1,protein_coding,Jamin2021_CT;Jamin2021_core,True,True,True,True,False,False
ENSG00000004809,ENSG00000004809,SLC22A16,protein_coding,Bruggeman2018_GC;Chang2019_TGCT;Gong2021_reproductive_PC;Wang2016_CT,True,True,True,True,False,False
ENSG00000004838,ENSG00000004838,ZMYND10,protein_coding,Chang2019_TGCT;Gong2021_reproductive_PC;Wang2016_CT,True,True,True,True,False,False
ENSG00000005175,ENSG00000005175,RPAP3,protein_coding,Jamin2021_CT,True,True,True,True,False,False
ENSG00000005189,ENSG00000005189,REXO5,protein_coding,Chang2019_TGCT;Gong2021_reproductive_PC;Wang2016_CT;daSilva2017_CT;daSilva2017_testis_biased,True,True,True,True,False,False
ENSG00000005889,ENSG00000005889,ZFX,protein_coding,Jamin2021_CT,True,True,True,True,False,False
ENSG00000006047,ENSG00000006047,YBX2,protein_coding,Chang2019_TGCT;Gong2021_reproductive_PC;Wang2016_CT;daSilva2017_CT;daSilva2017_protein;daSilva2017_testis_biased;daSilva2017_tumor_proteomics,True,True,True,True,True,True
ENSG00000006059,ENSG00000006059,KRT33A,protein_coding,Chang2019_TGCT;Wang2016_CT;daSilva2017_CT;daSilva2017_testis_biased,True,True,True,True,False,False
ENSG00000006459,ENSG00000006459,KDM7A,protein_coding,Jamin2021_CT,True,True,True,True,False,False
ENSG00000006634,ENSG00000006634,DBF4,protein_coding,Chang2019_TGCT;Wang2016_CT,True,True,True,True,True,True
ENSG00000006659,ENSG00000006659,LGALS14,protein_coding,Gong2021_placenta_PC;Gong2021_reproductive_PC;placental_antigen,True,True,True,True,True,True
ENSG00000006837,ENSG00000006837,CDKL3,protein_coding,Bruggeman2018_GC,True,True,True,True,False,False
ENSG00000007038,ENSG00000007038,PRSS21,protein_coding,Bruggeman2018_GC;Chang2019_TGCT;Gong2021_reproductive_PC;Wang2016_CT,True,True,True,True,False,False
ENSG00000007174,ENSG00000007174,DNAH9,protein_coding,Bruggeman2018_GC,True,True,True,True,False,False
ENSG00000007350,ENSG00000007350,TKTL1,protein_coding,Bruggeman2018_GC;CTexploreR_CTP;Chang2019_TGCT;Gong2021_reproductive_PC;Jamin2021_CT;Loriot2025_S2;Wang2016_CT;daSilva2017;daSilva2017_CT;daSilva2017_protein;daSilva2017_testis_biased;daSilva2017_tumor_proteomics,True,True,True,True,True,True
ENSG00000008256,ENSG00000008256,CYTH3,protein_coding,Jamin2021_CT,True,True,True,True,False,False
ENSG00000009335,ENSG00000009335,UBE3C,protein_coding,Jamin2021_CT,True,True,True,True,False,False
ENSG00000010072,ENSG00000010072,SPRTN,protein_coding,Jamin2021_CT,True,True,True,True,False,False
ENSG00000010318,ENSG00000010318,PHF7,protein_coding,CTpedia;Chang2019_TGCT;Gong2021_reproductive_PC;Wang2016_CT;daSilva2017;daSilva2017_CT;daSilva2017_testis_biased,True,True,True,True,True,True
ENSG00000011590,ENSG00000011590,ZBTB32,protein_coding,Chang2019_TGCT;Wang2016_CT,True,True,True,True,False,False
ENSG00000013573,ENSG00000013573,DDX11,protein_coding,Jamin2021_CT,True,True,True,True,False,False
ENSG00000013810,ENSG00000013810,TACC3,protein_coding,Chang2019_TGCT;Wang2016_CT,True,True,True,True,False,False
ENSG00000020256,ENSG00000020256,ZFP64,protein_coding,Jamin2021_CT,True,True,True,True,False,False
ENSG00000021574,ENSG00000021574,SPAST,protein_coding,Jamin2021_CT,True,True,True,True,False,False
ENSG00000024526,ENSG00000024526,DEPDC1,protein_coding,Bruggeman2018_GC;Chang2019_TGCT;Wang2016_CT,True,True,True,True,False,False
ENSG00000025156,ENSG00000025156,HSF2,protein_coding,Jamin2021_CT,True,True,True,True,False,False
ENSG00000027644,ENSG00000027644,INSRR,protein_coding,Bruggeman2018_GC,True,True,True,True,False,False
ENSG00000035499,ENSG00000035499,DEPDC1B,protein_coding,Bradley2020_CPA;Bruggeman2018_GC;Jamin2021_CT,True,True,True,True,False,False
ENSG00000035720,ENSG00000035720,STAP1,protein_coding,Jamin2021_CT,True,True,True,True,False,False
ENSG00000039139,ENSG00000039139,DNAH5,protein_coding,Bruggeman2018_GC,True,True,True,True,False,False
ENSG00000039600,ENSG00000039600,SOX30,protein_coding,Carter2023_CT;Chang2019_TGCT;Gong2021_reproductive_PC;Wang2016_CT;daSilva2017_CT;daSilva2017_testis_biased,True,True,True,True,True,True
ENSG00000041353,ENSG00000041353,RAB27B,protein_coding,Jamin2021_CT;Jamin2021_core,True,True,True,True,False,False
ENSG00000041515,ENSG00000041515,MYO16,protein_coding,Bruggeman2018_GC,True,True,True,True,False,False
ENSG00000042781,ENSG00000042781,USH2A,protein_coding,Bruggeman2018_GC,True,True,True,True,False,False
ENSG00000042813,ENSG00000042813,ZPBP,protein_coding,CTpedia;Chang2019_TGCT;Gong2021_reproductive_PC;Wang2016_CT;daSilva2017;daSilva2017_CT;daSilva2017_testis_biased,True,True,True,True,True,True
ENSG00000043355,ENSG00000043355,ZIC2,protein_coding,Jamin2021_CT,True,True,True,True,False,False
ENSG00000044459,ENSG00000044459,CNTLN,protein_coding,Bruggeman2018_GC,True,True,True,True,False,False
ENSG00000046774,ENSG00000046774,MAGEC2,protein_coding,CTexploreR_CT;CTpedia;Carter2023_CT;Chang2019_TGCT;Gong2021_reproductive_PC;Loriot2025_S1;Seager2024_CTA;Wang2016_CT;daSilva2017;daSilva2017_CT;daSilva2017_protein;daSilva2017_testis_biased;daSilva2017_tumor_proteomics,True,True,True,True,True,True
ENSG00000047617,ENSG00000047617,ANO2,protein_coding,Bruggeman2018_GC,True,True,True,True,False,False
ENSG00000047932,ENSG00000047932,GOPC,protein_coding,Jamin2021_CT,True,True,True,True,False,False
ENSG00000048545,ENSG00000048545,GUCA1A,protein_coding,Chang2019_TGCT;Wang2016_CT;daSilva2017_CT;daSilva2017_testis_biased,True,True,True,True,False,False
ENSG00000049167,ENSG00000049167,ERCC8,protein_coding,Bruggeman2018_GC;Jamin2021_CT,True,True,True,True,False,False
ENSG00000049192,ENSG00000049192,ADAMTS6,protein_coding,Bruggeman2018_GC,True,True,True,True,False,False
ENSG00000049768,ENSG00000049768,FOXP3,protein_coding,Bruggeman2018_GC,True,True,True,True,False,False
ENSG00000050030,ENSG00000050030,NEXMIF,protein_coding,Bruggeman2018_GC,True,True,True,True,False,False
ENSG00000051180,ENSG00000051180,RAD51,protein_coding,Bruggeman2018_GC;Chang2019_TGCT;Wang2016_CT,True,True,True,True,False,False
ENSG00000051341,ENSG00000051341,POLQ,protein_coding,Bruggeman2018_GC,True,True,True,True,False,False
ENSG00000054796,ENSG00000054796,SPO11,protein_coding,CTpedia;Chang2019_TGCT;Gong2021_reproductive_PC;daSilva2017;daSilva2017_testis_biased,True,True,True,True,True,True
ENSG00000055955,ENSG00000055955,ITIH4,protein_coding,Bruggeman2018_GC,True,True,True,True,False,False
ENSG00000056277,ENSG00000056277,ZNF280C,protein_coding,Bruggeman2018_GC,True,True,True,True,False,False
ENSG00000056291,ENSG00000056291,NPFFR2,protein_coding,Gong2021_placenta_PC;Gong2021_reproductive_PC,True,True,True,True,False,False
ENSG00000057468,ENSG00000057468,MSH4,protein_coding,Chang2019_TGCT;Wang2016_CT,True,True,True,True,False,False
ENSG00000062370,ENSG00000062370,ZNF112,protein_coding,Bruggeman2018_GC,True,True,True,True,False,False
ENSG00000063127,ENSG00000063127,SLC6A16,protein_coding,Chang2019_TGCT;Wang2016_CT,True,True,True,True,False,False
ENSG00000063438,ENSG00000063438,AHRR,protein_coding,Chang2019_TGCT;Wang2016_CT;daSilva2017_CT;daSilva2017_testis_biased,True,True,True,True,False,False
ENSG00000063515,ENSG00000063515,GSC2,protein_coding,Chang2019_TGCT;Gong2021_reproductive_PC;daSilva2017_testis_biased,True,True,True,True,True,True
ENSG00000064199,ENSG00000064199,SPA17,protein_coding,Chang2019_TGCT;Wang2016_CT;daSilva2017_CT;daSilva2017_protein;daSilva2017_testis_biased;daSilva2017_tumor_proteomics,True,True,True,True,False,False
ENSG00000064703,ENSG00000064703,DDX20,protein_coding,Chang2019_TGCT;Jamin2021_CT;Wang2016_CT,True,True,True,True,False,False
ENSG00000065328,ENSG00000065328,MCM10,protein_coding,Bruggeman2018_GC,True,True,True,True,False,False
ENSG00000065371,ENSG00000065371,ROPN1,protein_coding,Bruggeman2018_GC;Chang2019_TGCT;Gong2021_reproductive_PC;Jamin2021_CT;Loriot2025_S2;Wang2016_CT;daSilva2017_CT;daSilva2017_testis_biased,True,True,True,True,False,False
ENSG00000065609,ENSG00000065609,SNAP91,protein_coding,Jamin2021_CT,True,True,True,True,False,False
ENSG00000065883,ENSG00000065883,CDK13,protein_coding,Jamin2021_CT,True,True,True,True,False,False
ENSG00000066032,ENSG00000066032,CTNNA2,protein_coding,Jamin2021_CT,True,True,True,True,False,False
ENSG00000066185,ENSG00000066185,ZMYND12,protein_coding,Chang2019_TGCT;Wang2016_CT,True,True,True,True,False,False
ENSG00000066279,ENSG00000066279,ASPM,protein_coding,Bruggeman2018_GC,True,True,True,True,False,False
ENSG00000066923,ENSG00000066923,STAG3,protein_coding,Chang2019_TGCT;Wang2016_CT,True,True,True,True,False,False
ENSG00000067646,ENSG00000067646,ZFY,protein_coding,Jamin2021_CT,True,True,True,True,False,False
ENSG00000068489,ENSG00000068489,PRR11,protein_coding,Bruggeman2018_GC,True,True,True,True,False,False
ENSG00000068796,ENSG00000068796,KIF2A,protein_coding,Jamin2021_CT,True,True,True,True,False,False
ENSG00000068985,ENSG00000068985,PAGE1,protein_coding,CTexploreR_CT;CTpedia;Chang2019_TGCT;Gong2021_reproductive_PC;Loriot2025_S1;Wang2016_CT;daSilva2017;daSilva2017_CT;daSilva2017_protein;daSilva2017_testis_biased;daSilva2017_tumor_proteomics,True,True,True,True,True,True
ENSG00000069188,ENSG00000069188,SDK2,protein_coding,Bruggeman2018_GC;Chang2019_TGCT;Wang2016_CT,True,True,True,True,False,False
ENSG00000069206,ENSG00000069206,ADAM7,protein_coding,Chang2019_TGCT;Gong2021_reproductive_PC;Wang2016_CT;daSilva2017_CT;daSilva2017_testis_biased,True,True,True,True,False,False
ENSG00000069493,ENSG00000069493,CLEC2D,protein_coding,Jamin2021_CT,True,True,True,True,False,False
ENSG00000070601,ENSG00000070601,FRMPD1,protein_coding,Bruggeman2018_GC;Chang2019_TGCT;Jamin2021_CT;Wang2016_CT,True,True,True,True,False,False
ENSG00000070886,ENSG00000070886,EPHA8,protein_coding,Chang2019_TGCT;Wang2016_CT,True,True,True,True,False,False
ENSG00000071539,ENSG00000071539,TRIP13,protein_coding,Chang2019_TGCT;Wang2016_CT,True,True,True,True,False,False
ENSG00000071655,ENSG00000071655,MBD3,protein_coding,Bruggeman2018_GC,True,True,True,True,False,False
ENSG00000071909,ENSG00000071909,MYO3B,protein_coding,Bruggeman2018_GC,True,True,True,True,False,False
ENSG00000072364,ENSG00000072364,AFF4,protein_coding,Jamin2021_CT,True,True,True,True,False,False
ENSG00000072571,ENSG00000072571,HMMR,protein_coding,Bruggeman2018_GC;Chang2019_TGCT;Wang2016_CT,True,True,True,True,False,False
ENSG00000073146,ENSG00000073146,MOV10L1,protein_coding,Chang2019_TGCT;Wang2016_CT,True,True,True,True,False,False
ENSG00000073598,ENSG00000073598,FNDC8,protein_coding,Chang2019_TGCT;Gong2021_reproductive_PC;Wang2016_CT;daSilva2017_CT;daSilva2017_testis_biased,True,True,True,True,True,True
ENSG00000075131,ENSG00000075131,TIPIN,protein_coding,Bruggeman2018_GC;Jamin2021_CT,True,True,True,True,False,False
ENSG00000075218,ENSG00000075218,GTSE1,protein_coding,Bruggeman2018_GC,True,True,True,True,False,False
ENSG00000075388,ENSG00000075388,FGF4,protein_coding,daSilva2017_CT;daSilva2017_testis_biased,True,True,True,True,True,False
ENSG00000075702,ENSG00000075702,WDR62,protein_coding,Chang2019_TGCT;Wang2016_CT,True,True,True,True,False,False
ENSG00000075886,ENSG00000075886,TUBA3D,protein_coding,Chang2019_TGCT;Gong2021_reproductive_PC;Wang2016_CT,True,True,True,False,False,False
ENSG00000076053,ENSG00000076053,RBM7,protein_coding,Bruggeman2018_GC,True,True,True,True,False,False
ENSG00000077274,ENSG00000077274,CAPN6,protein_coding,Bradley2020_CPA;Gong2021_placenta_PC;Gong2021_reproductive_PC,True,True,True,True,False,False
ENSG00000077279,ENSG00000077279,DCX,protein_coding,Bruggeman2018_GC,True,True,True,True,False,False
ENSG00000077327,ENSG00000077327,SPAG6,protein_coding,Chang2019_TGCT;Jamin2021_CT;Wang2016_CT,True,True,True,True,False,False
ENSG00000077458,ENSG00000077458,FAM76B,protein_coding,Jamin2021_CT,True,True,True,True,False,False
ENSG00000077800,ENSG00000077800,FKBP6,protein_coding,CTpedia;Chang2019_TGCT;Gong2021_reproductive_PC;Wang2016_CT;daSilva2017;daSilva2017_CT;daSilva2017_testis_biased,True,True,True,True,True,True
ENSG00000077935,ENSG00000077935,SMC1B,protein_coding,Bruggeman2018_GC;CTpedia;Carter2023_CT;Chang2019_TGCT;Gong2021_reproductive_PC;Wang2016_CT;daSilva2017;daSilva2017_CT;daSilva2017_protein;daSilva2017_testis_biased;daSilva2017_tumor_proteomics,True,True,True,True,True,True
ENSG00000078043,ENSG00000078043,PIAS2,protein_coding,Chang2019_TGCT;Wang2016_CT,True,True,True,True,False,False
ENSG00000078114,ENSG00000078114,NEBL,protein_coding,Jamin2021_CT;daSilva2017_CT;daSilva2017_testis_biased,True,True,True,True,False,False
ENSG00000078177,ENSG00000078177,N4BP2,protein_coding,Bruggeman2018_GC,True,True,True,True,False,False
ENSG00000078319,ENSG00000078319,PMS2P1,transcribed_unprocessed_pseudogene,Jamin2021_CT,True,True,False,False,False,False
ENSG00000078487,ENSG00000078487,ZCWPW1,protein_coding,Chang2019_TGCT;Wang2016_CT,True,True,True,True,False,False
ENSG00000078795,ENSG00000078795,PKD2L2,protein_coding,Chang2019_TGCT;Wang2016_CT;daSilva2017_CT;daSilva2017_testis_biased,True,True,True,True,False,False
ENSG00000079101,ENSG00000079101,CLUL1,protein_coding,Bruggeman2018_GC,True,True,True,True,False,False
ENSG00000079841,ENSG00000079841,RIMS1,protein_coding,Jamin2021_CT,True,True,True,True,False,False
ENSG00000080007,ENSG00000080007,DDX43,protein_coding,Bruggeman2018_GC;Chang2019_TGCT;Wang2016_CT,True,True,True,True,False,False
ENSG00000080224,ENSG00000080224,EPHA6,protein_coding,Chang2019_TGCT;Wang2016_CT,True,True,True,True,False,False
ENSG00000080572,ENSG00000080572,DNAAF6,protein_coding,Chang2019_TGCT;Gong2021_reproductive_PC;Wang2016_CT,True,True,True,True,False,False
ENSG00000080815,ENSG00000080815,PSEN1,protein_coding,Jamin2021_CT,True,True,True,True,False,False
ENSG00000080839,ENSG00000080839,RBL1,protein_coding,Bruggeman2018_GC,True,True,True,True,False,False
ENSG00000081842,ENSG00000081842,PCDHA6,protein_coding,Bruggeman2018_GC,True,True,True,True,False,False
ENSG00000081985,ENSG00000081985,IL12RB2,protein_coding,Bruggeman2018_GC,True,True,True,True,False,False
ENSG00000083067,ENSG00000083067,TRPM3,protein_coding,Bruggeman2018_GC,True,True,True,True,False,False
ENSG00000083290,ENSG00000083290,ULK2,protein_coding,Jamin2021_CT,True,True,True,True,False,False
ENSG00000083817,ENSG00000083817,ZNF416,protein_coding,Jamin2021_CT,True,True,True,True,False,False
ENSG00000083844,ENSG00000083844,ZNF264,protein_coding,Bruggeman2018_GC,True,True,True,True,False,False
ENSG00000084693,ENSG00000084693,AGBL5,protein_coding,Chang2019_TGCT;Wang2016_CT,True,True,True,True,False,False
ENSG00000085840,ENSG00000085840,ORC1,protein_coding,Bruggeman2018_GC,True,True,True,True,False,False
ENSG00000085999,ENSG00000085999,RAD54L,protein_coding,Bruggeman2018_GC,True,True,True,True,False,False
ENSG00000086200,ENSG00000086200,IPO11,protein_coding,Jamin2021_CT,True,True,True,True,False,False
ENSG00000086288,ENSG00000086288,NME8,protein_coding,Chang2019_TGCT;Jamin2021_CT;Wang2016_CT,True,True,True,True,False,False
ENSG00000086619,ENSG00000086619,ERO1B,protein_coding,Jamin2021_CT,True,True,True,True,False,False
ENSG00000086717,ENSG00000086717,PPEF1,protein_coding,Chang2019_TGCT;Jamin2021_CT;Loriot2025_S2;Wang2016_CT,True,True,True,True,False,False
ENSG00000087338,ENSG00000087338,GMCL1,protein_coding,Jamin2021_CT,True,True,True,True,False,False
ENSG00000087586,ENSG00000087586,AURKA,protein_coding,Chang2019_TGCT;Wang2016_CT,True,True,True,True,False,False
ENSG00000088325,ENSG00000088325,TPX2,protein_coding,Chang2019_TGCT;Wang2016_CT,True,True,True,True,False,False
ENSG00000088727,ENSG00000088727,KIF9,protein_coding,Bruggeman2018_GC,True,True,True,True,False,False
ENSG00000088756,ENSG00000088756,ARHGAP28,protein_coding,Bruggeman2018_GC;Chang2019_TGCT;Wang2016_CT,True,True,True,True,False,False
ENSG00000088782,ENSG00000088782,DEFB127,protein_coding,daSilva2017_testis_biased,True,True,True,True,False,False
ENSG00000089234,ENSG00000089234,BRAP,protein_coding,Jamin2021_CT,True,True,True,True,False,False
ENSG00000089505,ENSG00000089505,CMTM1,protein_coding,Bruggeman2018_GC;Chang2019_TGCT;Jamin2021_CT;Jamin2021_core;Wang2016_CT;daSilva2017_CT;daSilva2017_testis_biased,True,True,True,True,False,False
ENSG00000089685,ENSG00000089685,BIRC5,protein_coding,Bruggeman2018_GC,True,True,True,True,False,False
ENSG00000090402,ENSG00000090402,SI,protein_coding,Jamin2021_CT,True,True,True,True,False,False
ENSG00000090612,ENSG00000090612,ZNF268,protein_coding,Bruggeman2018_GC,True,True,True,True,False,False
ENSG00000090889,ENSG00000090889,KIF4A,protein_coding,Bruggeman2018_GC,True,True,True,True,False,False
ENSG00000091651,ENSG00000091651,ORC6,protein_coding,Chang2019_TGCT;Wang2016_CT,True,True,True,True,False,False
ENSG00000092200,ENSG00000092200,RPGRIP1,protein_coding,Chang2019_TGCT;Gong2021_reproductive_PC;Wang2016_CT,True,True,True,True,False,False
ENSG00000092345,ENSG00000092345,DAZL,protein_coding,CTpedia;Carter2023_CT;Chang2019_TGCT;Gong2021_reproductive_PC;Jamin2021_CT;Jamin2021_core;Wang2016_CT;daSilva2017;daSilva2017_CT;daSilva2017_testis_biased,True,True,True,True,True,True
ENSG00000092853,ENSG00000092853,CLSPN,protein_coding,Bruggeman2018_GC;Chang2019_TGCT;Wang2016_CT,True,True,True,True,False,False
ENSG00000093009,ENSG00000093009,CDC45,protein_coding,Chang2019_TGCT;Wang2016_CT,True,True,True,True,False,False
ENSG00000094804,ENSG00000094804,CDC6,protein_coding,Jamin2021_CT,True,True,True,True,False,False
ENSG00000094916,ENSG00000094916,CBX5,protein_coding,Jamin2021_CT;Jamin2021_core,True,True,True,True,False,False
ENSG00000095627,ENSG00000095627,TDRD1,protein_coding,Bruggeman2018_GC;CTpedia;Carter2023_CT;Chang2019_TGCT;Gong2021_reproductive_PC;Wang2016_CT,True,True,True,True,True,True
ENSG00000095777,ENSG00000095777,MYO3A,protein_coding,Bruggeman2018_GC;Chang2019_TGCT;Wang2016_CT,True,True,True,True,False,False
ENSG00000095794,ENSG00000095794,CREM,protein_coding,Jamin2021_CT,True,True,True,True,False,False
ENSG00000099338,ENSG00000099338,CATSPERG,protein_coding,Chang2019_TGCT;Wang2016_CT,True,True,True,True,False,False
ENSG00000099399,ENSG00000099399,MAGEB2,protein_coding,Bruggeman2018_GC;CTexploreR_CT;CTpedia;Carter2023_CT;Chang2019_TGCT;Gong2021_reproductive_PC;Jamin2021_CT;Jamin2021_core;Loriot2025_S1;Wang2016_CT;daSilva2017;daSilva2017_CT;daSilva2017_testis_biased,True,True,True,True,True,True
ENSG00000099721,ENSG00000099721,AMELY,protein_coding,daSilva2017_CT;daSilva2017_testis_biased,True,True,True,True,True,False
ENSG00000099840,ENSG00000099840,IZUMO4,protein_coding,Chang2019_TGCT;Wang2016_CT,True,True,True,True,False,False
ENSG00000099953,ENSG00000099953,MMP11,protein_coding,Bradley2020_CPA;Gong2021_placenta_PC;Gong2021_reproductive_PC,True,True,True,True,False,False
ENSG00000100027,ENSG00000100027,YPEL1,protein_coding,Chang2019_TGCT;Wang2016_CT,True,True,True,True,False,False
ENSG00000100121,ENSG00000100121,GGTLC2,protein_coding,Bruggeman2018_GC;Gong2021_reproductive_PC;Loriot2025_S2,True,True,True,True,False,False
ENSG00000100206,ENSG00000100206,DMC1,protein_coding,Bruggeman2018_GC;Chang2019_TGCT;Wang2016_CT,True,True,True,True,False,False
ENSG00000100312,ENSG00000100312,ACR,protein_coding,Chang2019_TGCT;Gong2021_reproductive_PC;Wang2016_CT;daSilva2017_CT;daSilva2017_testis_biased,True,True,True,True,True,True
ENSG00000100478,ENSG00000100478,AP4S1,protein_coding,Jamin2021_CT,True,True,True,True,False,False
ENSG00000100479,ENSG00000100479,POLE2,protein_coding,Bruggeman2018_GC,True,True,True,True,False,False
ENSG00000100485,ENSG00000100485,SOS2,protein_coding,Jamin2021_CT,True,True,True,True,False,False
ENSG00000100523,ENSG00000100523,DDHD1,protein_coding,Jamin2021_CT,True,True,True,True,False,False
ENSG00000100526,ENSG00000100526,CDKN3,protein_coding,Bruggeman2018_GC;Chang2019_TGCT;Wang2016_CT,True,True,True,True,False,False
ENSG00000100565,ENSG00000100565,LRRC74A,protein_coding,Chang2019_TGCT;Gong2021_reproductive_PC;Wang2016_CT;daSilva2017_CT;daSilva2017_testis_biased,True,True,True,True,True,True
ENSG00000100583,ENSG00000100583,SAMD15,protein_coding,Chang2019_TGCT;Wang2016_CT,True,True,True,True,False,False
ENSG00000100593,ENSG00000100593,ISM2,protein_coding,Gong2021_placenta_PC;Gong2021_reproductive_PC,True,True,True,True,False,False
ENSG00000100629,ENSG00000100629,CEP128,protein_coding,Bruggeman2018_GC;Jamin2021_CT,True,True,True,True,False,False
ENSG00000100890,ENSG00000100890,PRORP,protein_coding,Bruggeman2018_GC,True,True,True,True,False,False
ENSG00000101003,ENSG00000101003,GINS1,protein_coding,Bruggeman2018_GC;Chang2019_TGCT;Wang2016_CT,True,True,True,True,False,False
ENSG00000101057,ENSG00000101057,MYBL2,protein_coding,Chang2019_TGCT;Wang2016_CT,True,True,True,True,False,False
ENSG00000101074,ENSG00000101074,R3HDML,protein_coding,daSilva2017_CT;daSilva2017_testis_biased,True,True,True,True,False,False
ENSG00000101203,ENSG00000101203,COL20A1,protein_coding,Bruggeman2018_GC,True,True,True,True,False,False
ENSG00000101251,ENSG00000101251,SEL1L2,protein_coding,daSilva2017_CT;daSilva2017_testis_biased,True,True,True,True,True,True
ENSG00000101276,ENSG00000101276,SLC52A3,protein_coding,Chang2019_TGCT;Wang2016_CT,True,True,True,True,False,False
ENSG00000101353,ENSG00000101353,MROH8,protein_coding,Chang2019_TGCT;Wang2016_CT;daSilva2017_CT;daSilva2017_testis_biased,True,True,True,True,False,False
ENSG00000101435,ENSG00000101435,CST9L,protein_coding,Chang2019_TGCT;Gong2021_reproductive_PC;Wang2016_CT;daSilva2017_CT;daSilva2017_testis_biased,True,True,True,True,False,False
ENSG00000101446,ENSG00000101446,SPINT3,protein_coding,daSilva2017_testis_biased,True,True,True,True,False,False
ENSG00000101448,ENSG00000101448,EPPIN,protein_coding,CTpedia;Chang2019_TGCT;Gong2021_reproductive_PC;Wang2016_CT;daSilva2017;daSilva2017_CT;daSilva2017_testis_biased,True,True,True,True,False,False
ENSG00000101746,ENSG00000101746,NOL4,protein_coding,Jamin2021_CT,True,True,True,True,False,False
ENSG00000101812,ENSG00000101812,H2BW2,protein_coding,Gong2021_reproductive_PC,True,True,True,True,False,False
ENSG00000101842,ENSG00000101842,VSIG1,protein_coding,Jamin2021_CT,True,True,True,True,False,False
ENSG00000101883,ENSG00000101883,RHOXF1,protein_coding,Chang2019_TGCT;Wang2016_CT,True,True,True,True,False,False
ENSG00000101890,ENSG00000101890,GUCY2F,protein_coding,Wang2016_CT,True,True,True,True,False,False
ENSG00000101951,ENSG00000101951,PAGE4,protein_coding,Gong2021_placenta_PC;Gong2021_reproductive_PC,True,True,True,True,False,False
ENSG00000101977,ENSG00000101977,MCF2,protein_coding,Jamin2021_CT,True,True,True,True,False,False
ENSG00000102021,ENSG00000102021,LUZP4,protein_coding,Bruggeman2018_GC;CTpedia;Chang2019_TGCT;Gong2021_reproductive_PC;Wang2016_CT;daSilva2017;daSilva2017_CT;daSilva2017_testis_biased,True,True,True,True,True,True
ENSG00000102048,ENSG00000102048,ASB9,protein_coding,Chang2019_TGCT;Jamin2021_CT;Wang2016_CT,True,True,True,True,False,False
ENSG00000102055,ENSG00000102055,PPP1R2C,protein_coding,Gong2021_reproductive_PC,True,True,True,True,True,False
ENSG00000102076,ENSG00000102076,OPN1LW,protein_coding,daSilva2017_CT;daSilva2017_testis_biased,True,True,True,True,False,False
ENSG00000102098,ENSG00000102098,SCML2,protein_coding,Bruggeman2018_GC,True,True,True,True,False,False
ENSG00000102243,ENSG00000102243,VGLL1,protein_coding,Bradley2020_CPA;Gong2021_placenta_PC;Gong2021_reproductive_PC,True,True,True,True,False,False
ENSG00000102383,ENSG00000102383,ZDHHC15,protein_coding,Bruggeman2018_GC,True,True,True,True,False,False
ENSG00000102384,ENSG00000102384,CENPI,protein_coding,Bruggeman2018_GC,True,True,True,True,False,False
ENSG00000102387,ENSG00000102387,TAF7L,protein_coding,Chang2019_TGCT;Gong2021_reproductive_PC;Loriot2025_S2;Wang2016_CT,True,True,True,True,False,False
ENSG00000102543,ENSG00000102543,CDADC1,protein_coding,Jamin2021_CT,True,True,True,True,False,False
ENSG00000102595,ENSG00000102595,UGGT2,protein_coding,Jamin2021_CT,True,True,True,True,False,False
ENSG00000102780,ENSG00000102780,DGKH,protein_coding,Bruggeman2018_GC,True,True,True,True,False,False
ENSG00000102781,ENSG00000102781,KATNAL1,protein_coding,Jamin2021_CT,True,True,True,True,False,False
ENSG00000102924,ENSG00000102924,CBLN1,protein_coding,Chang2019_TGCT;Jamin2021_CT;Wang2016_CT,True,True,True,True,False,False
ENSG00000102970,ENSG00000102970,CCL17,protein_coding,Bruggeman2018_GC,True,True,True,True,False,False
ENSG00000103021,ENSG00000103021,CFAP263,protein_coding,Bruggeman2018_GC,True,True,True,True,False,False
ENSG00000103023,ENSG00000103023,PRSS54,protein_coding,CTpedia;Chang2019_TGCT;Gong2021_reproductive_PC;Wang2016_CT;daSilva2017;daSilva2017_CT;daSilva2017_testis_biased,True,True,True,True,True,True
ENSG00000103343,ENSG00000103343,ZNF174,protein_coding,Jamin2021_CT,True,True,True,True,False,False
ENSG00000103546,ENSG00000103546,SLC6A2,protein_coding,Bruggeman2018_GC;Chang2019_TGCT;Gong2021_placenta_PC;Gong2021_reproductive_PC;Wang2016_CT,True,True,True,True,False,False
ENSG00000103599,ENSG00000103599,IQCH,protein_coding,Bruggeman2018_GC,True,True,True,True,False,False
ENSG00000103642,ENSG00000103642,LACTB,protein_coding,Jamin2021_CT,True,True,True,True,False,False
ENSG00000103723,ENSG00000103723,AP3B2,protein_coding,Jamin2021_CT,True,True,True,True,False,False
ENSG00000103995,ENSG00000103995,CEP152,protein_coding,Bruggeman2018_GC,True,True,True,True,False,False
ENSG00000104147,ENSG00000104147,OIP5,protein_coding,Chang2019_TGCT;Wang2016_CT,True,True,True,True,False,False
ENSG00000104218,ENSG00000104218,CSPP1,protein_coding,Jamin2021_CT,True,True,True,True,False,False
ENSG00000104432,ENSG00000104432,IL7,protein_coding,Bruggeman2018_GC;Jamin2021_CT,True,True,True,True,False,False
ENSG00000104450,ENSG00000104450,SPAG1,protein_coding,Jamin2021_CT,True,True,True,True,False,False
ENSG00000104497,ENSG00000104497,SNX16,protein_coding,Jamin2021_CT,True,True,True,True,False,False
ENSG00000104499,ENSG00000104499,GML,protein_coding,Chang2019_TGCT;Gong2021_reproductive_PC,True,True,True,True,False,False
ENSG00000104755,ENSG00000104755,ADAM2,protein_coding,CTpedia;Carter2023_CT;Chang2019_TGCT;Gong2021_reproductive_PC;Wang2016_CT;daSilva2017;daSilva2017_CT;daSilva2017_testis_biased,True,True,True,True,True,True
ENSG00000104804,ENSG00000104804,TULP2,protein_coding,CTpedia;Chang2019_TGCT;Gong2021_reproductive_PC;Wang2016_CT,True,True,True,True,True,True
ENSG00000104818,ENSG00000104818,CGB2,protein_coding,Bialas2020_CGB_cancer;Kubiczak2013_CGB_ovarian;Rull2005_CGB_placenta;Rull2008_CGB_RNA;Wang2016_CT;placental_antigen,True,True,True,True,True,True
ENSG00000104827,ENSG00000104827,CGB3,protein_coding,Bradley2020_CPA;Gong2021_placenta_PC;Gong2021_reproductive_PC;placental_antigen,True,True,True,True,False,False
ENSG00000104835,ENSG00000104835,SARS2,protein_coding,Bruggeman2018_GC,True,True,True,True,False,False
ENSG00000104880,ENSG00000104880,ARHGEF18,protein_coding,Bruggeman2018_GC,True,True,True,True,False,False
ENSG00000104901,ENSG00000104901,DKKL1,protein_coding,CTexploreR_CTP;CTpedia;Chang2019_TGCT;Gong2021_reproductive_PC;Loriot2025_S2;Wang2016_CT;daSilva2017;daSilva2017_CT;daSilva2017_testis_biased,True,True,True,True,True,True
ENSG00000104941,ENSG00000104941,RSPH6A,protein_coding,Chang2019_TGCT;Gong2021_reproductive_PC;Wang2016_CT;daSilva2017_CT;daSilva2017_testis_biased,True,True,True,True,True,True
ENSG00000104951,ENSG00000104951,IL4I1,protein_coding,Bruggeman2018_GC;daSilva2017_CT;daSilva2017_protein;daSilva2017_testis_biased;daSilva2017_tumor_proteomics,True,True,True,True,False,False
ENSG00000105011,ENSG00000105011,ASF1B,protein_coding,Chang2019_TGCT;Wang2016_CT,True,True,True,True,False,False
ENSG00000105085,ENSG00000105085,MED26,protein_coding,Bruggeman2018_GC,True,True,True,True,False,False
ENSG00000105143,ENSG00000105143,SLC1A6,protein_coding,Chang2019_TGCT;Jamin2021_CT;Jamin2021_core;Wang2016_CT,True,True,True,True,False,False
ENSG00000105146,ENSG00000105146,AURKC,protein_coding,Chang2019_TGCT;Wang2016_CT,True,True,True,True,False,False
ENSG00000105198,ENSG00000105198,LGALS13,protein_coding,Gong2021_placenta_PC;Gong2021_reproductive_PC;Wang2016_CT;daSilva2017_testis_biased;placental_antigen,True,True,True,True,True,True
ENSG00000105246,ENSG00000105246,EBI3,protein_coding,Gong2021_placenta_PC;Gong2021_reproductive_PC,True,True,True,True,False,False
ENSG00000105261,ENSG00000105261,OVOL3,protein_coding,Chang2019_TGCT,True,True,True,True,True,True
ENSG00000105270,ENSG00000105270,CLIP3,protein_coding,Jamin2021_CT,True,True,True,True,False,False
ENSG00000105428,ENSG00000105428,ZNRF4,protein_coding,Chang2019_TGCT;Gong2021_reproductive_PC;Wang2016_CT;daSilva2017_CT;daSilva2017_testis_biased,True,True,True,True,True,True
ENSG00000105467,ENSG00000105467,SYNGR4,protein_coding,Chang2019_TGCT;Gong2021_reproductive_PC;Loriot2025_S2;Wang2016_CT;daSilva2017_CT;daSilva2017_testis_biased,True,True,True,True,False,False
ENSG00000105479,ENSG00000105479,ODAD1,protein_coding,Jamin2021_CT,True,True,True,True,False,False
ENSG00000105492,ENSG00000105492,SIGLEC6,protein_coding,Gong2021_placenta_PC;Gong2021_reproductive_PC,True,True,True,True,False,False
ENSG00000105549,ENSG00000105549,SPMAP2,protein_coding,CTpedia;Chang2019_TGCT;Gong2021_reproductive_PC;Loriot2025_S2;Wang2016_CT;daSilva2017;daSilva2017_CT;daSilva2017_testis_biased,True,True,True,True,False,False
ENSG00000105647,ENSG00000105647,PIK3R2,protein_coding,Bruggeman2018_GC,True,True,True,True,False,False
ENSG00000105672,ENSG00000105672,ETV2,protein_coding,Chang2019_TGCT;Wang2016_CT,True,True,True,True,False,False
ENSG00000105679,ENSG00000105679,GAPDHS,protein_coding,CTexploreR_CTP;Chang2019_TGCT;Gong2021_reproductive_PC;Loriot2025_S2;Wang2016_CT;daSilva2017_CT;daSilva2017_protein;daSilva2017_testis_biased;daSilva2017_tumor_proteomics,True,True,True,True,False,False
ENSG00000105737,ENSG00000105737,GRIK5,protein_coding,Jamin2021_CT;Jamin2021_core,True,True,True,True,False,False
ENSG00000105750,ENSG00000105750,ZNF85,protein_coding,Bruggeman2018_GC,True,True,True,True,False,False
ENSG00000105793,ENSG00000105793,GTPBP10,protein_coding,Bruggeman2018_GC,True,True,True,True,False,False
ENSG00000105825,ENSG00000105825,TFPI2,protein_coding,Gong2021_placenta_PC;Gong2021_reproductive_PC,True,True,True,True,False,False
ENSG00000105851,ENSG00000105851,PIK3CG,protein_coding,Jamin2021_CT,True,True,True,True,False,False
ENSG00000105877,ENSG00000105877,DNAH11,protein_coding,Bruggeman2018_GC,True,True,True,True,False,False
ENSG00000105879,ENSG00000105879,CBLL1,protein_coding,Jamin2021_CT,True,True,True,True,False,False
ENSG00000105889,ENSG00000105889,STEAP1B,protein_coding,Bruggeman2018_GC,True,True,True,True,False,False
ENSG00000105948,ENSG00000105948,IFT56,protein_coding,Jamin2021_CT,True,True,True,True,False,False
ENSG00000105982,ENSG00000105982,RNF32,protein_coding,Bruggeman2018_GC;Chang2019_TGCT;Wang2016_CT,True,True,True,True,False,False
ENSG00000106013,ENSG00000106013,ANKRD7,protein_coding,CTexploreR_CTP;Chang2019_TGCT;Gong2021_reproductive_PC;Loriot2025_S2;Wang2016_CT;daSilva2017;daSilva2017_CT;daSilva2017_testis_biased,True,True,True,True,True,True
ENSG00000106125,ENSG00000106125,MINDY4,protein_coding,Bruggeman2018_GC,True,True,True,True,False,False
ENSG00000106304,ENSG00000106304,SPAM1,protein_coding,CTpedia;Chang2019_TGCT;Gong2021_reproductive_PC;Wang2016_CT;daSilva2017;daSilva2017_CT;daSilva2017_testis_biased,True,True,True,True,True,True
ENSG00000106328,ENSG00000106328,FSCN3,protein_coding,Chang2019_TGCT;Gong2021_reproductive_PC;Wang2016_CT;daSilva2017_CT;daSilva2017_testis_biased,True,True,True,True,True,True
ENSG00000106336,ENSG00000106336,FBXO24,protein_coding,Chang2019_TGCT;Gong2021_reproductive_PC;Wang2016_CT,True,True,True,True,True,True
ENSG00000106410,ENSG00000106410,NOBOX,protein_coding,Gong2021_reproductive_PC;Wang2016_CT;daSilva2017_CT;daSilva2017_testis_biased,True,True,True,True,True,False
ENSG00000106588,ENSG00000106588,PSMA2,protein_coding,Bruggeman2018_GC,True,True,True,True,False,False
ENSG00000106638,ENSG00000106638,TBL2,protein_coding,Chang2019_TGCT;Wang2016_CT,True,True,True,True,False,False
ENSG00000106648,ENSG00000106648,GALNTL5,protein_coding,Chang2019_TGCT;Gong2021_reproductive_PC;Jamin2021_CT;Jamin2021_core;Wang2016_CT;daSilva2017_CT;daSilva2017_testis_biased,True,True,True,True,False,False
ENSG00000106829,ENSG00000106829,TLE4,protein_coding,Jamin2021_CT,True,True,True,True,False,False
ENSG00000107036,ENSG00000107036,RIC1,protein_coding,Jamin2021_CT,True,True,True,True,False,False
ENSG00000107077,ENSG00000107077,KDM4C,protein_coding,Jamin2021_CT;Jamin2021_core,True,True,True,True,False,False
ENSG00000107105,ENSG00000107105,ELAVL2,protein_coding,Jamin2021_CT,True,True,True,True,False,False
ENSG00000107518,ENSG00000107518,ATRNL1,protein_coding,Jamin2021_CT,True,True,True,True,False,False
ENSG00000107614,ENSG00000107614,TRDMT1,protein_coding,Bruggeman2018_GC,True,True,True,True,False,False
ENSG00000108106,ENSG00000108106,UBE2S,protein_coding,Chang2019_TGCT;Wang2016_CT,True,True,True,True,False,False
ENSG00000108666,ENSG00000108666,C17orf75,protein_coding,Jamin2021_CT,True,True,True,True,False,False
ENSG00000108786,ENSG00000108786,HSD17B1,protein_coding,Gong2021_placenta_PC;Gong2021_reproductive_PC,True,True,True,True,False,False
ENSG00000109171,ENSG00000109171,SLAIN2,protein_coding,Jamin2021_CT,True,True,True,True,False,False
ENSG00000109184,ENSG00000109184,DCUN1D4,protein_coding,Jamin2021_CT,True,True,True,True,False,False
ENSG00000109265,ENSG00000109265,CRACD,protein_coding,Chang2019_TGCT;Jamin2021_CT;Jamin2021_core;Wang2016_CT,True,True,True,True,False,False
ENSG00000109618,ENSG00000109618,SEPSECS,protein_coding,Jamin2021_CT,True,True,True,True,False,False
ENSG00000109674,ENSG00000109674,NEIL3,protein_coding,Bruggeman2018_GC,True,True,True,True,False,False
ENSG00000109684,ENSG00000109684,CLNK,protein_coding,Bruggeman2018_GC,True,True,True,True,False,False
ENSG00000109771,ENSG00000109771,LRP2BP,protein_coding,Jamin2021_CT,True,True,True,True,False,False
ENSG00000109832,ENSG00000109832,DDX25,protein_coding,Chang2019_TGCT;Jamin2021_CT;Wang2016_CT,True,True,True,True,False,False
ENSG00000109851,ENSG00000109851,DBX1,protein_coding,daSilva2017_CT;daSilva2017_testis_biased,True,True,True,True,True,False
ENSG00000109881,ENSG00000109881,CCDC34,protein_coding,Chang2019_TGCT;Wang2016_CT,True,True,True,True,False,False
ENSG00000109927,ENSG00000109927,TECTA,protein_coding,Bruggeman2018_GC,True,True,True,True,False,False
ENSG00000110090,ENSG00000110090,CPT1A,protein_coding,Jamin2021_CT;Jamin2021_core,True,True,True,True,False,False
ENSG00000110422,ENSG00000110422,HIPK3,protein_coding,Jamin2021_CT,True,True,True,True,False,False
ENSG00000110693,ENSG00000110693,SOX6,protein_coding,Bruggeman2018_GC,True,True,True,True,False,False
ENSG00000110975,ENSG00000110975,SYT10,protein_coding,Bruggeman2018_GC,True,True,True,True,False,False
ENSG00000111052,ENSG00000111052,LIN7A,protein_coding,Jamin2021_CT,True,True,True,True,False,False
ENSG00000111247,ENSG00000111247,RAD51AP1,protein_coding,Bruggeman2018_GC,True,True,True,True,False,False
ENSG00000111254,ENSG00000111254,AKAP3,protein_coding,Bruggeman2018_GC;Chang2019_TGCT;Gong2021_reproductive_PC;Wang2016_CT,True,True,True,True,True,True
ENSG00000111305,ENSG00000111305,GSG1,protein_coding,Chang2019_TGCT;Gong2021_reproductive_PC;Loriot2025_S2;Wang2016_CT;daSilva2017_CT;daSilva2017_testis_biased,True,True,True,True,False,False
ENSG00000111644,ENSG00000111644,ACRBP,protein_coding,CTpedia;Chang2019_TGCT;Gong2021_reproductive_PC;Wang2016_CT,True,True,True,True,False,False
ENSG00000111837,ENSG00000111837,MAK,protein_coding,Chang2019_TGCT;Jamin2021_CT;Wang2016_CT,True,True,True,True,False,False
ENSG00000111911,ENSG00000111911,HINT3,protein_coding,Jamin2021_CT,True,True,True,True,False,False
ENSG00000112029,ENSG00000112029,FBXO5,protein_coding,Bruggeman2018_GC,True,True,True,True,False,False
ENSG00000112038,ENSG00000112038,OPRM1,protein_coding,Wang2016_CT,True,True,True,True,False,False
ENSG00000112053,ENSG00000112053,SLC26A8,protein_coding,Chang2019_TGCT;Wang2016_CT;daSilva2017_CT;daSilva2017_testis_biased,True,True,True,True,True,True
ENSG00000112116,ENSG00000112116,IL17F,protein_coding,daSilva2017_CT;daSilva2017_testis_biased,True,True,True,True,False,False
ENSG00000112182,ENSG00000112182,BACH2,protein_coding,Bruggeman2018_GC,True,True,True,True,False,False
ENSG00000112238,ENSG00000112238,PRDM13,protein_coding,Wang2016_CT;daSilva2017_CT;daSilva2017_testis_biased,True,True,True,True,True,False
ENSG00000112246,ENSG00000112246,SIM1,protein_coding,Bruggeman2018_GC,True,True,True,True,False,False
ENSG00000112273,ENSG00000112273,HDGFL1,protein_coding,Bruggeman2018_GC;Chang2019_TGCT;Gong2021_reproductive_PC;Wang2016_CT;daSilva2017_CT;daSilva2017_testis_biased,True,True,True,True,True,True
ENSG00000112282,ENSG00000112282,MED23,protein_coding,Jamin2021_CT;Jamin2021_core,True,True,True,True,False,False
ENSG00000112541,ENSG00000112541,PDE10A,protein_coding,Jamin2021_CT,True,True,True,True,False,False
ENSG00000112619,ENSG00000112619,PRPH2,protein_coding,Bruggeman2018_GC,True,True,True,True,False,False
ENSG00000112742,ENSG00000112742,TTK,protein_coding,Bruggeman2018_GC;Chang2019_TGCT;Wang2016_CT;daSilva2017_CT;daSilva2017_protein;daSilva2017_testis_biased;daSilva2017_tumor_proteomics,True,True,True,True,False,False
ENSG00000112761,ENSG00000112761,CCN6,protein_coding,Jamin2021_CT,True,True,True,True,False,False
ENSG00000112796,ENSG00000112796,ENPP5,protein_coding,Jamin2021_CT,True,True,True,True,False,False
ENSG00000112852,ENSG00000112852,PCDHB2,protein_coding,Bruggeman2018_GC;Jamin2021_CT;Jamin2021_core,True,True,True,True,False,False
ENSG00000113205,ENSG00000113205,PCDHB3,protein_coding,Bruggeman2018_GC,True,True,True,True,False,False
ENSG00000113209,ENSG00000113209,PCDHB5,protein_coding,Jamin2021_CT,True,True,True,True,False,False
ENSG00000113211,ENSG00000113211,PCDHB6,protein_coding,Bruggeman2018_GC;Jamin2021_CT;Jamin2021_core,True,True,True,True,False,False
ENSG00000113396,ENSG00000113396,SLC27A6,protein_coding,Jamin2021_CT,True,True,True,True,False,False
ENSG00000113525,ENSG00000113525,IL5,protein_coding,Carter2023_CT;Chang2019_TGCT;Wang2016_CT,True,True,True,True,True,True
ENSG00000113966,ENSG00000113966,ARL6,protein_coding,Jamin2021_CT,True,True,True,True,False,False
ENSG00000114098,ENSG00000114098,ARMC8,protein_coding,Jamin2021_CT,True,True,True,True,False,False
ENSG00000114349,ENSG00000114349,GNAT1,protein_coding,Wang2016_CT,True,True,True,True,False,False
ENSG00000114487,ENSG00000114487,MORC1,protein_coding,CTpedia;Carter2023_CT;Chang2019_TGCT;Gong2021_reproductive_PC;Wang2016_CT;daSilva2017;daSilva2017_CT;daSilva2017_testis_biased,True,True,True,True,True,True
ENSG00000114547,ENSG00000114547,ROPN1B,protein_coding,Bruggeman2018_GC;CTexploreR_CTP;CTpedia;Chang2019_TGCT;Gong2021_reproductive_PC;Jamin2021_CT;Loriot2025_S2;Wang2016_CT;daSilva2017;daSilva2017_CT;daSilva2017_testis_biased,True,True,True,True,False,False
ENSG00000114656,ENSG00000114656,CFAP92,protein_coding,Chang2019_TGCT;Loriot2025_S2;Wang2016_CT,True,True,True,True,False,False
ENSG00000114739,ENSG00000114739,ACVR2B,protein_coding,Bruggeman2018_GC,True,True,True,True,False,False
ENSG00000114757,ENSG00000114757,PEX5L,protein_coding,Jamin2021_CT,True,True,True,True,False,False
ENSG00000114982,ENSG00000114982,KANSL3,protein_coding,Jamin2021_CT,True,True,True,True,False,False
ENSG00000115008,ENSG00000115008,IL1A,protein_coding,Jamin2021_CT,True,True,True,True,False,False
ENSG00000115159,ENSG00000115159,GPD2,protein_coding,Jamin2021_CT,True,True,True,True,False,False
ENSG00000115163,ENSG00000115163,CENPA,protein_coding,Bruggeman2018_GC,True,True,True,True,False,False
ENSG00000115194,ENSG00000115194,SLC30A3,protein_coding,Chang2019_TGCT;Wang2016_CT,True,True,True,True,False,False
ENSG00000115239,ENSG00000115239,ASB3,protein_coding,Bruggeman2018_GC,True,True,True,True,False,False
ENSG00000115252,ENSG00000115252,PDE1A,protein_coding,Jamin2021_CT;Jamin2021_core,True,True,True,True,False,False
ENSG00000115257,ENSG00000115257,PCSK4,protein_coding,Chang2019_TGCT;Wang2016_CT,True,True,True,True,False,False
ENSG00000115274,ENSG00000115274,INO80B,protein_coding,Jamin2021_CT,True,True,True,True,False,False
ENSG00000115970,ENSG00000115970,THADA,protein_coding,Jamin2021_CT,True,True,True,True,False,False
ENSG00000116183,ENSG00000116183,PAPPA2,protein_coding,Bruggeman2018_GC;Gong2021_placenta_PC;Gong2021_reproductive_PC,True,True,True,True,False,False
ENSG00000116191,ENSG00000116191,RALGPS2,protein_coding,Jamin2021_CT;Jamin2021_core,True,True,True,True,False,False
ENSG00000116721,ENSG00000116721,PRAMEF1,protein_coding,Wang2016_CT;daSilva2017_CT;daSilva2017_testis_biased,True,True,True,True,True,False
ENSG00000116726,ENSG00000116726,PRAMEF12,protein_coding,Wang2016_CT;daSilva2017_CT;daSilva2017_testis_biased;paralog_cta_candidate,True,True,True,True,True,False
ENSG00000116793,ENSG00000116793,PHTF1,protein_coding,Jamin2021_CT,True,True,True,True,False,False
ENSG00000116977,ENSG00000116977,LGALS8,protein_coding,Jamin2021_CT,True,True,True,True,False,False
ENSG00000117148,ENSG00000117148,ACTL8,protein_coding,CTpedia;Carter2023_CT;Chang2019_TGCT;Gong2021_reproductive_PC;Wang2016_CT;daSilva2017;daSilva2017_CT;daSilva2017_protein;daSilva2017_testis_biased;daSilva2017_tumor_proteomics,True,True,True,True,True,True
ENSG00000117155,ENSG00000117155,SSX2IP,protein_coding,Chang2019_TGCT;Jamin2021_CT;Wang2016_CT,True,True,True,True,False,False
ENSG00000117400,ENSG00000117400,MPL,protein_coding,Bruggeman2018_GC,True,True,True,True,False,False
ENSG00000117461,ENSG00000117461,PIK3R3,protein_coding,daSilva2017_CT;daSilva2017_protein;daSilva2017_testis_biased;daSilva2017_tumor_proteomics,True,True,True,True,False,False
ENSG00000117475,ENSG00000117475,BLZF1,protein_coding,Jamin2021_CT,True,True,True,True,False,False
ENSG00000117477,ENSG00000117477,CCDC181,protein_coding,Jamin2021_CT,True,True,True,True,False,False
ENSG00000117569,ENSG00000117569,PTBP2,protein_coding,Jamin2021_CT;Jamin2021_core,True,True,True,True,False,False
ENSG00000117586,ENSG00000117586,TNFSF4,protein_coding,Bruggeman2018_GC,True,True,True,True,False,False
ENSG00000117650,ENSG00000117650,NEK2,protein_coding,Bruggeman2018_GC;Chang2019_TGCT;Jamin2021_CT;Wang2016_CT,True,True,True,True,False,False
ENSG00000117868,ENSG00000117868,ESYT2,protein_coding,Jamin2021_CT,True,True,True,True,False,False
ENSG00000117971,ENSG00000117971,CHRNB4,protein_coding,Bruggeman2018_GC;Loriot2025_S2,True,True,True,True,False,False
ENSG00000118156,ENSG00000118156,ZNF541,protein_coding,Chang2019_TGCT;Wang2016_CT,True,True,True,True,True,True
ENSG00000118193,ENSG00000118193,KIF14,protein_coding,Bruggeman2018_GC,True,True,True,True,False,False
ENSG00000118245,ENSG00000118245,TNP1,protein_coding,Chang2019_TGCT;Gong2021_reproductive_PC;Wang2016_CT;daSilva2017_testis_biased,True,True,True,True,True,True
ENSG00000118307,ENSG00000118307,DNAI7,protein_coding,Chang2019_TGCT;Wang2016_CT,True,True,True,True,False,False
ENSG00000118420,ENSG00000118420,UBE3D,protein_coding,Bruggeman2018_GC,True,True,True,True,False,False
ENSG00000118434,ENSG00000118434,SPACA1,protein_coding,CTpedia;Carter2023_CT;Chang2019_TGCT;Gong2021_reproductive_PC;Wang2016_CT;daSilva2017;daSilva2017_CT;daSilva2017_testis_biased,True,True,True,True,True,True
ENSG00000118491,ENSG00000118491,ZC2HC1B,protein_coding,Gong2021_reproductive_PC;Wang2016_CT;daSilva2017_CT;daSilva2017_protein;daSilva2017_testis_biased;daSilva2017_tumor_proteomics,True,True,True,True,True,True
ENSG00000118492,ENSG00000118492,ADGB,protein_coding,Chang2019_TGCT;Wang2016_CT,True,True,True,True,False,False
ENSG00000118596,ENSG00000118596,SLC16A7,protein_coding,Bruggeman2018_GC,True,True,True,True,False,False
ENSG00000118620,ENSG00000118620,ZNF430,protein_coding,Bruggeman2018_GC,True,True,True,True,False,False
ENSG00000118965,ENSG00000118965,WDR35,protein_coding,Jamin2021_CT,True,True,True,True,False,False
ENSG00000118997,ENSG00000118997,DNAH7,protein_coding,Bruggeman2018_GC,True,True,True,True,False,False
ENSG00000119231,ENSG00000119231,SENP5,protein_coding,Jamin2021_CT,True,True,True,True,False,False
ENSG00000119547,ENSG00000119547,ONECUT2,protein_coding,Bruggeman2018_GC,True,True,True,True,False,False
ENSG00000119559,ENSG00000119559,C19orf25,protein_coding,Bruggeman2018_GC,True,True,True,True,False,False
ENSG00000119661,ENSG00000119661,DNAL1,protein_coding,Jamin2021_CT,True,True,True,True,False,False
ENSG00000119703,ENSG00000119703,ZC2HC1C,protein_coding,Chang2019_TGCT;Wang2016_CT,True,True,True,True,False,False
ENSG00000119725,ENSG00000119725,ZNF410,protein_coding,Bruggeman2018_GC,True,True,True,True,False,False
ENSG00000120051,ENSG00000120051,CFAP58,protein_coding,Chang2019_TGCT;Wang2016_CT,True,True,True,True,False,False
ENSG00000120160,ENSG00000120160,EQTN,protein_coding,Chang2019_TGCT;Gong2021_reproductive_PC;Wang2016_CT;daSilva2017_CT;daSilva2017_testis_biased,True,True,True,True,True,True
ENSG00000120210,ENSG00000120210,INSL6,protein_coding,Chang2019_TGCT;Gong2021_reproductive_PC;Wang2016_CT;daSilva2017_CT;daSilva2017_testis_biased,True,True,True,True,False,False
ENSG00000120211,ENSG00000120211,INSL4,protein_coding,Gong2021_placenta_PC;Gong2021_reproductive_PC,True,True,True,True,True,True
ENSG00000120215,ENSG00000120215,MLANA,protein_coding,Seager2024_CTA,True,True,True,True,False,False
ENSG00000120262,ENSG00000120262,CCDC170,protein_coding,Bruggeman2018_GC,True,True,True,True,False,False
ENSG00000120289,ENSG00000120289,MAGEB4,protein_coding,Gong2021_reproductive_PC;daSilva2017_CT;daSilva2017_testis_biased,True,True,True,True,False,False
ENSG00000120329,ENSG00000120329,SLC25A2,protein_coding,Carter2023_CT;Chang2019_TGCT;Wang2016_CT;daSilva2017_CT;daSilva2017_testis_biased,True,True,True,True,True,True
ENSG00000120334,ENSG00000120334,CENPL,protein_coding,Bruggeman2018_GC,True,True,True,True,False,False
ENSG00000120341,ENSG00000120341,SEC16B,protein_coding,Bruggeman2018_GC,True,True,True,True,False,False
ENSG00000120436,ENSG00000120436,GPR31,protein_coding,daSilva2017_CT;daSilva2017_testis_biased,True,True,True,True,False,False
ENSG00000120440,ENSG00000120440,TTLL2,protein_coding,Chang2019_TGCT;Gong2021_reproductive_PC;Wang2016_CT;daSilva2017_CT;daSilva2017_testis_biased,True,True,True,True,False,False
ENSG00000120451,ENSG00000120451,SNX19,protein_coding,Jamin2021_CT,True,True,True,True,False,False
ENSG00000120498,ENSG00000120498,TEX11,protein_coding,Chang2019_TGCT;Wang2016_CT;daSilva2017_CT;daSilva2017_testis_biased,True,True,True,True,False,False
ENSG00000120519,ENSG00000120519,SLC10A7,protein_coding,Bruggeman2018_GC,True,True,True,True,False,False
ENSG00000120563,ENSG00000120563,LYZL1,protein_coding,Chang2019_TGCT;Gong2021_reproductive_PC;Wang2016_CT;daSilva2017_testis_biased,True,True,True,True,True,True
ENSG00000120616,ENSG00000120616,EPC1,protein_coding,Jamin2021_CT,True,True,True,True,False,False
ENSG00000120659,ENSG00000120659,TNFSF11,protein_coding,Bruggeman2018_GC,True,True,True,True,False,False
ENSG00000120669,ENSG00000120669,SOHLH2,protein_coding,Jamin2021_CT;Jamin2021_core;Loriot2025_S2;Wang2016_CT,True,True,True,True,False,False
ENSG00000120952,ENSG00000120952,PRAMEF2,protein_coding,Wang2016_CT;daSilva2017_testis_biased,True,True,True,True,True,False
ENSG00000121039,ENSG00000121039,RDH10,protein_coding,Jamin2021_CT,True,True,True,True,False,False
ENSG00000121101,ENSG00000121101,TEX14,protein_coding,CTexploreR_CTP;CTpedia;Chang2019_TGCT;Gong2021_reproductive_PC;Loriot2025_S2;Wang2016_CT;daSilva2017;daSilva2017_CT;daSilva2017_testis_biased,True,True,True,True,True,True
ENSG00000121152,ENSG00000121152,NCAPH,protein_coding,Chang2019_TGCT;Wang2016_CT,True,True,True,True,False,False
ENSG00000121207,ENSG00000121207,LRAT,protein_coding,Bruggeman2018_GC,True,True,True,True,False,False
ENSG00000121211,ENSG00000121211,MND1,protein_coding,Bruggeman2018_GC;Chang2019_TGCT;Jamin2021_CT;Wang2016_CT,True,True,True,True,False,False
ENSG00000121270,ENSG00000121270,ABCC11,protein_coding,Bruggeman2018_GC,True,True,True,True,False,False
ENSG00000121380,ENSG00000121380,BCL2L14,protein_coding,Chang2019_TGCT;Wang2016_CT,True,True,True,True,False,False
ENSG00000121388,ENSG00000121388,ENSG00000121388,transcribed_unprocessed_pseudogene,Chang2019_TGCT,True,True,False,False,False,False
ENSG00000121390,ENSG00000121390,PSPC1,protein_coding,Jamin2021_CT,True,True,True,True,False,False
ENSG00000121446,ENSG00000121446,RGSL1,protein_coding,Chang2019_TGCT;Gong2021_reproductive_PC;Wang2016_CT;daSilva2017_CT;daSilva2017_testis_biased,True,True,True,True,True,True
ENSG00000121570,ENSG00000121570,DPPA4,protein_coding,Bruggeman2018_GC;Chang2019_TGCT;Wang2016_CT,True,True,True,True,False,False
ENSG00000121621,ENSG00000121621,KIF18A,protein_coding,Bruggeman2018_GC;Chang2019_TGCT;Jamin2021_CT;Wang2016_CT,True,True,True,True,False,False
ENSG00000121634,ENSG00000121634,GJA8,protein_coding,Carter2023_CT;Chang2019_TGCT;Gong2021_reproductive_PC;Wang2016_CT;daSilva2017_CT;daSilva2017_testis_biased,True,True,True,True,False,False
ENSG00000121690,ENSG00000121690,DEPDC7,protein_coding,Jamin2021_CT,True,True,True,True,False,False
ENSG00000121903,ENSG00000121903,ZSCAN20,protein_coding,Bruggeman2018_GC,True,True,True,True,False,False
ENSG00000121904,ENSG00000121904,CSMD2,protein_coding,Bruggeman2018_GC,True,True,True,True,False,False
ENSG00000121988,ENSG00000121988,ZRANB3,protein_coding,Bruggeman2018_GC,True,True,True,True,False,False
ENSG00000122145,ENSG00000122145,TBX22,protein_coding,Gong2021_reproductive_PC,True,True,True,True,False,False
ENSG00000122304,ENSG00000122304,PRM2,protein_coding,CTpedia;Chang2019_TGCT;Gong2021_reproductive_PC;Wang2016_CT;daSilva2017;daSilva2017_testis_biased,True,True,True,True,True,True
ENSG00000122483,ENSG00000122483,CCDC18,protein_coding,Bruggeman2018_GC,True,True,True,True,False,False
ENSG00000122550,ENSG00000122550,KLHL7,protein_coding,Jamin2021_CT,True,True,True,True,False,False
ENSG00000122591,ENSG00000122591,HYCC1,protein_coding,Jamin2021_CT,True,True,True,True,False,False
ENSG00000122728,ENSG00000122728,TAF1L,protein_coding,Gong2021_reproductive_PC;daSilva2017_CT;daSilva2017_protein;daSilva2017_testis_biased;daSilva2017_tumor_proteomics,True,True,True,True,False,False
ENSG00000122778,ENSG00000122778,KIAA1549,protein_coding,Bruggeman2018_GC,True,True,True,True,False,False
ENSG00000123165,ENSG00000123165,ACTRT1,protein_coding,Chang2019_TGCT;Gong2021_reproductive_PC;daSilva2017_testis_biased,True,True,True,True,True,True
ENSG00000123171,ENSG00000123171,CCDC70,protein_coding,Chang2019_TGCT;Gong2021_reproductive_PC;Wang2016_CT;daSilva2017_CT;daSilva2017_testis_biased,True,True,True,True,True,True
ENSG00000123219,ENSG00000123219,CENPK,protein_coding,Bruggeman2018_GC,True,True,True,True,False,False
ENSG00000123473,ENSG00000123473,STIL,protein_coding,Bruggeman2018_GC,True,True,True,True,False,False
ENSG00000123485,ENSG00000123485,HJURP,protein_coding,Chang2019_TGCT;Wang2016_CT,True,True,True,True,False,False
ENSG00000123496,ENSG00000123496,IL13RA2,protein_coding,Chang2019_TGCT;Wang2016_CT,True,True,True,True,False,False
ENSG00000123500,ENSG00000123500,COL10A1,protein_coding,Bruggeman2018_GC,True,True,True,True,False,False
ENSG00000123569,ENSG00000123569,H2BW1,protein_coding,Gong2021_reproductive_PC;Wang2016_CT;daSilva2017_CT;daSilva2017_testis_biased,True,True,True,True,True,False
ENSG00000123576,ENSG00000123576,ESX1,protein_coding,CTexploreR_CT;Carter2023_CT;Chang2019_TGCT;Gong2021_reproductive_PC;Loriot2025_S1;Wang2016_CT;daSilva2017;daSilva2017_CT;daSilva2017_testis_biased,True,True,True,True,True,True
ENSG00000123584,ENSG00000123584,MAGEA9,protein_coding,CTexploreR_CT;CTpedia;Gong2021_reproductive_PC;Jamin2021_CT;Loriot2025_S1;Wang2016_CT;daSilva2017;daSilva2017_testis_biased,True,True,True,True,True,True
ENSG00000123594,ENSG00000123594,ATXN3L,protein_coding,Chang2019_TGCT;Gong2021_reproductive_PC;daSilva2017_testis_biased,True,True,True,True,True,True
ENSG00000123975,ENSG00000123975,CKS2,protein_coding,Chang2019_TGCT;Wang2016_CT,True,True,True,True,False,False
ENSG00000123977,ENSG00000123977,DAW1,protein_coding,Chang2019_TGCT;Wang2016_CT,True,True,True,True,False,False
ENSG00000123999,ENSG00000123999,INHA,protein_coding,daSilva2017_CT;daSilva2017_testis_biased,True,True,True,True,False,False
ENSG00000124089,ENSG00000124089,MC3R,protein_coding,daSilva2017_CT;daSilva2017_testis_biased,True,True,True,True,False,False
ENSG00000124092,ENSG00000124092,CTCFL,protein_coding,Bruggeman2018_GC;CTexploreR_CT;CTpedia;Chang2019_TGCT;Gong2021_reproductive_PC;Jamin2021_CT;Jamin2021_core;Loriot2025_S1;Wang2016_CT;daSilva2017;daSilva2017_CT;daSilva2017_testis_biased,True,True,True,True,True,True
ENSG00000124103,ENSG00000124103,FAM209A,protein_coding,Chang2019_TGCT;Gong2021_reproductive_PC;daSilva2017_CT;daSilva2017_testis_biased,True,True,True,True,False,False
ENSG00000124116,ENSG00000124116,WFDC3,protein_coding,Chang2019_TGCT;Wang2016_CT,True,True,True,True,False,False
ENSG00000124196,ENSG00000124196,GTSF1L,protein_coding,Chang2019_TGCT;Gong2021_reproductive_PC;Loriot2025_S2;Wang2016_CT;daSilva2017_CT;daSilva2017_testis_biased,True,True,True,True,True,True
ENSG00000124198,ENSG00000124198,ARFGEF2,protein_coding,Jamin2021_CT,True,True,True,True,False,False
ENSG00000124227,ENSG00000124227,ANKRD60,protein_coding,Gong2021_reproductive_PC;daSilva2017_protein;daSilva2017_testis_biased;daSilva2017_tumor_proteomics,True,True,True,True,True,True
ENSG00000124232,ENSG00000124232,RBPJL,protein_coding,daSilva2017_CT;daSilva2017_testis_biased,True,True,True,True,False,False
ENSG00000124237,ENSG00000124237,CIMIP1,protein_coding,Gong2021_reproductive_PC,True,True,True,True,False,False
ENSG00000124260,ENSG00000124260,MAGEA10,protein_coding,CTexploreR_CT;CTpedia;Carter2023_CT;Chang2019_TGCT;Gong2021_placenta_PC;Gong2021_reproductive_PC;Jamin2021_CT;Jamin2021_core;Loriot2025_S1;Seager2024_CTA;Wang2016_CT,True,True,True,True,True,True
ENSG00000124449,ENSG00000124449,IRGC,protein_coding,Chang2019_TGCT;Gong2021_reproductive_PC;Wang2016_CT;daSilva2017_CT;daSilva2017_testis_biased,True,True,True,True,True,True
ENSG00000124467,ENSG00000124467,PSG8,protein_coding,CTpedia;Gong2021_placenta_PC;Gong2021_reproductive_PC;daSilva2017;daSilva2017_CT;daSilva2017_testis_biased,True,True,True,True,True,True
ENSG00000124490,ENSG00000124490,CRISP2,protein_coding,CTexploreR_CTP;CTpedia;Chang2019_TGCT;Gong2021_reproductive_PC;Loriot2025_S2;Wang2016_CT;daSilva2017;daSilva2017_CT;daSilva2017_testis_biased,True,True,True,True,True,True
ENSG00000124610,ENSG00000124610,H1-1,protein_coding,daSilva2017_CT;daSilva2017_protein;daSilva2017_testis_biased;daSilva2017_tumor_proteomics,True,True,True,False,False,False
ENSG00000124613,ENSG00000124613,ZNF391,protein_coding,Bruggeman2018_GC,True,True,True,True,False,False
ENSG00000124678,ENSG00000124678,TCP11,protein_coding,Chang2019_TGCT;Gong2021_reproductive_PC;Wang2016_CT;daSilva2017_CT;daSilva2017_testis_biased,True,True,True,True,True,True
ENSG00000124721,ENSG00000124721,DNAH8,protein_coding,Bruggeman2018_GC;Chang2019_TGCT;Wang2016_CT,True,True,True,True,False,False
ENSG00000124812,ENSG00000124812,CRISP1,protein_coding,Chang2019_TGCT;Gong2021_reproductive_PC;Wang2016_CT;daSilva2017_CT;daSilva2017_testis_biased,True,True,True,True,False,False
ENSG00000124818,ENSG00000124818,OPN5,protein_coding,Chang2019_TGCT;Gong2021_reproductive_PC;Wang2016_CT;daSilva2017_CT;daSilva2017_testis_biased,True,True,True,True,False,False
ENSG00000124900,ENSG00000124900,TRIM51,protein_coding,daSilva2017_CT;daSilva2017_testis_biased,True,True,True,True,True,False
ENSG00000124915,ENSG00000124915,MYRF-AS1,lncRNA,Gong2021_reproductive_ncRNA,True,True,False,False,False,False
ENSG00000125207,ENSG00000125207,PIWIL1,protein_coding,CTpedia;Chang2019_TGCT;Gong2021_reproductive_PC;Jamin2021_CT;Jamin2021_core;Wang2016_CT;daSilva2017;daSilva2017_CT;daSilva2017_protein;daSilva2017_testis_biased;daSilva2017_tumor_proteomics,True,True,True,True,True,True
ENSG00000125245,ENSG00000125245,GPR18,protein_coding,Jamin2021_CT,True,True,True,True,False,False
ENSG00000125319,ENSG00000125319,HROB,protein_coding,Bruggeman2018_GC;Chang2019_TGCT;Wang2016_CT,True,True,True,True,False,False
ENSG00000125388,ENSG00000125388,GRK4,protein_coding,Chang2019_TGCT;Jamin2021_CT;Wang2016_CT,True,True,True,True,False,False
ENSG00000125409,ENSG00000125409,TEKT3,protein_coding,Chang2019_TGCT;Wang2016_CT,True,True,True,True,False,False
ENSG00000125514,ENSG00000125514,LINC00029,lncRNA,Gong2021_reproductive_ncRNA,True,True,False,False,False,False
ENSG00000125531,ENSG00000125531,FNDC11,protein_coding,Chang2019_TGCT;Gong2021_reproductive_PC;Wang2016_CT;daSilva2017_CT;daSilva2017_testis_biased,True,True,True,True,True,True
ENSG00000125533,ENSG00000125533,BHLHE23,protein_coding,Wang2016_CT;daSilva2017_CT;daSilva2017_testis_biased,True,True,True,True,True,False
ENSG00000125633,ENSG00000125633,CCDC93,protein_coding,Jamin2021_CT,True,True,True,True,False,False
ENSG00000125788,ENSG00000125788,DEFB126,protein_coding,Wang2016_CT;daSilva2017_CT;daSilva2017_testis_biased,True,True,True,True,False,False
ENSG00000125815,ENSG00000125815,CST8,protein_coding,Chang2019_TGCT;Gong2021_reproductive_PC;daSilva2017_testis_biased,True,True,True,True,True,True
ENSG00000125816,ENSG00000125816,NKX2-4,protein_coding,daSilva2017_CT;daSilva2017_testis_biased,True,True,True,True,True,True
ENSG00000125823,ENSG00000125823,CSTL1,protein_coding,CTexploreR_CT;Chang2019_TGCT;Gong2021_reproductive_PC;Loriot2025_S1;Wang2016_CT;daSilva2017;daSilva2017_CT;daSilva2017_testis_biased,True,True,True,True,True,True
ENSG00000125864,ENSG00000125864,BFSP1,protein_coding,Bruggeman2018_GC,True,True,True,True,False,False
ENSG00000125888,ENSG00000125888,BANF2,protein_coding,Chang2019_TGCT;Gong2021_reproductive_PC;Wang2016_CT;daSilva2017_CT;daSilva2017_testis_biased,True,True,True,True,False,False
ENSG00000125899,ENSG00000125899,LINC02871,lncRNA,Gong2021_reproductive_ncRNA,True,True,False,False,False,False
ENSG00000125900,ENSG00000125900,SIRPD,protein_coding,Chang2019_TGCT;Gong2021_reproductive_PC;Wang2016_CT;daSilva2017_CT;daSilva2017_testis_biased,True,True,True,True,False,False
ENSG00000125903,ENSG00000125903,DEFB129,protein_coding,daSilva2017_testis_biased,True,True,True,True,False,False
ENSG00000125965,ENSG00000125965,GDF5,protein_coding,Bruggeman2018_GC,True,True,True,True,False,False
ENSG00000125975,ENSG00000125975,C20orf173,protein_coding,Chang2019_TGCT;Gong2021_reproductive_PC;Wang2016_CT;daSilva2017_CT;daSilva2017_testis_biased,True,True,True,True,True,True
ENSG00000126216,ENSG00000126216,TUBGCP3,protein_coding,Jamin2021_CT,True,True,True,True,False,False
ENSG00000126246,ENSG00000126246,IGFLR1,protein_coding,Bruggeman2018_GC,True,True,True,True,False,False
ENSG00000126467,ENSG00000126467,TSKS,protein_coding,CTpedia;Chang2019_TGCT;Gong2021_reproductive_PC;Wang2016_CT,True,True,True,True,True,True
ENSG00000126550,ENSG00000126550,HTN1,protein_coding,daSilva2017_CT;daSilva2017_testis_biased,True,True,True,True,False,False
ENSG00000126752,ENSG00000126752,SSX1,protein_coding,CTexploreR_CT;CTpedia;Chang2019_TGCT;Gong2021_reproductive_PC;Jamin2021_CT;Loriot2025_S1;Wang2016_CT;daSilva2017;daSilva2017_CT;daSilva2017_protein;daSilva2017_testis_biased;daSilva2017_tumor_proteomics,True,True,True,True,True,True
ENSG00000126787,ENSG00000126787,DLGAP5,protein_coding,Chang2019_TGCT;Wang2016_CT,True,True,True,True,False,False
ENSG00000126856,ENSG00000126856,PRDM7,protein_coding,CTexploreR_CT;Chang2019_TGCT;Gong2021_reproductive_PC;Loriot2025_S1;Wang2016_CT;daSilva2017;daSilva2017_CT;daSilva2017_testis_biased,True,True,True,True,True,True
ENSG00000126890,ENSG00000126890,CTAG2,protein_coding,CTexploreR_CT;Loriot2025_S1;Seager2024_CTA;daSilva2017_CT;daSilva2017_protein;daSilva2017_testis_biased;daSilva2017_tumor_proteomics,True,True,True,True,False,False
ENSG00000127252,ENSG00000127252,PLAAT1,protein_coding,Chang2019_TGCT;Jamin2021_CT;Wang2016_CT,True,True,True,True,False,False
ENSG00000127311,ENSG00000127311,HELB,protein_coding,Bruggeman2018_GC,True,True,True,True,False,False
ENSG00000127337,ENSG00000127337,YEATS4,protein_coding,Jamin2021_CT,True,True,True,True,False,False
ENSG00000127423,ENSG00000127423,AUNIP,protein_coding,Bruggeman2018_GC;Chang2019_TGCT;Jamin2021_CT;Wang2016_CT;daSilva2017_CT;daSilva2017_testis_biased,True,True,True,True,False,False
ENSG00000127540,ENSG00000127540,UQCR11,protein_coding,Bruggeman2018_GC,True,True,True,True,False,False
ENSG00000127564,ENSG00000127564,PKMYT1,protein_coding,Chang2019_TGCT;Wang2016_CT;daSilva2017_CT;daSilva2017_protein;daSilva2017_testis_biased;daSilva2017_tumor_proteomics,True,True,True,True,False,False
ENSG00000127870,ENSG00000127870,RNF6,protein_coding,Jamin2021_CT,True,True,True,True,False,False
ENSG00000127928,ENSG00000127928,GNGT1,protein_coding,Gong2021_placenta_PC;Gong2021_reproductive_PC,True,True,True,True,False,False
ENSG00000127993,ENSG00000127993,RBM48,protein_coding,Jamin2021_CT,True,True,True,True,False,False
ENSG00000128040,ENSG00000128040,SPINK2,protein_coding,Chang2019_TGCT;Gong2021_reproductive_PC;Wang2016_CT;daSilva2017_CT;daSilva2017_testis_biased,True,True,True,True,False,False
ENSG00000128059,ENSG00000128059,PPAT,protein_coding,Jamin2021_CT;Jamin2021_core,True,True,True,True,False,False
ENSG00000128271,ENSG00000128271,ADORA2A,protein_coding,Bruggeman2018_GC,True,True,True,True,False,False
ENSG00000128322,ENSG00000128322,IGLL1,protein_coding,Bruggeman2018_GC;CTexploreR_CTP;Gong2021_reproductive_PC;Loriot2025_S2;daSilva2017_CT;daSilva2017_protein;daSilva2017_testis_biased;daSilva2017_tumor_proteomics,True,True,True,True,False,False
ENSG00000128346,ENSG00000128346,C22orf23,protein_coding,Chang2019_TGCT;Wang2016_CT,True,True,True,True,False,False
ENSG00000128394,ENSG00000128394,APOBEC3F,protein_coding,Jamin2021_CT,True,True,True,True,False,False
ENSG00000128408,ENSG00000128408,RIBC2,protein_coding,Bruggeman2018_GC;Chang2019_TGCT;Jamin2021_CT;Wang2016_CT,True,True,True,True,False,False
ENSG00000128487,ENSG00000128487,SPECC1,protein_coding,Jamin2021_CT,True,True,True,True,False,False
ENSG00000128596,ENSG00000128596,CCDC136,protein_coding,Chang2019_TGCT;Wang2016_CT,True,True,True,True,False,False
ENSG00000128610,ENSG00000128610,FEZF1,protein_coding,Chang2019_TGCT;Wang2016_CT;daSilva2017_CT;daSilva2017_testis_biased,True,True,True,True,False,False
ENSG00000128655,ENSG00000128655,PDE11A,protein_coding,Bruggeman2018_GC,True,True,True,True,False,False
ENSG00000128886,ENSG00000128886,ELL3,protein_coding,Bruggeman2018_GC,True,True,True,True,False,False
ENSG00000129221,ENSG00000129221,AIPL1,protein_coding,Wang2016_CT,True,True,True,True,False,False
ENSG00000129535,ENSG00000129535,NRL,protein_coding,Bruggeman2018_GC,True,True,True,True,False,False
ENSG00000129559,ENSG00000129559,NEDD8,protein_coding,Bruggeman2018_GC,True,True,True,True,False,False
ENSG00000129646,ENSG00000129646,QRICH2,protein_coding,Chang2019_TGCT;Wang2016_CT,True,True,True,True,False,False
ENSG00000129673,ENSG00000129673,AANAT,protein_coding,Chang2019_TGCT;Wang2016_CT,True,True,True,True,False,False
ENSG00000129810,ENSG00000129810,SGO1,protein_coding,Bruggeman2018_GC;Chang2019_TGCT;Wang2016_CT,True,True,True,True,False,False
ENSG00000129862,ENSG00000129862,VCY1B,protein_coding,CTexploreR_CT;Loriot2025_S1;daSilva2017;daSilva2017_testis_biased,True,True,True,True,True,True
ENSG00000129864,ENSG00000129864,VCY,protein_coding,CTexploreR_CT;Loriot2025_S1;daSilva2017;daSilva2017_CT;daSilva2017_testis_biased,True,True,True,True,True,True
ENSG00000129873,ENSG00000129873,CDY2B,protein_coding,Wang2016_CT;daSilva2017_CT;daSilva2017_testis_biased,True,True,True,True,True,True
ENSG00000130167,ENSG00000130167,TSPAN16,protein_coding,Chang2019_TGCT;Gong2021_reproductive_PC;Wang2016_CT;daSilva2017_CT;daSilva2017_testis_biased,True,True,True,True,False,False
ENSG00000130234,ENSG00000130234,ACE2,protein_coding,Jamin2021_CT,True,True,True,True,False,False
ENSG00000130270,ENSG00000130270,ATP8B3,protein_coding,Chang2019_TGCT;Wang2016_CT,True,True,True,True,False,False
ENSG00000130377,ENSG00000130377,ACSBG2,protein_coding,Chang2019_TGCT;Gong2021_reproductive_PC;Wang2016_CT;daSilva2017_CT;daSilva2017_testis_biased,True,True,True,True,True,True
ENSG00000130383,ENSG00000130383,FUT5,protein_coding,daSilva2017_CT;daSilva2017_protein;daSilva2017_testis_biased;daSilva2017_tumor_proteomics,True,True,True,True,True,False
ENSG00000130385,ENSG00000130385,BMP15,protein_coding,daSilva2017_testis_biased,True,True,True,True,True,False
ENSG00000130518,ENSG00000130518,IQCN,protein_coding,Jamin2021_CT,True,True,True,True,False,False
ENSG00000130544,ENSG00000130544,ZNF557,protein_coding,Bruggeman2018_GC,True,True,True,True,False,False
ENSG00000130561,ENSG00000130561,SAG,protein_coding,Chang2019_TGCT;Wang2016_CT,True,True,True,True,False,False
ENSG00000130656,ENSG00000130656,HBZ,protein_coding,Chang2019_TGCT;Wang2016_CT,True,True,True,True,False,False
ENSG00000130783,ENSG00000130783,CCDC62,protein_coding,Chang2019_TGCT;Gong2021_reproductive_PC;Wang2016_CT;daSilva2017_CT;daSilva2017_testis_biased,True,True,True,True,True,True
ENSG00000130810,ENSG00000130810,PPAN,protein_coding,Bruggeman2018_GC,True,True,True,True,False,False
ENSG00000130943,ENSG00000130943,PKDREJ,protein_coding,Carter2023_CT;Chang2019_TGCT;Wang2016_CT,True,True,True,True,True,True
ENSG00000130948,ENSG00000130948,HSD17B3,protein_coding,Chang2019_TGCT;Wang2016_CT,True,True,True,True,False,False
ENSG00000130950,ENSG00000130950,NUTM2F,protein_coding,Gong2021_reproductive_PC;daSilva2017_CT;daSilva2017_protein;daSilva2017_testis_biased;daSilva2017_tumor_proteomics,True,True,True,True,True,True
ENSG00000131019,ENSG00000131019,ULBP3,protein_coding,Jamin2021_CT,True,True,True,True,False,False
ENSG00000131044,ENSG00000131044,TTLL9,protein_coding,Bruggeman2018_GC;Chang2019_TGCT;Wang2016_CT,True,True,True,True,False,False
ENSG00000131050,ENSG00000131050,BPIFA2,protein_coding,Wang2016_CT,True,True,True,True,False,False
ENSG00000131059,ENSG00000131059,BPIFA3,protein_coding,Chang2019_TGCT;Gong2021_reproductive_PC;daSilva2017_testis_biased,True,True,True,True,True,True
ENSG00000131068,ENSG00000131068,DEFB118,protein_coding,daSilva2017_testis_biased,True,True,True,True,False,False
ENSG00000131115,ENSG00000131115,ZNF227,protein_coding,Bruggeman2018_GC,True,True,True,True,False,False
ENSG00000131126,ENSG00000131126,TEX101,protein_coding,CTexploreR_CTP;CTpedia;Chang2019_TGCT;Gong2021_reproductive_PC;Loriot2025_S2;Wang2016_CT;daSilva2017;daSilva2017_CT;daSilva2017_testis_biased,True,True,True,True,True,True
ENSG00000131379,ENSG00000131379,C3orf20,protein_coding,Carter2023_CT;Chang2019_TGCT;Gong2021_reproductive_PC;Wang2016_CT;daSilva2017_CT;daSilva2017_testis_biased,True,True,True,True,True,True
ENSG00000131495,ENSG00000131495,NDUFA2,protein_coding,Bruggeman2018_GC,True,True,True,True,False,False
ENSG00000131721,ENSG00000131721,RHOXF2,protein_coding,Chang2019_TGCT;Gong2021_reproductive_PC;daSilva2017_testis_biased,True,True,True,True,True,True
ENSG00000131738,ENSG00000131738,KRT33B,protein_coding,Wang2016_CT;daSilva2017_CT;daSilva2017_testis_biased,True,True,True,True,False,False
ENSG00000131747,ENSG00000131747,TOP2A,protein_coding,Chang2019_TGCT;Wang2016_CT,True,True,True,True,False,False
ENSG00000131773,ENSG00000131773,KHDRBS3,protein_coding,Jamin2021_CT;Jamin2021_core,True,True,True,True,False,False
ENSG00000131848,ENSG00000131848,ZSCAN5A,protein_coding,Bruggeman2018_GC,True,True,True,True,False,False
ENSG00000131864,ENSG00000131864,USP29,protein_coding,Chang2019_TGCT;Gong2021_reproductive_PC;Wang2016_CT;daSilva2017_CT;daSilva2017_testis_biased,True,True,True,True,True,True
ENSG00000131914,ENSG00000131914,LIN28A,protein_coding,Bruggeman2018_GC;Carter2023_CT;Chang2019_TGCT;Gong2021_reproductive_PC;Loriot2025_S1;Wang2016_CT,True,True,True,True,False,False
ENSG00000131951,ENSG00000131951,LRRC9,protein_coding,Chang2019_TGCT,True,True,True,True,False,False
ENSG00000132016,ENSG00000132016,BRME1,protein_coding,Chang2019_TGCT;Wang2016_CT,True,True,True,True,False,False
ENSG00000132122,ENSG00000132122,SPATA6,protein_coding,Jamin2021_CT;Jamin2021_core,True,True,True,True,False,False
ENSG00000132141,ENSG00000132141,CCT6B,protein_coding,Bruggeman2018_GC;Chang2019_TGCT;Wang2016_CT,True,True,True,True,False,False
ENSG00000132204,ENSG00000132204,LINC00470,lncRNA,Loriot2025_S1,True,True,False,False,False,False
ENSG00000132436,ENSG00000132436,FIGNL1,protein_coding,Jamin2021_CT,True,True,True,True,False,False
ENSG00000132446,ENSG00000132446,FTHL17,protein_coding,CTexploreR_CT;CTpedia;Carter2023_CT;Chang2019_TGCT;Gong2021_reproductive_PC;Loriot2025_S1;Wang2016_CT;daSilva2017;daSilva2017_CT;daSilva2017_testis_biased,True,True,True,True,True,True
ENSG00000132464,ENSG00000132464,ENAM,protein_coding,Bruggeman2018_GC,True,True,True,True,False,False
ENSG00000132554,ENSG00000132554,RGS22,protein_coding,Chang2019_TGCT;Wang2016_CT,True,True,True,True,False,False
ENSG00000132631,ENSG00000132631,SCP2D1,protein_coding,Chang2019_TGCT;Gong2021_reproductive_PC;daSilva2017_testis_biased,True,True,True,True,True,True
ENSG00000132681,ENSG00000132681,ATP1A4,protein_coding,Chang2019_TGCT;Wang2016_CT,True,True,True,True,False,False
ENSG00000132749,ENSG00000132749,TESMIN,protein_coding,Bruggeman2018_GC;Chang2019_TGCT;Wang2016_CT,True,True,True,True,False,False
ENSG00000132932,ENSG00000132932,ATP8A2,protein_coding,Jamin2021_CT;Jamin2021_core,True,True,True,True,False,False
ENSG00000132950,ENSG00000132950,ZMYM5,protein_coding,Jamin2021_CT,True,True,True,True,False,False
ENSG00000132953,ENSG00000132953,XPO4,protein_coding,Jamin2021_CT,True,True,True,True,False,False
ENSG00000132958,ENSG00000132958,TPTE2,protein_coding,Chang2019_TGCT;Wang2016_CT,True,True,True,True,True,True
ENSG00000132972,ENSG00000132972,RNF17,protein_coding,Chang2019_TGCT;Gong2021_reproductive_PC;Loriot2025_S1;Wang2016_CT;daSilva2017_CT;daSilva2017_testis_biased,True,True,True,True,False,False
ENSG00000133019,ENSG00000133019,CHRM3,protein_coding,Bruggeman2018_GC,True,True,True,True,False,False
ENSG00000133101,ENSG00000133101,CCNA1,protein_coding,Chang2019_TGCT;Jamin2021_CT;Wang2016_CT,True,True,True,True,False,False
ENSG00000133111,ENSG00000133111,RFXAP,protein_coding,Jamin2021_CT,True,True,True,True,False,False
ENSG00000133477,ENSG00000133477,FAM83F,protein_coding,Chang2019_TGCT;Wang2016_CT,True,True,True,True,False,False
ENSG00000133640,ENSG00000133640,LRRIQ1,protein_coding,Chang2019_TGCT;Wang2016_CT,True,True,True,True,False,False
ENSG00000133816,ENSG00000133816,MICAL2,protein_coding,Jamin2021_CT,True,True,True,True,False,False
ENSG00000133863,ENSG00000133863,TEX15,protein_coding,CTpedia;Chang2019_TGCT;Wang2016_CT;daSilva2017;daSilva2017_CT;daSilva2017_testis_biased,True,True,True,True,False,False
ENSG00000133962,ENSG00000133962,CATSPERB,protein_coding,Jamin2021_CT;Jamin2021_core,True,True,True,True,False,False
ENSG00000133980,ENSG00000133980,VRTN,protein_coding,Bruggeman2018_GC;Chang2019_TGCT;Gong2021_reproductive_PC;Wang2016_CT;daSilva2017_CT;daSilva2017_testis_biased,True,True,True,True,False,False
ENSG00000134007,ENSG00000134007,ADAM20,protein_coding,Carter2023_CT;Chang2019_TGCT;Wang2016_CT;daSilva2017_CT;daSilva2017_testis_biased,True,True,True,True,True,True
ENSG00000134046,ENSG00000134046,MBD2,protein_coding,Jamin2021_CT;Jamin2021_core,True,True,True,True,False,False
ENSG00000134049,ENSG00000134049,IER3IP1,protein_coding,Bruggeman2018_GC,True,True,True,True,False,False
ENSG00000134146,ENSG00000134146,DPH6,protein_coding,Bruggeman2018_GC,True,True,True,True,False,False
ENSG00000134160,ENSG00000134160,TRPM1,protein_coding,Bruggeman2018_GC;Jamin2021_CT,True,True,True,True,False,False
ENSG00000134215,ENSG00000134215,VAV3,protein_coding,Jamin2021_CT,True,True,True,True,False,False
ENSG00000134249,ENSG00000134249,ADAM30,protein_coding,Chang2019_TGCT;Gong2021_reproductive_PC;Wang2016_CT;daSilva2017_CT;daSilva2017_testis_biased,True,True,True,True,True,True
ENSG00000134256,ENSG00000134256,CD101,protein_coding,Bruggeman2018_GC,True,True,True,True,False,False
ENSG00000134376,ENSG00000134376,CRB1,protein_coding,Bruggeman2018_GC,True,True,True,True,False,False
ENSG00000134389,ENSG00000134389,CFHR5,protein_coding,daSilva2017_CT;daSilva2017_protein;daSilva2017_testis_biased;daSilva2017_tumor_proteomics,True,True,True,True,False,False
ENSG00000134490,ENSG00000134490,TMEM241,protein_coding,Bruggeman2018_GC,True,True,True,True,False,False
ENSG00000134588,ENSG00000134588,USP26,protein_coding,Wang2016_CT;daSilva2017_CT;daSilva2017_testis_biased,True,True,True,True,True,True
ENSG00000134595,ENSG00000134595,SOX3,protein_coding,Bruggeman2018_GC,True,True,True,True,False,False
ENSG00000134640,ENSG00000134640,MTNR1B,protein_coding,Gong2021_placenta_PC;Gong2021_reproductive_PC;Wang2016_CT,True,True,True,True,False,False
ENSG00000134690,ENSG00000134690,CDCA8,protein_coding,Chang2019_TGCT;Wang2016_CT,True,True,True,True,False,False
ENSG00000134758,ENSG00000134758,RNF138,protein_coding,Jamin2021_CT,True,True,True,True,False,False
ENSG00000134940,ENSG00000134940,ACRV1,protein_coding,Chang2019_TGCT;Gong2021_reproductive_PC;Wang2016_CT;daSilva2017_CT;daSilva2017_testis_biased,True,True,True,True,True,True
ENSG00000134970,ENSG00000134970,TMED7,protein_coding,Bruggeman2018_GC,True,True,True,True,False,False
ENSG00000135119,ENSG00000135119,RNFT2,protein_coding,Jamin2021_CT,True,True,True,True,False,False
ENSG00000135175,ENSG00000135175,OCM2,protein_coding,daSilva2017_CT;daSilva2017_testis_biased,True,True,True,True,True,False
ENSG00000135222,ENSG00000135222,CSN2,protein_coding,Wang2016_CT,True,True,True,True,False,False
ENSG00000135248,ENSG00000135248,GARIN1B,protein_coding,CTexploreR_CTP;Chang2019_TGCT;Gong2021_reproductive_PC;Loriot2025_S2;Wang2016_CT;daSilva2017_CT;daSilva2017_testis_biased,True,True,True,True,True,True
ENSG00000135314,ENSG00000135314,KHDC1,protein_coding,Jamin2021_CT;Jamin2021_core,True,True,True,True,False,False
ENSG00000135334,ENSG00000135334,AKIRIN2,protein_coding,Jamin2021_CT,True,True,True,True,False,False
ENSG00000135338,ENSG00000135338,LCA5,protein_coding,Jamin2021_CT,True,True,True,True,False,False
ENSG00000135355,ENSG00000135355,GJA10,protein_coding,daSilva2017_CT;daSilva2017_testis_biased,True,True,True,True,True,False
ENSG00000135436,ENSG00000135436,FAM186B,protein_coding,Bruggeman2018_GC;Chang2019_TGCT;Gong2021_reproductive_PC;Wang2016_CT,True,True,True,True,True,True
ENSG00000135451,ENSG00000135451,TROAP,protein_coding,Chang2019_TGCT;Wang2016_CT,True,True,True,True,False,False
ENSG00000135537,ENSG00000135537,AFG1L,protein_coding,Bruggeman2018_GC,True,True,True,True,False,False
ENSG00000135577,ENSG00000135577,NMBR,protein_coding,Wang2016_CT,True,True,True,True,True,False
ENSG00000135625,ENSG00000135625,EGR4,protein_coding,Chang2019_TGCT;Wang2016_CT,True,True,True,True,False,False
ENSG00000135824,ENSG00000135824,RGS8,protein_coding,Jamin2021_CT,True,True,True,True,False,False
ENSG00000135829,ENSG00000135829,DHX9,protein_coding,Jamin2021_CT,True,True,True,True,False,False
ENSG00000135898,ENSG00000135898,GPR55,protein_coding,Chang2019_TGCT;Wang2016_CT,True,True,True,True,False,False
ENSG00000135913,ENSG00000135913,USP37,protein_coding,Bruggeman2018_GC,True,True,True,True,False,False
ENSG00000135951,ENSG00000135951,TSGA10,protein_coding,Chang2019_TGCT;Wang2016_CT,True,True,True,True,False,False
ENSG00000135960,ENSG00000135960,EDAR,protein_coding,Bruggeman2018_GC,True,True,True,True,False,False
ENSG00000136014,ENSG00000136014,USP44,protein_coding,Jamin2021_CT;Jamin2021_core,True,True,True,True,False,False
ENSG00000136197,ENSG00000136197,C7orf25,protein_coding,Bruggeman2018_GC,True,True,True,True,False,False
ENSG00000136206,ENSG00000136206,SPDYE1,protein_coding,Bruggeman2018_GC,True,True,True,True,False,False
ENSG00000136231,ENSG00000136231,IGF2BP3,protein_coding,Bradley2020_CPA;Bruggeman2018_GC;Chang2019_TGCT;Jamin2021_CT;Wang2016_CT,True,True,True,True,False,False
ENSG00000136327,ENSG00000136327,NKX2-8,protein_coding,Chang2019_TGCT;Wang2016_CT,True,True,True,True,False,False
ENSG00000136449,ENSG00000136449,MYCBPAP,protein_coding,Chang2019_TGCT;Gong2021_reproductive_PC;Wang2016_CT,True,True,True,True,False,False
ENSG00000136487,ENSG00000136487,GH2,protein_coding,Gong2021_placenta_PC;Gong2021_reproductive_PC;placental_antigen,True,True,True,True,False,False
ENSG00000136488,ENSG00000136488,CSH1,protein_coding,Gong2021_placenta_PC;Gong2021_reproductive_PC;daSilva2017_testis_biased;placental_antigen,True,True,True,True,False,False
ENSG00000136492,ENSG00000136492,BRIP1,protein_coding,Bruggeman2018_GC;Chang2019_TGCT;Wang2016_CT,True,True,True,True,False,False
ENSG00000136603,ENSG00000136603,SKIL,protein_coding,Jamin2021_CT,True,True,True,True,False,False
ENSG00000136811,ENSG00000136811,ODF2,protein_coding,Chang2019_TGCT;Wang2016_CT,True,True,True,True,False,False
ENSG00000136866,ENSG00000136866,ZFP37,protein_coding,Bruggeman2018_GC,True,True,True,True,False,False
ENSG00000136929,ENSG00000136929,HEMGN,protein_coding,Chang2019_TGCT;Gong2021_reproductive_PC;Wang2016_CT,True,True,True,True,False,False
ENSG00000136944,ENSG00000136944,LMX1B,protein_coding,Bruggeman2018_GC,True,True,True,True,False,False
ENSG00000137090,ENSG00000137090,DMRT1,protein_coding,CTexploreR_CT;CTpedia;Chang2019_TGCT;Gong2021_reproductive_PC;Jamin2021_CT;Jamin2021_core;Loriot2025_S1;Wang2016_CT;daSilva2017;daSilva2017_CT;daSilva2017_testis_biased,True,True,True,True,True,True
ENSG00000137225,ENSG00000137225,CAPN11,protein_coding,Chang2019_TGCT;Wang2016_CT,True,True,True,True,True,True
ENSG00000137270,ENSG00000137270,GCM1,protein_coding,Gong2021_placenta_PC;Gong2021_reproductive_PC,True,True,True,True,True,True
ENSG00000137434,ENSG00000137434,C6orf52,protein_coding,Chang2019_TGCT;Wang2016_CT,True,True,True,True,False,False
ENSG00000137473,ENSG00000137473,TTC29,protein_coding,Chang2019_TGCT;Gong2021_reproductive_PC;Loriot2025_S2;Wang2016_CT;daSilva2017_CT;daSilva2017_testis_biased,True,True,True,True,False,False
ENSG00000137674,ENSG00000137674,MMP20,protein_coding,Chang2019_TGCT;Gong2021_reproductive_PC;Wang2016_CT;daSilva2017_CT;daSilva2017_testis_biased,True,True,True,True,True,False
ENSG00000137691,ENSG00000137691,CFAP300,protein_coding,Chang2019_TGCT;Wang2016_CT,True,True,True,True,False,False
ENSG00000137707,ENSG00000137707,BTG4,protein_coding,Chang2019_TGCT;Gong2021_reproductive_PC;Wang2016_CT;daSilva2017_CT;daSilva2017_testis_biased,True,True,True,True,False,False
ENSG00000137770,ENSG00000137770,CTDSPL2,protein_coding,Jamin2021_CT,True,True,True,True,False,False
ENSG00000137812,ENSG00000137812,KNL1,protein_coding,Bruggeman2018_GC;Chang2019_TGCT;Jamin2021_CT;Wang2016_CT,True,True,True,True,False,False
ENSG00000137843,ENSG00000137843,PAK6,protein_coding,Bruggeman2018_GC;daSilva2017_testis_biased,True,True,True,True,False,False
ENSG00000137869,ENSG00000137869,CYP19A1,protein_coding,Gong2021_placenta_PC;Gong2021_reproductive_PC,True,True,True,True,True,True
ENSG00000137948,ENSG00000137948,BRDT,protein_coding,Bruggeman2018_GC;CTexploreR_CT;CTpedia;Chang2019_TGCT;Gong2021_reproductive_PC;Loriot2025_S1;Wang2016_CT;daSilva2017;daSilva2017_CT;daSilva2017_testis_biased,True,True,True,True,True,True
ENSG00000137968,ENSG00000137968,SLC44A5,protein_coding,Bruggeman2018_GC,True,True,True,True,False,False
ENSG00000137976,ENSG00000137976,DNASE2B,protein_coding,Bruggeman2018_GC,True,True,True,True,False,False
ENSG00000138068,ENSG00000138068,SULT6B1,protein_coding,Gong2021_reproductive_PC;daSilva2017_testis_biased,True,True,True,True,True,False
ENSG00000138092,ENSG00000138092,CENPO,protein_coding,Bruggeman2018_GC,True,True,True,True,False,False
ENSG00000138115,ENSG00000138115,CYP2C8,protein_coding,Jamin2021_CT,True,True,True,True,False,False
ENSG00000138182,ENSG00000138182,KIF20B,protein_coding,Bruggeman2018_GC,True,True,True,True,False,False
ENSG00000138336,ENSG00000138336,TET1,protein_coding,Bruggeman2018_GC,True,True,True,True,False,False
ENSG00000138379,ENSG00000138379,MSTN,protein_coding,Bruggeman2018_GC,True,True,True,True,False,False
ENSG00000138380,ENSG00000138380,CARF,protein_coding,Jamin2021_CT,True,True,True,True,False,False
ENSG00000138400,ENSG00000138400,MDH1B,protein_coding,Jamin2021_CT,True,True,True,True,False,False
ENSG00000138483,ENSG00000138483,CCDC54,protein_coding,Chang2019_TGCT;Gong2021_reproductive_PC;Wang2016_CT;daSilva2017_CT;daSilva2017_testis_biased,True,True,True,True,True,True
ENSG00000138587,ENSG00000138587,MNS1,protein_coding,Chang2019_TGCT;Jamin2021_CT;Wang2016_CT,True,True,True,True,False,False
ENSG00000138646,ENSG00000138646,HERC5,protein_coding,Chang2019_TGCT;Wang2016_CT,True,True,True,True,False,False
ENSG00000138669,ENSG00000138669,PRKG2,protein_coding,Bruggeman2018_GC,True,True,True,True,False,False
ENSG00000138684,ENSG00000138684,IL21,protein_coding,Gong2021_reproductive_PC;Wang2016_CT;daSilva2017_CT;daSilva2017_testis_biased,True,True,True,True,False,False
ENSG00000138688,ENSG00000138688,BLTP1,protein_coding,Jamin2021_CT;Jamin2021_core,True,True,True,True,False,False
ENSG00000138778,ENSG00000138778,CENPE,protein_coding,Bruggeman2018_GC,True,True,True,True,False,False
ENSG00000138780,ENSG00000138780,GSTCD,protein_coding,Bruggeman2018_GC,True,True,True,True,False,False
ENSG00000138813,ENSG00000138813,C4orf17,protein_coding,Chang2019_TGCT;Gong2021_reproductive_PC;Wang2016_CT;daSilva2017_CT;daSilva2017_testis_biased,True,True,True,True,True,True
ENSG00000138892,ENSG00000138892,TTLL8,protein_coding,Chang2019_TGCT;Gong2021_reproductive_PC;daSilva2017_CT;daSilva2017_testis_biased,True,True,True,True,True,True
ENSG00000139133,ENSG00000139133,ALG10,protein_coding,Bruggeman2018_GC,True,True,True,True,False,False
ENSG00000139151,ENSG00000139151,PLCZ1,protein_coding,Chang2019_TGCT;Gong2021_reproductive_PC;Wang2016_CT;daSilva2017_CT;daSilva2017_testis_biased,True,True,True,True,True,True
ENSG00000139160,ENSG00000139160,ETFBKMT,protein_coding,Bruggeman2018_GC,True,True,True,True,False,False
ENSG00000139163,ENSG00000139163,ETNK1,protein_coding,Jamin2021_CT,True,True,True,True,False,False
ENSG00000139304,ENSG00000139304,PTPRQ,protein_coding,Bruggeman2018_GC,True,True,True,True,False,False
ENSG00000139350,ENSG00000139350,NEDD1,protein_coding,Jamin2021_CT,True,True,True,True,False,False
ENSG00000139351,ENSG00000139351,SYCP3,protein_coding,Bruggeman2018_GC;CTexploreR_CTP;CTpedia;Chang2019_TGCT;Gong2021_reproductive_PC;Loriot2025_S2;Wang2016_CT;daSilva2017;daSilva2017_CT;daSilva2017_testis_biased,True,True,True,True,True,True
ENSG00000139445,ENSG00000139445,FOXN4,protein_coding,Chang2019_TGCT;Wang2016_CT,True,True,True,True,False,False
ENSG00000139496,ENSG00000139496,NUP58,protein_coding,Jamin2021_CT,True,True,True,True,False,False
ENSG00000139537,ENSG00000139537,CCDC65,protein_coding,Chang2019_TGCT;Wang2016_CT,True,True,True,True,False,False
ENSG00000139549,ENSG00000139549,DHH,protein_coding,Jamin2021_CT,True,True,True,True,True,True
ENSG00000139618,ENSG00000139618,BRCA2,protein_coding,Bruggeman2018_GC,True,True,True,True,False,False
ENSG00000139714,ENSG00000139714,MORN3,protein_coding,Chang2019_TGCT;Wang2016_CT,True,True,True,True,False,False
ENSG00000139719,ENSG00000139719,VPS33A,protein_coding,Bruggeman2018_GC,True,True,True,True,False,False
ENSG00000139734,ENSG00000139734,DIAPH3,protein_coding,Bruggeman2018_GC;Chang2019_TGCT;Jamin2021_CT;Jamin2021_core;Wang2016_CT,True,True,True,True,False,False
ENSG00000139797,ENSG00000139797,RNF113B,protein_coding,Carter2023_CT;Chang2019_TGCT;Gong2021_reproductive_PC;Wang2016_CT;daSilva2017_CT;daSilva2017_testis_biased,True,True,True,True,True,True
ENSG00000139800,ENSG00000139800,ZIC5,protein_coding,Chang2019_TGCT;Wang2016_CT,True,True,True,True,False,False
ENSG00000139890,ENSG00000139890,REM2,protein_coding,Jamin2021_CT,True,True,True,True,False,False
ENSG00000139915,ENSG00000139915,MDGA2,protein_coding,Bruggeman2018_GC,True,True,True,True,False,False
ENSG00000140006,ENSG00000140006,WDR89,protein_coding,Bruggeman2018_GC,True,True,True,True,False,False
ENSG00000140009,ENSG00000140009,ESR2,protein_coding,Bruggeman2018_GC,True,True,True,True,False,False
ENSG00000140015,ENSG00000140015,KCNH5,protein_coding,Bruggeman2018_GC,True,True,True,True,False,False
ENSG00000140025,ENSG00000140025,EFCAB11,protein_coding,Bruggeman2018_GC,True,True,True,True,False,False
ENSG00000140043,ENSG00000140043,PTGR2,protein_coding,Bruggeman2018_GC,True,True,True,True,False,False
ENSG00000140057,ENSG00000140057,AK7,protein_coding,Bruggeman2018_GC;Jamin2021_CT,True,True,True,True,False,False
ENSG00000140067,ENSG00000140067,FAM181A,protein_coding,Chang2019_TGCT;Wang2016_CT,True,True,True,True,False,False
ENSG00000140090,ENSG00000140090,SLC24A4,protein_coding,Bruggeman2018_GC,True,True,True,True,False,False
ENSG00000140199,ENSG00000140199,SLC12A6,protein_coding,Jamin2021_CT,True,True,True,True,False,False
ENSG00000140470,ENSG00000140470,ADAMTS17,protein_coding,Bruggeman2018_GC,True,True,True,True,False,False
ENSG00000140478,ENSG00000140478,GOLGA6D,protein_coding,Gong2021_reproductive_PC;Wang2016_CT;daSilva2017_protein;daSilva2017_testis_biased;daSilva2017_tumor_proteomics,True,True,True,True,True,True
ENSG00000140527,ENSG00000140527,WDR93,protein_coding,Chang2019_TGCT;Wang2016_CT,True,True,True,True,False,False
ENSG00000140534,ENSG00000140534,TICRR,protein_coding,Bruggeman2018_GC,True,True,True,True,False,False
ENSG00000140623,ENSG00000140623,SEPTIN12,protein_coding,Chang2019_TGCT;Gong2021_reproductive_PC;Wang2016_CT;daSilva2017_CT;daSilva2017_testis_biased,True,True,True,True,True,True
ENSG00000140798,ENSG00000140798,ABCC12,protein_coding,Chang2019_TGCT;Wang2016_CT,True,True,True,True,False,False
ENSG00000140932,ENSG00000140932,CMTM2,protein_coding,Chang2019_TGCT;Gong2021_reproductive_PC;Wang2016_CT;daSilva2017_CT;daSilva2017_testis_biased,True,True,True,True,True,True
ENSG00000140955,ENSG00000140955,ADAD2,protein_coding,Chang2019_TGCT;Gong2021_reproductive_PC;Wang2016_CT;daSilva2017_CT;daSilva2017_testis_biased,True,True,True,True,True,True
ENSG00000140993,ENSG00000140993,TIGD7,protein_coding,Bruggeman2018_GC;Jamin2021_CT,True,True,True,True,False,False
ENSG00000141096,ENSG00000141096,DPEP3,protein_coding,Bruggeman2018_GC;CTexploreR_CTP;Chang2019_TGCT;Gong2021_reproductive_PC;Loriot2025_S2;Wang2016_CT;daSilva2017;daSilva2017_CT;daSilva2017_protein;daSilva2017_testis_biased;daSilva2017_tumor_proteomics,True,True,True,True,True,True
ENSG00000141194,ENSG00000141194,OR4D1,protein_coding,daSilva2017_CT;daSilva2017_testis_biased,True,True,True,True,True,False
ENSG00000141200,ENSG00000141200,KIF2B,protein_coding,Chang2019_TGCT;Gong2021_reproductive_PC;daSilva2017_CT;daSilva2017_testis_biased,True,True,True,True,False,False
ENSG00000141219,ENSG00000141219,MTNAP1,protein_coding,Bruggeman2018_GC;Jamin2021_CT;Jamin2021_core,True,True,True,True,False,False
ENSG00000141255,ENSG00000141255,SPATA22,protein_coding,CTexploreR_CTP;CTpedia;Chang2019_TGCT;Gong2021_reproductive_PC;Loriot2025_S2;Wang2016_CT;daSilva2017;daSilva2017_CT;daSilva2017_protein;daSilva2017_testis_biased;daSilva2017_tumor_proteomics,True,True,True,True,True,True
ENSG00000141316,ENSG00000141316,SPACA3,protein_coding,CTexploreR_CTP;CTpedia;Chang2019_TGCT;Gong2021_reproductive_PC;Loriot2025_S2;Wang2016_CT;daSilva2017;daSilva2017_CT;daSilva2017_testis_biased,True,True,True,True,True,True
ENSG00000141371,ENSG00000141371,CHCT1,protein_coding,CTexploreR_CT;Chang2019_TGCT;Gong2021_reproductive_PC;Loriot2025_S1;Wang2016_CT;daSilva2017_CT;daSilva2017_testis_biased,True,True,True,True,True,True
ENSG00000141384,ENSG00000141384,TAF4B,protein_coding,Bruggeman2018_GC,True,True,True,True,False,False
ENSG00000141404,ENSG00000141404,GNAL,protein_coding,Jamin2021_CT,True,True,True,True,False,False
ENSG00000141425,ENSG00000141425,RPRD1A,protein_coding,Jamin2021_CT,True,True,True,True,False,False
ENSG00000141431,ENSG00000141431,ASXL3,protein_coding,Bruggeman2018_GC,True,True,True,True,False,False
ENSG00000141437,ENSG00000141437,SLC25A52,protein_coding,Gong2021_reproductive_PC;daSilva2017_CT;daSilva2017_protein;daSilva2017_testis_biased;daSilva2017_tumor_proteomics,True,True,True,True,True,True
ENSG00000141497,ENSG00000141497,ZMYND15,protein_coding,Chang2019_TGCT;Wang2016_CT,True,True,True,True,False,False
ENSG00000141505,ENSG00000141505,ASGR1,protein_coding,Jamin2021_CT,True,True,True,True,False,False
ENSG00000141576,ENSG00000141576,RNF157,protein_coding,Jamin2021_CT,True,True,True,True,False,False
ENSG00000141644,ENSG00000141644,MBD1,protein_coding,Jamin2021_CT,True,True,True,True,False,False
ENSG00000141665,ENSG00000141665,FBXO15,protein_coding,Chang2019_TGCT;Wang2016_CT,True,True,True,True,False,False
ENSG00000141946,ENSG00000141946,ZIM3,protein_coding,Wang2016_CT;daSilva2017_CT;daSilva2017_testis_biased,True,True,True,True,True,False
ENSG00000141977,ENSG00000141977,CIB3,protein_coding,Wang2016_CT;daSilva2017_CT;daSilva2017_testis_biased,True,True,True,True,False,False
ENSG00000142025,ENSG00000142025,DMRTC2,protein_coding,CTpedia;Carter2023_CT;Chang2019_TGCT;Gong2021_reproductive_PC;Wang2016_CT;daSilva2017;daSilva2017_CT;daSilva2017_testis_biased,True,True,True,True,True,True
ENSG00000142149,ENSG00000142149,HUNK,protein_coding,Bruggeman2018_GC,True,True,True,True,False,False
ENSG00000142511,ENSG00000142511,GPR32,protein_coding,daSilva2017_CT;daSilva2017_testis_biased,True,True,True,True,False,False
ENSG00000142513,ENSG00000142513,ACP4,protein_coding,Chang2019_TGCT;Wang2016_CT,True,True,True,True,False,False
ENSG00000142530,ENSG00000142530,GARIN5A,protein_coding,Chang2019_TGCT;Wang2016_CT;daSilva2017_CT;daSilva2017_testis_biased,True,True,True,True,False,False
ENSG00000142538,ENSG00000142538,PTH2,protein_coding,daSilva2017_testis_biased,True,True,True,True,True,False
ENSG00000142621,ENSG00000142621,FHAD1,protein_coding,Chang2019_TGCT;Wang2016_CT,True,True,True,True,False,False
ENSG00000142684,ENSG00000142684,ZNF593,protein_coding,Gong2021_placenta_PC;Gong2021_reproductive_PC,True,True,True,True,False,False
ENSG00000142698,ENSG00000142698,C1orf94,protein_coding,Bruggeman2018_GC;CTexploreR_CT;Chang2019_TGCT;Gong2021_reproductive_PC;Loriot2025_S1;Wang2016_CT;daSilva2017;daSilva2017_CT;daSilva2017_testis_biased,True,True,True,True,True,True
ENSG00000142731,ENSG00000142731,PLK4,protein_coding,Bruggeman2018_GC;Chang2019_TGCT;Wang2016_CT,True,True,True,True,False,False
ENSG00000142920,ENSG00000142920,AZIN2,protein_coding,Chang2019_TGCT;Wang2016_CT,True,True,True,True,False,False
ENSG00000142945,ENSG00000142945,KIF2C,protein_coding,Chang2019_TGCT;Wang2016_CT,True,True,True,True,False,False
ENSG00000143006,ENSG00000143006,DMRTB1,protein_coding,CTpedia;Chang2019_TGCT;Gong2021_reproductive_PC;Wang2016_CT;daSilva2017;daSilva2017_CT;daSilva2017_testis_biased,True,True,True,True,True,True
ENSG00000143032,ENSG00000143032,BARHL2,protein_coding,Chang2019_TGCT;Wang2016_CT;daSilva2017_CT;daSilva2017_testis_biased,True,True,True,True,False,False
ENSG00000143105,ENSG00000143105,KCNA10,protein_coding,daSilva2017_CT;daSilva2017_testis_biased,True,True,True,True,True,False
ENSG00000143107,ENSG00000143107,FNDC7,protein_coding,daSilva2017_CT;daSilva2017_testis_biased,True,True,True,True,True,True
ENSG00000143194,ENSG00000143194,MAEL,protein_coding,CTexploreR_CTP;CTpedia;Chang2019_TGCT;Gong2021_reproductive_PC;Loriot2025_S2;Wang2016_CT;daSilva2017;daSilva2017_CT;daSilva2017_testis_biased,True,True,True,True,False,False
ENSG00000143199,ENSG00000143199,ADCY10,protein_coding,Chang2019_TGCT;Wang2016_CT,True,True,True,True,False,False
ENSG00000143228,ENSG00000143228,NUF2,protein_coding,Chang2019_TGCT;Wang2016_CT,True,True,True,True,False,False
ENSG00000143340,ENSG00000143340,FAM163A,protein_coding,Jamin2021_CT,True,True,True,True,False,False
ENSG00000143355,ENSG00000143355,LHX9,protein_coding,Bruggeman2018_GC,True,True,True,True,False,False
ENSG00000143443,ENSG00000143443,C1orf56,protein_coding,Chang2019_TGCT;Wang2016_CT,True,True,True,True,False,False
ENSG00000143450,ENSG00000143450,OAZ3,protein_coding,Bruggeman2018_GC;Chang2019_TGCT;Wang2016_CT;daSilva2017_CT;daSilva2017_testis_biased,True,True,True,True,False,False
ENSG00000143452,ENSG00000143452,HORMAD1,protein_coding,Bruggeman2018_GC;CTexploreR_CTP;CTpedia;Chang2019_TGCT;Gong2021_reproductive_PC;Jamin2021_CT;Jamin2021_core;Loriot2025_S2;Wang2016_CT;daSilva2017;daSilva2017_CT;daSilva2017_testis_biased,True,True,True,True,True,True
ENSG00000143469,ENSG00000143469,SYT14,protein_coding,Bruggeman2018_GC,True,True,True,True,False,False
ENSG00000143476,ENSG00000143476,DTL,protein_coding,Bruggeman2018_GC;Chang2019_TGCT;Wang2016_CT,True,True,True,True,False,False
ENSG00000143479,ENSG00000143479,DYRK3,protein_coding,Chang2019_TGCT;Wang2016_CT,True,True,True,True,False,False
ENSG00000143494,ENSG00000143494,VASH2,protein_coding,Bruggeman2018_GC,True,True,True,True,False,False
ENSG00000143498,ENSG00000143498,TAF1A,protein_coding,Bruggeman2018_GC,True,True,True,True,False,False
ENSG00000143512,ENSG00000143512,HHIPL2,protein_coding,Chang2019_TGCT;Wang2016_CT,True,True,True,True,True,True
ENSG00000143552,ENSG00000143552,NUP210L,protein_coding,Chang2019_TGCT;Gong2021_reproductive_PC;Wang2016_CT;daSilva2017_CT;daSilva2017_testis_biased,True,True,True,True,True,True
ENSG00000143702,ENSG00000143702,CEP170,protein_coding,Jamin2021_CT,True,True,True,True,False,False
ENSG00000143751,ENSG00000143751,SDE2,protein_coding,Jamin2021_CT,True,True,True,True,False,False
ENSG00000143951,ENSG00000143951,WDPCP,protein_coding,Bruggeman2018_GC,True,True,True,True,False,False
ENSG00000143994,ENSG00000143994,ABHD1,protein_coding,Chang2019_TGCT;Jamin2021_CT;Wang2016_CT;daSilva2017_CT;daSilva2017_testis_biased,True,True,True,True,False,False
ENSG00000144010,ENSG00000144010,TRIM43B,protein_coding,daSilva2017_testis_biased,True,True,True,True,True,False
ENSG00000144015,ENSG00000144015,TRIM43,protein_coding,Wang2016_CT;daSilva2017_CT;daSilva2017_testis_biased,True,True,True,True,True,False
ENSG00000144061,ENSG00000144061,NPHP1,protein_coding,Jamin2021_CT,True,True,True,True,False,False
ENSG00000144130,ENSG00000144130,NT5DC4,protein_coding,Chang2019_TGCT,True,True,True,True,False,False
ENSG00000144182,ENSG00000144182,LIPT1,protein_coding,Bruggeman2018_GC,True,True,True,True,False,False
ENSG00000144395,ENSG00000144395,CCDC150,protein_coding,Bruggeman2018_GC;Chang2019_TGCT;Jamin2021_CT;Jamin2021_core;Wang2016_CT,True,True,True,True,False,False
ENSG00000144401,ENSG00000144401,METTL21A,protein_coding,Bruggeman2018_GC,True,True,True,True,False,False
ENSG00000144445,ENSG00000144445,KANSL1L,protein_coding,Jamin2021_CT,True,True,True,True,False,False
ENSG00000144488,ENSG00000144488,ESPNL,protein_coding,Bruggeman2018_GC,True,True,True,True,False,False
ENSG00000144619,ENSG00000144619,CNTN4,protein_coding,Jamin2021_CT;Jamin2021_core,True,True,True,True,False,False
ENSG00000144671,ENSG00000144671,SLC22A14,protein_coding,Chang2019_TGCT;Wang2016_CT,True,True,True,True,True,True
ENSG00000144792,ENSG00000144792,ZNF660,protein_coding,Bruggeman2018_GC,True,True,True,True,False,False
ENSG00000144821,ENSG00000144821,MYH15,protein_coding,Bruggeman2018_GC,True,True,True,True,False,False
ENSG00000144840,ENSG00000144840,RABL3,protein_coding,Jamin2021_CT,True,True,True,True,False,False
ENSG00000144893,ENSG00000144893,MED12L,protein_coding,Bruggeman2018_GC,True,True,True,True,False,False
ENSG00000144962,ENSG00000144962,SPATA16,protein_coding,CTpedia;Chang2019_TGCT;Gong2021_reproductive_PC;Wang2016_CT;daSilva2017;daSilva2017_CT;daSilva2017_testis_biased,True,True,True,True,True,True
ENSG00000145040,ENSG00000145040,UCN2,protein_coding,Bruggeman2018_GC,True,True,True,True,False,False
ENSG00000145216,ENSG00000145216,FIP1L1,protein_coding,Jamin2021_CT,True,True,True,True,False,False
ENSG00000145309,ENSG00000145309,CABS1,protein_coding,CTpedia;Chang2019_TGCT;Gong2021_reproductive_PC;Wang2016_CT;daSilva2017;daSilva2017_CT;daSilva2017_testis_biased,True,True,True,True,True,True
ENSG00000145331,ENSG00000145331,TRMT10A,protein_coding,Bruggeman2018_GC,True,True,True,True,False,False
ENSG00000145375,ENSG00000145375,AFG2A,protein_coding,Bruggeman2018_GC,True,True,True,True,False,False
ENSG00000145491,ENSG00000145491,ROPN1L,protein_coding,Chang2019_TGCT;Gong2021_reproductive_PC;Jamin2021_CT;Wang2016_CT,True,True,True,True,False,False
ENSG00000145743,ENSG00000145743,FBXL17,protein_coding,Jamin2021_CT;Jamin2021_core,True,True,True,True,False,False
ENSG00000145757,ENSG00000145757,SPATA9,protein_coding,Chang2019_TGCT;Wang2016_CT,True,True,True,True,False,False
ENSG00000145850,ENSG00000145850,TIMD4,protein_coding,Chang2019_TGCT;Wang2016_CT,True,True,True,True,False,False
ENSG00000145868,ENSG00000145868,FBXO38,protein_coding,Jamin2021_CT,True,True,True,True,False,False
ENSG00000145975,ENSG00000145975,FAM217A,protein_coding,Chang2019_TGCT;Gong2021_reproductive_PC;Loriot2025_S1;Wang2016_CT;daSilva2017_CT;daSilva2017_testis_biased,True,True,True,True,False,False
ENSG00000145979,ENSG00000145979,TBC1D7,protein_coding,Bruggeman2018_GC,True,True,True,True,False,False
ENSG00000146047,ENSG00000146047,H2BC1,protein_coding,Chang2019_TGCT;daSilva2017_protein;daSilva2017_testis_biased;daSilva2017_tumor_proteomics,True,True,True,False,False,False
ENSG00000146221,ENSG00000146221,TCTE1,protein_coding,Chang2019_TGCT;Wang2016_CT,True,True,True,True,False,False
ENSG00000146243,ENSG00000146243,IRAK1BP1,protein_coding,Bruggeman2018_GC;Jamin2021_CT,True,True,True,True,False,False
ENSG00000146263,ENSG00000146263,MMS22L,protein_coding,Bruggeman2018_GC,True,True,True,True,False,False
ENSG00000146276,ENSG00000146276,GABRR1,protein_coding,Wang2016_CT,True,True,True,True,False,False
ENSG00000146378,ENSG00000146378,TAAR2,protein_coding,daSilva2017_testis_biased,True,True,True,True,True,False
ENSG00000146410,ENSG00000146410,MTFR2,protein_coding,Bruggeman2018_GC;Chang2019_TGCT;Jamin2021_CT;Wang2016_CT,True,True,True,True,False,False
ENSG00000146453,ENSG00000146453,PNLDC1,protein_coding,Chang2019_TGCT;Loriot2025_S2;Wang2016_CT,True,True,True,True,False,False
ENSG00000146670,ENSG00000146670,CDCA5,protein_coding,Chang2019_TGCT;Wang2016_CT,True,True,True,True,False,False
ENSG00000146733,ENSG00000146733,PSPH,protein_coding,Jamin2021_CT,True,True,True,True,False,False
ENSG00000146839,ENSG00000146839,ZAN,protein_coding,Gong2021_reproductive_PC;daSilva2017_CT;daSilva2017_testis_biased,True,True,True,True,True,False
ENSG00000146859,ENSG00000146859,TMEM140,protein_coding,Bruggeman2018_GC,True,True,True,True,False,False
ENSG00000146918,ENSG00000146918,NCAPG2,protein_coding,Bruggeman2018_GC,True,True,True,True,False,False
ENSG00000147081,ENSG00000147081,AKAP4,protein_coding,CTpedia;Chang2019_TGCT;Gong2021_reproductive_PC;Wang2016_CT;daSilva2017;daSilva2017_CT;daSilva2017_testis_biased,True,True,True,True,True,True
ENSG00000147082,ENSG00000147082,CCNB3,protein_coding,Loriot2025_S2,True,True,True,True,False,False
ENSG00000147127,ENSG00000147127,RAB41,protein_coding,Chang2019_TGCT;Wang2016_CT,True,True,True,True,False,False
ENSG00000147180,ENSG00000147180,ZNF711,protein_coding,Jamin2021_CT;Jamin2021_core,True,True,True,True,False,False
ENSG00000147183,ENSG00000147183,CPXCR1,protein_coding,CTpedia;Chang2019_TGCT;Gong2021_reproductive_PC;Wang2016_CT;daSilva2017;daSilva2017_CT;daSilva2017_testis_biased,True,True,True,True,True,True
ENSG00000147206,ENSG00000147206,NXF3,protein_coding,Gong2021_reproductive_PC,True,True,True,True,False,False
ENSG00000147316,ENSG00000147316,MCPH1,protein_coding,Jamin2021_CT,True,True,True,True,False,False
ENSG00000147378,ENSG00000147378,FATE1,protein_coding,Bruggeman2018_GC;CTpedia;Chang2019_TGCT;Gong2021_reproductive_PC;Wang2016_CT;daSilva2017;daSilva2017_CT;daSilva2017_testis_biased,True,True,True,True,True,True
ENSG00000147381,ENSG00000147381,MAGEA4,protein_coding,Bruggeman2018_GC;CTexploreR_CT;CTpedia;Carter2023_CT;Chang2019_TGCT;Gong2021_reproductive_PC;Jamin2021_CT;Jamin2021_core;Loriot2025_S1;Seager2024_CTA;Wang2016_CT;daSilva2017;daSilva2017_CT;daSilva2017_protein;daSilva2017_testis_biased;daSilva2017_tumor_proteomics,True,True,True,True,True,True
ENSG00000147536,ENSG00000147536,GINS4,protein_coding,Bruggeman2018_GC,True,True,True,True,False,False
ENSG00000147570,ENSG00000147570,DNAJC5B,protein_coding,Bruggeman2018_GC;Chang2019_TGCT;Gong2021_reproductive_PC;Loriot2025_S2;Wang2016_CT,True,True,True,True,False,False
ENSG00000147571,ENSG00000147571,CRH,protein_coding,Gong2021_placenta_PC;Gong2021_reproductive_PC,True,True,True,True,False,False
ENSG00000147596,ENSG00000147596,PRDM14,protein_coding,Gong2021_reproductive_PC;Wang2016_CT;daSilva2017_CT;daSilva2017_testis_biased,True,True,True,True,True,False
ENSG00000147613,ENSG00000147613,PSKH2,protein_coding,daSilva2017_CT;daSilva2017_testis_biased,True,True,True,True,False,False
ENSG00000147874,ENSG00000147874,HAUS6,protein_coding,Jamin2021_CT,True,True,True,True,False,False
ENSG00000147912,ENSG00000147912,FBXO10,protein_coding,Bruggeman2018_GC,True,True,True,True,False,False
ENSG00000148019,ENSG00000148019,CEP78,protein_coding,Jamin2021_CT,True,True,True,True,False,False
ENSG00000148156,ENSG00000148156,ACTL7B,protein_coding,CTpedia;Chang2019_TGCT;Gong2021_reproductive_PC;Wang2016_CT;daSilva2017;daSilva2017_CT;daSilva2017_testis_biased,True,True,True,True,True,True
ENSG00000148200,ENSG00000148200,NR6A1,protein_coding,Chang2019_TGCT;Wang2016_CT,True,True,True,True,False,False
ENSG00000148215,ENSG00000148215,OR5C1,protein_coding,daSilva2017_CT;daSilva2017_testis_biased,True,True,True,True,True,False
ENSG00000148602,ENSG00000148602,LRIT1,protein_coding,Chang2019_TGCT;Gong2021_reproductive_PC;daSilva2017_testis_biased,True,True,True,True,False,False
ENSG00000148604,ENSG00000148604,RGR,protein_coding,Bruggeman2018_GC,True,True,True,True,False,False
ENSG00000148680,ENSG00000148680,HTR7,protein_coding,Bruggeman2018_GC;Chang2019_TGCT;Wang2016_CT,True,True,True,True,False,False
ENSG00000148814,ENSG00000148814,LRRC27,protein_coding,Bruggeman2018_GC;Chang2019_TGCT;Wang2016_CT,True,True,True,True,False,False
ENSG00000148832,ENSG00000148832,PAOX,protein_coding,Chang2019_TGCT;Wang2016_CT,True,True,True,True,False,False
ENSG00000148848,ENSG00000148848,ADAM12,protein_coding,Bradley2020_CPA;Gong2021_placenta_PC;Gong2021_reproductive_PC,True,True,True,True,False,False
ENSG00000148950,ENSG00000148950,IMMP1L,protein_coding,Jamin2021_CT,True,True,True,True,False,False
ENSG00000149050,ENSG00000149050,ZNF214,protein_coding,Bruggeman2018_GC,True,True,True,True,False,False
ENSG00000149054,ENSG00000149054,ZNF215,protein_coding,Bruggeman2018_GC,True,True,True,True,False,False
ENSG00000149212,ENSG00000149212,SESN3,protein_coding,Jamin2021_CT,True,True,True,True,False,False
ENSG00000149243,ENSG00000149243,KLHL35,protein_coding,Chang2019_TGCT;Wang2016_CT,True,True,True,True,False,False
ENSG00000149346,ENSG00000149346,SLX4IP,protein_coding,Bruggeman2018_GC,True,True,True,True,False,False
ENSG00000149443,ENSG00000149443,SCP2D1-AS1,lncRNA,Chang2019_TGCT;daSilva2017_testis_biased,True,True,False,False,False,False
ENSG00000149507,ENSG00000149507,OOSP2,protein_coding,Chang2019_TGCT;Gong2021_reproductive_PC;Wang2016_CT;daSilva2017_testis_biased,True,True,True,True,False,False
ENSG00000149548,ENSG00000149548,CCDC15,protein_coding,Bruggeman2018_GC;Chang2019_TGCT;Jamin2021_CT;Jamin2021_core;Wang2016_CT,True,True,True,True,False,False
ENSG00000149554,ENSG00000149554,CHEK1,protein_coding,Bruggeman2018_GC;Jamin2021_CT,True,True,True,True,False,False
ENSG00000149609,ENSG00000149609,C20orf144,protein_coding,Gong2021_reproductive_PC;daSilva2017_CT;daSilva2017_testis_biased,True,True,True,True,True,True
ENSG00000149646,ENSG00000149646,CNBD2,protein_coding,Chang2019_TGCT;Gong2021_reproductive_PC;Wang2016_CT;daSilva2017_CT;daSilva2017_testis_biased,True,True,True,True,False,False
ENSG00000149651,ENSG00000149651,SPINT4,protein_coding,daSilva2017_testis_biased,True,True,True,True,False,False
ENSG00000149679,ENSG00000149679,CABLES2,protein_coding,Chang2019_TGCT;Wang2016_CT,True,True,True,True,False,False
ENSG00000149926,ENSG00000149926,TLCD3B,protein_coding,Chang2019_TGCT;Wang2016_CT,True,True,True,True,False,False
ENSG00000149948,ENSG00000149948,HMGA2,protein_coding,Bruggeman2018_GC,True,True,True,True,False,False
ENSG00000150244,ENSG00000150244,TRIM48,protein_coding,daSilva2017_CT;daSilva2017_testis_biased,True,True,True,True,True,False
ENSG00000150275,ENSG00000150275,PCDH15,protein_coding,Bruggeman2018_GC,True,True,True,True,False,False
ENSG00000150455,ENSG00000150455,TIRAP,protein_coding,Bruggeman2018_GC,True,True,True,True,False,False
ENSG00000150477,ENSG00000150477,KIAA1328,protein_coding,Bruggeman2018_GC,True,True,True,True,False,False
ENSG00000150527,ENSG00000150527,MIA2,protein_coding,Bruggeman2018_GC,True,True,True,True,False,False
ENSG00000150628,ENSG00000150628,SPATA4,protein_coding,CTexploreR_CTP;CTpedia;Chang2019_TGCT;Gong2021_reproductive_PC;Loriot2025_S2;Wang2016_CT;daSilva2017;daSilva2017_CT;daSilva2017_testis_biased,True,True,True,True,True,True
ENSG00000150667,ENSG00000150667,FSIP1,protein_coding,Bruggeman2018_GC;Chang2019_TGCT;Jamin2021_CT;Wang2016_CT,True,True,True,True,False,False
ENSG00000150676,ENSG00000150676,CCDC83,protein_coding,Chang2019_TGCT;Gong2021_reproductive_PC;Wang2016_CT;daSilva2017_CT;daSilva2017_testis_biased,True,True,True,True,True,True
ENSG00000150760,ENSG00000150760,DOCK1,protein_coding,Jamin2021_CT,True,True,True,True,False,False
ENSG00000150773,ENSG00000150773,PIH1D2,protein_coding,Chang2019_TGCT;Wang2016_CT;daSilva2017_CT;daSilva2017_testis_biased,True,True,True,True,False,False
ENSG00000150776,ENSG00000150776,NKAPD1,protein_coding,Bruggeman2018_GC,True,True,True,True,False,False
ENSG00000150783,ENSG00000150783,TEX12,protein_coding,Chang2019_TGCT;Wang2016_CT,True,True,True,True,False,False
ENSG00000151005,ENSG00000151005,TKTL2,protein_coding,Chang2019_TGCT;Gong2021_reproductive_PC;Wang2016_CT;daSilva2017_CT;daSilva2017_testis_biased,True,True,True,True,True,True
ENSG00000151033,ENSG00000151033,LYZL2,protein_coding,Carter2023_CT;Chang2019_TGCT;Gong2021_reproductive_PC;Wang2016_CT;daSilva2017_CT;daSilva2017_testis_biased,True,True,True,True,True,True
ENSG00000151062,ENSG00000151062,CACNA2D4,protein_coding,Bruggeman2018_GC,True,True,True,True,False,False
ENSG00000151164,ENSG00000151164,RAD9B,protein_coding,Bruggeman2018_GC;Chang2019_TGCT;Wang2016_CT,True,True,True,True,False,False
ENSG00000151247,ENSG00000151247,EIF4E,protein_coding,Jamin2021_CT;Jamin2021_core,True,True,True,True,False,False
ENSG00000151287,ENSG00000151287,TEX30,protein_coding,Chang2019_TGCT;Wang2016_CT,True,True,True,True,False,False
ENSG00000151338,ENSG00000151338,MIPOL1,protein_coding,Bruggeman2018_GC;Jamin2021_CT,True,True,True,True,False,False
ENSG00000151360,ENSG00000151360,ALLC,protein_coding,Chang2019_TGCT;Wang2016_CT;daSilva2017_CT;daSilva2017_testis_biased,True,True,True,True,True,True
ENSG00000151475,ENSG00000151475,SLC25A31,protein_coding,Chang2019_TGCT;Gong2021_reproductive_PC;daSilva2017_CT;daSilva2017_testis_biased,True,True,True,True,False,False
ENSG00000151575,ENSG00000151575,TEX9,protein_coding,Jamin2021_CT;Jamin2021_core,True,True,True,True,False,False
ENSG00000151577,ENSG00000151577,DRD3,protein_coding,daSilva2017_CT;daSilva2017_testis_biased,True,True,True,True,False,False
ENSG00000151615,ENSG00000151615,POU4F2,protein_coding,Gong2021_reproductive_PC;Wang2016_CT;daSilva2017_CT;daSilva2017_testis_biased,True,True,True,True,True,False
ENSG00000151687,ENSG00000151687,ANKAR,protein_coding,Bruggeman2018_GC,True,True,True,True,True,True
ENSG00000151725,ENSG00000151725,CENPU,protein_coding,Chang2019_TGCT;Jamin2021_CT;Wang2016_CT,True,True,True,True,False,False
ENSG00000151773,ENSG00000151773,CCDC122,protein_coding,Bruggeman2018_GC,True,True,True,True,False,False
ENSG00000151789,ENSG00000151789,ZNF385D,protein_coding,Jamin2021_CT,True,True,True,True,False,False
ENSG00000151846,ENSG00000151846,PABPC3,protein_coding,Bruggeman2018_GC;CTexploreR_CTP;Carter2023_CT;Chang2019_TGCT;Gong2021_reproductive_PC;Loriot2025_S2;Wang2016_CT;daSilva2017_CT;daSilva2017_protein;daSilva2017_testis_biased;daSilva2017_tumor_proteomics,True,True,True,True,False,False
ENSG00000151962,ENSG00000151962,RBM46,protein_coding,CTexploreR_CT;Carter2023_CT;Chang2019_TGCT;Gong2021_reproductive_PC;Loriot2025_S1;Wang2016_CT;daSilva2017;daSilva2017_CT;daSilva2017_testis_biased,True,True,True,True,True,True
ENSG00000152086,ENSG00000152086,TUBA3E,protein_coding,CTexploreR_CTP;Chang2019_TGCT;Gong2021_reproductive_PC;Loriot2025_S2;Wang2016_CT;daSilva2017_CT;daSilva2017_protein;daSilva2017_testis_biased;daSilva2017_tumor_proteomics,True,True,True,False,False,False
ENSG00000152102,ENSG00000152102,FAM168B,protein_coding,Jamin2021_CT,True,True,True,True,False,False
ENSG00000152192,ENSG00000152192,POU4F1,protein_coding,Chang2019_TGCT;Wang2016_CT,True,True,True,True,False,False
ENSG00000152208,ENSG00000152208,GRID2,protein_coding,Chang2019_TGCT;Wang2016_CT,True,True,True,True,False,False
ENSG00000152253,ENSG00000152253,SPC25,protein_coding,Bruggeman2018_GC,True,True,True,True,False,False
ENSG00000152315,ENSG00000152315,KCNK13,protein_coding,Bruggeman2018_GC,True,True,True,True,False,False
ENSG00000152348,ENSG00000152348,ATG10,protein_coding,Bruggeman2018_GC;Jamin2021_CT,True,True,True,True,False,False
ENSG00000152409,ENSG00000152409,JMY,protein_coding,Jamin2021_CT,True,True,True,True,False,False
ENSG00000152422,ENSG00000152422,XRCC4,protein_coding,Jamin2021_CT,True,True,True,True,False,False
ENSG00000152430,ENSG00000152430,BOLL,protein_coding,CTpedia;Chang2019_TGCT;Gong2021_reproductive_PC;Wang2016_CT;daSilva2017;daSilva2017_CT;daSilva2017_testis_biased,True,True,True,True,True,True
ENSG00000152443,ENSG00000152443,ZNF776,protein_coding,Bruggeman2018_GC,True,True,True,True,False,False
ENSG00000152455,ENSG00000152455,SUV39H2,protein_coding,Bruggeman2018_GC,True,True,True,True,False,False
ENSG00000152463,ENSG00000152463,OLAH,protein_coding,Chang2019_TGCT;Wang2016_CT,True,True,True,True,False,False
ENSG00000152464,ENSG00000152464,RPP38,protein_coding,Bruggeman2018_GC,True,True,True,True,False,False
ENSG00000152495,ENSG00000152495,CAMK4,protein_coding,Jamin2021_CT,True,True,True,True,False,False
ENSG00000152503,ENSG00000152503,TRIM36,protein_coding,Chang2019_TGCT;Wang2016_CT,True,True,True,True,False,False
ENSG00000152582,ENSG00000152582,SPEF2,protein_coding,Jamin2021_CT,True,True,True,True,False,False
ENSG00000152592,ENSG00000152592,DMP1,protein_coding,Wang2016_CT,True,True,True,True,False,False
ENSG00000152611,ENSG00000152611,CAPSL,protein_coding,Jamin2021_CT,True,True,True,True,False,False
ENSG00000152670,ENSG00000152670,DDX4,protein_coding,CTpedia;Chang2019_TGCT;Gong2021_reproductive_PC;Wang2016_CT;daSilva2017;daSilva2017_CT;daSilva2017_protein;daSilva2017_testis_biased;daSilva2017_tumor_proteomics,True,True,True,True,True,True
ENSG00000152705,ENSG00000152705,CATSPER3,protein_coding,Chang2019_TGCT;Wang2016_CT,True,True,True,True,False,False
ENSG00000152763,ENSG00000152763,DNAI4,protein_coding,Bruggeman2018_GC,True,True,True,True,False,False
ENSG00000153044,ENSG00000153044,CENPH,protein_coding,Chang2019_TGCT;Wang2016_CT,True,True,True,True,False,False
ENSG00000153060,ENSG00000153060,TEKT5,protein_coding,CTexploreR_CTP;CTpedia;Chang2019_TGCT;Gong2021_reproductive_PC;Loriot2025_S2;Wang2016_CT;daSilva2017;daSilva2017_CT;daSilva2017_testis_biased,True,True,True,True,True,True
ENSG00000153093,ENSG00000153093,ACOXL,protein_coding,Bruggeman2018_GC,True,True,True,True,False,False
ENSG00000153132,ENSG00000153132,CLGN,protein_coding,Jamin2021_CT,True,True,True,True,False,False
ENSG00000153157,ENSG00000153157,SYCP2L,protein_coding,Bruggeman2018_GC,True,True,True,True,False,False
ENSG00000153165,ENSG00000153165,RGPD3,protein_coding,Bruggeman2018_GC,True,True,True,True,False,False
ENSG00000153207,ENSG00000153207,AHCTF1,protein_coding,Jamin2021_CT,True,True,True,True,False,False
ENSG00000153237,ENSG00000153237,CCDC148,protein_coding,Bruggeman2018_GC,True,True,True,True,False,False
ENSG00000153347,ENSG00000153347,FAM81B,protein_coding,Chang2019_TGCT;Gong2021_reproductive_PC;Jamin2021_CT;Loriot2025_S2;Wang2016_CT,True,True,True,True,False,False
ENSG00000153363,ENSG00000153363,LINC00467,lncRNA,Jamin2021_CT,True,True,False,False,False,False
ENSG00000153495,ENSG00000153495,TEX29,protein_coding,Chang2019_TGCT;Wang2016_CT,True,True,True,True,False,False
ENSG00000153498,ENSG00000153498,SPACA7,protein_coding,Chang2019_TGCT;Gong2021_reproductive_PC;daSilva2017_testis_biased,True,True,True,True,True,True
ENSG00000153684,ENSG00000153684,GOLGA8F,protein_coding,Gong2021_reproductive_PC,True,True,True,True,True,False
ENSG00000153721,ENSG00000153721,CNKSR3,protein_coding,Bruggeman2018_GC,True,True,True,True,False,False
ENSG00000153779,ENSG00000153779,TGIF2LX,protein_coding,CTexploreR_CT;Carter2023_CT;Chang2019_TGCT;Gong2021_reproductive_PC;Loriot2025_S1;Wang2016_CT;daSilva2017;daSilva2017_CT;daSilva2017_testis_biased,True,True,True,True,True,True
ENSG00000153790,ENSG00000153790,SPMIP4,protein_coding,Chang2019_TGCT;Wang2016_CT,True,True,True,True,False,False
ENSG00000153898,ENSG00000153898,MCOLN2,protein_coding,Jamin2021_CT,True,True,True,True,False,False
ENSG00000153982,ENSG00000153982,GDPD1,protein_coding,Jamin2021_CT,True,True,True,True,False,False
ENSG00000154007,ENSG00000154007,ASB17,protein_coding,Chang2019_TGCT;Gong2021_reproductive_PC;Wang2016_CT;daSilva2017_CT;daSilva2017_testis_biased,True,True,True,True,True,True
ENSG00000154040,ENSG00000154040,CABYR,protein_coding,CTpedia;Chang2019_TGCT;Gong2021_reproductive_PC;Wang2016_CT;daSilva2017;daSilva2017_CT;daSilva2017_testis_biased,True,True,True,True,False,False
ENSG00000154059,ENSG00000154059,IMPACT,protein_coding,Jamin2021_CT,True,True,True,True,False,False
ENSG00000154099,ENSG00000154099,DNAAF1,protein_coding,Chang2019_TGCT;Wang2016_CT,True,True,True,True,False,False
ENSG00000154114,ENSG00000154114,TBCEL,protein_coding,Jamin2021_CT,True,True,True,True,False,False
ENSG00000154143,ENSG00000154143,PANX3,protein_coding,Wang2016_CT;daSilva2017_CT;daSilva2017_testis_biased,True,True,True,True,True,False
ENSG00000154227,ENSG00000154227,CERS3,protein_coding,daSilva2017_CT;daSilva2017_protein;daSilva2017_testis_biased;daSilva2017_tumor_proteomics,True,True,True,True,False,False
ENSG00000154438,ENSG00000154438,ASZ1,protein_coding,Chang2019_TGCT;Gong2021_reproductive_PC;Wang2016_CT;daSilva2017_CT;daSilva2017_testis_biased,True,True,True,True,True,True
ENSG00000154479,ENSG00000154479,CFAP210,protein_coding,Bruggeman2018_GC;Chang2019_TGCT;Wang2016_CT,True,True,True,True,False,False
ENSG00000154548,ENSG00000154548,SRSF12,protein_coding,Chang2019_TGCT;Wang2016_CT,True,True,True,True,False,False
ENSG00000154611,ENSG00000154611,PSMA8,protein_coding,Chang2019_TGCT;Gong2021_reproductive_PC;Loriot2025_S2;Wang2016_CT;daSilva2017_CT;daSilva2017_testis_biased,True,True,True,True,False,False
ENSG00000154645,ENSG00000154645,CHODL,protein_coding,Chang2019_TGCT;Wang2016_CT,True,True,True,True,False,False
ENSG00000154655,ENSG00000154655,L3MBTL4,protein_coding,Bruggeman2018_GC,True,True,True,True,False,False
ENSG00000154710,ENSG00000154710,RABGEF1,protein_coding,Bruggeman2018_GC,True,True,True,True,False,False
ENSG00000154727,ENSG00000154727,GABPA,protein_coding,Jamin2021_CT,True,True,True,True,False,False
ENSG00000154764,ENSG00000154764,WNT7A,protein_coding,Bruggeman2018_GC,True,True,True,True,False,False
ENSG00000154839,ENSG00000154839,SKA1,protein_coding,Bruggeman2018_GC,True,True,True,True,False,False
ENSG00000154920,ENSG00000154920,EME1,protein_coding,Bruggeman2018_GC;Chang2019_TGCT;Wang2016_CT,True,True,True,True,False,False
ENSG00000154928,ENSG00000154928,EPHB1,protein_coding,Jamin2021_CT,True,True,True,True,False,False
ENSG00000154997,ENSG00000154997,SEPTIN14,protein_coding,Chang2019_TGCT;Gong2021_reproductive_PC;Wang2016_CT,True,True,True,True,False,False
ENSG00000155026,ENSG00000155026,RSPH10B,protein_coding,Jamin2021_CT,True,True,True,True,False,False
ENSG00000155085,ENSG00000155085,AK9,protein_coding,Bruggeman2018_GC;Jamin2021_CT,True,True,True,True,False,False
ENSG00000155087,ENSG00000155087,ODF1,protein_coding,CTpedia;Chang2019_TGCT;Gong2021_reproductive_PC;daSilva2017;daSilva2017_CT;daSilva2017_protein;daSilva2017_testis_biased;daSilva2017_tumor_proteomics,True,True,True,True,True,True
ENSG00000155249,ENSG00000155249,OR4K1,protein_coding,daSilva2017_testis_biased,True,True,True,True,True,False
ENSG00000155313,ENSG00000155313,USP25,protein_coding,Jamin2021_CT,True,True,True,True,False,False
ENSG00000155330,ENSG00000155330,C16orf87,protein_coding,Bruggeman2018_GC,True,True,True,True,False,False
ENSG00000155367,ENSG00000155367,PPM1J,protein_coding,Chang2019_TGCT;Wang2016_CT,True,True,True,True,False,False
ENSG00000155495,ENSG00000155495,MAGEC1,protein_coding,CTexploreR_CT;CTpedia;Carter2023_CT;Chang2019_TGCT;Gong2021_reproductive_PC;Loriot2025_S1;Wang2016_CT;daSilva2017;daSilva2017_CT;daSilva2017_protein;daSilva2017_testis_biased;daSilva2017_tumor_proteomics,True,True,True,True,True,True
ENSG00000155530,ENSG00000155530,LRGUK,protein_coding,Chang2019_TGCT;Wang2016_CT,True,True,True,True,False,False
ENSG00000155592,ENSG00000155592,ZKSCAN2,protein_coding,Bruggeman2018_GC,True,True,True,True,False,False
ENSG00000155621,ENSG00000155621,C9orf85,protein_coding,Bruggeman2018_GC,True,True,True,True,False,False
ENSG00000155622,ENSG00000155622,XAGE2,protein_coding,CTpedia;Gong2021_placenta_PC;Gong2021_reproductive_PC,True,True,True,True,True,True
ENSG00000155714,ENSG00000155714,PDZD9,protein_coding,Chang2019_TGCT;Wang2016_CT;daSilva2017_CT;daSilva2017_testis_biased,True,True,True,True,False,False
ENSG00000155719,ENSG00000155719,OTOA,protein_coding,Chang2019_TGCT;Wang2016_CT,True,True,True,True,False,False
ENSG00000155749,ENSG00000155749,FLACC1,protein_coding,Chang2019_TGCT;Wang2016_CT,True,True,True,True,False,False
ENSG00000155754,ENSG00000155754,C2CD6,protein_coding,Chang2019_TGCT;Loriot2025_S2;Wang2016_CT;daSilva2017_CT;daSilva2017_testis_biased,True,True,True,True,True,True
ENSG00000155833,ENSG00000155833,CYLC2,protein_coding,Chang2019_TGCT;Gong2021_reproductive_PC;daSilva2017_testis_biased,True,True,True,True,True,True
ENSG00000155875,ENSG00000155875,SAXO1,protein_coding,Chang2019_TGCT;Gong2021_reproductive_PC;Wang2016_CT;daSilva2017_CT;daSilva2017_testis_biased,True,True,True,True,False,False
ENSG00000155890,ENSG00000155890,TRIM42,protein_coding,Chang2019_TGCT;Gong2021_reproductive_PC;Wang2016_CT;daSilva2017_testis_biased,True,True,True,True,True,True
ENSG00000156009,ENSG00000156009,MAGEA8,protein_coding,CTexploreR_CT;CTpedia;Chang2019_TGCT;Gong2021_placenta_PC;Gong2021_reproductive_PC;Loriot2025_S1;Wang2016_CT;daSilva2017;daSilva2017_CT;daSilva2017_testis_biased,True,True,True,True,True,True
ENSG00000156042,ENSG00000156042,CFAP70,protein_coding,Jamin2021_CT,True,True,True,True,False,False
ENSG00000156172,ENSG00000156172,CFAP418,protein_coding,Bruggeman2018_GC,True,True,True,True,False,False
ENSG00000156194,ENSG00000156194,PPEF2,protein_coding,daSilva2017_CT;daSilva2017_testis_biased,True,True,True,True,False,False
ENSG00000156269,ENSG00000156269,NAA11,protein_coding,CTexploreR_CTP;Carter2023_CT;Chang2019_TGCT;Loriot2025_S2;Wang2016_CT;daSilva2017;daSilva2017_CT;daSilva2017_protein;daSilva2017_testis_biased;daSilva2017_tumor_proteomics,True,True,True,True,True,True
ENSG00000156273,ENSG00000156273,BACH1,protein_coding,Jamin2021_CT,True,True,True,True,False,False
ENSG00000156313,ENSG00000156313,RPGR,protein_coding,Jamin2021_CT,True,True,True,True,False,False
ENSG00000156384,ENSG00000156384,SFR1,protein_coding,Jamin2021_CT,True,True,True,True,False,False
ENSG00000156466,ENSG00000156466,GDF6,protein_coding,Bruggeman2018_GC,True,True,True,True,False,False
ENSG00000156500,ENSG00000156500,PABIR3,protein_coding,Bruggeman2018_GC,True,True,True,True,False,False
ENSG00000156509,ENSG00000156509,FBXO43,protein_coding,Chang2019_TGCT;Jamin2021_CT;Wang2016_CT,True,True,True,True,True,True
ENSG00000156876,ENSG00000156876,SASS6,protein_coding,Jamin2021_CT,True,True,True,True,False,False
ENSG00000156970,ENSG00000156970,BUB1B,protein_coding,Chang2019_TGCT;Wang2016_CT,True,True,True,True,False,False
ENSG00000157014,ENSG00000157014,TATDN2,protein_coding,Bruggeman2018_GC,True,True,True,True,False,False
ENSG00000157060,ENSG00000157060,SHCBP1L,protein_coding,Carter2023_CT;Chang2019_TGCT;Gong2021_reproductive_PC;Wang2016_CT;daSilva2017_CT;daSilva2017_testis_biased,True,True,True,True,False,False
ENSG00000157093,ENSG00000157093,LYZL4,protein_coding,Chang2019_TGCT;Gong2021_reproductive_PC;Wang2016_CT;daSilva2017_CT;daSilva2017_testis_biased,True,True,True,True,True,True
ENSG00000157168,ENSG00000157168,NRG1,protein_coding,Bruggeman2018_GC,True,True,True,True,False,False
ENSG00000157322,ENSG00000157322,CLEC18A,protein_coding,Jamin2021_CT,True,True,True,True,False,False
ENSG00000157330,ENSG00000157330,CFAP107,protein_coding,Chang2019_TGCT;Gong2021_reproductive_PC;Wang2016_CT;daSilva2017_CT;daSilva2017_testis_biased,True,True,True,True,False,False
ENSG00000157343,ENSG00000157343,ARMC12,protein_coding,Chang2019_TGCT;Wang2016_CT,True,True,True,True,False,False
ENSG00000157423,ENSG00000157423,HYDIN,protein_coding,Jamin2021_CT,True,True,True,True,False,False
ENSG00000157429,ENSG00000157429,ZNF19,protein_coding,Bruggeman2018_GC,True,True,True,True,False,False
ENSG00000157445,ENSG00000157445,CACNA2D3,protein_coding,Jamin2021_CT,True,True,True,True,False,False
ENSG00000157456,ENSG00000157456,CCNB2,protein_coding,Chang2019_TGCT;Wang2016_CT,True,True,True,True,False,False
ENSG00000157578,ENSG00000157578,LCA5L,protein_coding,Bruggeman2018_GC;Chang2019_TGCT;Jamin2021_CT;Wang2016_CT;daSilva2017_CT;daSilva2017_testis_biased,True,True,True,True,False,False
ENSG00000157653,ENSG00000157653,C9orf43,protein_coding,Chang2019_TGCT;Gong2021_reproductive_PC;Wang2016_CT;daSilva2017_CT;daSilva2017_testis_biased,True,True,True,True,False,False
ENSG00000157703,ENSG00000157703,SVOPL,protein_coding,Bruggeman2018_GC,True,True,True,True,False,False
ENSG00000157884,ENSG00000157884,CIB4,protein_coding,Chang2019_TGCT;Wang2016_CT;daSilva2017_CT;daSilva2017_testis_biased,True,True,True,True,False,False
ENSG00000158402,ENSG00000158402,CDC25C,protein_coding,Bruggeman2018_GC;Chang2019_TGCT;Jamin2021_CT;Jamin2021_core;Wang2016_CT,True,True,True,True,False,False
ENSG00000158423,ENSG00000158423,RIBC1,protein_coding,Chang2019_TGCT;Wang2016_CT,True,True,True,True,False,False
ENSG00000158497,ENSG00000158497,HMHB1,protein_coding,daSilva2017_CT;daSilva2017_testis_biased,True,True,True,True,False,False
ENSG00000158525,ENSG00000158525,CPA5,protein_coding,Chang2019_TGCT;Gong2021_reproductive_PC;Loriot2025_S2;Wang2016_CT;daSilva2017_CT;daSilva2017_testis_biased,True,True,True,True,False,False
ENSG00000158553,ENSG00000158553,POM121L2,protein_coding,Chang2019_TGCT;Gong2021_reproductive_PC;Wang2016_CT;daSilva2017_CT;daSilva2017_testis_biased,True,True,True,True,True,True
ENSG00000158639,ENSG00000158639,PAGE5,protein_coding,CTexploreR_CT;CTpedia;Carter2023_CT;Chang2019_TGCT;Gong2021_reproductive_PC;Loriot2025_S1;Wang2016_CT;daSilva2017;daSilva2017_CT;daSilva2017_testis_biased,True,True,True,True,True,True
ENSG00000158683,ENSG00000158683,PKD1L1,protein_coding,Bruggeman2018_GC,True,True,True,True,False,False
ENSG00000158769,ENSG00000158769,F11R,protein_coding,Bruggeman2018_GC,True,True,True,True,False,False
ENSG00000158987,ENSG00000158987,RAPGEF6,protein_coding,Bruggeman2018_GC,True,True,True,True,False,False
ENSG00000159079,ENSG00000159079,CFAP298,protein_coding,Bruggeman2018_GC,True,True,True,True,False,False
ENSG00000159082,ENSG00000159082,SYNJ1,protein_coding,Jamin2021_CT,True,True,True,True,False,False
ENSG00000159131,ENSG00000159131,GART,protein_coding,Jamin2021_CT,True,True,True,True,False,False
ENSG00000159217,ENSG00000159217,IGF2BP1,protein_coding,Bruggeman2018_GC;Chang2019_TGCT;Wang2016_CT;daSilva2017_CT;daSilva2017_protein;daSilva2017_testis_biased;daSilva2017_tumor_proteomics,True,True,True,True,False,False
ENSG00000159224,ENSG00000159224,GIP,protein_coding,Wang2016_CT;daSilva2017_CT;daSilva2017_testis_biased,True,True,True,True,False,False
ENSG00000159247,ENSG00000159247,TUBBP5,transcribed_unprocessed_pseudogene,Jamin2021_CT,True,True,False,False,False,False
ENSG00000159289,ENSG00000159289,GOLGA6A,protein_coding,Chang2019_TGCT;Gong2021_reproductive_PC;Wang2016_CT;daSilva2017_CT;daSilva2017_protein;daSilva2017_testis_biased;daSilva2017_tumor_proteomics,True,True,True,True,True,True
ENSG00000159374,ENSG00000159374,M1AP,protein_coding,Bruggeman2018_GC;Chang2019_TGCT;Wang2016_CT,True,True,True,True,False,False
ENSG00000159495,ENSG00000159495,TGM7,protein_coding,Chang2019_TGCT;Wang2016_CT;daSilva2017_CT;daSilva2017_testis_biased,True,True,True,True,False,False
ENSG00000159625,ENSG00000159625,DRC7,protein_coding,Chang2019_TGCT;Gong2021_reproductive_PC;Wang2016_CT,True,True,True,True,False,False
ENSG00000159708,ENSG00000159708,LRRC36,protein_coding,CTexploreR_CTP;Loriot2025_S2,True,True,True,True,True,True
ENSG00000159761,ENSG00000159761,C16orf86,protein_coding,Chang2019_TGCT;Wang2016_CT,True,True,True,True,False,False
ENSG00000159882,ENSG00000159882,ZNF230,protein_coding,Bruggeman2018_GC,True,True,True,True,False,False
ENSG00000159905,ENSG00000159905,ZNF221,protein_coding,Bruggeman2018_GC,True,True,True,True,False,False
ENSG00000159915,ENSG00000159915,ZNF233,protein_coding,Bruggeman2018_GC,True,True,True,True,False,False
ENSG00000160062,ENSG00000160062,ZBTB8A,protein_coding,Bruggeman2018_GC,True,True,True,True,False,False
ENSG00000160161,ENSG00000160161,CILP2,protein_coding,Bruggeman2018_GC,True,True,True,True,False,False
ENSG00000160207,ENSG00000160207,HSF2BP,protein_coding,Chang2019_TGCT;Wang2016_CT,True,True,True,True,False,False
ENSG00000160318,ENSG00000160318,CLDND2,protein_coding,Chang2019_TGCT;Wang2016_CT,True,True,True,True,False,False
ENSG00000160321,ENSG00000160321,ZNF208,protein_coding,Bruggeman2018_GC,True,True,True,True,False,False
ENSG00000160352,ENSG00000160352,ZNF714,protein_coding,Bruggeman2018_GC,True,True,True,True,False,False
ENSG00000160396,ENSG00000160396,HIPK4,protein_coding,Chang2019_TGCT;Wang2016_CT,True,True,True,True,False,False
ENSG00000160471,ENSG00000160471,COX6B2,protein_coding,Chang2019_TGCT;Gong2021_reproductive_PC;Wang2016_CT,True,True,True,True,False,False
ENSG00000160505,ENSG00000160505,NLRP4,protein_coding,Carter2023_CT;Chang2019_TGCT;Gong2021_reproductive_PC;Loriot2025_S1;Wang2016_CT;daSilva2017_CT;daSilva2017_testis_biased,True,True,True,True,False,False
ENSG00000160838,ENSG00000160838,LRRC71,protein_coding,Chang2019_TGCT;Loriot2025_S2;Wang2016_CT,True,True,True,True,False,False
ENSG00000160882,ENSG00000160882,CYP11B1,protein_coding,daSilva2017_CT;daSilva2017_protein;daSilva2017_testis_biased;daSilva2017_tumor_proteomics,True,True,True,True,False,False
ENSG00000160886,ENSG00000160886,LY6K,protein_coding,Chang2019_TGCT;Wang2016_CT,True,True,True,True,False,False
ENSG00000160994,ENSG00000160994,TEKTL1,protein_coding,Chang2019_TGCT;Gong2021_reproductive_PC;daSilva2017_CT;daSilva2017_testis_biased,True,True,True,True,False,False
ENSG00000161036,ENSG00000161036,LRWD1,protein_coding,Chang2019_TGCT;Wang2016_CT,True,True,True,True,False,False
ENSG00000161040,ENSG00000161040,FBXL13,protein_coding,Chang2019_TGCT;Wang2016_CT,True,True,True,True,False,False
ENSG00000161103,ENSG00000161103,POM121L15P,transcribed_processed_pseudogene,Chang2019_TGCT,True,True,False,False,False,False
ENSG00000161180,ENSG00000161180,CCDC116,protein_coding,Chang2019_TGCT;Wang2016_CT,True,True,True,True,True,True
ENSG00000161217,ENSG00000161217,PCYT1A,protein_coding,Jamin2021_CT,True,True,True,True,False,False
ENSG00000161405,ENSG00000161405,IKZF3,protein_coding,Bruggeman2018_GC,True,True,True,True,False,False
ENSG00000161594,ENSG00000161594,KLHL10,protein_coding,Chang2019_TGCT;Gong2021_reproductive_PC;Wang2016_CT;daSilva2017_CT;daSilva2017_testis_biased,True,True,True,True,True,True
ENSG00000161609,ENSG00000161609,KASH5,protein_coding,Chang2019_TGCT;Gong2021_reproductive_PC;Wang2016_CT;daSilva2017_CT;daSilva2017_protein;daSilva2017_testis_biased;daSilva2017_tumor_proteomics,True,True,True,True,False,False
ENSG00000161652,ENSG00000161652,IZUMO2,protein_coding,Chang2019_TGCT;Gong2021_reproductive_PC;Wang2016_CT;daSilva2017_CT;daSilva2017_testis_biased,True,True,True,True,True,True
ENSG00000161654,ENSG00000161654,LSM12,protein_coding,Bruggeman2018_GC,True,True,True,True,False,False
ENSG00000161798,ENSG00000161798,AQP5,protein_coding,Chang2019_TGCT;Wang2016_CT,True,True,True,True,False,False
ENSG00000161850,ENSG00000161850,KRT82,protein_coding,daSilva2017_CT;daSilva2017_testis_biased,True,True,True,True,False,False
ENSG00000161860,ENSG00000161860,SYCE2,protein_coding,CTpedia;Chang2019_TGCT;Wang2016_CT;daSilva2017;daSilva2017_CT;daSilva2017_testis_biased,True,True,True,True,True,True
ENSG00000161973,ENSG00000161973,CCDC42,protein_coding,CTpedia;Chang2019_TGCT;Gong2021_reproductive_PC;Wang2016_CT;daSilva2017;daSilva2017_CT;daSilva2017_testis_biased,True,True,True,True,True,True
ENSG00000162039,ENSG00000162039,MEIOB,protein_coding,CTexploreR_CT;CTpedia;Chang2019_TGCT;Gong2021_reproductive_PC;Loriot2025_S1;Wang2016_CT;daSilva2017;daSilva2017_CT;daSilva2017_protein;daSilva2017_testis_biased;daSilva2017_tumor_proteomics,True,True,True,True,True,True
ENSG00000162062,ENSG00000162062,TEDC2,protein_coding,Bruggeman2018_GC,True,True,True,True,False,False
ENSG00000162129,ENSG00000162129,CLPB,protein_coding,Chang2019_TGCT;Wang2016_CT,True,True,True,True,False,False
ENSG00000162148,ENSG00000162148,SAXO4,protein_coding,Chang2019_TGCT;Wang2016_CT,True,True,True,True,False,False
ENSG00000162300,ENSG00000162300,ZFPL1,protein_coding,Jamin2021_CT,True,True,True,True,False,False
ENSG00000162526,ENSG00000162526,TSSK3,protein_coding,Bruggeman2018_GC,True,True,True,True,False,False
ENSG00000162543,ENSG00000162543,UBXN10,protein_coding,Jamin2021_CT,True,True,True,True,False,False
ENSG00000162571,ENSG00000162571,TTLL10,protein_coding,Chang2019_TGCT;Gong2021_reproductive_PC;Loriot2025_S2;Wang2016_CT,True,True,True,True,False,False
ENSG00000162592,ENSG00000162592,CCDC27,protein_coding,Carter2023_CT;Chang2019_TGCT;Gong2021_reproductive_PC;Wang2016_CT;daSilva2017_CT;daSilva2017_testis_biased,True,True,True,True,True,True
ENSG00000162620,ENSG00000162620,LRRIQ3,protein_coding,Chang2019_TGCT;Loriot2025_S2;Wang2016_CT,True,True,True,True,False,False
ENSG00000162624,ENSG00000162624,LHX8,protein_coding,Wang2016_CT,True,True,True,True,False,False
ENSG00000162639,ENSG00000162639,HENMT1,protein_coding,Chang2019_TGCT;Wang2016_CT,True,True,True,True,False,False
ENSG00000162641,ENSG00000162641,AKNAD1,protein_coding,CTexploreR_CTP;Loriot2025_S2;daSilva2017;daSilva2017_CT;daSilva2017_testis_biased,True,True,True,True,True,True
ENSG00000162753,ENSG00000162753,SLC9C2,protein_coding,Chang2019_TGCT;Wang2016_CT,True,True,True,True,False,False
ENSG00000162763,ENSG00000162763,LRRC52,protein_coding,Chang2019_TGCT;Gong2021_reproductive_PC;Wang2016_CT;daSilva2017_CT;daSilva2017_testis_biased,True,True,True,True,False,False
ENSG00000162771,ENSG00000162771,GARIN4,protein_coding,Chang2019_TGCT;Gong2021_reproductive_PC;Wang2016_CT;daSilva2017_CT;daSilva2017_protein;daSilva2017_testis_biased,True,True,True,True,True,True
ENSG00000162779,ENSG00000162779,AXDND1,protein_coding,CTexploreR_CTP;Chang2019_TGCT;Loriot2025_S2;Wang2016_CT;daSilva2017_CT;daSilva2017_protein;daSilva2017_testis_biased;daSilva2017_tumor_proteomics,True,True,True,True,False,False
ENSG00000162782,ENSG00000162782,TDRD5,protein_coding,Bruggeman2018_GC;Chang2019_TGCT;Wang2016_CT,True,True,True,True,False,False
ENSG00000162814,ENSG00000162814,SPATA17,protein_coding,Chang2019_TGCT;Jamin2021_CT;Loriot2025_S2;Wang2016_CT;daSilva2017_CT;daSilva2017_testis_biased,True,True,True,True,False,False
ENSG00000162843,ENSG00000162843,WDR64,protein_coding,CTexploreR_CT;Chang2019_TGCT;Gong2021_reproductive_PC;Loriot2025_S1;Wang2016_CT;daSilva2017;daSilva2017_CT;daSilva2017_testis_biased,True,True,True,True,True,True
ENSG00000162852,ENSG00000162852,CNST,protein_coding,Jamin2021_CT,True,True,True,True,False,False
ENSG00000162928,ENSG00000162928,PEX13,protein_coding,Jamin2021_CT,True,True,True,True,False,False
ENSG00000162931,ENSG00000162931,TRIM17,protein_coding,Chang2019_TGCT;Wang2016_CT,True,True,True,True,False,False
ENSG00000162994,ENSG00000162994,CLHC1,protein_coding,Jamin2021_CT,True,True,True,True,False,False
ENSG00000162999,ENSG00000162999,DUSP19,protein_coding,Bruggeman2018_GC,True,True,True,True,False,False
ENSG00000163006,ENSG00000163006,CCDC138,protein_coding,Bruggeman2018_GC;Jamin2021_CT;Jamin2021_core,True,True,True,True,False,False
ENSG00000163012,ENSG00000163012,ZSWIM2,protein_coding,Chang2019_TGCT;Wang2016_CT;daSilva2017_CT;daSilva2017_testis_biased,True,True,True,True,True,True
ENSG00000163060,ENSG00000163060,TEKT4,protein_coding,Chang2019_TGCT;Wang2016_CT,True,True,True,True,False,False
ENSG00000163098,ENSG00000163098,BIRC8,transcribed_processed_pseudogene,Chang2019_TGCT;Gong2021_reproductive_PC;Wang2016_CT,True,True,False,False,False,False
ENSG00000163114,ENSG00000163114,PDHA2,protein_coding,Chang2019_TGCT;Gong2021_reproductive_PC;Wang2016_CT;daSilva2017_protein;daSilva2017_testis_biased;daSilva2017_tumor_proteomics,True,True,True,True,True,True
ENSG00000163206,ENSG00000163206,SMCP,protein_coding,Chang2019_TGCT;Gong2021_reproductive_PC;Wang2016_CT;daSilva2017_CT;daSilva2017_testis_biased,True,True,True,True,True,True
ENSG00000163239,ENSG00000163239,TDRD10,protein_coding,Chang2019_TGCT;Wang2016_CT,True,True,True,True,False,False
ENSG00000163254,ENSG00000163254,CRYGC,protein_coding,Chang2019_TGCT;Gong2021_reproductive_PC;Wang2016_CT;daSilva2017_CT;daSilva2017_testis_biased,True,True,True,True,False,False
ENSG00000163263,ENSG00000163263,CFAP141,protein_coding,Chang2019_TGCT;Gong2021_reproductive_PC;Wang2016_CT,True,True,True,True,False,False
ENSG00000163283,ENSG00000163283,ALPP,protein_coding,Gong2021_placenta_PC;Gong2021_reproductive_PC,True,True,True,True,False,False
ENSG00000163286,ENSG00000163286,ALPG,protein_coding,Gong2021_placenta_PC;Gong2021_reproductive_PC,True,True,True,True,False,False
ENSG00000163312,ENSG00000163312,HELQ,protein_coding,Jamin2021_CT,True,True,True,True,False,False
ENSG00000163322,ENSG00000163322,ABRAXAS1,protein_coding,Bruggeman2018_GC;Jamin2021_CT,True,True,True,True,False,False
ENSG00000163357,ENSG00000163357,DCST1,protein_coding,Chang2019_TGCT;Wang2016_CT;daSilva2017_CT;daSilva2017_testis_biased,True,True,True,True,False,False
ENSG00000163376,ENSG00000163376,KBTBD8,protein_coding,Jamin2021_CT,True,True,True,True,False,False
ENSG00000163421,ENSG00000163421,PROK2,protein_coding,Jamin2021_CT,True,True,True,True,False,False
ENSG00000163424,ENSG00000163424,TEX55,protein_coding,Chang2019_TGCT;Gong2021_reproductive_PC;Wang2016_CT;daSilva2017_CT;daSilva2017_testis_biased,True,True,True,True,False,False
ENSG00000163440,ENSG00000163440,PDCL2,protein_coding,Carter2023_CT;Chang2019_TGCT;Gong2021_reproductive_PC;Wang2016_CT;daSilva2017_CT;daSilva2017_testis_biased,True,True,True,True,True,True
ENSG00000163467,ENSG00000163467,TSACC,protein_coding,Chang2019_TGCT;Gong2021_reproductive_PC;Wang2016_CT;daSilva2017_CT;daSilva2017_testis_biased,True,True,True,True,True,True
ENSG00000163491,ENSG00000163491,NEK10,protein_coding,Chang2019_TGCT;Wang2016_CT,True,True,True,True,False,False
ENSG00000163507,ENSG00000163507,CIP2A,protein_coding,Bruggeman2018_GC,True,True,True,True,False,False
ENSG00000163512,ENSG00000163512,AZI2,protein_coding,Jamin2021_CT,True,True,True,True,False,False
ENSG00000163527,ENSG00000163527,STT3B,protein_coding,Jamin2021_CT;Jamin2021_core,True,True,True,True,False,False
ENSG00000163530,ENSG00000163530,DPPA2,protein_coding,Bruggeman2018_GC;CTexploreR_CT;CTpedia;Carter2023_CT;Chang2019_TGCT;Gong2021_reproductive_PC;Loriot2025_S1;Wang2016_CT;daSilva2017;daSilva2017_CT;daSilva2017_protein;daSilva2017_testis_biased;daSilva2017_tumor_proteomics,True,True,True,True,True,True
ENSG00000163535,ENSG00000163535,SGO2,protein_coding,Bruggeman2018_GC;Chang2019_TGCT;Wang2016_CT,True,True,True,True,False,False
ENSG00000163554,ENSG00000163554,SPTA1,protein_coding,Bruggeman2018_GC,True,True,True,True,False,False
ENSG00000163645,ENSG00000163645,ERICH6,protein_coding,Chang2019_TGCT;Gong2021_reproductive_PC;Wang2016_CT;daSilva2017_CT;daSilva2017_testis_biased,True,True,True,True,True,True
ENSG00000163646,ENSG00000163646,CLRN1,protein_coding,daSilva2017_CT;daSilva2017_testis_biased,True,True,True,True,False,False
ENSG00000163684,ENSG00000163684,RPP14,protein_coding,Bruggeman2018_GC,True,True,True,True,False,False
ENSG00000163689,ENSG00000163689,CFAP20DC,protein_coding,Bruggeman2018_GC,True,True,True,True,False,False
ENSG00000163705,ENSG00000163705,FANCD2OS,protein_coding,Chang2019_TGCT;Gong2021_reproductive_PC;Wang2016_CT;daSilva2017_CT;daSilva2017_testis_biased,True,True,True,True,True,True
ENSG00000163746,ENSG00000163746,PLSCR2,protein_coding,Chang2019_TGCT;Gong2021_reproductive_PC;Wang2016_CT,True,True,True,True,False,False
ENSG00000163749,ENSG00000163749,CCDC158,protein_coding,Chang2019_TGCT;Wang2016_CT,True,True,True,True,True,True
ENSG00000163793,ENSG00000163793,DNAJC5G,protein_coding,Chang2019_TGCT;Loriot2025_S2;Wang2016_CT,True,True,True,True,False,False
ENSG00000163806,ENSG00000163806,SPDYA,protein_coding,Chang2019_TGCT;Wang2016_CT,True,True,True,True,True,True
ENSG00000163808,ENSG00000163808,KIF15,protein_coding,Bruggeman2018_GC;Chang2019_TGCT;Wang2016_CT,True,True,True,True,False,False
ENSG00000163867,ENSG00000163867,ZMYM6,protein_coding,Jamin2021_CT,True,True,True,True,False,False
ENSG00000163879,ENSG00000163879,DNALI1,protein_coding,Chang2019_TGCT;Wang2016_CT,True,True,True,True,False,False
ENSG00000163885,ENSG00000163885,CFAP100,protein_coding,Chang2019_TGCT;Wang2016_CT,True,True,True,True,False,False
ENSG00000163923,ENSG00000163923,RPL39L,protein_coding,Chang2019_TGCT;Wang2016_CT,True,True,True,True,False,False
ENSG00000163958,ENSG00000163958,ZDHHC19,protein_coding,Chang2019_TGCT;Wang2016_CT;daSilva2017_CT;daSilva2017_testis_biased,True,True,True,True,True,True
ENSG00000164023,ENSG00000164023,SGMS2,protein_coding,Jamin2021_CT,True,True,True,True,False,False
ENSG00000164037,ENSG00000164037,SLC9B1,protein_coding,Chang2019_TGCT;Wang2016_CT;daSilva2017_CT;daSilva2017_testis_biased,True,True,True,True,False,False
ENSG00000164045,ENSG00000164045,CDC25A,protein_coding,Bruggeman2018_GC;Chang2019_TGCT;Jamin2021_CT;Wang2016_CT,True,True,True,True,False,False
ENSG00000164070,ENSG00000164070,HSPA4L,protein_coding,Chang2019_TGCT;Wang2016_CT,True,True,True,True,False,False
ENSG00000164113,ENSG00000164113,ADAD1,protein_coding,CTpedia;Chang2019_TGCT;Gong2021_reproductive_PC;Wang2016_CT;daSilva2017;daSilva2017_testis_biased,True,True,True,True,True,True
ENSG00000164123,ENSG00000164123,SPMIP2,protein_coding,Chang2019_TGCT;Gong2021_reproductive_PC;daSilva2017_CT;daSilva2017_testis_biased,True,True,True,True,True,True
ENSG00000164175,ENSG00000164175,SLC45A2,protein_coding,Bruggeman2018_GC,True,True,True,True,False,False
ENSG00000164220,ENSG00000164220,F2RL2,protein_coding,Bruggeman2018_GC,True,True,True,True,False,False
ENSG00000164241,ENSG00000164241,C5orf63,protein_coding,Bruggeman2018_GC,True,True,True,True,False,False
ENSG00000164256,ENSG00000164256,PRDM9,protein_coding,Chang2019_TGCT;Gong2021_reproductive_PC;Loriot2025_S1;Wang2016_CT;daSilva2017_CT;daSilva2017_testis_biased,True,True,True,True,False,False
ENSG00000164287,ENSG00000164287,CDC20B,protein_coding,Jamin2021_CT;daSilva2017_CT;daSilva2017_testis_biased,True,True,True,True,False,False
ENSG00000164299,ENSG00000164299,SPZ1,protein_coding,Chang2019_TGCT;Gong2021_reproductive_PC;Wang2016_CT;daSilva2017_CT;daSilva2017_testis_biased,True,True,True,True,True,True
ENSG00000164304,ENSG00000164304,CAGE1,protein_coding,CTpedia;Chang2019_TGCT;Gong2021_reproductive_PC;Wang2016_CT;daSilva2017;daSilva2017_CT;daSilva2017_testis_biased,True,True,True,True,True,True
ENSG00000164334,ENSG00000164334,FAM170A,protein_coding,Chang2019_TGCT;Gong2021_reproductive_PC;Wang2016_CT;daSilva2017_CT;daSilva2017_testis_biased,True,True,True,True,True,True
ENSG00000164399,ENSG00000164399,IL3,protein_coding,daSilva2017_testis_biased,True,True,True,True,True,False
ENSG00000164404,ENSG00000164404,GDF9,protein_coding,Chang2019_TGCT;Wang2016_CT,True,True,True,True,False,False
ENSG00000164414,ENSG00000164414,SLC35A1,protein_coding,Bruggeman2018_GC,True,True,True,True,False,False
ENSG00000164451,ENSG00000164451,CALHM4,protein_coding,celltype_germline_candidate;daSilva2017_CT;daSilva2017_testis_biased,True,True,True,True,False,False
ENSG00000164483,ENSG00000164483,SAMD3,protein_coding,Bruggeman2018_GC,True,True,True,True,False,False
ENSG00000164500,ENSG00000164500,SPMIP7,protein_coding,Chang2019_TGCT;Gong2021_reproductive_PC;Wang2016_CT;daSilva2017_CT;daSilva2017_testis_biased,True,True,True,True,True,True
ENSG00000164506,ENSG00000164506,STXBP5,protein_coding,Jamin2021_CT,True,True,True,True,False,False
ENSG00000164508,ENSG00000164508,H2AC1,protein_coding,Chang2019_TGCT;daSilva2017_testis_biased,True,True,True,False,False,False
ENSG00000164512,ENSG00000164512,ANKRD55,protein_coding,Chang2019_TGCT;Wang2016_CT,True,True,True,True,False,False
ENSG00000164542,ENSG00000164542,MATCAP2,protein_coding,Jamin2021_CT,True,True,True,True,False,False
ENSG00000164556,ENSG00000164556,CFAP144P1,protein_coding,Chang2019_TGCT,True,True,True,True,False,False
ENSG00000164611,ENSG00000164611,PTTG1,protein_coding,Chang2019_TGCT;Wang2016_CT,True,True,True,True,False,False
ENSG00000164627,ENSG00000164627,KIF6,protein_coding,Bruggeman2018_GC,True,True,True,True,False,False
ENSG00000164645,ENSG00000164645,TEX47,protein_coding,Chang2019_TGCT;Gong2021_reproductive_PC;Wang2016_CT;daSilva2017_CT;daSilva2017_testis_biased,True,True,True,True,True,True
ENSG00000164663,ENSG00000164663,USP49,protein_coding,Bruggeman2018_GC,True,True,True,True,False,False
ENSG00000164675,ENSG00000164675,IQUB,protein_coding,Bruggeman2018_GC;Chang2019_TGCT;Jamin2021_CT;Jamin2021_core;Wang2016_CT,True,True,True,True,False,False
ENSG00000164729,ENSG00000164729,SLC35G3,protein_coding,Gong2021_reproductive_PC,True,True,True,True,True,False
ENSG00000164744,ENSG00000164744,SUN3,protein_coding,Carter2023_CT;Chang2019_TGCT;Gong2021_reproductive_PC;Loriot2025_S1;Wang2016_CT;celltype_germline_candidate;daSilva2017_CT;daSilva2017_testis_biased,True,True,True,True,False,False
ENSG00000164746,ENSG00000164746,C7orf57,protein_coding,Bruggeman2018_GC,True,True,True,True,False,False
ENSG00000164796,ENSG00000164796,CSMD3,protein_coding,Bruggeman2018_GC,True,True,True,True,False,False
ENSG00000164815,ENSG00000164815,ORC5,protein_coding,Jamin2021_CT,True,True,True,True,False,False
ENSG00000164871,ENSG00000164871,SPAG11B,protein_coding,daSilva2017_CT;daSilva2017_testis_biased,True,True,True,True,False,False
ENSG00000164898,ENSG00000164898,FMC1,protein_coding,Bruggeman2018_GC,True,True,True,True,False,False
ENSG00000164900,ENSG00000164900,GBX1,protein_coding,Chang2019_TGCT;Gong2021_reproductive_PC;Loriot2025_S2;Wang2016_CT,True,True,True,True,False,False
ENSG00000164944,ENSG00000164944,VIRMA,protein_coding,Jamin2021_CT,True,True,True,True,False,False
ENSG00000164975,ENSG00000164975,SNAPC3,protein_coding,Jamin2021_CT;Jamin2021_core,True,True,True,True,False,False
ENSG00000164989,ENSG00000164989,CCDC171,protein_coding,Bruggeman2018_GC,True,True,True,True,False,False
ENSG00000165059,ENSG00000165059,PRKACG,protein_coding,Chang2019_TGCT;Gong2021_reproductive_PC;Wang2016_CT;daSilva2017_CT;daSilva2017_testis_biased,True,True,True,True,True,True
ENSG00000165076,ENSG00000165076,PRSS37,protein_coding,Chang2019_TGCT;Gong2021_reproductive_PC;Wang2016_CT;daSilva2017_CT;daSilva2017_testis_biased,True,True,True,True,True,True
ENSG00000165113,ENSG00000165113,GKAP1,protein_coding,Chang2019_TGCT;Wang2016_CT,True,True,True,True,False,False
ENSG00000165120,ENSG00000165120,SSMEM1,protein_coding,Chang2019_TGCT;Gong2021_reproductive_PC;daSilva2017_CT;daSilva2017_testis_biased,True,True,True,True,True,True
ENSG00000165131,ENSG00000165131,LLCFC1,protein_coding,Chang2019_TGCT;Gong2021_reproductive_PC;Loriot2025_S2;Wang2016_CT;daSilva2017_CT;daSilva2017_testis_biased,True,True,True,True,True,True
ENSG00000165181,ENSG00000165181,SHOC1,protein_coding,Bruggeman2018_GC;Chang2019_TGCT;Wang2016_CT,True,True,True,True,False,False
ENSG00000165182,ENSG00000165182,CXorf58,protein_coding,Chang2019_TGCT;Wang2016_CT,True,True,True,True,True,True
ENSG00000165188,ENSG00000165188,RNF183,protein_coding,Bruggeman2018_GC,True,True,True,True,False,False
ENSG00000165204,ENSG00000165204,OR1K1,protein_coding,daSilva2017_CT;daSilva2017_testis_biased,True,True,True,True,True,False
ENSG00000165244,ENSG00000165244,ZNF367,protein_coding,Bruggeman2018_GC,True,True,True,True,False,False
ENSG00000165309,ENSG00000165309,ARMC3,protein_coding,Bruggeman2018_GC;Chang2019_TGCT;Wang2016_CT,True,True,True,True,False,False
ENSG00000165325,ENSG00000165325,DEUP1,protein_coding,Chang2019_TGCT;Gong2021_reproductive_PC;Loriot2025_S2;Wang2016_CT,True,True,True,True,False,False
ENSG00000165383,ENSG00000165383,LRRC18,protein_coding,Chang2019_TGCT;Gong2021_reproductive_PC;Loriot2025_S2;Wang2016_CT,True,True,True,True,False,False
ENSG00000165480,ENSG00000165480,SKA3,protein_coding,Bruggeman2018_GC;daSilva2017_CT;daSilva2017_protein;daSilva2017_testis_biased;daSilva2017_tumor_proteomics,True,True,True,True,False,False
ENSG00000165490,ENSG00000165490,DDIAS,protein_coding,Chang2019_TGCT;Wang2016_CT,True,True,True,True,False,False
ENSG00000165496,ENSG00000165496,RPL10L,protein_coding,CTexploreR_CTP;Chang2019_TGCT;Gong2021_reproductive_PC;Loriot2025_S2;Wang2016_CT;daSilva2017_CT;daSilva2017_protein;daSilva2017_testis_biased;daSilva2017_tumor_proteomics,True,True,True,True,False,False
ENSG00000165511,ENSG00000165511,ZNF22-AS1,lncRNA,Bruggeman2018_GC,True,True,False,False,False,False
ENSG00000165555,ENSG00000165555,NOXRED1,protein_coding,Chang2019_TGCT;Wang2016_CT,True,True,True,True,False,False
ENSG00000165568,ENSG00000165568,AKR1E2,protein_coding,Chang2019_TGCT;Wang2016_CT,True,True,True,True,False,False
ENSG00000165583,ENSG00000165583,SSX5,protein_coding,CTexploreR_CT;Loriot2025_S1;Wang2016_CT;daSilva2017;daSilva2017_CT;daSilva2017_testis_biased,True,True,True,True,True,True
ENSG00000165584,ENSG00000165584,SSX3,protein_coding,CTpedia;Carter2023_CT;Chang2019_TGCT;Gong2021_reproductive_PC;Jamin2021_CT;Jamin2021_core;Wang2016_CT;daSilva2017;daSilva2017_CT;daSilva2017_protein;daSilva2017_testis_biased;daSilva2017_tumor_proteomics,True,True,True,True,True,True
ENSG00000165643,ENSG00000165643,SOHLH1,protein_coding,Chang2019_TGCT;Wang2016_CT,True,True,True,True,False,False
ENSG00000165695,ENSG00000165695,AK8,protein_coding,Chang2019_TGCT;Wang2016_CT,True,True,True,True,False,False
ENSG00000165698,ENSG00000165698,SPACA9,protein_coding,Chang2019_TGCT;Wang2016_CT,True,True,True,True,False,False
ENSG00000165805,ENSG00000165805,C12orf50,protein_coding,Chang2019_TGCT;Gong2021_reproductive_PC;Wang2016_CT;daSilva2017_CT;daSilva2017_testis_biased,True,True,True,True,True,True
ENSG00000165807,ENSG00000165807,PPP1R36,protein_coding,Chang2019_TGCT;Wang2016_CT,True,True,True,True,False,False
ENSG00000165828,ENSG00000165828,PRAP1,protein_coding,Bruggeman2018_GC,True,True,True,True,False,False
ENSG00000165837,ENSG00000165837,ERICH6B,protein_coding,daSilva2017_CT;daSilva2017_testis_biased,True,True,True,True,True,True
ENSG00000165863,ENSG00000165863,SPMIP5,protein_coding,Chang2019_TGCT;Jamin2021_CT;Jamin2021_core;Wang2016_CT,True,True,True,True,True,True
ENSG00000165891,ENSG00000165891,E2F7,protein_coding,Bruggeman2018_GC,True,True,True,True,False,False
ENSG00000165923,ENSG00000165923,AGBL2,protein_coding,Jamin2021_CT,True,True,True,True,False,False
ENSG00000165970,ENSG00000165970,SLC6A5,protein_coding,daSilva2017_CT;daSilva2017_testis_biased,True,True,True,True,True,False
ENSG00000165972,ENSG00000165972,CCDC38,protein_coding,Chang2019_TGCT;Gong2021_reproductive_PC;Wang2016_CT,True,True,True,True,False,False
ENSG00000166024,ENSG00000166024,R3HCC1L,protein_coding,Jamin2021_CT,True,True,True,True,False,False
ENSG00000166049,ENSG00000166049,PASD1,protein_coding,CTexploreR_CT;CTpedia;Carter2023_CT;Chang2019_TGCT;Gong2021_reproductive_PC;Loriot2025_S1;Wang2016_CT;daSilva2017;daSilva2017_CT;daSilva2017_testis_biased,True,True,True,True,True,True
ENSG00000166068,ENSG00000166068,SPRED1,protein_coding,Jamin2021_CT,True,True,True,True,False,False
ENSG00000166069,ENSG00000166069,TMCO5A,protein_coding,Chang2019_TGCT;Gong2021_reproductive_PC;Wang2016_CT;daSilva2017_CT;daSilva2017_protein;daSilva2017_testis_biased;daSilva2017_tumor_proteomics,True,True,True,True,True,True
ENSG00000166086,ENSG00000166086,JAM3,protein_coding,Jamin2021_CT,True,True,True,True,False,False
ENSG00000166118,ENSG00000166118,SPATA19,protein_coding,CTpedia;Chang2019_TGCT;Gong2021_reproductive_PC;Wang2016_CT;daSilva2017;daSilva2017_CT;daSilva2017_testis_biased,True,True,True,True,True,True
ENSG00000166152,ENSG00000166152,C16orf78,protein_coding,Chang2019_TGCT;Gong2021_reproductive_PC;daSilva2017_testis_biased,True,True,True,True,True,True
ENSG00000166192,ENSG00000166192,SENP8,protein_coding,Bruggeman2018_GC,True,True,True,True,False,False
ENSG00000166206,ENSG00000166206,GABRB3,protein_coding,Jamin2021_CT,True,True,True,True,False,False
ENSG00000166220,ENSG00000166220,TBATA,protein_coding,Bruggeman2018_GC;Chang2019_TGCT;Gong2021_reproductive_PC;Wang2016_CT;daSilva2017_CT;daSilva2017_testis_biased,True,True,True,True,False,False
ENSG00000166246,ENSG00000166246,DNAAF8,protein_coding,Chang2019_TGCT;Gong2021_reproductive_PC;Wang2016_CT,True,True,True,True,False,False
ENSG00000166263,ENSG00000166263,STXBP4,protein_coding,Bruggeman2018_GC,True,True,True,True,False,False
ENSG00000166323,ENSG00000166323,C11orf65,protein_coding,Chang2019_TGCT;Wang2016_CT,True,True,True,True,False,False
ENSG00000166329,ENSG00000166329,CCDC182,protein_coding,Carter2023_CT;Chang2019_TGCT;Gong2021_reproductive_PC;daSilva2017_testis_biased,True,True,True,True,True,True
ENSG00000166349,ENSG00000166349,RAG1,protein_coding,Bruggeman2018_GC,True,True,True,True,False,False
ENSG00000166351,ENSG00000166351,POTED,protein_coding,Chang2019_TGCT;Gong2021_reproductive_PC;Wang2016_CT;daSilva2017_CT;daSilva2017_testis_biased,True,True,True,True,True,True
ENSG00000166359,ENSG00000166359,WDR88,protein_coding,Carter2023_CT;Chang2019_TGCT;Wang2016_CT,True,True,True,True,False,False
ENSG00000166368,ENSG00000166368,OR2D2,protein_coding,daSilva2017_CT;daSilva2017_testis_biased,True,True,True,True,True,False
ENSG00000166439,ENSG00000166439,RNF169,protein_coding,Bruggeman2018_GC,True,True,True,True,False,False
ENSG00000166546,ENSG00000166546,BEAN1,protein_coding,Bruggeman2018_GC;Chang2019_TGCT;Wang2016_CT,True,True,True,True,False,False
ENSG00000166578,ENSG00000166578,IQCD,protein_coding,Chang2019_TGCT;Wang2016_CT,True,True,True,True,False,False
ENSG00000166743,ENSG00000166743,ACSM1,protein_coding,Bruggeman2018_GC,True,True,True,True,False,False
ENSG00000166796,ENSG00000166796,LDHC,protein_coding,CTexploreR_CTP;CTpedia;Chang2019_TGCT;Gong2021_reproductive_PC;Loriot2025_S2;Wang2016_CT;daSilva2017;daSilva2017_CT;daSilva2017_testis_biased,True,True,True,True,True,True
ENSG00000166800,ENSG00000166800,LDHAL6A,protein_coding,Chang2019_TGCT;Wang2016_CT,True,True,True,True,True,True
ENSG00000166845,ENSG00000166845,C18orf54,protein_coding,Bruggeman2018_GC,True,True,True,True,False,False
ENSG00000166851,ENSG00000166851,PLK1,protein_coding,Chang2019_TGCT;Wang2016_CT,True,True,True,True,False,False
ENSG00000166884,ENSG00000166884,OR4D6,protein_coding,daSilva2017_testis_biased,True,True,True,True,True,False
ENSG00000166926,ENSG00000166926,MS4A6E,protein_coding,Chang2019_TGCT;Gong2021_reproductive_PC;Wang2016_CT;daSilva2017_CT;daSilva2017_testis_biased,True,True,True,True,False,False
ENSG00000166928,ENSG00000166928,MS4A14,protein_coding,Chang2019_TGCT;Wang2016_CT,True,True,True,True,False,False
ENSG00000166930,ENSG00000166930,MS4A5,protein_coding,Chang2019_TGCT;Gong2021_reproductive_PC;daSilva2017_testis_biased,True,True,True,True,True,True
ENSG00000166984,ENSG00000166984,TCP10L2,transcribed_unprocessed_pseudogene,Chang2019_TGCT;Gong2021_reproductive_PC;Wang2016_CT;daSilva2017_CT;daSilva2017_testis_biased,True,True,False,False,False,False
ENSG00000167014,ENSG00000167014,TERB2,protein_coding,Chang2019_TGCT;Gong2021_reproductive_PC;Wang2016_CT;daSilva2017_CT;daSilva2017_testis_biased,True,True,True,True,False,False
ENSG00000167094,ENSG00000167094,TTC16,protein_coding,Chang2019_TGCT;Loriot2025_S2;Wang2016_CT,True,True,True,True,False,False
ENSG00000167098,ENSG00000167098,SUN5,protein_coding,Chang2019_TGCT;Gong2021_reproductive_PC;celltype_germline_candidate;daSilva2017_testis_biased,True,True,True,True,True,True
ENSG00000167139,ENSG00000167139,TBC1D21,protein_coding,Chang2019_TGCT;Gong2021_reproductive_PC;daSilva2017_testis_biased,True,True,True,True,True,True
ENSG00000167194,ENSG00000167194,C16orf92,protein_coding,Chang2019_TGCT;Gong2021_reproductive_PC;Wang2016_CT,True,True,True,True,False,False
ENSG00000167195,ENSG00000167195,GOLGA6C,protein_coding,Chang2019_TGCT;Gong2021_reproductive_PC;Wang2016_CT;daSilva2017_CT;daSilva2017_protein;daSilva2017_testis_biased;daSilva2017_tumor_proteomics,True,True,True,True,False,False
ENSG00000167210,ENSG00000167210,LOXHD1,protein_coding,Chang2019_TGCT;Wang2016_CT,True,True,True,True,False,False
ENSG00000167311,ENSG00000167311,ART5,protein_coding,Bruggeman2018_GC,True,True,True,True,False,False
ENSG00000167360,ENSG00000167360,OR51Q1,protein_coding,daSilva2017_CT;daSilva2017_testis_biased,True,True,True,True,True,False
ENSG00000167377,ENSG00000167377,ZNF23,protein_coding,Bruggeman2018_GC,True,True,True,True,False,False
ENSG00000167394,ENSG00000167394,ZNF668,protein_coding,Bruggeman2018_GC,True,True,True,True,False,False
ENSG00000167395,ENSG00000167395,ZNF646,protein_coding,Bruggeman2018_GC,True,True,True,True,False,False
ENSG00000167397,ENSG00000167397,VKORC1,protein_coding,Bruggeman2018_GC,True,True,True,True,False,False
ENSG00000167523,ENSG00000167523,SPATA33,protein_coding,Chang2019_TGCT;Jamin2021_CT;Wang2016_CT;daSilva2017_CT;daSilva2017_protein;daSilva2017_testis_biased;daSilva2017_tumor_proteomics,True,True,True,True,False,False
ENSG00000167525,ENSG00000167525,PROCA1,protein_coding,Chang2019_TGCT;Wang2016_CT,True,True,True,True,False,False
ENSG00000167531,ENSG00000167531,LALBA,protein_coding,Wang2016_CT;daSilva2017_protein;daSilva2017_testis_biased;daSilva2017_tumor_proteomics,True,True,True,True,False,False
ENSG00000167554,ENSG00000167554,ZNF610,protein_coding,Bruggeman2018_GC;Jamin2021_CT;Jamin2021_core,True,True,True,True,False,False
ENSG00000167562,ENSG00000167562,ZNF701,protein_coding,Bruggeman2018_GC,True,True,True,True,False,False
ENSG00000167612,ENSG00000167612,ANKRD33,protein_coding,Gong2021_placenta_PC;Gong2021_reproductive_PC,True,True,True,True,False,False
ENSG00000167632,ENSG00000167632,TRAPPC9,protein_coding,Bruggeman2018_GC,True,True,True,True,False,False
ENSG00000167634,ENSG00000167634,NLRP7,protein_coding,Bruggeman2018_GC;Chang2019_TGCT;Jamin2021_CT;Jamin2021_core;Wang2016_CT,True,True,True,True,True,True
ENSG00000167791,ENSG00000167791,CABP2,protein_coding,daSilva2017_testis_biased,True,True,True,True,False,False
ENSG00000167981,ENSG00000167981,ZNF597,protein_coding,Bruggeman2018_GC,True,True,True,True,False,False
ENSG00000167985,ENSG00000167985,SDHAF2,protein_coding,Bruggeman2018_GC,True,True,True,True,False,False
ENSG00000168026,ENSG00000168026,TTC21A,protein_coding,Chang2019_TGCT;Wang2016_CT;daSilva2017_CT;daSilva2017_testis_biased,True,True,True,True,True,True
ENSG00000168038,ENSG00000168038,ULK4,protein_coding,Jamin2021_CT;Jamin2021_core,True,True,True,True,False,False
ENSG00000168061,ENSG00000168061,SAC3D1,protein_coding,Bruggeman2018_GC,True,True,True,True,False,False
ENSG00000168070,ENSG00000168070,MAJIN,protein_coding,Chang2019_TGCT;Gong2021_reproductive_PC;Loriot2025_S1;Wang2016_CT,True,True,True,True,False,False
ENSG00000168078,ENSG00000168078,PBK,protein_coding,Chang2019_TGCT;Wang2016_CT;daSilva2017_CT;daSilva2017_protein;daSilva2017_testis_biased;daSilva2017_tumor_proteomics,True,True,True,True,False,False
ENSG00000168116,ENSG00000168116,KIAA1586,protein_coding,Jamin2021_CT,True,True,True,True,False,False
ENSG00000168148,ENSG00000168148,H3-4,protein_coding,Carter2023_CT;Wang2016_CT,True,True,True,False,False,False
ENSG00000168152,ENSG00000168152,THAP9,protein_coding,Jamin2021_CT,True,True,True,True,False,False
ENSG00000168263,ENSG00000168263,KCNV2,protein_coding,Carter2023_CT;Chang2019_TGCT;Jamin2021_CT;Jamin2021_core;Wang2016_CT;daSilva2017_CT;daSilva2017_testis_biased,True,True,True,True,False,False
ENSG00000168267,ENSG00000168267,PTF1A,protein_coding,daSilva2017_CT;daSilva2017_testis_biased,True,True,True,True,False,False
ENSG00000168314,ENSG00000168314,MOBP,protein_coding,Jamin2021_CT,True,True,True,True,False,False
ENSG00000168367,ENSG00000168367,LINC00917,lncRNA,Gong2021_reproductive_ncRNA,True,True,False,False,False,False
ENSG00000168438,ENSG00000168438,CDC40,protein_coding,Jamin2021_CT,True,True,True,True,False,False
ENSG00000168454,ENSG00000168454,TXNDC2,protein_coding,Chang2019_TGCT;Gong2021_reproductive_PC;Wang2016_CT;daSilva2017_CT;daSilva2017_testis_biased,True,True,True,True,False,False
ENSG00000168491,ENSG00000168491,CCDC110,protein_coding,Chang2019_TGCT;Wang2016_CT,True,True,True,True,False,False
ENSG00000168515,ENSG00000168515,SCGB1D1,protein_coding,daSilva2017_CT;daSilva2017_testis_biased,True,True,True,True,False,False
ENSG00000168589,ENSG00000168589,DYNLRB2,protein_coding,Chang2019_TGCT;Jamin2021_CT;Wang2016_CT,True,True,True,True,False,False
ENSG00000168594,ENSG00000168594,ADAM29,protein_coding,CTpedia;Chang2019_TGCT;Gong2021_reproductive_PC;Wang2016_CT;daSilva2017;daSilva2017_CT;daSilva2017_testis_biased,True,True,True,True,True,True
ENSG00000168619,ENSG00000168619,ADAM18,protein_coding,Chang2019_TGCT;Gong2021_reproductive_PC;Wang2016_CT;daSilva2017_CT;daSilva2017_testis_biased,True,True,True,True,True,True
ENSG00000168658,ENSG00000168658,VWA3B,protein_coding,Gong2021_reproductive_PC,True,True,True,True,False,False
ENSG00000168676,ENSG00000168676,KCTD19,protein_coding,Chang2019_TGCT;Gong2021_reproductive_PC;Loriot2025_S2;Wang2016_CT;daSilva2017_CT;daSilva2017_testis_biased,True,True,True,True,False,False
ENSG00000168702,ENSG00000168702,LRP1B,protein_coding,Bruggeman2018_GC,True,True,True,True,False,False
ENSG00000168746,ENSG00000168746,LINC01620,lncRNA,Gong2021_reproductive_ncRNA,True,True,False,False,False,False
ENSG00000168757,ENSG00000168757,TSPY2,protein_coding,CTexploreR_CT;CTpedia;Chang2019_TGCT;Gong2021_reproductive_PC;Loriot2025_S1;Wang2016_CT;daSilva2017;daSilva2017_testis_biased,True,True,True,True,True,True
ENSG00000168904,ENSG00000168904,LRRC28,protein_coding,Jamin2021_CT,True,True,True,True,False,False
ENSG00000168930,ENSG00000168930,TRIM49,protein_coding,Wang2016_CT;daSilva2017_CT;daSilva2017_testis_biased,True,True,True,True,True,False
ENSG00000168944,ENSG00000168944,CEP120,protein_coding,Jamin2021_CT,True,True,True,True,False,False
ENSG00000169059,ENSG00000169059,VCX3A,protein_coding,CTexploreR_CT;Carter2023_CT;Chang2019_TGCT;Gong2021_reproductive_PC;Loriot2025_S1;Wang2016_CT;daSilva2017;daSilva2017_CT;daSilva2017_testis_biased,True,True,True,True,True,True
ENSG00000169064,ENSG00000169064,ZBBX,protein_coding,Jamin2021_CT,True,True,True,True,False,False
ENSG00000169126,ENSG00000169126,ODAD2,protein_coding,Chang2019_TGCT;Wang2016_CT,True,True,True,True,False,False
ENSG00000169154,ENSG00000169154,GOT1L1,protein_coding,Chang2019_TGCT;Gong2021_reproductive_PC;daSilva2017_testis_biased,True,True,True,True,True,True
ENSG00000169169,ENSG00000169169,CPT1C,protein_coding,Jamin2021_CT,True,True,True,True,False,False
ENSG00000169194,ENSG00000169194,IL13,protein_coding,Chang2019_TGCT;Gong2021_reproductive_PC;Wang2016_CT;daSilva2017_CT;daSilva2017_testis_biased,True,True,True,True,True,True
ENSG00000169214,ENSG00000169214,OR6F1,protein_coding,Chang2019_TGCT;Gong2021_reproductive_PC;Wang2016_CT;daSilva2017_CT;daSilva2017_testis_biased,True,True,True,True,True,True
ENSG00000169248,ENSG00000169248,CXCL11,protein_coding,Bruggeman2018_GC,True,True,True,True,False,False
ENSG00000169340,ENSG00000169340,PDILT,protein_coding,daSilva2017_CT;daSilva2017_testis_biased,True,True,True,True,False,False
ENSG00000169393,ENSG00000169393,ELSPBP1,protein_coding,Wang2016_CT;daSilva2017_CT;daSilva2017_testis_biased,True,True,True,True,False,False
ENSG00000169402,ENSG00000169402,RSPH10B2,protein_coding,Chang2019_TGCT;Jamin2021_CT;Wang2016_CT;daSilva2017_CT;daSilva2017_testis_biased,True,True,True,True,False,False
ENSG00000169495,ENSG00000169495,HTRA4,protein_coding,Gong2021_placenta_PC;Gong2021_reproductive_PC,True,True,True,True,True,True
ENSG00000169551,ENSG00000169551,CT55,protein_coding,CTexploreR_CT;Carter2023_CT;Chang2019_TGCT;Gong2021_reproductive_PC;Loriot2025_S1;Wang2016_CT,True,True,True,True,True,True
ENSG00000169570,ENSG00000169570,DTWD2,protein_coding,Bruggeman2018_GC,True,True,True,True,False,False
ENSG00000169575,ENSG00000169575,VPREB1,protein_coding,daSilva2017_CT;daSilva2017_testis_biased,True,True,True,True,False,False
ENSG00000169594,ENSG00000169594,BNC1,protein_coding,Jamin2021_CT,True,True,True,True,False,False
ENSG00000169607,ENSG00000169607,CKAP2L,protein_coding,Bruggeman2018_GC,True,True,True,True,False,False
ENSG00000169621,ENSG00000169621,APLF,protein_coding,Bruggeman2018_GC,True,True,True,True,False,False
ENSG00000169679,ENSG00000169679,BUB1,protein_coding,Chang2019_TGCT;Wang2016_CT,True,True,True,True,False,False
ENSG00000169684,ENSG00000169684,CHRNA5,protein_coding,Bruggeman2018_GC,True,True,True,True,False,False
ENSG00000169717,ENSG00000169717,ACTRT2,protein_coding,Chang2019_TGCT;Gong2021_reproductive_PC;Jamin2021_CT;Wang2016_CT;daSilva2017_testis_biased,True,True,True,True,False,False
ENSG00000169760,ENSG00000169760,NLGN1,protein_coding,Bruggeman2018_GC,True,True,True,True,False,False
ENSG00000169777,ENSG00000169777,TAS2R1,protein_coding,daSilva2017_CT;daSilva2017_testis_biased,True,True,True,True,True,True
ENSG00000169800,ENSG00000169800,RBMY1F,protein_coding,Wang2016_CT;daSilva2017_protein;daSilva2017_testis_biased;daSilva2017_tumor_proteomics,True,True,True,True,True,True
ENSG00000169918,ENSG00000169918,OTUD7A,protein_coding,Bruggeman2018_GC,True,True,True,True,False,False
ENSG00000169953,ENSG00000169953,HSFY2,protein_coding,Wang2016_CT;daSilva2017_CT;daSilva2017_testis_biased,True,True,True,True,True,True
ENSG00000170100,ENSG00000170100,ZNF778,protein_coding,Bruggeman2018_GC,True,True,True,True,False,False
ENSG00000170160,ENSG00000170160,CCDC144A,protein_coding,Bruggeman2018_GC,True,True,True,True,False,False
ENSG00000170236,ENSG00000170236,USP50,protein_coding,Chang2019_TGCT;Wang2016_CT;daSilva2017_CT;daSilva2017_testis_biased,True,True,True,True,True,True
ENSG00000170264,ENSG00000170264,FAM161A,protein_coding,Jamin2021_CT;Jamin2021_core,True,True,True,True,False,False
ENSG00000170279,ENSG00000170279,C7orf33,protein_coding,Wang2016_CT;daSilva2017_CT;daSilva2017_testis_biased,True,True,True,True,False,False
ENSG00000170469,ENSG00000170469,SPATA24,protein_coding,Chang2019_TGCT;Wang2016_CT,True,True,True,True,False,False
ENSG00000170486,ENSG00000170486,KRT72,protein_coding,Chang2019_TGCT;Wang2016_CT,True,True,True,True,False,False
ENSG00000170498,ENSG00000170498,KISS1,protein_coding,Gong2021_placenta_PC;Gong2021_reproductive_PC,True,True,True,True,True,True
ENSG00000170516,ENSG00000170516,COX7B2,protein_coding,CTexploreR_CT;Carter2023_CT;Chang2019_TGCT;Gong2021_reproductive_PC;Loriot2025_S1;Wang2016_CT;daSilva2017;daSilva2017_CT;daSilva2017_testis_biased,True,True,True,True,True,True
ENSG00000170613,ENSG00000170613,GARIN3,protein_coding,Chang2019_TGCT;Gong2021_reproductive_PC;daSilva2017_CT;daSilva2017_testis_biased,True,True,True,True,True,True
ENSG00000170627,ENSG00000170627,GTSF1,protein_coding,Bruggeman2018_GC;Chang2019_TGCT;Gong2021_reproductive_PC;Loriot2025_S2;Wang2016_CT;daSilva2017_CT;daSilva2017_testis_biased,True,True,True,True,False,False
ENSG00000170703,ENSG00000170703,TTLL6,protein_coding,Chang2019_TGCT;Wang2016_CT,True,True,True,True,False,False
ENSG00000170734,ENSG00000170734,POLH,protein_coding,Jamin2021_CT,True,True,True,True,False,False
ENSG00000170748,ENSG00000170748,RBMXL2,protein_coding,Bruggeman2018_GC;Chang2019_TGCT;Gong2021_reproductive_PC;Wang2016_CT;daSilva2017_CT;daSilva2017_protein;daSilva2017_testis_biased;daSilva2017_tumor_proteomics,True,True,True,True,True,True
ENSG00000170777,ENSG00000170777,TPD52L3,protein_coding,Chang2019_TGCT;Gong2021_reproductive_PC;Wang2016_CT;daSilva2017_CT;daSilva2017_testis_biased,True,True,True,True,True,True
ENSG00000170782,ENSG00000170782,OR10A4,protein_coding,daSilva2017_CT;daSilva2017_testis_biased,True,True,True,True,True,False
ENSG00000170788,ENSG00000170788,DYDC1,protein_coding,Chang2019_TGCT;Gong2021_reproductive_PC;Wang2016_CT;daSilva2017_CT;daSilva2017_testis_biased,True,True,True,True,False,False
ENSG00000170820,ENSG00000170820,FSHR,protein_coding,Chang2019_TGCT;Wang2016_CT,True,True,True,True,True,True
ENSG00000170848,ENSG00000170848,PSG6,protein_coding,Gong2021_placenta_PC;Gong2021_reproductive_PC;placental_antigen,True,True,True,True,True,True
ENSG00000170873,ENSG00000170873,MTSS1,protein_coding,Jamin2021_CT,True,True,True,True,False,False
ENSG00000170903,ENSG00000170903,MSANTD4,protein_coding,Jamin2021_CT,True,True,True,True,False,False
ENSG00000170925,ENSG00000170925,TEX13B,protein_coding,Gong2021_reproductive_PC;Wang2016_CT;daSilva2017_testis_biased,True,True,True,True,True,False
ENSG00000170946,ENSG00000170946,DNAJC24,protein_coding,Bruggeman2018_GC,True,True,True,True,False,False
ENSG00000170948,ENSG00000170948,MBD3L1,protein_coding,Chang2019_TGCT;Gong2021_reproductive_PC;Wang2016_CT;daSilva2017_CT;daSilva2017_testis_biased,True,True,True,True,False,False
ENSG00000170950,ENSG00000170950,PGK2,protein_coding,Chang2019_TGCT;Gong2021_reproductive_PC;Wang2016_CT;daSilva2017_CT;daSilva2017_protein;daSilva2017_testis_biased;daSilva2017_tumor_proteomics,True,True,True,True,True,True
ENSG00000170953,ENSG00000170953,OR8B12,protein_coding,daSilva2017_testis_biased,True,True,True,True,True,False
ENSG00000170965,ENSG00000170965,PLAC1,protein_coding,Bradley2020_CPA;CTpedia;Gong2021_placenta_PC;Gong2021_reproductive_PC;Wang2016_CT,True,True,True,True,True,True
ENSG00000170967,ENSG00000170967,DDI1,protein_coding,Gong2021_reproductive_PC;daSilva2017_CT;daSilva2017_testis_biased,True,True,True,True,True,True
ENSG00000170983,ENSG00000170983,LINC00208,lncRNA,Gong2021_reproductive_ncRNA,True,True,False,False,False,False
ENSG00000171060,ENSG00000171060,C8orf74,protein_coding,Chang2019_TGCT;Gong2021_reproductive_PC;daSilva2017_testis_biased,True,True,True,True,True,True
ENSG00000171094,ENSG00000171094,ALK,protein_coding,Bruggeman2018_GC,True,True,True,True,False,False
ENSG00000171102,ENSG00000171102,OBP2B,protein_coding,Chang2019_TGCT;Wang2016_CT,True,True,True,True,False,False
ENSG00000171121,ENSG00000171121,KCNMB3,protein_coding,Bruggeman2018_GC,True,True,True,True,False,False
ENSG00000171133,ENSG00000171133,OR2K2,protein_coding,daSilva2017_CT;daSilva2017_testis_biased,True,True,True,True,True,False
ENSG00000171209,ENSG00000171209,CSN3,protein_coding,Wang2016_CT;daSilva2017_CT;daSilva2017_protein;daSilva2017_testis_biased;daSilva2017_tumor_proteomics,True,True,True,True,False,False
ENSG00000171320,ENSG00000171320,ESCO2,protein_coding,Bruggeman2018_GC,True,True,True,True,False,False
ENSG00000171402,ENSG00000171402,XAGE3,protein_coding,CTpedia;Gong2021_placenta_PC;Gong2021_reproductive_PC;Wang2016_CT,True,True,True,True,True,True
ENSG00000171405,ENSG00000171405,XAGE5,protein_coding,CTexploreR_CT;CTpedia;Chang2019_TGCT;Gong2021_reproductive_PC;Loriot2025_S1;Wang2016_CT;daSilva2017;daSilva2017_testis_biased,True,True,True,True,True,True
ENSG00000171478,ENSG00000171478,SPACA5B,protein_coding,daSilva2017_testis_biased,True,True,True,True,True,False
ENSG00000171481,ENSG00000171481,OR1L3,protein_coding,daSilva2017_CT;daSilva2017_testis_biased,True,True,True,True,True,False
ENSG00000171487,ENSG00000171487,NLRP5,protein_coding,Wang2016_CT;daSilva2017_CT;daSilva2017_testis_biased,True,True,True,True,False,False
ENSG00000171489,ENSG00000171489,SPACA5,protein_coding,Wang2016_CT,True,True,True,True,True,True
ENSG00000171492,ENSG00000171492,LRRC8D,protein_coding,Bruggeman2018_GC,True,True,True,True,False,False
ENSG00000171495,ENSG00000171495,MROH2B,protein_coding,Chang2019_TGCT;Gong2021_reproductive_PC;Wang2016_CT;daSilva2017_CT;daSilva2017_testis_biased,True,True,True,True,True,True
ENSG00000171505,ENSG00000171505,OR1N1,protein_coding,daSilva2017_CT;daSilva2017_testis_biased,True,True,True,True,True,False
ENSG00000171533,ENSG00000171533,MAP6,protein_coding,Jamin2021_CT,True,True,True,True,False,False
ENSG00000171540,ENSG00000171540,OTP,protein_coding,Wang2016_CT;daSilva2017_CT;daSilva2017_testis_biased,True,True,True,True,False,False
ENSG00000171722,ENSG00000171722,SPATA46,protein_coding,Chang2019_TGCT;Gong2021_reproductive_PC;Loriot2025_S2;Wang2016_CT;daSilva2017_CT;daSilva2017_testis_biased,True,True,True,True,False,False
ENSG00000171757,ENSG00000171757,LRRC34,protein_coding,Jamin2021_CT,True,True,True,True,False,False
ENSG00000171772,ENSG00000171772,SYCE1,protein_coding,Chang2019_TGCT;Wang2016_CT,True,True,True,True,False,False
ENSG00000171790,ENSG00000171790,SLFNL1,protein_coding,Chang2019_TGCT;Wang2016_CT;daSilva2017_CT;daSilva2017_testis_biased,True,True,True,True,False,False
ENSG00000171794,ENSG00000171794,UTF1,protein_coding,CTpedia;Carter2023_CT;Chang2019_TGCT;Gong2021_reproductive_PC;Wang2016_CT;daSilva2017;daSilva2017_CT;daSilva2017_testis_biased,True,True,True,True,True,True
ENSG00000171804,ENSG00000171804,WDR87,protein_coding,Chang2019_TGCT;Gong2021_reproductive_PC;Wang2016_CT;daSilva2017_CT;daSilva2017_testis_biased,True,True,True,True,True,True
ENSG00000171827,ENSG00000171827,ZNF570,protein_coding,Bruggeman2018_GC,True,True,True,True,False,False
ENSG00000171847,ENSG00000171847,FAM90A1,protein_coding,Bruggeman2018_GC,True,True,True,True,False,False
ENSG00000171864,ENSG00000171864,PRND,protein_coding,Chang2019_TGCT;Gong2021_reproductive_PC;Wang2016_CT;daSilva2017_CT;daSilva2017_testis_biased,True,True,True,True,False,False
ENSG00000171872,ENSG00000171872,KLF17,protein_coding,Chang2019_TGCT;Wang2016_CT,True,True,True,True,True,True
ENSG00000171931,ENSG00000171931,FBXW10,protein_coding,Chang2019_TGCT;Jamin2021_CT;Loriot2025_S2;Wang2016_CT,True,True,True,True,False,False
ENSG00000171956,ENSG00000171956,FOXB1,protein_coding,Wang2016_CT,True,True,True,True,False,False
ENSG00000171988,ENSG00000171988,JMJD1C,protein_coding,Jamin2021_CT,True,True,True,True,False,False
ENSG00000171989,ENSG00000171989,LDHAL6B,protein_coding,Chang2019_TGCT;Gong2021_reproductive_PC;Wang2016_CT;daSilva2017_CT;daSilva2017_testis_biased,True,True,True,True,True,True
ENSG00000172073,ENSG00000172073,SPMIP9,protein_coding,CTpedia;Carter2023_CT;Chang2019_TGCT;Gong2021_reproductive_PC;Wang2016_CT;daSilva2017;daSilva2017_testis_biased,True,True,True,True,True,True
ENSG00000172139,ENSG00000172139,SLC9C1,protein_coding,Chang2019_TGCT;Wang2016_CT,True,True,True,True,False,False
ENSG00000172244,ENSG00000172244,C5orf34,protein_coding,Bruggeman2018_GC;Jamin2021_CT,True,True,True,True,False,False
ENSG00000172288,ENSG00000172288,CDY1,protein_coding,daSilva2017_testis_biased,True,True,True,True,True,False
ENSG00000172320,ENSG00000172320,OR5A1,protein_coding,daSilva2017_CT;daSilva2017_testis_biased,True,True,True,True,True,False
ENSG00000172352,ENSG00000172352,CDY1B,protein_coding,daSilva2017_testis_biased,True,True,True,True,True,False
ENSG00000172361,ENSG00000172361,CFAP53,protein_coding,Chang2019_TGCT;Wang2016_CT,True,True,True,True,False,False
ENSG00000172362,ENSG00000172362,OR5B12,protein_coding,daSilva2017_CT;daSilva2017_testis_biased,True,True,True,True,True,False
ENSG00000172365,ENSG00000172365,OR5B2,protein_coding,daSilva2017_testis_biased,True,True,True,True,True,False
ENSG00000172421,ENSG00000172421,EFCAB3,protein_coding,Chang2019_TGCT;Gong2021_reproductive_PC;Wang2016_CT;daSilva2017_CT;daSilva2017_testis_biased,True,True,True,True,True,True
ENSG00000172465,ENSG00000172465,TCEAL1,protein_coding,Bruggeman2018_GC,True,True,True,True,False,False
ENSG00000172468,ENSG00000172468,HSFY1,protein_coding,daSilva2017_testis_biased,True,True,True,True,True,False
ENSG00000172519,ENSG00000172519,OR10H5,protein_coding,daSilva2017_CT;daSilva2017_testis_biased,True,True,True,True,True,False
ENSG00000172538,ENSG00000172538,FAM170B,protein_coding,Chang2019_TGCT;Gong2021_reproductive_PC;Wang2016_CT;daSilva2017_CT;daSilva2017_testis_biased,True,True,True,True,True,True
ENSG00000172671,ENSG00000172671,ZFAND4,protein_coding,Chang2019_TGCT;Jamin2021_CT;Wang2016_CT,True,True,True,True,False,False
ENSG00000172680,ENSG00000172680,MOS,protein_coding,Wang2016_CT;daSilva2017_testis_biased,True,True,True,True,True,False
ENSG00000172717,ENSG00000172717,GARIN2,protein_coding,CTexploreR_CT;Carter2023_CT;Chang2019_TGCT;Gong2021_reproductive_PC;Loriot2025_S1;Wang2016_CT;daSilva2017_CT;daSilva2017_testis_biased,True,True,True,True,True,True
ENSG00000172733,ENSG00000172733,PURG,protein_coding,daSilva2017_CT;daSilva2017_testis_biased,True,True,True,True,False,False
ENSG00000172738,ENSG00000172738,TMEM217,protein_coding,Bruggeman2018_GC;Chang2019_TGCT;Jamin2021_CT;Jamin2021_core;Wang2016_CT;daSilva2017_CT;daSilva2017_testis_biased,True,True,True,True,False,False
ENSG00000172771,ENSG00000172771,EFCAB12,protein_coding,Jamin2021_CT,True,True,True,True,False,False
ENSG00000172785,ENSG00000172785,ZNG1A,protein_coding,Bruggeman2018_GC,True,True,True,True,False,False
ENSG00000172840,ENSG00000172840,PDP2,protein_coding,Bruggeman2018_GC,True,True,True,True,False,False
ENSG00000172967,ENSG00000172967,XKR3,protein_coding,Chang2019_TGCT;Gong2021_reproductive_PC;Wang2016_CT;daSilva2017_CT;daSilva2017_testis_biased,True,True,True,True,True,True
ENSG00000173093,ENSG00000173093,CCDC63,protein_coding,Chang2019_TGCT;Gong2021_reproductive_PC;Wang2016_CT;daSilva2017_protein;daSilva2017_testis_biased;daSilva2017_tumor_proteomics,True,True,True,True,False,False
ENSG00000173157,ENSG00000173157,ADAMTS20,protein_coding,Wang2016_CT;daSilva2017_CT;daSilva2017_testis_biased,True,True,True,True,True,False
ENSG00000173213,ENSG00000173213,TUBB8B,protein_coding,Chang2019_TGCT;Loriot2025_S2,True,True,True,True,False,False
ENSG00000173258,ENSG00000173258,ZNF483,protein_coding,Bruggeman2018_GC,True,True,True,True,False,False
ENSG00000173261,ENSG00000173261,PLAC8L1,protein_coding,Chang2019_TGCT;Wang2016_CT,True,True,True,True,False,False
ENSG00000173262,ENSG00000173262,SLC2A14,protein_coding,Bruggeman2018_GC;Gong2021_reproductive_PC;Loriot2025_S2,True,True,True,True,False,False
ENSG00000173335,ENSG00000173335,CST9,protein_coding,daSilva2017_CT;daSilva2017_testis_biased,True,True,True,True,False,False
ENSG00000173389,ENSG00000173389,IQCF1,protein_coding,Chang2019_TGCT;Gong2021_reproductive_PC;Wang2016_CT;daSilva2017_CT;daSilva2017_testis_biased,True,True,True,True,True,True
ENSG00000173401,ENSG00000173401,GLIPR1L1,protein_coding,Chang2019_TGCT;Gong2021_reproductive_PC;Wang2016_CT;daSilva2017_CT;daSilva2017_testis_biased,True,True,True,True,True,True
ENSG00000173421,ENSG00000173421,IHO1,protein_coding,Chang2019_TGCT;Wang2016_CT,True,True,True,True,False,False
ENSG00000173431,ENSG00000173431,RNASE8,protein_coding,daSilva2017_CT;daSilva2017_testis_biased,True,True,True,True,False,False
ENSG00000173451,ENSG00000173451,THAP2,protein_coding,Jamin2021_CT,True,True,True,True,False,False
ENSG00000173464,ENSG00000173464,RNASE11,protein_coding,Gong2021_reproductive_PC;Wang2016_CT;daSilva2017_CT;daSilva2017_testis_biased,True,True,True,True,False,False
ENSG00000173557,ENSG00000173557,CIMIP2C,protein_coding,Chang2019_TGCT;Wang2016_CT,True,True,True,True,False,False
ENSG00000173611,ENSG00000173611,SCAI,protein_coding,Bruggeman2018_GC,True,True,True,True,False,False
ENSG00000173621,ENSG00000173621,LRFN4,protein_coding,Bruggeman2018_GC,True,True,True,True,False,False
ENSG00000173627,ENSG00000173627,APOBEC4,protein_coding,Gong2021_reproductive_PC;daSilva2017_CT;daSilva2017_testis_biased,True,True,True,True,False,False
ENSG00000173673,ENSG00000173673,HES3,protein_coding,Wang2016_CT;daSilva2017_testis_biased,True,True,True,True,True,False
ENSG00000173699,ENSG00000173699,SPATA3,protein_coding,Chang2019_TGCT;Gong2021_reproductive_PC;Wang2016_CT;daSilva2017_CT;daSilva2017_testis_biased,True,True,True,True,True,True
ENSG00000173714,ENSG00000173714,WFIKKN2,protein_coding,Gong2021_reproductive_PC,True,True,True,True,False,False
ENSG00000173728,ENSG00000173728,SPMIP3,protein_coding,Carter2023_CT;Chang2019_TGCT;Gong2021_reproductive_PC;Loriot2025_S2;daSilva2017_testis_biased,True,True,True,True,True,True
ENSG00000173769,ENSG00000173769,TOPAZ1,protein_coding,Chang2019_TGCT;Gong2021_reproductive_PC;daSilva2017_CT;daSilva2017_testis_biased,True,True,True,True,True,True
ENSG00000173809,ENSG00000173809,TDRD12,protein_coding,Bruggeman2018_GC;CTexploreR_CTP;Chang2019_TGCT;Loriot2025_S2;Wang2016_CT;daSilva2017_CT;daSilva2017_protein;daSilva2017_testis_biased;daSilva2017_tumor_proteomics,True,True,True,True,False,False
ENSG00000173818,ENSG00000173818,ENDOV,protein_coding,daSilva2017_CT;daSilva2017_protein;daSilva2017_testis_biased;daSilva2017_tumor_proteomics,True,True,True,True,False,False
ENSG00000173838,ENSG00000173838,MARCHF10,protein_coding,Chang2019_TGCT;Gong2021_reproductive_PC;Loriot2025_S2;Wang2016_CT;daSilva2017_CT;daSilva2017_testis_biased,True,True,True,True,False,False
ENSG00000173868,ENSG00000173868,PHOSPHO1,protein_coding,Chang2019_TGCT;Wang2016_CT,True,True,True,True,False,False
ENSG00000173889,ENSG00000173889,PHC3,protein_coding,Jamin2021_CT,True,True,True,True,False,False
ENSG00000173894,ENSG00000173894,CBX2,protein_coding,Bruggeman2018_GC;Chang2019_TGCT;Wang2016_CT,True,True,True,True,False,False
ENSG00000173908,ENSG00000173908,KRT28,protein_coding,Wang2016_CT;daSilva2017_CT;daSilva2017_protein;daSilva2017_testis_biased;daSilva2017_tumor_proteomics,True,True,True,True,False,False
ENSG00000173930,ENSG00000173930,SLCO4C1,protein_coding,Bruggeman2018_GC,True,True,True,True,False,False
ENSG00000173933,ENSG00000173933,RBM4,protein_coding,Bruggeman2018_GC,True,True,True,True,False,False
ENSG00000173988,ENSG00000173988,LRRC63,protein_coding,Chang2019_TGCT,True,True,True,True,False,False
ENSG00000174007,ENSG00000174007,CEP19,protein_coding,Jamin2021_CT,True,True,True,True,False,False
ENSG00000174015,ENSG00000174015,CBY2,protein_coding,CTexploreR_CT;Carter2023_CT;Chang2019_TGCT;Gong2021_reproductive_PC;Loriot2025_S1;Wang2016_CT;daSilva2017_CT;daSilva2017_testis_biased,True,True,True,True,True,True
ENSG00000174016,ENSG00000174016,TENT5D,protein_coding,CTpedia;Chang2019_TGCT;Gong2021_reproductive_PC;Wang2016_CT;daSilva2017_CT;daSilva2017_testis_biased,True,True,True,True,True,True
ENSG00000174038,ENSG00000174038,SPATA31G1,protein_coding,Bruggeman2018_GC;Chang2019_TGCT;Gong2021_reproductive_PC;Wang2016_CT;daSilva2017_CT;daSilva2017_protein;daSilva2017_testis_biased;daSilva2017_tumor_proteomics,True,True,True,True,False,False
ENSG00000174206,ENSG00000174206,KICS2,protein_coding,Bruggeman2018_GC,True,True,True,True,False,False
ENSG00000174225,ENSG00000174225,ARL13A,protein_coding,Carter2023_CT;Chang2019_TGCT;Gong2021_reproductive_PC;Wang2016_CT,True,True,True,True,True,True
ENSG00000174279,ENSG00000174279,EVX2,protein_coding,daSilva2017_CT;daSilva2017_testis_biased,True,True,True,True,False,False
ENSG00000174371,ENSG00000174371,EXO1,protein_coding,Bruggeman2018_GC,True,True,True,True,False,False
ENSG00000174405,ENSG00000174405,LIG4,protein_coding,Jamin2021_CT,True,True,True,True,False,False
ENSG00000174446,ENSG00000174446,SNAPC5,protein_coding,Jamin2021_CT;Jamin2021_core,True,True,True,True,False,False
ENSG00000174448,ENSG00000174448,STARD6,protein_coding,Chang2019_TGCT;Gong2021_reproductive_PC;Wang2016_CT;daSilva2017_CT;daSilva2017_testis_biased,True,True,True,True,True,True
ENSG00000174450,ENSG00000174450,GOLGA6L2,protein_coding,Carter2023_CT;Chang2019_TGCT;Gong2021_reproductive_PC;daSilva2017_testis_biased,True,True,True,True,True,True
ENSG00000174483,ENSG00000174483,BBS1,protein_coding,Bruggeman2018_GC,True,True,True,True,False,False
ENSG00000174527,ENSG00000174527,MYO1H,protein_coding,Chang2019_TGCT;Wang2016_CT,True,True,True,True,True,False
ENSG00000174562,ENSG00000174562,KLK15,protein_coding,Bruggeman2018_GC,True,True,True,True,False,False
ENSG00000174667,ENSG00000174667,OR7D4,protein_coding,daSilva2017_CT;daSilva2017_testis_biased,True,True,True,True,True,False
ENSG00000174776,ENSG00000174776,WDR49,protein_coding,Bruggeman2018_GC,True,True,True,True,False,False
ENSG00000174788,ENSG00000174788,PCP2,protein_coding,Chang2019_TGCT;Wang2016_CT;daSilva2017_CT;daSilva2017_testis_biased,True,True,True,True,False,False
ENSG00000174796,ENSG00000174796,THAP6,protein_coding,Jamin2021_CT,True,True,True,True,False,False
ENSG00000174886,ENSG00000174886,NDUFA11,protein_coding,Bruggeman2018_GC,True,True,True,True,False,False
ENSG00000174898,ENSG00000174898,CATSPERD,protein_coding,CTpedia;Gong2021_reproductive_PC;daSilva2017;daSilva2017_CT;daSilva2017_testis_biased,True,True,True,True,True,True
ENSG00000175018,ENSG00000175018,TEX36,protein_coding,Carter2023_CT;Chang2019_TGCT;Gong2021_reproductive_PC;Wang2016_CT;daSilva2017_CT;daSilva2017_testis_biased,True,True,True,True,True,True
ENSG00000175073,ENSG00000175073,VCPIP1,protein_coding,Jamin2021_CT,True,True,True,True,False,False
ENSG00000175097,ENSG00000175097,RAG2,protein_coding,Bruggeman2018_GC,True,True,True,True,False,False
ENSG00000175106,ENSG00000175106,TVP23C,protein_coding,Bruggeman2018_GC,True,True,True,True,False,False
ENSG00000175170,ENSG00000175170,FAM182B,lncRNA,Chang2019_TGCT;Wang2016_CT,True,True,False,False,False,False
ENSG00000175175,ENSG00000175175,PPM1E,protein_coding,Jamin2021_CT;Jamin2021_core,True,True,True,True,False,False
ENSG00000175202,ENSG00000175202,HIGD2B,protein_coding,Chang2019_TGCT;Gong2021_reproductive_PC,True,True,True,True,True,True
ENSG00000175294,ENSG00000175294,CATSPER1,protein_coding,Chang2019_TGCT;Wang2016_CT,True,True,True,True,True,True
ENSG00000175305,ENSG00000175305,CCNE2,protein_coding,Jamin2021_CT,True,True,True,True,False,False
ENSG00000175344,ENSG00000175344,CHRNA7,protein_coding,Bruggeman2018_GC,True,True,True,True,False,False
ENSG00000175449,ENSG00000175449,RFESD,protein_coding,Chang2019_TGCT;Wang2016_CT,True,True,True,True,False,False
ENSG00000175513,ENSG00000175513,TSGA10IP,protein_coding,daSilva2017_CT;daSilva2017_testis_biased,True,True,True,True,True,True
ENSG00000175518,ENSG00000175518,UBQLNL,protein_coding,Chang2019_TGCT;Wang2016_CT,True,True,True,True,False,False
ENSG00000175520,ENSG00000175520,UBQLN3,protein_coding,Chang2019_TGCT;Gong2021_reproductive_PC;Wang2016_CT;daSilva2017_CT;daSilva2017_testis_biased,True,True,True,True,True,True
ENSG00000175536,ENSG00000175536,LIPT2,protein_coding,Bruggeman2018_GC,True,True,True,True,False,False
ENSG00000175548,ENSG00000175548,ALG10B,protein_coding,Bruggeman2018_GC,True,True,True,True,False,False
ENSG00000175611,ENSG00000175611,ERCC6L2-AS1,lncRNA,Bruggeman2018_GC,True,True,False,False,False,False
ENSG00000175646,ENSG00000175646,PRM1,protein_coding,CTpedia;Chang2019_TGCT;Gong2021_reproductive_PC;daSilva2017;daSilva2017_testis_biased,True,True,True,True,True,True
ENSG00000175664,ENSG00000175664,TEX26,protein_coding,Chang2019_TGCT;Wang2016_CT,True,True,True,True,False,False
ENSG00000175699,ENSG00000175699,CCDC197,protein_coding,Gong2021_reproductive_PC,True,True,True,True,True,False
ENSG00000175718,ENSG00000175718,RBMXL3,protein_coding,Chang2019_TGCT;Gong2021_reproductive_PC;daSilva2017_testis_biased,True,True,True,True,True,True
ENSG00000175764,ENSG00000175764,TTLL11,protein_coding,Jamin2021_CT;Jamin2021_core,True,True,True,True,False,False
ENSG00000175787,ENSG00000175787,ZNF169,protein_coding,Bruggeman2018_GC,True,True,True,True,False,False
ENSG00000175809,ENSG00000175809,CBLL2,protein_coding,CTpedia;Chang2019_TGCT;Gong2021_reproductive_PC;Wang2016_CT;daSilva2017_CT;daSilva2017_testis_biased,True,True,True,True,True,True
ENSG00000175820,ENSG00000175820,CCDC168,protein_coding,Chang2019_TGCT;Gong2021_reproductive_PC;Wang2016_CT;daSilva2017_CT;daSilva2017_protein;daSilva2017_testis_biased;daSilva2017_tumor_proteomics,True,True,True,True,True,True
ENSG00000175877,ENSG00000175877,TMEM270,protein_coding,CTexploreR_CTP;Chang2019_TGCT;Gong2021_reproductive_PC;Loriot2025_S2;Wang2016_CT;daSilva2017_CT;daSilva2017_testis_biased,True,True,True,True,True,True
ENSG00000176020,ENSG00000176020,AMIGO3,protein_coding,Gong2021_placenta_PC;Gong2021_reproductive_PC,True,True,True,True,False,False
ENSG00000176040,ENSG00000176040,TMPRSS7,protein_coding,Wang2016_CT,True,True,True,True,True,True
ENSG00000176083,ENSG00000176083,ZNF683,protein_coding,Bruggeman2018_GC;Chang2019_TGCT;Gong2021_reproductive_PC;Wang2016_CT;daSilva2017_CT;daSilva2017_testis_biased,True,True,True,True,False,False
ENSG00000176124,ENSG00000176124,DLEU1,lncRNA,Bruggeman2018_GC,True,True,False,False,False,False
ENSG00000176148,ENSG00000176148,TCP11L1,protein_coding,Jamin2021_CT,True,True,True,True,False,False
ENSG00000176160,ENSG00000176160,HSF5,protein_coding,Carter2023_CT;Chang2019_TGCT;Gong2021_reproductive_PC;Wang2016_CT;daSilva2017_CT;daSilva2017_testis_biased,True,True,True,True,True,True
ENSG00000176165,ENSG00000176165,FOXG1,protein_coding,Jamin2021_CT,True,True,True,True,False,False
ENSG00000176177,ENSG00000176177,ENTHD1,protein_coding,Chang2019_TGCT;Wang2016_CT;daSilva2017_CT;daSilva2017_testis_biased,True,True,True,True,True,True
ENSG00000176198,ENSG00000176198,OR11H4,protein_coding,daSilva2017_CT;daSilva2017_testis_biased,True,True,True,True,True,False
ENSG00000176208,ENSG00000176208,ATAD5,protein_coding,Bruggeman2018_GC,True,True,True,True,False,False
ENSG00000176219,ENSG00000176219,OR11H6,protein_coding,daSilva2017_testis_biased,True,True,True,True,True,False
ENSG00000176256,ENSG00000176256,HMGB4,protein_coding,Chang2019_TGCT;Gong2021_reproductive_PC;Wang2016_CT;daSilva2017_protein;daSilva2017_testis_biased;daSilva2017_tumor_proteomics,True,True,True,True,True,True
ENSG00000176294,ENSG00000176294,OR4N2,protein_coding,Wang2016_CT;daSilva2017_CT;daSilva2017_testis_biased,True,True,True,True,True,True
ENSG00000176299,ENSG00000176299,OR4M1,protein_coding,Gong2021_reproductive_PC;Wang2016_CT;daSilva2017_testis_biased,True,True,True,True,True,False
ENSG00000176302,ENSG00000176302,FOXR1,protein_coding,Carter2023_CT;Chang2019_TGCT;Gong2021_reproductive_PC;Wang2016_CT;daSilva2017_CT;daSilva2017_testis_biased,True,True,True,True,True,True
ENSG00000176401,ENSG00000176401,EID2B,protein_coding,Jamin2021_CT,True,True,True,True,False,False
ENSG00000176563,ENSG00000176563,CNTD1,protein_coding,Chang2019_TGCT;Wang2016_CT;daSilva2017_CT;daSilva2017_testis_biased,True,True,True,True,False,False
ENSG00000176566,ENSG00000176566,DCAF4L2,protein_coding,Bruggeman2018_GC;CTexploreR_CT;Carter2023_CT;Chang2019_TGCT;Gong2021_reproductive_PC;Jamin2021_CT;Jamin2021_core;Loriot2025_S1;Wang2016_CT;daSilva2017;daSilva2017_CT;daSilva2017_protein;daSilva2017_testis_biased;daSilva2017_tumor_proteomics,True,True,True,True,True,True
ENSG00000176571,ENSG00000176571,CNBD1,protein_coding,Chang2019_TGCT;Gong2021_reproductive_PC;Wang2016_CT;daSilva2017_testis_biased,True,True,True,True,True,True
ENSG00000176597,ENSG00000176597,B3GNT5,protein_coding,Bruggeman2018_GC,True,True,True,True,False,False
ENSG00000176605,ENSG00000176605,LINC02914,lncRNA,Gong2021_reproductive_PC;daSilva2017_testis_biased,True,True,False,False,False,False
ENSG00000176635,ENSG00000176635,HORMAD2,protein_coding,CTpedia;Carter2023_CT;Chang2019_TGCT;Gong2021_reproductive_PC;Wang2016_CT;daSilva2017;daSilva2017_CT;daSilva2017_testis_biased,True,True,True,True,True,True
ENSG00000176679,ENSG00000176679,TGIF2LY,protein_coding,Chang2019_TGCT;Gong2021_reproductive_PC;Wang2016_CT;daSilva2017_testis_biased,True,True,True,True,True,True
ENSG00000176732,ENSG00000176732,PFN4,protein_coding,Chang2019_TGCT;Gong2021_reproductive_PC;Wang2016_CT;daSilva2017_CT;daSilva2017_testis_biased,True,True,True,True,False,False
ENSG00000176746,ENSG00000176746,MAGEB6,protein_coding,CTexploreR_CT;CTpedia;Carter2023_CT;Chang2019_TGCT;Gong2021_reproductive_PC;Loriot2025_S1;Wang2016_CT;daSilva2017_CT;daSilva2017_testis_biased,True,True,True,True,True,True
ENSG00000176771,ENSG00000176771,NCKAP5,protein_coding,Bruggeman2018_GC,True,True,True,True,False,False
ENSG00000176774,ENSG00000176774,MAGEB18,protein_coding,CTpedia;Gong2021_reproductive_PC;Wang2016_CT;daSilva2017;daSilva2017_CT;daSilva2017_protein;daSilva2017_testis_biased;daSilva2017_tumor_proteomics,True,True,True,True,True,True
ENSG00000176782,ENSG00000176782,DEFB104A,protein_coding,daSilva2017_testis_biased,True,True,True,True,False,False
ENSG00000176787,ENSG00000176787,OR52E2,protein_coding,daSilva2017_CT;daSilva2017_testis_biased,True,True,True,True,True,False
ENSG00000176840,ENSG00000176840,MIR7-3HG,lncRNA,Jamin2021_CT,True,True,False,False,False,False
ENSG00000176895,ENSG00000176895,OR51A7,protein_coding,daSilva2017_CT;daSilva2017_testis_biased,True,True,True,True,True,False
ENSG00000176922,ENSG00000176922,OR51S1,protein_coding,daSilva2017_CT;daSilva2017_testis_biased,True,True,True,True,True,False
ENSG00000176927,ENSG00000176927,EFCAB5,protein_coding,Chang2019_TGCT;Wang2016_CT;daSilva2017_CT;daSilva2017_testis_biased,True,True,True,True,False,False
ENSG00000176979,ENSG00000176979,TRIM60,protein_coding,Chang2019_TGCT;Gong2021_reproductive_PC;Wang2016_CT;daSilva2017_testis_biased,True,True,True,True,True,True
ENSG00000176988,ENSG00000176988,FMR1NB,protein_coding,CTexploreR_CT;CTpedia;Carter2023_CT;Chang2019_TGCT;Gong2021_reproductive_PC;Loriot2025_S1;Wang2016_CT;daSilva2017;daSilva2017_CT;daSilva2017_testis_biased,True,True,True,True,True,True
ENSG00000177023,ENSG00000177023,DEFB104B,protein_coding,daSilva2017_testis_biased,True,True,True,True,True,False
ENSG00000177025,ENSG00000177025,C19orf18,protein_coding,Jamin2021_CT,True,True,True,True,False,False
ENSG00000177058,ENSG00000177058,SLC38A9,protein_coding,Bradley2020_CPA;Bruggeman2018_GC,True,True,True,True,False,False
ENSG00000177138,ENSG00000177138,FAM9B,protein_coding,Chang2019_TGCT;Wang2016_CT;daSilva2017_CT;daSilva2017_testis_biased,True,True,True,True,False,False
ENSG00000177143,ENSG00000177143,CETN1,protein_coding,Chang2019_TGCT;Gong2021_reproductive_PC;Wang2016_CT;daSilva2017_testis_biased,True,True,True,True,True,True
ENSG00000177202,ENSG00000177202,SPACA4,protein_coding,Chang2019_TGCT;Gong2021_reproductive_PC;Wang2016_CT,True,True,True,True,True,True
ENSG00000177272,ENSG00000177272,KCNA3,protein_coding,Bruggeman2018_GC,True,True,True,True,False,False
ENSG00000177294,ENSG00000177294,FBXO39,protein_coding,CTexploreR_CTP;Chang2019_TGCT;Gong2021_reproductive_PC;Loriot2025_S2;Wang2016_CT;daSilva2017;daSilva2017_CT;daSilva2017_testis_biased,True,True,True,True,True,True
ENSG00000177324,ENSG00000177324,BEND2,protein_coding,Chang2019_TGCT;Gong2021_reproductive_PC;Wang2016_CT;daSilva2017_CT;daSilva2017_testis_biased,True,True,True,True,True,True
ENSG00000177398,ENSG00000177398,UMODL1,protein_coding,Bruggeman2018_GC,True,True,True,True,True,False
ENSG00000177414,ENSG00000177414,UBE2U,protein_coding,Carter2023_CT;Chang2019_TGCT;Gong2021_reproductive_PC;Wang2016_CT;daSilva2017_CT;daSilva2017_testis_biased,True,True,True,True,False,False
ENSG00000177483,ENSG00000177483,RBM44,protein_coding,Chang2019_TGCT;Wang2016_CT,True,True,True,True,True,True
ENSG00000177504,ENSG00000177504,VCX2,protein_coding,Chang2019_TGCT;Gong2021_reproductive_PC;Loriot2025_S1;Wang2016_CT;daSilva2017_testis_biased,True,True,True,True,False,False
ENSG00000177558,ENSG00000177558,FAM187B,protein_coding,Chang2019_TGCT;Gong2021_reproductive_PC;Wang2016_CT;daSilva2017_CT;daSilva2017_testis_biased,True,True,True,True,True,True
ENSG00000177627,ENSG00000177627,C12orf54,protein_coding,Chang2019_TGCT;Gong2021_reproductive_PC;Wang2016_CT;daSilva2017_CT;daSilva2017_testis_biased,True,True,True,True,True,True
ENSG00000177640,ENSG00000177640,CASC2,lncRNA,Bruggeman2018_GC,True,True,False,False,False,False
ENSG00000177673,ENSG00000177673,TEX44,protein_coding,CTpedia;Chang2019_TGCT;Gong2021_reproductive_PC;Wang2016_CT,True,True,True,True,True,True
ENSG00000177684,ENSG00000177684,DEFB114,protein_coding,daSilva2017_testis_biased,True,True,True,True,False,False
ENSG00000177689,ENSG00000177689,MAGEB10,protein_coding,CTpedia;Chang2019_TGCT;Gong2021_reproductive_PC;Wang2016_CT,True,True,True,True,True,True
ENSG00000177692,ENSG00000177692,DNAJC28,protein_coding,Bruggeman2018_GC,True,True,True,True,False,False
ENSG00000177694,ENSG00000177694,NAALADL2,protein_coding,Bruggeman2018_GC,True,True,True,True,False,False
ENSG00000177839,ENSG00000177839,PCDHB9,protein_coding,Bruggeman2018_GC,True,True,True,True,False,False
ENSG00000177842,ENSG00000177842,ZNF620,protein_coding,Bruggeman2018_GC,True,True,True,True,False,False
ENSG00000177873,ENSG00000177873,ZNF619,protein_coding,Bruggeman2018_GC,True,True,True,True,False,False
ENSG00000177910,ENSG00000177910,SPATA31C2,protein_coding,Carter2023_CT;Loriot2025_S1;daSilva2017_testis_biased,True,True,True,True,False,False
ENSG00000177938,ENSG00000177938,CAPZA3,protein_coding,Chang2019_TGCT;Gong2021_reproductive_PC;Wang2016_CT;daSilva2017_CT;daSilva2017_testis_biased,True,True,True,True,True,True
ENSG00000177947,ENSG00000177947,CIMAP1A,protein_coding,CTpedia;Carter2023_CT;Chang2019_TGCT;Gong2021_reproductive_PC;Wang2016_CT;daSilva2017;daSilva2017_CT;daSilva2017_testis_biased,True,True,True,True,True,True
ENSG00000177992,ENSG00000177992,SPATA31E1,protein_coding,CTpedia;Chang2019_TGCT;Gong2021_reproductive_PC;Wang2016_CT;daSilva2017;daSilva2017_CT;daSilva2017_testis_biased,True,True,True,True,True,True
ENSG00000177994,ENSG00000177994,CIMIP6,protein_coding,Chang2019_TGCT;Wang2016_CT,True,True,True,True,False,False
ENSG00000178021,ENSG00000178021,TSPYL6,protein_coding,CTpedia;Carter2023_CT;Chang2019_TGCT;Gong2021_reproductive_PC;Wang2016_CT;daSilva2017;daSilva2017_CT;daSilva2017_testis_biased,True,True,True,True,True,True
ENSG00000178053,ENSG00000178053,MLF1,protein_coding,Chang2019_TGCT;Wang2016_CT,True,True,True,True,False,False
ENSG00000178093,ENSG00000178093,TSSK6,protein_coding,Chang2019_TGCT;Gong2021_reproductive_PC;Wang2016_CT,True,True,True,True,True,True
ENSG00000178125,ENSG00000178125,PPP1R42,protein_coding,Chang2019_TGCT;Wang2016_CT,True,True,True,True,False,False
ENSG00000178177,ENSG00000178177,LCORL,protein_coding,Bruggeman2018_GC;Jamin2021_CT,True,True,True,True,False,False
ENSG00000178229,ENSG00000178229,ZNF543,protein_coding,Bruggeman2018_GC,True,True,True,True,False,False
ENSG00000178248,ENSG00000178248,FAM230I,lncRNA,Loriot2025_S2,True,True,False,False,False,False
ENSG00000178257,ENSG00000178257,PRM3,protein_coding,CTpedia;Chang2019_TGCT;Gong2021_reproductive_PC;daSilva2017;daSilva2017_testis_biased,True,True,True,True,True,True
ENSG00000178279,ENSG00000178279,TNP2,protein_coding,CTpedia;Chang2019_TGCT;Gong2021_reproductive_PC;daSilva2017;daSilva2017_testis_biased,True,True,True,True,True,True
ENSG00000178287,ENSG00000178287,SPAG11A,protein_coding,CTpedia;Wang2016_CT;daSilva2017;daSilva2017_CT;daSilva2017_testis_biased,True,True,True,True,False,False
ENSG00000178295,ENSG00000178295,GEN1,protein_coding,Jamin2021_CT,True,True,True,True,False,False
ENSG00000178297,ENSG00000178297,TMPRSS9,protein_coding,Bruggeman2018_GC,True,True,True,True,False,False
ENSG00000178385,ENSG00000178385,PLEKHM3,protein_coding,Bruggeman2018_GC,True,True,True,True,False,False
ENSG00000178386,ENSG00000178386,ZNF223,protein_coding,Bruggeman2018_GC,True,True,True,True,False,False
ENSG00000178395,ENSG00000178395,CCDC185,protein_coding,Chang2019_TGCT;Gong2021_reproductive_PC;Wang2016_CT;daSilva2017_CT;daSilva2017_testis_biased,True,True,True,True,True,True
ENSG00000178403,ENSG00000178403,NEUROG2,protein_coding,Chang2019_TGCT;Wang2016_CT;daSilva2017_CT;daSilva2017_testis_biased,True,True,True,True,False,False
ENSG00000178404,ENSG00000178404,CEP295NL,protein_coding,Chang2019_TGCT;Gong2021_reproductive_PC;Loriot2025_S2;daSilva2017_testis_biased,True,True,True,True,False,False
ENSG00000178409,ENSG00000178409,BEND3,protein_coding,Bruggeman2018_GC,True,True,True,True,False,False
ENSG00000178460,ENSG00000178460,MCMDC2,protein_coding,Bruggeman2018_GC;Chang2019_TGCT;Wang2016_CT;daSilva2017_CT;daSilva2017_testis_biased,True,True,True,True,False,False
ENSG00000178502,ENSG00000178502,KLHL11,protein_coding,Bruggeman2018_GC;Jamin2021_CT;Jamin2021_core,True,True,True,True,False,False
ENSG00000178573,ENSG00000178573,MAF,protein_coding,daSilva2017_CT;daSilva2017_testis_biased,True,True,True,True,False,False
ENSG00000178591,ENSG00000178591,DEFB125,protein_coding,Wang2016_CT;daSilva2017_testis_biased,True,True,True,True,False,False
ENSG00000178645,ENSG00000178645,C10orf53,protein_coding,Chang2019_TGCT;Gong2021_reproductive_PC;Wang2016_CT;daSilva2017_CT;daSilva2017_testis_biased,True,True,True,True,True,True
ENSG00000178665,ENSG00000178665,ZNF713,protein_coding,Bruggeman2018_GC,True,True,True,True,False,False
ENSG00000178694,ENSG00000178694,NSUN3,protein_coding,Bruggeman2018_GC,True,True,True,True,False,False
ENSG00000178795,ENSG00000178795,GDPD4,protein_coding,Chang2019_TGCT;Gong2021_reproductive_PC;Loriot2025_S2;Wang2016_CT,True,True,True,True,False,False
ENSG00000178796,ENSG00000178796,RIIAD1,protein_coding,Bruggeman2018_GC,True,True,True,True,False,False
ENSG00000178804,ENSG00000178804,H1-8,protein_coding,Chang2019_TGCT;Gong2021_reproductive_PC;Wang2016_CT;daSilva2017_CT;daSilva2017_testis_biased,True,True,True,False,False,False
ENSG00000178852,ENSG00000178852,EFCAB13,protein_coding,Jamin2021_CT,True,True,True,True,False,False
ENSG00000178928,ENSG00000178928,TPRX1,protein_coding,Gong2021_reproductive_PC;Wang2016_CT;daSilva2017_testis_biased,True,True,True,True,False,False
ENSG00000178997,ENSG00000178997,EXD1,protein_coding,Chang2019_TGCT;Gong2021_reproductive_PC;Wang2016_CT;daSilva2017_CT;daSilva2017_protein;daSilva2017_testis_biased;daSilva2017_tumor_proteomics,True,True,True,True,True,True
ENSG00000179008,ENSG00000179008,C14orf39,protein_coding,Jamin2021_CT;Jamin2021_core,True,True,True,True,False,False
ENSG00000179046,ENSG00000179046,TRIML2,protein_coding,Bruggeman2018_GC;CTexploreR_CT;Chang2019_TGCT;Loriot2025_S1;Wang2016_CT;daSilva2017;daSilva2017_CT;daSilva2017_testis_biased,True,True,True,True,True,True
ENSG00000179055,ENSG00000179055,OR13D1,protein_coding,daSilva2017_CT;daSilva2017_testis_biased,True,True,True,True,True,False
ENSG00000179059,ENSG00000179059,ZFP42,protein_coding,Bruggeman2018_GC;Chang2019_TGCT;Gong2021_reproductive_PC;Wang2016_CT;celltype_germline_candidate,True,True,True,True,True,True
ENSG00000179071,ENSG00000179071,CCDC89,protein_coding,Bruggeman2018_GC;Chang2019_TGCT;Wang2016_CT,True,True,True,True,False,False
ENSG00000179083,ENSG00000179083,FAM133A,protein_coding,Chang2019_TGCT;Wang2016_CT,True,True,True,True,False,False
ENSG00000179088,ENSG00000179088,C12orf42,protein_coding,CTexploreR_CTP;Chang2019_TGCT;Gong2021_reproductive_PC;Loriot2025_S2;Wang2016_CT,True,True,True,True,True,True
ENSG00000179133,ENSG00000179133,C10orf67,protein_coding,Chang2019_TGCT;Wang2016_CT,True,True,True,True,False,False
ENSG00000179142,ENSG00000179142,CYP11B2,protein_coding,daSilva2017_testis_biased,True,True,True,True,False,False
ENSG00000179165,ENSG00000179165,PXT1,protein_coding,Chang2019_TGCT;Wang2016_CT,True,True,True,True,True,True
ENSG00000179168,ENSG00000179168,GGN,protein_coding,Chang2019_TGCT;Gong2021_reproductive_PC;Wang2016_CT;daSilva2017_CT;daSilva2017_testis_biased,True,True,True,True,False,False
ENSG00000179172,ENSG00000179172,HNRNPCL1,protein_coding,daSilva2017_protein;daSilva2017_testis_biased;daSilva2017_tumor_proteomics,True,True,True,True,True,False
ENSG00000179213,ENSG00000179213,SIGLECL1,protein_coding,Chang2019_TGCT;Gong2021_reproductive_PC;Wang2016_CT;daSilva2017_CT;daSilva2017_testis_biased,True,True,True,True,True,True
ENSG00000179295,ENSG00000179295,PTPN11,protein_coding,Jamin2021_CT,True,True,True,True,False,False
ENSG00000179299,ENSG00000179299,NSUN7,protein_coding,Jamin2021_CT,True,True,True,True,False,False
ENSG00000179363,ENSG00000179363,TMEM31,protein_coding,Chang2019_TGCT;Gong2021_reproductive_PC;Jamin2021_CT;Jamin2021_core;Wang2016_CT;daSilva2017_CT;daSilva2017_testis_biased,True,True,True,True,False,False
ENSG00000179397,ENSG00000179397,CATSPERE,protein_coding,Chang2019_TGCT;Wang2016_CT,True,True,True,True,False,False
ENSG00000179407,ENSG00000179407,DNAJB8,protein_coding,CTpedia;Chang2019_TGCT;Gong2021_reproductive_PC;Wang2016_CT;daSilva2017;daSilva2017_CT;daSilva2017_testis_biased,True,True,True,True,True,True
ENSG00000179412,ENSG00000179412,HNRNPCL4,protein_coding,daSilva2017_testis_biased,True,True,True,True,True,False
ENSG00000179468,ENSG00000179468,OR9A2,protein_coding,Gong2021_placenta_PC;Gong2021_reproductive_PC,True,True,True,True,True,False
ENSG00000179580,ENSG00000179580,RNF151,protein_coding,Carter2023_CT;Chang2019_TGCT;Gong2021_reproductive_PC;daSilva2017_CT;daSilva2017_testis_biased,True,True,True,True,True,True
ENSG00000179598,ENSG00000179598,PLD6,protein_coding,Bruggeman2018_GC,True,True,True,True,False,False
ENSG00000179600,ENSG00000179600,GPHB5,protein_coding,daSilva2017_testis_biased,True,True,True,True,True,False
ENSG00000179603,ENSG00000179603,GRM8,protein_coding,Bruggeman2018_GC,True,True,True,True,False,False
ENSG00000179636,ENSG00000179636,TPPP2,protein_coding,Chang2019_TGCT;Gong2021_reproductive_PC;Wang2016_CT;daSilva2017_CT;daSilva2017_testis_biased,True,True,True,True,False,False
ENSG00000179676,ENSG00000179676,LINC00305,lncRNA,Gong2021_reproductive_ncRNA,True,True,False,False,False,False
ENSG00000179695,ENSG00000179695,OR6C2,protein_coding,daSilva2017_CT;daSilva2017_testis_biased,True,True,True,True,True,False
ENSG00000179709,ENSG00000179709,NLRP8,protein_coding,Wang2016_CT;daSilva2017_CT;daSilva2017_testis_biased,True,True,True,True,True,False
ENSG00000179751,ENSG00000179751,SYCN,protein_coding,daSilva2017_CT;daSilva2017_testis_biased,True,True,True,True,False,False
ENSG00000179796,ENSG00000179796,LRRC3B,protein_coding,Jamin2021_CT,True,True,True,True,False,False
ENSG00000179817,ENSG00000179817,MRGPRX4,protein_coding,daSilva2017_CT;daSilva2017_testis_biased,True,True,True,True,True,False
ENSG00000179869,ENSG00000179869,ABCA13,protein_coding,Bruggeman2018_GC,True,True,True,True,False,False
ENSG00000179873,ENSG00000179873,NLRP11,protein_coding,Carter2023_CT;Chang2019_TGCT;Wang2016_CT,True,True,True,True,False,False
ENSG00000179919,ENSG00000179919,OR10A7,protein_coding,daSilva2017_testis_biased,True,True,True,True,True,False
ENSG00000179988,ENSG00000179988,PSTK,protein_coding,Jamin2021_CT,True,True,True,True,False,False
ENSG00000180016,ENSG00000180016,OR1E1,protein_coding,daSilva2017_CT;daSilva2017_testis_biased,True,True,True,True,True,False
ENSG00000180043,ENSG00000180043,GARIN5B,protein_coding,Chang2019_TGCT;Gong2021_reproductive_PC;Wang2016_CT;daSilva2017_CT;daSilva2017_testis_biased;daSilva2017_tumor_proteomics,True,True,True,True,True,True
ENSG00000180083,ENSG00000180083,WFDC11,protein_coding,Gong2021_reproductive_PC;Wang2016_CT;daSilva2017_CT;daSilva2017_protein;daSilva2017_testis_biased;daSilva2017_tumor_proteomics,True,True,True,True,False,False
ENSG00000180090,ENSG00000180090,OR3A1,protein_coding,daSilva2017_CT;daSilva2017_testis_biased,True,True,True,True,True,False
ENSG00000180113,ENSG00000180113,TDRD6,protein_coding,Chang2019_TGCT;Jamin2021_CT;Jamin2021_core;Wang2016_CT,True,True,True,True,False,False
ENSG00000180116,ENSG00000180116,REDIC1,protein_coding,Chang2019_TGCT;Gong2021_reproductive_PC;Wang2016_CT;daSilva2017_CT;daSilva2017_testis_biased,True,True,True,True,True,True
ENSG00000180138,ENSG00000180138,CSNK1A1L,protein_coding,Chang2019_TGCT;Wang2016_CT;daSilva2017_CT;daSilva2017_protein;daSilva2017_testis_biased;daSilva2017_tumor_proteomics,True,True,True,True,True,True
ENSG00000180185,ENSG00000180185,FAHD1,protein_coding,Bruggeman2018_GC,True,True,True,True,False,False
ENSG00000180205,ENSG00000180205,WFDC9,protein_coding,daSilva2017_testis_biased,True,True,True,True,False,False
ENSG00000180219,ENSG00000180219,GARIN6,protein_coding,Carter2023_CT;Chang2019_TGCT;Gong2021_reproductive_PC;daSilva2017_CT;daSilva2017_testis_biased,True,True,True,True,True,True
ENSG00000180259,ENSG00000180259,PRNT,lncRNA,Chang2019_TGCT;Gong2021_reproductive_PC,True,True,False,False,False,False
ENSG00000180269,ENSG00000180269,GPR139,protein_coding,daSilva2017_CT;daSilva2017_testis_biased,True,True,True,True,True,False
ENSG00000180305,ENSG00000180305,WFDC10A,protein_coding,daSilva2017_CT;daSilva2017_testis_biased,True,True,True,True,False,False
ENSG00000180336,ENSG00000180336,MEIOC,protein_coding,CTexploreR_CTP;Chang2019_TGCT;Loriot2025_S2;Wang2016_CT;daSilva2017_CT;daSilva2017_testis_biased;daSilva2017_tumor_proteomics,True,True,True,True,True,True
ENSG00000180389,ENSG00000180389,ATP5F1EP2,processed_pseudogene,Bruggeman2018_GC,True,True,False,False,False,False
ENSG00000180423,ENSG00000180423,HARBI1,protein_coding,Bruggeman2018_GC,True,True,True,True,False,False
ENSG00000180424,ENSG00000180424,DEFB123,protein_coding,Chang2019_TGCT;Gong2021_reproductive_PC;Wang2016_CT;daSilva2017_CT;daSilva2017_testis_biased,True,True,True,True,False,False
ENSG00000180425,ENSG00000180425,C11orf71,protein_coding,Bruggeman2018_GC;daSilva2017_CT;daSilva2017_testis_biased,True,True,True,True,False,False
ENSG00000180479,ENSG00000180479,ZNF571,protein_coding,Bruggeman2018_GC,True,True,True,True,False,False
ENSG00000180481,ENSG00000180481,GLIPR1L2,protein_coding,Chang2019_TGCT;Wang2016_CT,True,True,True,True,False,False
ENSG00000180483,ENSG00000180483,DEFB119,protein_coding,Carter2023_CT;Chang2019_TGCT;Gong2021_reproductive_PC;Wang2016_CT;daSilva2017_CT;daSilva2017_testis_biased,True,True,True,True,False,False
ENSG00000180592,ENSG00000180592,SKIDA1,protein_coding,Bruggeman2018_GC,True,True,True,True,False,False
ENSG00000180628,ENSG00000180628,PCGF5,protein_coding,Jamin2021_CT,True,True,True,True,False,False
ENSG00000180658,ENSG00000180658,OR2A4,protein_coding,daSilva2017_CT;daSilva2017_testis_biased,True,True,True,True,True,False
ENSG00000180697,ENSG00000180697,C3orf22,protein_coding,Chang2019_TGCT;Gong2021_reproductive_PC;Wang2016_CT;daSilva2017_CT;daSilva2017_testis_biased,True,True,True,True,True,True
ENSG00000180764,ENSG00000180764,PIPSL,transcribed_processed_pseudogene,Bruggeman2018_GC,True,True,False,False,False,False
ENSG00000180776,ENSG00000180776,ZDHHC20,protein_coding,Jamin2021_CT,True,True,True,True,False,False
ENSG00000180869,ENSG00000180869,LINC01555,lncRNA,Wang2016_CT,True,True,False,False,False,False
ENSG00000180872,ENSG00000180872,DEFB112,protein_coding,daSilva2017_testis_biased,True,True,True,True,False,False
ENSG00000180878,ENSG00000180878,C11orf42,protein_coding,Chang2019_TGCT;Gong2021_reproductive_PC;Wang2016_CT,True,True,True,True,True,True
ENSG00000180934,ENSG00000180934,OR56A1,protein_coding,daSilva2017_testis_biased,True,True,True,True,True,False
ENSG00000180938,ENSG00000180938,ZNF572,protein_coding,Bruggeman2018_GC,True,True,True,True,False,False
ENSG00000180974,ENSG00000180974,OR52E4,protein_coding,daSilva2017_testis_biased,True,True,True,True,True,False
ENSG00000180999,ENSG00000180999,C1orf105,protein_coding,Jamin2021_CT,True,True,True,True,False,False
ENSG00000181029,ENSG00000181029,TRAPPC5,protein_coding,Bruggeman2018_GC,True,True,True,True,False,False
ENSG00000181195,ENSG00000181195,PENK,protein_coding,Chang2019_TGCT;Wang2016_CT,True,True,True,True,False,False
ENSG00000181322,ENSG00000181322,NME9,protein_coding,Bruggeman2018_GC,True,True,True,True,False,False
ENSG00000181323,ENSG00000181323,SPEM1,protein_coding,CTpedia;Chang2019_TGCT;Gong2021_reproductive_PC;daSilva2017;daSilva2017_CT;daSilva2017_testis_biased,True,True,True,True,True,True
ENSG00000181355,ENSG00000181355,OFCC1,transcribed_unitary_pseudogene,daSilva2017_testis_biased,True,True,False,False,False,False
ENSG00000181371,ENSG00000181371,OR5M8,protein_coding,daSilva2017_testis_biased,True,True,True,True,True,False
ENSG00000181433,ENSG00000181433,SAGE1,protein_coding,CTexploreR_CT;CTpedia;Carter2023_CT;Chang2019_TGCT;Gong2021_reproductive_PC;Loriot2025_S1;Wang2016_CT;daSilva2017;daSilva2017_CT;daSilva2017_testis_biased,True,True,True,True,True,True
ENSG00000181450,ENSG00000181450,ZNF678,protein_coding,Bruggeman2018_GC,True,True,True,True,False,False
ENSG00000181552,ENSG00000181552,EDDM3B,protein_coding,daSilva2017_CT;daSilva2017_testis_biased,True,True,True,True,False,False
ENSG00000181562,ENSG00000181562,EDDM3A,protein_coding,Chang2019_TGCT;Wang2016_CT,True,True,True,True,False,False
ENSG00000181609,ENSG00000181609,OR52D1,protein_coding,daSilva2017_CT;daSilva2017_testis_biased,True,True,True,True,True,True
ENSG00000181616,ENSG00000181616,OR52H1,protein_coding,daSilva2017_CT;daSilva2017_testis_biased,True,True,True,True,True,False
ENSG00000181626,ENSG00000181626,ANKRD62,protein_coding,Chang2019_TGCT,True,True,True,True,True,True
ENSG00000181722,ENSG00000181722,ZBTB20,protein_coding,Bruggeman2018_GC,True,True,True,True,False,False
ENSG00000181781,ENSG00000181781,CIMAP1D,protein_coding,Chang2019_TGCT;Gong2021_reproductive_PC;Wang2016_CT,True,True,True,True,False,False
ENSG00000181786,ENSG00000181786,ACTL9,protein_coding,Chang2019_TGCT;Gong2021_reproductive_PC;Wang2016_CT;daSilva2017_testis_biased,True,True,True,True,True,True
ENSG00000181827,ENSG00000181827,RFX7,protein_coding,Jamin2021_CT,True,True,True,True,False,False
ENSG00000181867,ENSG00000181867,FTMT,protein_coding,Chang2019_TGCT;Gong2021_reproductive_PC;Wang2016_CT;daSilva2017_testis_biased,True,True,True,True,True,True
ENSG00000181873,ENSG00000181873,IBA57,protein_coding,Bruggeman2018_GC,True,True,True,True,False,False
ENSG00000181896,ENSG00000181896,ZNF101,protein_coding,Jamin2021_CT,True,True,True,True,False,False
ENSG00000181904,ENSG00000181904,C5orf24,protein_coding,Bruggeman2018_GC,True,True,True,True,False,False
ENSG00000181961,ENSG00000181961,OR4A16,protein_coding,daSilva2017_testis_biased,True,True,True,True,True,False
ENSG00000181965,ENSG00000181965,NEUROG1,protein_coding,daSilva2017_CT;daSilva2017_testis_biased,True,True,True,True,True,False
ENSG00000181995,ENSG00000181995,LINC00301,transcribed_unitary_pseudogene,Gong2021_reproductive_ncRNA,True,True,False,False,False,False
ENSG00000182035,ENSG00000182035,ADIG,protein_coding,Chang2019_TGCT;Gong2021_reproductive_PC;Wang2016_CT;daSilva2017_CT;daSilva2017_testis_biased,True,True,True,True,True,True
ENSG00000182050,ENSG00000182050,MGAT4C,protein_coding,Bruggeman2018_GC,True,True,True,True,False,False
ENSG00000182053,ENSG00000182053,TRIM49B,protein_coding,daSilva2017_testis_biased,True,True,True,True,True,False
ENSG00000182083,ENSG00000182083,OR6B2,protein_coding,daSilva2017_CT;daSilva2017_testis_biased,True,True,True,True,True,False
ENSG00000182111,ENSG00000182111,ZNF716,protein_coding,Bruggeman2018_GC;Wang2016_CT,True,True,True,True,True,False
ENSG00000182134,ENSG00000182134,TDRKH,protein_coding,Jamin2021_CT;Jamin2021_core,True,True,True,True,False,False
ENSG00000182170,ENSG00000182170,MRGPRG,protein_coding,daSilva2017_testis_biased,True,True,True,True,True,False
ENSG00000182185,ENSG00000182185,RAD51B,protein_coding,Bruggeman2018_GC,True,True,True,True,False,False
ENSG00000182223,ENSG00000182223,ZAR1,protein_coding,daSilva2017_CT;daSilva2017_testis_biased,True,True,True,True,True,True
ENSG00000182256,ENSG00000182256,GABRG3,protein_coding,Bruggeman2018_GC,True,True,True,True,False,False
ENSG00000182261,ENSG00000182261,NLRP10,protein_coding,daSilva2017_CT;daSilva2017_protein;daSilva2017_testis_biased;daSilva2017_tumor_proteomics,True,True,True,True,False,False
ENSG00000182264,ENSG00000182264,IZUMO1,protein_coding,Chang2019_TGCT;Wang2016_CT;daSilva2017_CT;daSilva2017_testis_biased,True,True,True,True,True,True
ENSG00000182308,ENSG00000182308,DCAF4L1,protein_coding,CTexploreR_CTP;Chang2019_TGCT;Gong2021_reproductive_PC;Jamin2021_CT;Jamin2021_core;Loriot2025_S2;Wang2016_CT;daSilva2017;daSilva2017_CT;daSilva2017_testis_biased,True,True,True,True,True,True
ENSG00000182315,ENSG00000182315,MBD3L3,protein_coding,daSilva2017_testis_biased,True,True,True,True,True,False
ENSG00000182324,ENSG00000182324,KCNJ14,protein_coding,Bruggeman2018_GC,True,True,True,True,False,False
ENSG00000182405,ENSG00000182405,PGBD4,protein_coding,Bruggeman2018_GC,True,True,True,True,False,False
ENSG00000182459,ENSG00000182459,TEX19,protein_coding,CTexploreR_CTP;CTpedia;Chang2019_TGCT;Gong2021_reproductive_PC;Loriot2025_S2;Wang2016_CT;daSilva2017;daSilva2017_CT;daSilva2017_testis_biased,True,True,True,True,True,True
ENSG00000182481,ENSG00000182481,KPNA2,protein_coding,Chang2019_TGCT;Wang2016_CT,True,True,True,True,False,False
ENSG00000182583,ENSG00000182583,VCX,protein_coding,CTexploreR_CT;Carter2023_CT;Chang2019_TGCT;Gong2021_reproductive_PC;Loriot2025_S1;Wang2016_CT;daSilva2017;daSilva2017_CT;daSilva2017_testis_biased,True,True,True,True,True,True
ENSG00000182613,ENSG00000182613,OR2V2,protein_coding,daSilva2017_CT;daSilva2017_testis_biased,True,True,True,True,True,False
ENSG00000182645,ENSG00000182645,CCDC172,protein_coding,Chang2019_TGCT;Gong2021_reproductive_PC;daSilva2017_testis_biased,True,True,True,True,False,False
ENSG00000182652,ENSG00000182652,OR4Q3,protein_coding,daSilva2017_testis_biased,True,True,True,True,True,False
ENSG00000182752,ENSG00000182752,PAPPA,protein_coding,Bruggeman2018_GC;Gong2021_placenta_PC;Gong2021_reproductive_PC,True,True,True,True,False,False
ENSG00000182791,ENSG00000182791,CCDC87,protein_coding,Carter2023_CT,True,True,True,True,False,False
ENSG00000182793,ENSG00000182793,GSTA5,protein_coding,daSilva2017_CT;daSilva2017_testis_biased,True,True,True,True,True,False
ENSG00000182798,ENSG00000182798,MAGEB17,protein_coding,daSilva2017_testis_biased,True,True,True,True,False,False
ENSG00000182890,ENSG00000182890,GLUD2,protein_coding,Jamin2021_CT;Jamin2021_core,True,True,True,True,False,False
ENSG00000182896,ENSG00000182896,TMEM95,protein_coding,Chang2019_TGCT;Gong2021_reproductive_PC;Wang2016_CT;daSilva2017_testis_biased,True,True,True,True,True,True
ENSG00000182898,ENSG00000182898,TCHHL1,protein_coding,daSilva2017_CT;daSilva2017_testis_biased,True,True,True,True,False,False
ENSG00000182901,ENSG00000182901,RGS7,protein_coding,Jamin2021_CT,True,True,True,True,False,False
ENSG00000182950,ENSG00000182950,CIMAP1C,protein_coding,Chang2019_TGCT;Wang2016_CT,True,True,True,True,False,False
ENSG00000182968,ENSG00000182968,SOX1,protein_coding,Bruggeman2018_GC,True,True,True,True,False,False
ENSG00000182974,ENSG00000182974,OR4M2B,protein_coding,Gong2021_reproductive_PC,True,True,True,True,True,False
ENSG00000182993,ENSG00000182993,C12orf60,protein_coding,Bruggeman2018_GC;Chang2019_TGCT;Wang2016_CT,True,True,True,True,False,False
ENSG00000183024,ENSG00000183024,OR1G1,protein_coding,daSilva2017_CT;daSilva2017_testis_biased,True,True,True,True,True,False
ENSG00000183034,ENSG00000183034,OTOP2,protein_coding,daSilva2017_CT;daSilva2017_testis_biased,True,True,True,True,False,False
ENSG00000183035,ENSG00000183035,CYLC1,protein_coding,Chang2019_TGCT;Gong2021_reproductive_PC;daSilva2017_testis_biased,True,True,True,True,True,True
ENSG00000183066,ENSG00000183066,WBP2NL,protein_coding,Chang2019_TGCT;Wang2016_CT,True,True,True,True,True,True
ENSG00000183137,ENSG00000183137,CEP57L1,protein_coding,Bruggeman2018_GC,True,True,True,True,False,False
ENSG00000183166,ENSG00000183166,CALN1,protein_coding,Jamin2021_CT,True,True,True,True,False,False
ENSG00000183185,ENSG00000183185,GABRR3,protein_coding,daSilva2017_testis_biased,True,True,True,True,False,False
ENSG00000183206,ENSG00000183206,POTEC,protein_coding,CTexploreR_CT;Chang2019_TGCT;Gong2021_reproductive_PC;Loriot2025_S1;Wang2016_CT;daSilva2017;daSilva2017_CT;daSilva2017_testis_biased,True,True,True,True,True,True
ENSG00000183246,ENSG00000183246,RIMBP3C,protein_coding,Gong2021_reproductive_PC;daSilva2017_CT;daSilva2017_testis_biased,True,True,True,True,True,True
ENSG00000183269,ENSG00000183269,OR52E8,protein_coding,Gong2021_placenta_PC;Gong2021_reproductive_PC,True,True,True,True,True,False
ENSG00000183292,ENSG00000183292,PRSS40A,transcribed_unitary_pseudogene,Chang2019_TGCT;Gong2021_reproductive_PC;Wang2016_CT,True,True,False,False,False,False
ENSG00000183304,ENSG00000183304,FAM9A,protein_coding,Chang2019_TGCT;Gong2021_reproductive_PC;Wang2016_CT;daSilva2017_CT;daSilva2017_testis_biased,True,True,True,True,True,True
ENSG00000183305,ENSG00000183305,MAGEA2B,protein_coding,Jamin2021_CT;Jamin2021_core;Wang2016_CT;daSilva2017_testis_biased;paralog:MAGEA2,True,True,True,True,True,True
ENSG00000183313,ENSG00000183313,OR52L1,protein_coding,daSilva2017_CT;daSilva2017_testis_biased,True,True,True,True,True,False
ENSG00000183318,ENSG00000183318,SPDYE4,protein_coding,Chang2019_TGCT;Gong2021_reproductive_PC;Wang2016_CT;daSilva2017_CT;daSilva2017_testis_biased,True,True,True,True,True,True
ENSG00000183324,ENSG00000183324,REC114,protein_coding,Chang2019_TGCT;Gong2021_reproductive_PC;Wang2016_CT;daSilva2017_CT;daSilva2017_testis_biased,True,True,True,True,False,False
ENSG00000183396,ENSG00000183396,TMEM89,protein_coding,Chang2019_TGCT;Gong2021_reproductive_PC;Wang2016_CT;daSilva2017_CT;daSilva2017_testis_biased,True,True,True,True,True,True
ENSG00000183434,ENSG00000183434,TFDP3,protein_coding,CTpedia;Carter2023_CT;Chang2019_TGCT;Gong2021_reproductive_PC;Wang2016_CT;daSilva2017;daSilva2017_CT;daSilva2017_testis_biased,True,True,True,True,True,True
ENSG00000183470,ENSG00000183470,FLJ40288,lncRNA,Gong2021_reproductive_ncRNA,True,True,False,False,False,False
ENSG00000183476,ENSG00000183476,SH2D7,protein_coding,Chang2019_TGCT;Wang2016_CT,True,True,True,True,False,False
ENSG00000183496,ENSG00000183496,MEX3B,protein_coding,Chang2019_TGCT;Wang2016_CT,True,True,True,True,False,False
ENSG00000183559,ENSG00000183559,C10orf120,protein_coding,Chang2019_TGCT;Gong2021_reproductive_PC;Wang2016_CT;daSilva2017_CT;daSilva2017_testis_biased,True,True,True,True,True,True
ENSG00000183629,ENSG00000183629,GOLGA8G,protein_coding,Chang2019_TGCT;Wang2016_CT,True,True,True,True,True,True
ENSG00000183632,ENSG00000183632,TP53TG3,protein_coding,daSilva2017_testis_biased,True,True,True,True,False,False
ENSG00000183640,ENSG00000183640,KRTAP8-1,protein_coding,daSilva2017_testis_biased,True,True,True,True,False,False
ENSG00000183643,ENSG00000183643,C15orf32,lncRNA,Gong2021_reproductive_ncRNA;Wang2016_CT;daSilva2017_CT;daSilva2017_testis_biased,True,True,False,False,False,False
ENSG00000183654,ENSG00000183654,MARCHF11,protein_coding,Chang2019_TGCT;Jamin2021_CT;Wang2016_CT;daSilva2017_CT;daSilva2017_testis_biased,True,True,True,True,False,False
ENSG00000183668,ENSG00000183668,PSG9,protein_coding,CTpedia;Gong2021_placenta_PC;Gong2021_reproductive_PC,True,True,True,True,True,True
ENSG00000183706,ENSG00000183706,OR4N4,protein_coding,Gong2021_reproductive_PC;Wang2016_CT;daSilva2017_CT;daSilva2017_testis_biased,True,True,True,True,True,True
ENSG00000183753,ENSG00000183753,BPY2,protein_coding,Wang2016_CT;daSilva2017_CT;daSilva2017_testis_biased,True,True,True,True,True,True
ENSG00000183795,ENSG00000183795,BPY2B,protein_coding,daSilva2017_testis_biased,True,True,True,True,True,False
ENSG00000183808,ENSG00000183808,RBM12B,protein_coding,Bruggeman2018_GC,True,True,True,True,False,False
ENSG00000183831,ENSG00000183831,ANKRD45,protein_coding,Chang2019_TGCT;Wang2016_CT,True,True,True,True,False,False
ENSG00000183833,ENSG00000183833,CFAP91,protein_coding,Jamin2021_CT,True,True,True,True,False,False
ENSG00000183840,ENSG00000183840,GPR39,protein_coding,Bruggeman2018_GC,True,True,True,True,False,False
ENSG00000183850,ENSG00000183850,ZNF730,protein_coding,Chang2019_TGCT,True,True,True,True,False,False
ENSG00000183862,ENSG00000183862,CNGA2,protein_coding,Wang2016_CT;daSilva2017_CT;daSilva2017_testis_biased,True,True,True,True,True,False
ENSG00000183914,ENSG00000183914,DNAH2,protein_coding,Bruggeman2018_GC,True,True,True,True,False,False
ENSG00000183977,ENSG00000183977,PP2D1,protein_coding,daSilva2017_CT;daSilva2017_testis_biased,True,True,True,True,True,True
ENSG00000184029,ENSG00000184029,DSCR4,lncRNA,Gong2021_placenta_PC;Gong2021_reproductive_PC;Wang2016_CT;daSilva2017_CT;daSilva2017_testis_biased,True,True,False,False,False,False
ENSG00000184032,ENSG00000184032,KRTAP20-2,protein_coding,daSilva2017_testis_biased,True,True,True,True,False,False
ENSG00000184033,ENSG00000184033,CTAG1B,protein_coding,CTexploreR_CT;CTpedia;Jamin2021_CT;Jamin2021_core;Loriot2025_S1;Seager2024_CTA;Wang2016_CT;daSilva2017;daSilva2017_CT;daSilva2017_testis_biased,True,True,True,True,True,True
ENSG00000184108,ENSG00000184108,TRIML1,protein_coding,Chang2019_TGCT;Gong2021_reproductive_PC;Wang2016_CT;daSilva2017_CT;daSilva2017_testis_biased,True,True,True,True,True,True
ENSG00000184148,ENSG00000184148,SPRR4,protein_coding,daSilva2017_CT;daSilva2017_testis_biased,True,True,True,True,False,False
ENSG00000184166,ENSG00000184166,OR1D2,protein_coding,daSilva2017_testis_biased,True,True,True,True,False,False
ENSG00000184302,ENSG00000184302,SIX6,protein_coding,daSilva2017_CT;daSilva2017_protein;daSilva2017_testis_biased;daSilva2017_tumor_proteomics,True,True,True,True,False,False
ENSG00000184305,ENSG00000184305,CCSER1,protein_coding,Bruggeman2018_GC,True,True,True,True,False,False
ENSG00000184330,ENSG00000184330,S100A7A,protein_coding,Bruggeman2018_GC,True,True,True,True,False,False
ENSG00000184345,ENSG00000184345,IQCF2,protein_coding,Chang2019_TGCT;Gong2021_reproductive_PC;daSilva2017_testis_biased,True,True,True,True,True,True
ENSG00000184361,ENSG00000184361,SPATA32,protein_coding,CTpedia;Chang2019_TGCT;Gong2021_reproductive_PC;Wang2016_CT;daSilva2017;daSilva2017_CT;daSilva2017_testis_biased,True,True,True,True,True,True
ENSG00000184368,ENSG00000184368,MAP7D2,protein_coding,Jamin2021_CT,True,True,True,True,False,False
ENSG00000184378,ENSG00000184378,ACTRT3,protein_coding,Bruggeman2018_GC;Chang2019_TGCT;Jamin2021_CT;Wang2016_CT,True,True,True,True,False,False
ENSG00000184459,ENSG00000184459,BPIFC,protein_coding,daSilva2017_CT;daSilva2017_testis_biased,True,True,True,True,False,False
ENSG00000184478,ENSG00000184478,OR56A3,protein_coding,Wang2016_CT;daSilva2017_CT;daSilva2017_testis_biased,True,True,True,True,True,False
ENSG00000184502,ENSG00000184502,GAST,protein_coding,daSilva2017_CT;daSilva2017_testis_biased,True,True,True,True,False,False
ENSG00000184507,ENSG00000184507,NUTM1,protein_coding,CTpedia;Chang2019_TGCT;Gong2021_reproductive_PC;Wang2016_CT;daSilva2017;daSilva2017_CT;daSilva2017_testis_biased,True,True,True,True,True,True
ENSG00000184560,ENSG00000184560,SPEM2,protein_coding,Chang2019_TGCT;Gong2021_reproductive_PC;Wang2016_CT;daSilva2017_CT;daSilva2017_testis_biased,True,True,True,True,True,True
ENSG00000184571,ENSG00000184571,PIWIL3,protein_coding,Wang2016_CT;daSilva2017_CT;daSilva2017_testis_biased,True,True,True,True,True,False
ENSG00000184599,ENSG00000184599,TAFA3,protein_coding,Bruggeman2018_GC,True,True,True,True,False,False
ENSG00000184602,ENSG00000184602,SNN,protein_coding,Bruggeman2018_GC,True,True,True,True,False,False
ENSG00000184635,ENSG00000184635,ZNF93,protein_coding,Bruggeman2018_GC,True,True,True,True,False,False
ENSG00000184647,ENSG00000184647,PRSS55,protein_coding,Chang2019_TGCT;Gong2021_reproductive_PC;Wang2016_CT;daSilva2017_CT;daSilva2017_testis_biased,True,True,True,True,True,True
ENSG00000184650,ENSG00000184650,ODF4,protein_coding,CTpedia;Chang2019_TGCT;Gong2021_reproductive_PC;Wang2016_CT;daSilva2017;daSilva2017_CT;daSilva2017_protein;daSilva2017_testis_biased;daSilva2017_tumor_proteomics,True,True,True,True,True,True
ENSG00000184661,ENSG00000184661,CDCA2,protein_coding,Bruggeman2018_GC;Chang2019_TGCT;Wang2016_CT,True,True,True,True,False,False
ENSG00000184675,ENSG00000184675,AMER1,protein_coding,Bruggeman2018_GC,True,True,True,True,False,False
ENSG00000184716,ENSG00000184716,SERINC4,protein_coding,daSilva2017_CT;daSilva2017_testis_biased,True,True,True,True,False,False
ENSG00000184724,ENSG00000184724,KRTAP6-1,protein_coding,daSilva2017_testis_biased,True,True,True,True,False,False
ENSG00000184735,ENSG00000184735,DDX53,protein_coding,CTexploreR_CT;CTpedia;Chang2019_TGCT;Gong2021_reproductive_PC;Loriot2025_S1;Wang2016_CT;daSilva2017;daSilva2017_CT;daSilva2017_testis_biased,True,True,True,True,True,True
ENSG00000184786,ENSG00000184786,DYNLT2,protein_coding,Bruggeman2018_GC;Chang2019_TGCT;Wang2016_CT;daSilva2017_CT;daSilva2017_testis_biased,True,True,True,True,True,True
ENSG00000184814,ENSG00000184814,PRR23B,protein_coding,Chang2019_TGCT;Gong2021_reproductive_PC;Wang2016_CT;daSilva2017_CT;daSilva2017_testis_biased,True,True,True,True,True,True
ENSG00000184911,ENSG00000184911,DMRTC1B,protein_coding,Jamin2021_CT,True,True,True,True,False,False
ENSG00000184933,ENSG00000184933,OR6A2,protein_coding,daSilva2017_CT;daSilva2017_testis_biased,True,True,True,True,True,False
ENSG00000185002,ENSG00000185002,RFX6,protein_coding,daSilva2017_CT;daSilva2017_testis_biased,True,True,True,True,False,False
ENSG00000185013,ENSG00000185013,NT5C1B,protein_coding,Chang2019_TGCT;Gong2021_reproductive_PC;Wang2016_CT;daSilva2017_CT;daSilva2017_testis_biased,True,True,True,True,True,True
ENSG00000185046,ENSG00000185046,ANKS1B,protein_coding,Jamin2021_CT,True,True,True,True,False,False
ENSG00000185055,ENSG00000185055,EFCAB10,protein_coding,Chang2019_TGCT,True,True,True,True,False,False
ENSG00000185056,ENSG00000185056,C5orf47,protein_coding,Chang2019_TGCT;Gong2021_reproductive_PC;Wang2016_CT;daSilva2017_CT;daSilva2017_testis_biased,True,True,True,True,True,True
ENSG00000185104,ENSG00000185104,FAF1,protein_coding,Jamin2021_CT,True,True,True,True,False,False
ENSG00000185156,ENSG00000185156,MFSD6L,protein_coding,Chang2019_TGCT;Wang2016_CT,True,True,True,True,False,False
ENSG00000185177,ENSG00000185177,ZNF479,protein_coding,Chang2019_TGCT;Gong2021_reproductive_PC;Wang2016_CT;daSilva2017_CT;daSilva2017_testis_biased,True,True,True,True,True,True
ENSG00000185236,ENSG00000185236,RAB11B,protein_coding,Jamin2021_CT,True,True,True,True,False,False
ENSG00000185245,ENSG00000185245,GP1BA,protein_coding,Bruggeman2018_GC,True,True,True,True,False,False
ENSG00000185247,ENSG00000185247,MAGEA11,protein_coding,CTexploreR_CT;CTpedia;Carter2023_CT;Chang2019_TGCT;Jamin2021_CT;Jamin2021_core;Loriot2025_S1;Wang2016_CT;daSilva2017;daSilva2017_CT;daSilva2017_testis_biased,True,True,True,True,False,False
ENSG00000185261,ENSG00000185261,KIAA0825,protein_coding,Bruggeman2018_GC,True,True,True,True,False,False
ENSG00000185264,ENSG00000185264,CIMIP4,protein_coding,CTpedia;Chang2019_TGCT;Gong2021_reproductive_PC;daSilva2017;daSilva2017_testis_biased,True,True,True,True,True,True
ENSG00000185269,ENSG00000185269,NOTUM,protein_coding,Bruggeman2018_GC,True,True,True,True,False,False
ENSG00000185278,ENSG00000185278,ZBTB37,protein_coding,Bruggeman2018_GC,True,True,True,True,False,False
ENSG00000185290,ENSG00000185290,NUPR2,protein_coding,Chang2019_TGCT;Gong2021_reproductive_PC;Wang2016_CT,True,True,True,True,False,False
ENSG00000185294,ENSG00000185294,SPPL2C,protein_coding,Chang2019_TGCT;Gong2021_reproductive_PC;Jamin2021_CT;Wang2016_CT;daSilva2017_CT;daSilva2017_testis_biased,True,True,True,True,True,True
ENSG00000185306,ENSG00000185306,C12orf56,protein_coding,Jamin2021_CT;Jamin2021_core,True,True,True,True,False,False
ENSG00000185313,ENSG00000185313,SCN10A,protein_coding,daSilva2017_CT;daSilva2017_testis_biased,True,True,True,True,True,False
ENSG00000185352,ENSG00000185352,HS6ST3,protein_coding,Bruggeman2018_GC,True,True,True,True,False,False
ENSG00000185414,ENSG00000185414,MRPL30,protein_coding,Bruggeman2018_GC,True,True,True,True,False,False
ENSG00000185448,ENSG00000185448,FAM47A,protein_coding,Chang2019_TGCT;Gong2021_reproductive_PC;daSilva2017_CT;daSilva2017_testis_biased,True,True,True,True,True,True
ENSG00000185480,ENSG00000185480,PARPBP,protein_coding,Bruggeman2018_GC,True,True,True,True,False,False
ENSG00000185523,ENSG00000185523,SPATA45,protein_coding,Chang2019_TGCT;Wang2016_CT,True,True,True,True,False,False
ENSG00000185594,ENSG00000185594,SPATA8,lncRNA,Chang2019_TGCT;Gong2021_reproductive_PC;Wang2016_CT;daSilva2017_CT;daSilva2017_testis_biased;daSilva2017_tumor_proteomics,True,True,False,False,False,False
ENSG00000185634,ENSG00000185634,SHC4,protein_coding,Jamin2021_CT,True,True,True,True,False,False
ENSG00000185658,ENSG00000185658,BRWD1,protein_coding,Jamin2021_CT,True,True,True,True,False,False
ENSG00000185662,ENSG00000185662,SMIM23,protein_coding,Chang2019_TGCT;Gong2021_reproductive_PC;daSilva2017_testis_biased,True,True,True,True,True,True
ENSG00000185666,ENSG00000185666,SYN3,protein_coding,Bruggeman2018_GC,True,True,True,True,False,False
ENSG00000185670,ENSG00000185670,ZBTB3,protein_coding,Bruggeman2018_GC,True,True,True,True,False,False
ENSG00000185686,ENSG00000185686,PRAME,protein_coding,Bruggeman2018_GC;CTexploreR_CTP;CTpedia;Chang2019_TGCT;Gong2021_reproductive_PC;Jamin2021_CT;Loriot2025_S2;Wang2016_CT;daSilva2017;daSilva2017_CT;daSilva2017_protein;daSilva2017_testis_biased;daSilva2017_tumor_proteomics,True,True,True,True,True,True
ENSG00000185689,ENSG00000185689,TEX56P,transcribed_unitary_pseudogene,Chang2019_TGCT;Wang2016_CT,True,True,False,False,False,False
ENSG00000185697,ENSG00000185697,MYBL1,protein_coding,Jamin2021_CT,True,True,True,True,False,False
ENSG00000185730,ENSG00000185730,ZNF696,protein_coding,Bruggeman2018_GC,True,True,True,True,False,False
ENSG00000185775,ENSG00000185775,SPATA31A6,protein_coding,CTpedia;Gong2021_reproductive_PC;Wang2016_CT;daSilva2017;daSilva2017_CT;daSilva2017_testis_biased,True,True,True,True,True,True
ENSG00000185792,ENSG00000185792,NLRP9,protein_coding,Bruggeman2018_GC;celltype_germline_candidate,True,True,True,True,True,True
ENSG00000185798,ENSG00000185798,WDR53,protein_coding,Jamin2021_CT,True,True,True,True,False,False
ENSG00000185823,ENSG00000185823,NPAP1,protein_coding,Chang2019_TGCT;Wang2016_CT,True,True,True,True,True,True
ENSG00000185829,ENSG00000185829,ARL17A,protein_coding,Bruggeman2018_GC,True,True,True,True,False,False
ENSG00000185842,ENSG00000185842,DNAH14,protein_coding,Bruggeman2018_GC;Jamin2021_CT,True,True,True,True,False,False
ENSG00000185863,ENSG00000185863,TMEM210,protein_coding,CTexploreR_CTP;Chang2019_TGCT;Gong2021_reproductive_PC;Loriot2025_S2;daSilva2017;daSilva2017_testis_biased,True,True,True,True,True,True
ENSG00000185883,ENSG00000185883,ATP6V0C,protein_coding,Bruggeman2018_GC,True,True,True,True,False,False
ENSG00000185888,ENSG00000185888,PRSS38,protein_coding,Chang2019_TGCT;Gong2021_reproductive_PC;Wang2016_CT;daSilva2017_testis_biased,True,True,True,True,True,True
ENSG00000185894,ENSG00000185894,BPY2C,protein_coding,daSilva2017_testis_biased,True,True,True,True,True,False
ENSG00000185920,ENSG00000185920,PTCH1,protein_coding,Jamin2021_CT,True,True,True,True,False,False
ENSG00000185955,ENSG00000185955,SPACDR,protein_coding,Chang2019_TGCT;Wang2016_CT,True,True,True,True,False,False
ENSG00000185958,ENSG00000185958,FAM186A,protein_coding,Chang2019_TGCT;Gong2021_reproductive_PC;Wang2016_CT,True,True,True,True,True,True
ENSG00000185972,ENSG00000185972,CCIN,protein_coding,Chang2019_TGCT;Gong2021_reproductive_PC;Loriot2025_S2;Wang2016_CT;daSilva2017_CT;daSilva2017_testis_biased,True,True,True,True,True,True
ENSG00000185982,ENSG00000185982,DEFB128,protein_coding,daSilva2017_testis_biased,True,True,True,True,False,False
ENSG00000186007,ENSG00000186007,LEMD1,protein_coding,Bruggeman2018_GC;CTexploreR_CTP;CTpedia;Chang2019_TGCT;Gong2021_reproductive_PC;Jamin2021_CT;Jamin2021_core;Loriot2025_S2;Wang2016_CT;daSilva2017;daSilva2017_CT;daSilva2017_testis_biased,True,True,True,True,False,False
ENSG00000186026,ENSG00000186026,ZNF284,protein_coding,Bruggeman2018_GC,True,True,True,True,False,False
ENSG00000186075,ENSG00000186075,ZPBP2,protein_coding,CTexploreR_CTP;CTpedia;Chang2019_TGCT;Gong2021_reproductive_PC;Loriot2025_S2;Wang2016_CT;daSilva2017;daSilva2017_CT;daSilva2017_testis_biased,True,True,True,True,True,True
ENSG00000186086,ENSG00000186086,NBPF6,protein_coding,Chang2019_TGCT;Wang2016_CT;daSilva2017_CT;daSilva2017_testis_biased,True,True,True,True,False,False
ENSG00000186103,ENSG00000186103,ARGFX,protein_coding,Wang2016_CT;daSilva2017_CT;daSilva2017_testis_biased,True,True,True,True,True,False
ENSG00000186118,ENSG00000186118,TEX38,protein_coding,CTpedia;Chang2019_TGCT;Gong2021_reproductive_PC;Wang2016_CT;daSilva2017;daSilva2017_CT;daSilva2017_testis_biased,True,True,True,True,True,True
ENSG00000186143,ENSG00000186143,PRR30,protein_coding,Chang2019_TGCT;Gong2021_reproductive_PC;Wang2016_CT;daSilva2017_CT;daSilva2017_testis_biased,True,True,True,True,True,True
ENSG00000186150,ENSG00000186150,UBL4B,protein_coding,Chang2019_TGCT;Gong2021_reproductive_PC;Wang2016_CT;daSilva2017_CT;daSilva2017_testis_biased,True,True,True,True,True,True
ENSG00000186190,ENSG00000186190,BPIFB3,protein_coding,daSilva2017_CT;daSilva2017_testis_biased,True,True,True,True,True,False
ENSG00000186230,ENSG00000186230,ZNF749,protein_coding,Bruggeman2018_GC,True,True,True,True,False,False
ENSG00000186235,ENSG00000186235,LINC02610,lncRNA,Chang2019_TGCT;Wang2016_CT,True,True,False,False,False,False
ENSG00000186280,ENSG00000186280,KDM4D,protein_coding,Bruggeman2018_GC;Chang2019_TGCT;Wang2016_CT,True,True,True,True,False,False
ENSG00000186300,ENSG00000186300,ZNF555,protein_coding,Bruggeman2018_GC,True,True,True,True,False,False
ENSG00000186334,ENSG00000186334,SLC36A3,protein_coding,Chang2019_TGCT;Gong2021_reproductive_PC;Wang2016_CT;daSilva2017_CT;daSilva2017_testis_biased,True,True,True,True,True,True
ENSG00000186393,ENSG00000186393,KRT26,protein_coding,Wang2016_CT;daSilva2017_testis_biased,True,True,True,True,False,False
ENSG00000186446,ENSG00000186446,ZNF501,protein_coding,Bruggeman2018_GC,True,True,True,True,False,False
ENSG00000186451,ENSG00000186451,SPATA12,protein_coding,CTpedia;Carter2023_CT;Chang2019_TGCT;Gong2021_reproductive_PC;Wang2016_CT;daSilva2017;daSilva2017_CT;daSilva2017_testis_biased,True,True,True,True,True,True
ENSG00000186452,ENSG00000186452,TMPRSS12,protein_coding,Chang2019_TGCT;Gong2021_reproductive_PC;Wang2016_CT;daSilva2017_CT;daSilva2017_testis_biased,True,True,True,True,True,True
ENSG00000186453,ENSG00000186453,FAM228A,protein_coding,Chang2019_TGCT;Wang2016_CT,True,True,True,True,False,False
ENSG00000186469,ENSG00000186469,GNG2,protein_coding,Jamin2021_CT;Jamin2021_core,True,True,True,True,False,False
ENSG00000186471,ENSG00000186471,AKAP14,protein_coding,Chang2019_TGCT;Gong2021_reproductive_PC;Loriot2025_S2;Wang2016_CT,True,True,True,True,False,False
ENSG00000186487,ENSG00000186487,MYT1L,protein_coding,Jamin2021_CT,True,True,True,True,False,False
ENSG00000186513,ENSG00000186513,OR9Q2,protein_coding,daSilva2017_testis_biased,True,True,True,True,True,False
ENSG00000186562,ENSG00000186562,DEFB105A,protein_coding,daSilva2017_testis_biased,True,True,True,True,False,False
ENSG00000186572,ENSG00000186572,DEFB107A,protein_coding,daSilva2017_testis_biased,True,True,True,True,False,False
ENSG00000186579,ENSG00000186579,DEFB106A,protein_coding,daSilva2017_testis_biased,True,True,True,True,False,False
ENSG00000186583,ENSG00000186583,SPATC1,protein_coding,Chang2019_TGCT;Gong2021_reproductive_PC;Loriot2025_S2;Wang2016_CT,True,True,True,True,False,False
ENSG00000186599,ENSG00000186599,DEFB105B,protein_coding,daSilva2017_testis_biased,True,True,True,True,False,False
ENSG00000186615,ENSG00000186615,KTN1-AS1,lncRNA,Bruggeman2018_GC,True,True,False,False,False,False
ENSG00000186638,ENSG00000186638,KIF24,protein_coding,Bruggeman2018_GC;Chang2019_TGCT;Wang2016_CT;daSilva2017_CT;daSilva2017_protein;daSilva2017_testis_biased;daSilva2017_tumor_proteomics,True,True,True,True,False,False
ENSG00000186645,ENSG00000186645,SPDYE17,protein_coding,daSilva2017_testis_biased,True,True,True,True,False,False
ENSG00000186714,ENSG00000186714,CCDC73,protein_coding,Bruggeman2018_GC,True,True,True,True,True,True
ENSG00000186788,ENSG00000186788,SPATA31D3,protein_coding,CTpedia;Gong2021_reproductive_PC;daSilva2017;daSilva2017_testis_biased,True,True,True,True,True,True
ENSG00000186790,ENSG00000186790,FOXE3,protein_coding,daSilva2017_CT;daSilva2017_testis_biased,True,True,True,True,True,False
ENSG00000186812,ENSG00000186812,ZNF397,protein_coding,Jamin2021_CT,True,True,True,True,False,False
ENSG00000186871,ENSG00000186871,ERCC6L,protein_coding,Bruggeman2018_GC,True,True,True,True,False,False
ENSG00000186897,ENSG00000186897,C1QL4,protein_coding,Bruggeman2018_GC,True,True,True,True,False,False
ENSG00000186918,ENSG00000186918,ZNF395,protein_coding,Bruggeman2018_GC,True,True,True,True,False,False
ENSG00000186952,ENSG00000186952,TMEM232,protein_coding,Chang2019_TGCT;Wang2016_CT,True,True,True,True,False,False
ENSG00000186976,ENSG00000186976,EFCAB6,protein_coding,Bruggeman2018_GC;Chang2019_TGCT;Wang2016_CT,True,True,True,True,False,False
ENSG00000187003,ENSG00000187003,ACTL7A,protein_coding,CTpedia;Chang2019_TGCT;Gong2021_reproductive_PC;Wang2016_CT;daSilva2017;daSilva2017_CT;daSilva2017_testis_biased,True,True,True,True,True,True
ENSG00000187005,ENSG00000187005,KRTAP21-1,protein_coding,daSilva2017_testis_biased,True,True,True,True,True,False
ENSG00000187012,ENSG00000187012,LINC00207,lncRNA,Gong2021_reproductive_ncRNA,True,True,False,False,False,False
ENSG00000187017,ENSG00000187017,ESPN,protein_coding,Jamin2021_CT,True,True,True,True,False,False
ENSG00000187024,ENSG00000187024,PTRH1,protein_coding,Bruggeman2018_GC,True,True,True,True,False,False
ENSG00000187026,ENSG00000187026,KRTAP21-2,protein_coding,daSilva2017_testis_biased,True,True,True,True,False,False
ENSG00000187033,ENSG00000187033,SAMD7,protein_coding,daSilva2017_CT;daSilva2017_testis_biased,True,True,True,True,False,False
ENSG00000187066,ENSG00000187066,TMEM262,protein_coding,Gong2021_reproductive_PC;daSilva2017_testis_biased,True,True,True,True,True,False
ENSG00000187080,ENSG00000187080,OR2AK2,protein_coding,daSilva2017_CT;daSilva2017_testis_biased,True,True,True,True,True,False
ENSG00000187082,ENSG00000187082,DEFB106B,protein_coding,daSilva2017_testis_biased,True,True,True,True,False,False
ENSG00000187105,ENSG00000187105,HEATR4,protein_coding,Chang2019_TGCT;Wang2016_CT,True,True,True,True,False,False
ENSG00000187122,ENSG00000187122,SLIT1,protein_coding,Bruggeman2018_GC,True,True,True,True,False,False
ENSG00000187144,ENSG00000187144,SPATA21,protein_coding,daSilva2017_CT;daSilva2017_testis_biased,True,True,True,True,True,True
ENSG00000187166,ENSG00000187166,H1-7,protein_coding,Chang2019_TGCT;Gong2021_reproductive_PC;Wang2016_CT;daSilva2017_CT;daSilva2017_testis_biased,True,True,True,False,False,False
ENSG00000187172,ENSG00000187172,BAGE2,transcribed_unprocessed_pseudogene,daSilva2017_CT;daSilva2017_testis_biased,True,True,False,False,False,False
ENSG00000187186,ENSG00000187186,ENSG00000187186,protein_coding,Chang2019_TGCT,True,True,True,True,False,False
ENSG00000187187,ENSG00000187187,ZNF546,protein_coding,Bruggeman2018_GC,True,True,True,True,False,False
ENSG00000187191,ENSG00000187191,DAZ3,protein_coding,CTpedia;Jamin2021_CT;Jamin2021_core;daSilva2017;daSilva2017_CT;daSilva2017_testis_biased,True,True,True,True,True,True
ENSG00000187223,ENSG00000187223,LCE2D,protein_coding,daSilva2017_CT;daSilva2017_testis_biased,True,True,True,True,False,False
ENSG00000187268,ENSG00000187268,FAM9C,protein_coding,Bruggeman2018_GC;Chang2019_TGCT;Wang2016_CT;daSilva2017_CT;daSilva2017_testis_biased,True,True,True,True,False,False
ENSG00000187372,ENSG00000187372,PCDHB13,protein_coding,Bruggeman2018_GC,True,True,True,True,False,False
ENSG00000187475,ENSG00000187475,H1-6,protein_coding,Wang2016_CT;daSilva2017_CT;daSilva2017_protein;daSilva2017_testis_biased;daSilva2017_tumor_proteomics,True,True,True,False,False,False
ENSG00000187479,ENSG00000187479,C11orf96,protein_coding,Bruggeman2018_GC,True,True,True,True,False,False
ENSG00000187516,ENSG00000187516,H2AP,protein_coding,Chang2019_TGCT;Gong2021_reproductive_PC;Wang2016_CT;daSilva2017_CT;daSilva2017_testis_biased,True,True,True,True,True,True
ENSG00000187533,ENSG00000187533,PRR27,protein_coding,Wang2016_CT,True,True,True,True,False,False
ENSG00000187537,ENSG00000187537,POTEG,protein_coding,Wang2016_CT;daSilva2017_CT;daSilva2017_protein;daSilva2017_testis_biased;daSilva2017_tumor_proteomics,True,True,True,True,False,False
ENSG00000187569,ENSG00000187569,DPPA3,protein_coding,CTpedia;Wang2016_CT;daSilva2017;daSilva2017_CT;daSilva2017_testis_biased,True,True,True,True,False,False
ENSG00000187581,ENSG00000187581,COX8C,protein_coding,Chang2019_TGCT;Gong2021_reproductive_PC;Wang2016_CT;daSilva2017_CT;daSilva2017_testis_biased,True,True,True,True,False,False
ENSG00000187600,ENSG00000187600,LINC02583,lncRNA,Chang2019_TGCT;Gong2021_reproductive_PC;Wang2016_CT,True,True,False,False,False,False
ENSG00000187607,ENSG00000187607,ZNF286A,protein_coding,Bruggeman2018_GC,True,True,True,True,False,False
ENSG00000187624,ENSG00000187624,LIAT1,protein_coding,Chang2019_TGCT;Wang2016_CT,True,True,True,True,False,False
ENSG00000187658,ENSG00000187658,C5orf52,protein_coding,Chang2019_TGCT;Gong2021_reproductive_PC;Wang2016_CT;daSilva2017_CT;daSilva2017_testis_biased,True,True,True,True,True,True
ENSG00000187690,ENSG00000187690,EZHIP,protein_coding,Chang2019_TGCT;Jamin2021_CT;Jamin2021_core;Wang2016_CT,True,True,True,True,True,True
ENSG00000187726,ENSG00000187726,DNAJB13,protein_coding,Bruggeman2018_GC,True,True,True,True,False,False
ENSG00000187736,ENSG00000187736,NHEJ1,protein_coding,Bruggeman2018_GC,True,True,True,True,False,False
ENSG00000187741,ENSG00000187741,FANCA,protein_coding,Bruggeman2018_GC;daSilva2017_CT;daSilva2017_protein;daSilva2017_testis_biased;daSilva2017_tumor_proteomics,True,True,True,True,False,False
ENSG00000187753,ENSG00000187753,C9orf153,protein_coding,Chang2019_TGCT;Gong2021_reproductive_PC;Wang2016_CT;daSilva2017_CT;daSilva2017_testis_biased,True,True,True,True,False,False
ENSG00000187754,ENSG00000187754,SSX7,protein_coding,Wang2016_CT;paralog_cta_candidate,True,True,True,True,True,True
ENSG00000187772,ENSG00000187772,LIN28B,protein_coding,Bruggeman2018_GC;CTpedia;Carter2023_CT;Chang2019_TGCT;Gong2021_placenta_PC;Gong2021_reproductive_PC;Jamin2021_CT;Jamin2021_core;Wang2016_CT;daSilva2017;daSilva2017_CT;daSilva2017_protein;daSilva2017_testis_biased;daSilva2017_tumor_proteomics,True,True,True,True,True,True
ENSG00000187775,ENSG00000187775,DNAH17,protein_coding,daSilva2017_CT;daSilva2017_testis_biased,True,True,True,True,False,False
ENSG00000187790,ENSG00000187790,FANCM,protein_coding,Bruggeman2018_GC;Jamin2021_CT,True,True,True,True,False,False
ENSG00000187791,ENSG00000187791,SPATA31F3,protein_coding,Gong2021_reproductive_PC;daSilva2017_testis_biased,True,True,True,True,True,False
ENSG00000187792,ENSG00000187792,ZNF70,protein_coding,Bruggeman2018_GC,True,True,True,True,False,False
ENSG00000187806,ENSG00000187806,TMEM202,protein_coding,Chang2019_TGCT;Gong2021_reproductive_PC;Wang2016_CT;daSilva2017_testis_biased,True,True,True,True,True,True
ENSG00000187815,ENSG00000187815,ZFP69,protein_coding,Bruggeman2018_GC,True,True,True,True,False,False
ENSG00000187833,ENSG00000187833,C2orf78,protein_coding,Chang2019_TGCT;Gong2021_reproductive_PC;Wang2016_CT;daSilva2017_CT;daSilva2017_testis_biased,True,True,True,True,True,True
ENSG00000187860,ENSG00000187860,CCDC157,protein_coding,Chang2019_TGCT;Wang2016_CT,True,True,True,True,False,False
ENSG00000187918,ENSG00000187918,OR51I2,protein_coding,daSilva2017_CT;daSilva2017_testis_biased,True,True,True,True,True,False
ENSG00000187969,ENSG00000187969,ZCCHC13,protein_coding,Chang2019_TGCT;Gong2021_reproductive_PC;daSilva2017_testis_biased,True,True,True,True,True,True
ENSG00000187987,ENSG00000187987,ZSCAN23,protein_coding,Bruggeman2018_GC,True,True,True,True,False,False
ENSG00000188032,ENSG00000188032,C19orf67,protein_coding,Carter2023_CT;Chang2019_TGCT;daSilva2017_testis_biased,True,True,True,True,True,True
ENSG00000188033,ENSG00000188033,ZNF490,protein_coding,Bruggeman2018_GC,True,True,True,True,False,False
ENSG00000188050,ENSG00000188050,RNF133,protein_coding,Chang2019_TGCT;Gong2021_reproductive_PC;Wang2016_CT;daSilva2017_CT;daSilva2017_testis_biased,True,True,True,True,True,True
ENSG00000188092,ENSG00000188092,GPR89B,protein_coding,Bruggeman2018_GC,True,True,True,True,False,False
ENSG00000188120,ENSG00000188120,DAZ1,protein_coding,CTpedia;Jamin2021_CT;Jamin2021_core;daSilva2017;daSilva2017_CT;daSilva2017_testis_biased,True,True,True,True,True,True
ENSG00000188155,ENSG00000188155,KRTAP10-6,protein_coding,daSilva2017_testis_biased,True,True,True,True,False,False
ENSG00000188162,ENSG00000188162,OTOG,protein_coding,daSilva2017_testis_biased,True,True,True,True,False,False
ENSG00000188163,ENSG00000188163,CIMIP2A,protein_coding,Chang2019_TGCT;Gong2021_reproductive_PC;Wang2016_CT;daSilva2017_CT;daSilva2017_testis_biased,True,True,True,True,True,True
ENSG00000188167,ENSG00000188167,TMPPE,protein_coding,Bruggeman2018_GC,True,True,True,True,False,False
ENSG00000188171,ENSG00000188171,ZNF626,protein_coding,Bruggeman2018_GC,True,True,True,True,False,False
ENSG00000188280,ENSG00000188280,FAM230G,lncRNA,Chang2019_TGCT,True,True,False,False,False,False
ENSG00000188295,ENSG00000188295,ZNF669,protein_coding,Bruggeman2018_GC,True,True,True,True,False,False
ENSG00000188306,ENSG00000188306,LRRIQ4,protein_coding,Chang2019_TGCT;Wang2016_CT,True,True,True,True,True,True
ENSG00000188312,ENSG00000188312,CENPP,protein_coding,Bruggeman2018_GC,True,True,True,True,False,False
ENSG00000188321,ENSG00000188321,ZNF559,protein_coding,Bruggeman2018_GC,True,True,True,True,False,False
ENSG00000188334,ENSG00000188334,BSPH1,protein_coding,CTpedia;daSilva2017;daSilva2017_testis_biased,True,True,True,True,False,False
ENSG00000188368,ENSG00000188368,PRR19,protein_coding,Bruggeman2018_GC;Chang2019_TGCT;Wang2016_CT,True,True,True,True,False,False
ENSG00000188386,ENSG00000188386,PPP3R2,protein_coding,Chang2019_TGCT;Gong2021_reproductive_PC;Wang2016_CT;daSilva2017_CT;daSilva2017_testis_biased,True,True,True,True,True,True
ENSG00000188394,ENSG00000188394,GPR21,protein_coding,Gong2021_placenta_PC;Gong2021_reproductive_PC,True,True,True,True,False,False
ENSG00000188408,ENSG00000188408,MAGEB5,protein_coding,CTpedia;Gong2021_reproductive_PC;daSilva2017;daSilva2017_testis_biased,True,True,True,True,True,False
ENSG00000188425,ENSG00000188425,NANOS2,protein_coding,CTpedia;Chang2019_TGCT;Gong2021_reproductive_PC;Wang2016_CT;daSilva2017;daSilva2017_CT;daSilva2017_testis_biased,True,True,True,True,True,True
ENSG00000188467,ENSG00000188467,SLC24A5,protein_coding,Bruggeman2018_GC,True,True,True,True,False,False
ENSG00000188511,ENSG00000188511,MIR3667HG,lncRNA,Bruggeman2018_GC,True,True,False,False,False,False
ENSG00000188558,ENSG00000188558,OR2G6,protein_coding,daSilva2017_CT;daSilva2017_testis_biased,True,True,True,True,True,False
ENSG00000188585,ENSG00000188585,CLEC20A,protein_coding,Gong2021_reproductive_PC;daSilva2017_testis_biased,True,True,True,True,False,False
ENSG00000188662,ENSG00000188662,H1-9P,transcribed_unitary_pseudogene,Bruggeman2018_GC,True,True,False,False,False,False
ENSG00000188687,ENSG00000188687,SLC4A5,protein_coding,Bruggeman2018_GC,True,True,True,True,False,False
ENSG00000188691,ENSG00000188691,OR56A5,protein_coding,daSilva2017_CT;daSilva2017_testis_biased,True,True,True,True,True,False
ENSG00000188738,ENSG00000188738,FSIP2,protein_coding,Chang2019_TGCT;Loriot2025_S2,True,True,True,True,False,False
ENSG00000188739,ENSG00000188739,RBM34,protein_coding,Bruggeman2018_GC;Jamin2021_CT,True,True,True,True,False,False
ENSG00000188782,ENSG00000188782,CATSPER4,protein_coding,CTpedia;Chang2019_TGCT;Gong2021_reproductive_PC;daSilva2017;daSilva2017_testis_biased,True,True,True,True,True,True
ENSG00000188784,ENSG00000188784,PLA2G2E,protein_coding,daSilva2017_testis_biased,True,True,True,True,False,False
ENSG00000188785,ENSG00000188785,ZNF548,protein_coding,Bruggeman2018_GC,True,True,True,True,False,False
ENSG00000188800,ENSG00000188800,TMCO2,protein_coding,Chang2019_TGCT;Gong2021_reproductive_PC;Wang2016_CT;daSilva2017_CT;daSilva2017_testis_biased,True,True,True,True,True,True
ENSG00000188848,ENSG00000188848,BEND4,protein_coding,Bruggeman2018_GC;Chang2019_TGCT;Jamin2021_CT;Wang2016_CT,True,True,True,True,False,False
ENSG00000188859,ENSG00000188859,FAM78B,protein_coding,Bruggeman2018_GC,True,True,True,True,False,False
ENSG00000188877,ENSG00000188877,POTEA,protein_coding,daSilva2017_testis_biased,True,True,True,True,True,False
ENSG00000188909,ENSG00000188909,BSX,protein_coding,Wang2016_CT;daSilva2017_testis_biased,True,True,True,True,True,False
ENSG00000188931,ENSG00000188931,CFAP126,protein_coding,Jamin2021_CT,True,True,True,True,False,False
ENSG00000189023,ENSG00000189023,MAGEB16,protein_coding,CTexploreR_CT;CTpedia;Chang2019_TGCT;Gong2021_reproductive_PC;Loriot2025_S1;Wang2016_CT;daSilva2017;daSilva2017_CT;daSilva2017_protein;daSilva2017_testis_biased;daSilva2017_tumor_proteomics,True,True,True,True,True,True
ENSG00000189037,ENSG00000189037,DUSP21,protein_coding,Chang2019_TGCT;Gong2021_reproductive_PC;Wang2016_CT;daSilva2017_CT;daSilva2017_testis_biased,True,True,True,True,True,True
ENSG00000189052,ENSG00000189052,CGB5,protein_coding,Bradley2020_CPA;Gong2021_placenta_PC;Gong2021_reproductive_PC;daSilva2017_CT;daSilva2017_testis_biased;placental_antigen,True,True,True,True,False,False
ENSG00000189064,ENSG00000189064,GAGE2A,protein_coding,CTexploreR_CT;CTpedia;Carter2023_CT;Chang2019_TGCT;Gong2021_reproductive_PC;Jamin2021_CT;Jamin2021_core;Loriot2025_S1;Wang2016_CT;daSilva2017;daSilva2017_CT;daSilva2017_protein;daSilva2017_testis_biased;daSilva2017_tumor_proteomics,True,True,True,True,True,True
ENSG00000189090,ENSG00000189090,FAM25G,protein_coding,daSilva2017_protein;daSilva2017_testis_biased;daSilva2017_tumor_proteomics,True,True,True,True,False,False
ENSG00000189114,ENSG00000189114,BLOC1S3,protein_coding,Bruggeman2018_GC,True,True,True,True,False,False
ENSG00000189132,ENSG00000189132,FAM47B,protein_coding,Chang2019_TGCT;Gong2021_reproductive_PC;daSilva2017_testis_biased,True,True,True,True,True,True
ENSG00000189134,ENSG00000189134,NKAPL,protein_coding,Chang2019_TGCT;Wang2016_CT,True,True,True,True,False,False
ENSG00000189139,ENSG00000189139,FSCB,protein_coding,Chang2019_TGCT;Gong2021_reproductive_PC;Wang2016_CT;daSilva2017_CT;daSilva2017_testis_biased,True,True,True,True,True,True
ENSG00000189144,ENSG00000189144,ZNF573,protein_coding,Bruggeman2018_GC,True,True,True,True,False,False
ENSG00000189164,ENSG00000189164,ZNF527,protein_coding,Bruggeman2018_GC,True,True,True,True,False,False
ENSG00000189167,ENSG00000189167,ZAR1L,protein_coding,Wang2016_CT;daSilva2017_CT;daSilva2017_testis_biased,True,True,True,True,True,False
ENSG00000189169,ENSG00000189169,KRTAP10-12,protein_coding,daSilva2017_testis_biased,True,True,True,True,False,False
ENSG00000189186,ENSG00000189186,DCAF8L2,protein_coding,CTexploreR_CT;Gong2021_reproductive_PC;Loriot2025_S1;daSilva2017;daSilva2017_CT;daSilva2017_testis_biased,True,True,True,True,True,True
ENSG00000189229,ENSG00000189229,AC069277.2,lncRNA,Gong2021_placenta_ncRNA;Gong2021_reproductive_ncRNA,True,True,False,False,False,False
ENSG00000189252,ENSG00000189252,SPANXN3,protein_coding,CTpedia;Chang2019_TGCT;Gong2021_reproductive_PC;Wang2016_CT;daSilva2017;daSilva2017_testis_biased,True,True,True,True,True,True
ENSG00000189269,ENSG00000189269,DRICH1,protein_coding,Chang2019_TGCT;Wang2016_CT,True,True,True,True,False,False
ENSG00000189298,ENSG00000189298,ZKSCAN3,protein_coding,Bruggeman2018_GC,True,True,True,True,False,False
ENSG00000189299,ENSG00000189299,FOXR2,protein_coding,Gong2021_reproductive_PC;Wang2016_CT;daSilva2017_CT;daSilva2017_testis_biased,True,True,True,True,True,True
ENSG00000189326,ENSG00000189326,SPANXN4,protein_coding,CTpedia;Gong2021_reproductive_PC;daSilva2017;daSilva2017_testis_biased,True,True,True,True,True,True
ENSG00000189332,ENSG00000189332,SLC25A51P4,transcribed_unprocessed_pseudogene,Chang2019_TGCT;Wang2016_CT,True,True,False,False,False,False
ENSG00000189357,ENSG00000189357,SPATA31D4,protein_coding,CTpedia;Gong2021_reproductive_PC;daSilva2017;daSilva2017_CT;daSilva2017_testis_biased,True,True,True,True,True,True
ENSG00000189362,ENSG00000189362,NEMP2,protein_coding,Bruggeman2018_GC,True,True,True,True,False,False
ENSG00000189375,ENSG00000189375,TBC1D28,protein_coding,Gong2021_reproductive_PC;daSilva2017_CT;daSilva2017_testis_biased,True,True,True,True,True,True
ENSG00000189401,ENSG00000189401,OTUD6A,protein_coding,Chang2019_TGCT;Gong2021_reproductive_PC,True,True,True,True,True,True
ENSG00000196074,ENSG00000196074,SYCP2,protein_coding,Chang2019_TGCT;Jamin2021_CT;Jamin2021_core;Wang2016_CT,True,True,True,True,False,False
ENSG00000196109,ENSG00000196109,ZNF676,protein_coding,Bruggeman2018_GC,True,True,True,True,False,False
ENSG00000196119,ENSG00000196119,OR8A1,protein_coding,Wang2016_CT;daSilva2017_CT;daSilva2017_testis_biased,True,True,True,True,True,False
ENSG00000196172,ENSG00000196172,ZNF681,protein_coding,Bruggeman2018_GC,True,True,True,True,False,False
ENSG00000196184,ENSG00000196184,OR10J1,protein_coding,Gong2021_reproductive_PC;daSilva2017_testis_biased,True,True,True,True,True,False
ENSG00000196233,ENSG00000196233,LCOR,protein_coding,Bruggeman2018_GC,True,True,True,True,False,False
ENSG00000196242,ENSG00000196242,OR2C3,protein_coding,Chang2019_TGCT;Gong2021_reproductive_PC;Wang2016_CT,True,True,True,True,True,False
ENSG00000196243,ENSG00000196243,LINC00615,lncRNA,Gong2021_reproductive_ncRNA,True,True,False,False,False,False
ENSG00000196335,ENSG00000196335,STK31,protein_coding,Bruggeman2018_GC;CTexploreR_CTP;Chang2019_TGCT;Gong2021_reproductive_PC;Jamin2021_CT;Jamin2021_core;Loriot2025_S2;Wang2016_CT;daSilva2017_CT;daSilva2017_protein;daSilva2017_testis_biased;daSilva2017_tumor_proteomics,True,True,True,True,False,False
ENSG00000196341,ENSG00000196341,OR8D1,protein_coding,Gong2021_reproductive_PC;daSilva2017_CT;daSilva2017_testis_biased,True,True,True,True,True,False
ENSG00000196350,ENSG00000196350,ZNF729,protein_coding,CTexploreR_CT;Gong2021_reproductive_PC;Loriot2025_S1;daSilva2017;daSilva2017_testis_biased,True,True,True,True,True,True
ENSG00000196357,ENSG00000196357,ZNF565,protein_coding,Bruggeman2018_GC,True,True,True,True,False,False
ENSG00000196388,ENSG00000196388,INCA1,protein_coding,Chang2019_TGCT;Wang2016_CT,True,True,True,True,False,False
ENSG00000196391,ENSG00000196391,ZNF774,protein_coding,Bruggeman2018_GC,True,True,True,True,False,False
ENSG00000196406,ENSG00000196406,SPANXD,protein_coding,CTexploreR_CT;CTpedia;Carter2023_CT;Chang2019_TGCT;Gong2021_reproductive_PC;Loriot2025_S1;daSilva2017;daSilva2017_protein;daSilva2017_testis_biased;daSilva2017_tumor_proteomics,True,True,True,True,True,True
ENSG00000196417,ENSG00000196417,ZNF765,protein_coding,Bruggeman2018_GC,True,True,True,True,False,False
ENSG00000196418,ENSG00000196418,ZNF124,protein_coding,Bruggeman2018_GC,True,True,True,True,False,False
ENSG00000196427,ENSG00000196427,NBPF4,protein_coding,Chang2019_TGCT;Jamin2021_CT;Jamin2021_core;Wang2016_CT,True,True,True,True,True,True
ENSG00000196431,ENSG00000196431,CRYBA4,protein_coding,Chang2019_TGCT;Wang2016_CT;daSilva2017_CT;daSilva2017_testis_biased,True,True,True,True,False,False
ENSG00000196437,ENSG00000196437,ZNF569,protein_coding,Jamin2021_CT,True,True,True,True,False,False
ENSG00000196460,ENSG00000196460,RFX8,protein_coding,Bruggeman2018_GC,True,True,True,True,False,False
ENSG00000196466,ENSG00000196466,ZNF799,protein_coding,Bruggeman2018_GC,True,True,True,True,False,False
ENSG00000196470,ENSG00000196470,SIAH1,protein_coding,Bruggeman2018_GC,True,True,True,True,False,False
ENSG00000196475,ENSG00000196475,GK2,protein_coding,Chang2019_TGCT;Gong2021_reproductive_PC;Wang2016_CT;daSilva2017_CT;daSilva2017_testis_biased,True,True,True,True,True,True
ENSG00000196505,ENSG00000196505,GDAP2,protein_coding,Bruggeman2018_GC,True,True,True,True,False,False
ENSG00000196511,ENSG00000196511,TPK1,protein_coding,Jamin2021_CT,True,True,True,True,False,False
ENSG00000196550,ENSG00000196550,FAM72A,protein_coding,Bruggeman2018_GC,True,True,True,True,False,False
ENSG00000196553,ENSG00000196553,CCDC196,protein_coding,CTexploreR_CTP;Gong2021_reproductive_PC;Loriot2025_S2,True,True,True,True,True,True
ENSG00000196565,ENSG00000196565,HBG2,protein_coding,Gong2021_placenta_PC;Gong2021_reproductive_PC,True,True,True,True,False,False
ENSG00000196570,ENSG00000196570,PFN3,protein_coding,Carter2023_CT;Chang2019_TGCT;Gong2021_reproductive_PC;Wang2016_CT;daSilva2017_CT;daSilva2017_testis_biased,True,True,True,True,True,True
ENSG00000196578,ENSG00000196578,OR5AC2,protein_coding,daSilva2017_testis_biased,True,True,True,True,True,False
ENSG00000196584,ENSG00000196584,XRCC2,protein_coding,Bruggeman2018_GC,True,True,True,True,False,False
ENSG00000196597,ENSG00000196597,ZNF782,protein_coding,Bruggeman2018_GC,True,True,True,True,False,False
ENSG00000196604,ENSG00000196604,POTEF,protein_coding,CTexploreR_CT;Loriot2025_S1;daSilva2017;daSilva2017_CT;daSilva2017_protein;daSilva2017_testis_biased;daSilva2017_tumor_proteomics,True,True,True,True,True,True
ENSG00000196605,ENSG00000196605,ZNF846,protein_coding,Jamin2021_CT;Jamin2021_core,True,True,True,True,False,False
ENSG00000196632,ENSG00000196632,WNK3,protein_coding,Bruggeman2018_GC,True,True,True,True,False,False
ENSG00000196659,ENSG00000196659,IFT70B,protein_coding,Jamin2021_core,True,True,True,True,False,False
ENSG00000196689,ENSG00000196689,TRPV1,protein_coding,Bruggeman2018_GC,True,True,True,True,False,False
ENSG00000196712,ENSG00000196712,NF1,protein_coding,Jamin2021_CT,True,True,True,True,False,False
ENSG00000196748,ENSG00000196748,CLPSL2,protein_coding,daSilva2017_CT;daSilva2017_testis_biased,True,True,True,True,False,False
ENSG00000196772,ENSG00000196772,OR14A16,protein_coding,daSilva2017_CT;daSilva2017_testis_biased,True,True,True,True,True,False
ENSG00000196832,ENSG00000196832,OR11G2,protein_coding,daSilva2017_testis_biased,True,True,True,True,True,False
ENSG00000196834,ENSG00000196834,POTEI,protein_coding,Chang2019_TGCT,True,True,True,True,False,False
ENSG00000196844,ENSG00000196844,PATE2,protein_coding,Wang2016_CT,True,True,True,True,False,False
ENSG00000196860,ENSG00000196860,TOMM20L,protein_coding,Chang2019_TGCT;Wang2016_CT,True,True,True,True,False,False
ENSG00000196862,ENSG00000196862,RGPD4,protein_coding,Bruggeman2018_GC;Carter2023_CT;Gong2021_reproductive_PC;daSilva2017_CT;daSilva2017_protein;daSilva2017_testis_biased;daSilva2017_tumor_proteomics,True,True,True,True,True,True
ENSG00000196900,ENSG00000196900,SPMIP10,protein_coding,Chang2019_TGCT;Gong2021_reproductive_PC;Wang2016_CT;daSilva2017_CT;daSilva2017_testis_biased,True,True,True,True,True,True
ENSG00000196911,ENSG00000196911,KPNA5,protein_coding,Jamin2021_CT;Jamin2021_core,True,True,True,True,False,False
ENSG00000196912,ENSG00000196912,ANKRD36B,protein_coding,Bruggeman2018_GC,True,True,True,True,False,False
ENSG00000196946,ENSG00000196946,ZNF705A,protein_coding,Wang2016_CT,True,True,True,True,False,False
ENSG00000197054,ENSG00000197054,ZNF763,protein_coding,Bruggeman2018_GC,True,True,True,True,False,False
ENSG00000197079,ENSG00000197079,KRT35,protein_coding,daSilva2017_CT;daSilva2017_testis_biased,True,True,True,True,False,False
ENSG00000197123,ENSG00000197123,ZNF679,protein_coding,Gong2021_reproductive_PC;Wang2016_CT;daSilva2017_CT;daSilva2017_testis_biased,True,True,True,True,True,True
ENSG00000197134,ENSG00000197134,ZNF257,protein_coding,Bruggeman2018_GC;Jamin2021_CT;Jamin2021_core,True,True,True,True,False,False
ENSG00000197140,ENSG00000197140,ADAM32,protein_coding,Chang2019_TGCT;Wang2016_CT,True,True,True,True,True,True
ENSG00000197153,ENSG00000197153,H3C12,protein_coding,daSilva2017_CT;daSilva2017_testis_biased,True,True,True,False,False,False
ENSG00000197172,ENSG00000197172,MAGEA6,protein_coding,CTexploreR_CT;CTpedia;Carter2023_CT;Chang2019_TGCT;Gong2021_reproductive_PC;Jamin2021_CT;Jamin2021_core;Loriot2025_S1;Wang2016_CT;daSilva2017;daSilva2017_CT;daSilva2017_testis_biased,True,True,True,True,True,True
ENSG00000197176,ENSG00000197176,LINC02291,lncRNA,Gong2021_placenta_ncRNA;Gong2021_reproductive_ncRNA,True,True,False,False,False,False
ENSG00000197181,ENSG00000197181,PIWIL2,protein_coding,Bruggeman2018_GC;Chang2019_TGCT;Wang2016_CT,True,True,True,True,False,False
ENSG00000197183,ENSG00000197183,NOL4L,protein_coding,Jamin2021_CT,True,True,True,True,False,False
ENSG00000197210,ENSG00000197210,ENSG00000197210,lncRNA,Gong2021_reproductive_ncRNA,True,True,False,False,False,False
ENSG00000197213,ENSG00000197213,ZSCAN5B,protein_coding,Chang2019_TGCT;Wang2016_CT;daSilva2017_CT;daSilva2017_testis_biased,True,True,True,True,False,False
ENSG00000197217,ENSG00000197217,ENTPD4,protein_coding,Jamin2021_CT,True,True,True,True,False,False
ENSG00000197233,ENSG00000197233,OR1J2,protein_coding,daSilva2017_CT;daSilva2017_testis_biased,True,True,True,True,True,False
ENSG00000197275,ENSG00000197275,RAD54B,protein_coding,Bruggeman2018_GC,True,True,True,True,False,False
ENSG00000197279,ENSG00000197279,ZNF165,protein_coding,Chang2019_TGCT;Jamin2021_CT;Wang2016_CT,True,True,True,True,False,False
ENSG00000197309,ENSG00000197309,OR10D3,protein_coding,Gong2021_reproductive_PC,True,True,True,True,True,False
ENSG00000197343,ENSG00000197343,ZNF655,protein_coding,Jamin2021_CT,True,True,True,True,False,False
ENSG00000197360,ENSG00000197360,ZNF98,protein_coding,Bruggeman2018_GC,True,True,True,True,False,False
ENSG00000197364,ENSG00000197364,S100A7L2,unprocessed_pseudogene,daSilva2017_testis_biased,True,True,False,False,False,False
ENSG00000197372,ENSG00000197372,ZNF675,protein_coding,Bruggeman2018_GC,True,True,True,True,False,False
ENSG00000197410,ENSG00000197410,DCHS2,protein_coding,Bruggeman2018_GC,True,True,True,True,False,False
ENSG00000197416,ENSG00000197416,FABP12,protein_coding,Chang2019_TGCT;Wang2016_CT;daSilva2017_CT;daSilva2017_protein;daSilva2017_testis_biased;daSilva2017_tumor_proteomics,True,True,True,True,False,False
ENSG00000197437,ENSG00000197437,OR13G1,protein_coding,daSilva2017_CT;daSilva2017_testis_biased,True,True,True,True,True,False
ENSG00000197503,ENSG00000197503,LINC00477,lncRNA,Gong2021_reproductive_ncRNA,True,True,False,False,False,False
ENSG00000197557,ENSG00000197557,IFT70A,protein_coding,Bruggeman2018_GC;Jamin2021_CT;Jamin2021_core,True,True,True,True,False,False
ENSG00000197566,ENSG00000197566,ZNF624,protein_coding,Bruggeman2018_GC,True,True,True,True,False,False
ENSG00000197584,ENSG00000197584,KCNMB2,protein_coding,Bruggeman2018_GC,True,True,True,True,False,False
ENSG00000197587,ENSG00000197587,DMBX1,protein_coding,Chang2019_TGCT;Wang2016_CT,True,True,True,True,True,False
ENSG00000197595,ENSG00000197595,ATP11AUN,lncRNA,daSilva2017_CT;daSilva2017_testis_biased,True,True,False,False,False,False
ENSG00000197617,ENSG00000197617,VN1R5,protein_coding,daSilva2017_CT;daSilva2017_testis_biased,True,True,True,True,True,False
ENSG00000197651,ENSG00000197651,CCER1,protein_coding,Chang2019_TGCT;Gong2021_reproductive_PC;Wang2016_CT;daSilva2017_testis_biased,True,True,True,True,True,True
ENSG00000197653,ENSG00000197653,DNAH10,protein_coding,Bruggeman2018_GC,True,True,True,True,False,False
ENSG00000197683,ENSG00000197683,KRTAP26-1,protein_coding,daSilva2017_testis_biased,True,True,True,True,False,False
ENSG00000197714,ENSG00000197714,ZNF460,protein_coding,Bruggeman2018_GC,True,True,True,True,False,False
ENSG00000197748,ENSG00000197748,CFAP43,protein_coding,Chang2019_TGCT;Wang2016_CT,True,True,True,True,False,False
ENSG00000197768,ENSG00000197768,STPG3,protein_coding,Chang2019_TGCT;Gong2021_reproductive_PC;Wang2016_CT,True,True,True,True,False,False
ENSG00000197779,ENSG00000197779,ZNF81,protein_coding,Bruggeman2018_GC,True,True,True,True,False,False
ENSG00000197798,ENSG00000197798,FAM118B,protein_coding,Jamin2021_CT,True,True,True,True,False,False
ENSG00000197826,ENSG00000197826,CFAP299,protein_coding,Chang2019_TGCT;Wang2016_CT,True,True,True,True,False,False
ENSG00000197849,ENSG00000197849,OR8G1,protein_coding,daSilva2017_testis_biased,True,True,True,True,True,False
ENSG00000197863,ENSG00000197863,ZNF790,protein_coding,Bruggeman2018_GC,True,True,True,True,False,False
ENSG00000197889,ENSG00000197889,MEIG1,protein_coding,Chang2019_TGCT;Wang2016_CT,True,True,True,True,False,False
ENSG00000197928,ENSG00000197928,ZNF677,protein_coding,Bruggeman2018_GC,True,True,True,True,False,False
ENSG00000197935,ENSG00000197935,ZNF311,protein_coding,Bruggeman2018_GC,True,True,True,True,False,False
ENSG00000197977,ENSG00000197977,ELOVL2,protein_coding,Jamin2021_CT,True,True,True,True,False,False
ENSG00000198021,ENSG00000198021,SPANXA1,protein_coding,CTpedia;Jamin2021_CT;Jamin2021_core;daSilva2017;daSilva2017_testis_biased,True,True,True,True,True,True
ENSG00000198028,ENSG00000198028,ZNF560,protein_coding,Bruggeman2018_GC;CTexploreR_CTP;Carter2023_CT;Chang2019_TGCT;Gong2021_reproductive_PC;Loriot2025_S2;Wang2016_CT;daSilva2017_CT;daSilva2017_protein;daSilva2017_testis_biased;daSilva2017_tumor_proteomics,True,True,True,True,False,False
ENSG00000198033,ENSG00000198033,TUBA3C,protein_coding,CTexploreR_CT;Chang2019_TGCT;Gong2021_reproductive_PC;Loriot2025_S1;Wang2016_CT;daSilva2017;daSilva2017_CT;daSilva2017_protein;daSilva2017_testis_biased;daSilva2017_tumor_proteomics,True,True,True,False,False,False
ENSG00000198054,ENSG00000198054,DSCR8,lncRNA,Bruggeman2018_GC;Chang2019_TGCT;Gong2021_reproductive_PC;Jamin2021_CT;Loriot2025_S1;Wang2016_CT,True,True,False,False,False,False
ENSG00000198062,ENSG00000198062,POTEH,protein_coding,Chang2019_TGCT;Wang2016_CT,True,True,True,True,False,False
ENSG00000198088,ENSG00000198088,NUP62CL,protein_coding,Jamin2021_CT,True,True,True,True,False,False
ENSG00000198092,ENSG00000198092,TMPRSS11F,protein_coding,daSilva2017_CT;daSilva2017_testis_biased,True,True,True,True,False,False
ENSG00000198129,ENSG00000198129,DEFB107B,protein_coding,daSilva2017_testis_biased,True,True,True,True,False,False
ENSG00000198173,ENSG00000198173,FAM47C,protein_coding,Chang2019_TGCT;Gong2021_reproductive_PC;Wang2016_CT;daSilva2017_CT;daSilva2017_testis_biased,True,True,True,True,True,True
ENSG00000198178,ENSG00000198178,CLEC4C,protein_coding,Wang2016_CT,True,True,True,True,False,False
ENSG00000198182,ENSG00000198182,ZNF607,protein_coding,Bruggeman2018_GC,True,True,True,True,False,False
ENSG00000198183,ENSG00000198183,BPIFA1,protein_coding,Bruggeman2018_GC,True,True,True,True,False,False
ENSG00000198205,ENSG00000198205,ZXDA,protein_coding,Bruggeman2018_GC,True,True,True,True,False,False
ENSG00000198221,ENSG00000198221,AFDN-DT,lncRNA,Bruggeman2018_GC,True,True,False,False,False,False
ENSG00000198283,ENSG00000198283,OR5B21,protein_coding,daSilva2017_CT;daSilva2017_testis_biased,True,True,True,True,True,False
ENSG00000198298,ENSG00000198298,ZNF485,protein_coding,Bruggeman2018_GC,True,True,True,True,False,False
ENSG00000198326,ENSG00000198326,TMEM239,protein_coding,Gong2021_reproductive_PC;daSilva2017_testis_biased,True,True,True,True,True,False
ENSG00000198346,ENSG00000198346,ZNF813,protein_coding,Bruggeman2018_GC,True,True,True,True,False,False
ENSG00000198390,ENSG00000198390,KRTAP13-1,protein_coding,daSilva2017_protein;daSilva2017_testis_biased;daSilva2017_tumor_proteomics,True,True,True,True,False,False
ENSG00000198440,ENSG00000198440,ZNF583,protein_coding,Bruggeman2018_GC,True,True,True,True,False,False
ENSG00000198445,ENSG00000198445,CCT8L2,protein_coding,Chang2019_TGCT;Gong2021_reproductive_PC;Wang2016_CT;daSilva2017_CT;daSilva2017_testis_biased,True,True,True,True,True,True
ENSG00000198453,ENSG00000198453,ZNF568,protein_coding,Bruggeman2018_GC,True,True,True,True,False,False
ENSG00000198466,ENSG00000198466,ZNF587,protein_coding,Bruggeman2018_GC,True,True,True,True,False,False
ENSG00000198471,ENSG00000198471,RTP2,protein_coding,Wang2016_CT,True,True,True,True,False,False
ENSG00000198521,ENSG00000198521,ZNF43,protein_coding,Bruggeman2018_GC,True,True,True,True,False,False
ENSG00000198554,ENSG00000198554,WDHD1,protein_coding,Bruggeman2018_GC,True,True,True,True,False,False
ENSG00000198573,ENSG00000198573,SPANXC,protein_coding,CTexploreR_CT;CTpedia;Carter2023_CT;Chang2019_TGCT;Gong2021_reproductive_PC;Jamin2021_CT;Jamin2021_core;Loriot2025_S1;Wang2016_CT;daSilva2017;daSilva2017_CT;daSilva2017_protein;daSilva2017_testis_biased;daSilva2017_tumor_proteomics,True,True,True,True,True,True
ENSG00000198586,ENSG00000198586,TLK1,protein_coding,Jamin2021_CT,True,True,True,True,False,False
ENSG00000198681,ENSG00000198681,MAGEA1,protein_coding,CTexploreR_CT;CTpedia;Carter2023_CT;Chang2019_TGCT;Gong2021_reproductive_PC;Jamin2021_CT;Jamin2021_core;Loriot2025_S1;Seager2024_CTA;Wang2016_CT;daSilva2017;daSilva2017_CT;daSilva2017_protein;daSilva2017_testis_biased;daSilva2017_tumor_proteomics,True,True,True,True,True,True
ENSG00000198691,ENSG00000198691,ABCA4,protein_coding,Bruggeman2018_GC,True,True,True,True,False,False
ENSG00000198704,ENSG00000198704,GPX6,protein_coding,Wang2016_CT;daSilva2017_CT;daSilva2017_testis_biased,True,True,True,True,False,False
ENSG00000198723,ENSG00000198723,SAXO5,protein_coding,Chang2019_TGCT;Loriot2025_S2;Wang2016_CT;daSilva2017_CT;daSilva2017_testis_biased,True,True,True,True,False,False
ENSG00000198754,ENSG00000198754,OXCT2,protein_coding,Chang2019_TGCT;Wang2016_CT,True,True,True,True,False,False
ENSG00000198759,ENSG00000198759,EGFL6,protein_coding,Bai2016_EGFL6;CTpedia,True,True,True,True,True,True
ENSG00000198765,ENSG00000198765,SYCP1,protein_coding,CTexploreR_CT;CTpedia;Chang2019_TGCT;Gong2021_reproductive_PC;Loriot2025_S1;Wang2016_CT;daSilva2017;daSilva2017_CT;daSilva2017_testis_biased,True,True,True,True,True,True
ENSG00000198785,ENSG00000198785,GRIN3A,protein_coding,Bruggeman2018_GC,True,True,True,True,False,False
ENSG00000198798,ENSG00000198798,MAGEB3,protein_coding,CTpedia;Chang2019_TGCT;Gong2021_reproductive_PC;Wang2016_CT;daSilva2017;daSilva2017_CT;daSilva2017_testis_biased,True,True,True,True,False,False
ENSG00000198815,ENSG00000198815,FOXJ3,protein_coding,Jamin2021_CT,True,True,True,True,False,False
ENSG00000198816,ENSG00000198816,ZNF358,protein_coding,Bruggeman2018_GC,True,True,True,True,False,False
ENSG00000198826,ENSG00000198826,ARHGAP11A,protein_coding,Bruggeman2018_GC,True,True,True,True,False,False
ENSG00000198865,ENSG00000198865,CCDC152,protein_coding,Bruggeman2018_GC,True,True,True,True,False,False
ENSG00000198870,ENSG00000198870,STKLD1,protein_coding,Chang2019_TGCT;Wang2016_CT;daSilva2017_CT;daSilva2017_protein;daSilva2017_testis_biased;daSilva2017_tumor_proteomics,True,True,True,True,True,True
ENSG00000198883,ENSG00000198883,PNMA5,protein_coding,Chang2019_TGCT;Wang2016_CT,True,True,True,True,False,False
ENSG00000198885,ENSG00000198885,ITPRIPL1,protein_coding,Bruggeman2018_GC;Chang2019_TGCT;Wang2016_CT,True,True,True,True,False,False
ENSG00000198889,ENSG00000198889,DCAF12L1,protein_coding,Chang2019_TGCT;Jamin2021_CT;Wang2016_CT,True,True,True,True,False,False
ENSG00000198919,ENSG00000198919,DZIP3,protein_coding,Jamin2021_CT,True,True,True,True,False,False
ENSG00000198930,ENSG00000198930,CSAG1,protein_coding,Wang2016_CT,True,True,True,True,False,False
ENSG00000198948,ENSG00000198948,MFAP3L,protein_coding,Jamin2021_CT;Jamin2021_core,True,True,True,True,False,False
ENSG00000203326,ENSG00000203326,ZNF525,protein_coding,Bruggeman2018_GC,True,True,True,True,False,False
ENSG00000203498,ENSG00000203498,ENSG00000203498,lncRNA,Gong2021_reproductive_ncRNA,True,True,False,False,False,False
ENSG00000203666,ENSG00000203666,EFCAB2,protein_coding,Jamin2021_CT,True,True,True,True,False,False
ENSG00000203690,ENSG00000203690,TCP10L3,transcribed_unprocessed_pseudogene,Chang2019_TGCT;Gong2021_reproductive_PC;Wang2016_CT,True,True,False,False,False,False
ENSG00000203711,ENSG00000203711,LINC02901,lncRNA,Chang2019_TGCT;Gong2021_reproductive_ncRNA;Loriot2025_S2;daSilva2017_testis_biased,True,True,False,False,False,False
ENSG00000203772,ENSG00000203772,SPRN,protein_coding,Bruggeman2018_GC,True,True,True,True,False,False
ENSG00000203778,ENSG00000203778,FAM229B,protein_coding,Chang2019_TGCT;Wang2016_CT,True,True,True,True,False,False
ENSG00000203780,ENSG00000203780,FANK1,protein_coding,Chang2019_TGCT;Wang2016_CT,True,True,True,True,False,False
ENSG00000203784,ENSG00000203784,LELP1,protein_coding,Chang2019_TGCT;Gong2021_reproductive_PC;Wang2016_CT;daSilva2017_CT;daSilva2017_testis_biased,True,True,True,True,True,True
ENSG00000203795,ENSG00000203795,FAM24A,protein_coding,Chang2019_TGCT;Gong2021_reproductive_PC;daSilva2017_testis_biased,True,True,True,True,True,True
ENSG00000203857,ENSG00000203857,HSD3B1,protein_coding,Gong2021_placenta_PC;Gong2021_reproductive_PC,True,True,True,True,False,False
ENSG00000203876,ENSG00000203876,ADD3-AS1,lncRNA,Chang2019_TGCT,True,True,False,False,False,False
ENSG00000203907,ENSG00000203907,OOEP,protein_coding,Bruggeman2018_GC;CTexploreR_CTP;Chang2019_TGCT;Loriot2025_S2;Wang2016_CT,True,True,True,True,False,False
ENSG00000203909,ENSG00000203909,DPPA5,protein_coding,CTpedia;Chang2019_TGCT;Wang2016_CT;daSilva2017;daSilva2017_testis_biased,True,True,True,True,True,True
ENSG00000203910,ENSG00000203910,C1orf146,protein_coding,Chang2019_TGCT;Wang2016_CT;daSilva2017_CT;daSilva2017_testis_biased,True,True,True,True,False,False
ENSG00000203923,ENSG00000203923,SPANXN1,protein_coding,CTpedia;Chang2019_TGCT;Gong2021_reproductive_PC;daSilva2017;daSilva2017_testis_biased,True,True,True,True,True,True
ENSG00000203926,ENSG00000203926,SPANXA2,protein_coding,CTpedia;Jamin2021_CT;Jamin2021_core;Wang2016_CT;daSilva2017;daSilva2017_CT;daSilva2017_testis_biased,True,True,True,True,True,True
ENSG00000203933,ENSG00000203933,CXorf66,protein_coding,Chang2019_TGCT;Gong2021_reproductive_PC;Wang2016_CT;daSilva2017_testis_biased,True,True,True,True,True,True
ENSG00000203942,ENSG00000203942,C10orf62,protein_coding,Chang2019_TGCT;Gong2021_reproductive_PC;Wang2016_CT;daSilva2017_CT;daSilva2017_testis_biased,True,True,True,True,True,True
ENSG00000203963,ENSG00000203963,C1orf141,protein_coding,Chang2019_TGCT;Gong2021_reproductive_PC;Wang2016_CT,True,True,True,True,False,False
ENSG00000203970,ENSG00000203970,DEFB110,protein_coding,daSilva2017_testis_biased,True,True,True,True,False,False
ENSG00000203971,ENSG00000203971,ENSG00000203971,lncRNA,Gong2021_reproductive_ncRNA,True,True,False,False,False,False
ENSG00000203989,ENSG00000203989,RHOXF2B,protein_coding,Chang2019_TGCT;Gong2021_reproductive_PC;Wang2016_CT;daSilva2017_CT;daSilva2017_testis_biased,True,True,True,True,True,True
ENSG00000203995,ENSG00000203995,ZYG11A,protein_coding,Bruggeman2018_GC,True,True,True,True,False,False
ENSG00000204006,ENSG00000204006,C1orf185,protein_coding,Chang2019_TGCT;Gong2021_reproductive_PC;daSilva2017_testis_biased,True,True,True,True,True,True
ENSG00000204007,ENSG00000204007,GLT6D1,protein_coding,Chang2019_TGCT;Gong2021_reproductive_PC;daSilva2017_CT;daSilva2017_testis_biased,True,True,True,True,True,True
ENSG00000204019,ENSG00000204019,CT83,protein_coding,CTexploreR_CTP;CTpedia;Chang2019_TGCT;Gong2021_reproductive_PC;Jamin2021_CT;Loriot2025_S2;Wang2016_CT;daSilva2017;daSilva2017_CT;daSilva2017_protein;daSilva2017_testis_biased;daSilva2017_tumor_proteomics,True,True,True,True,True,True
ENSG00000204022,ENSG00000204022,LIPJ,protein_coding,Chang2019_TGCT;Wang2016_CT,True,True,True,True,True,True
ENSG00000204025,ENSG00000204025,TRPC5OS,protein_coding,Carter2023_CT;Gong2021_reproductive_PC;daSilva2017_testis_biased,True,True,True,True,True,True
ENSG00000204052,ENSG00000204052,LRRC73,protein_coding,Chang2019_TGCT;Wang2016_CT,True,True,True,True,False,False
ENSG00000204086,ENSG00000204086,RPA4,protein_coding,Chang2019_TGCT;Wang2016_CT,True,True,True,True,False,False
ENSG00000204091,ENSG00000204091,TDRG1,lncRNA,Loriot2025_S2,True,True,False,False,False,False
ENSG00000204117,ENSG00000204117,ENSG00000204117,lncRNA,Gong2021_reproductive_ncRNA,True,True,False,False,False,False
ENSG00000204140,ENSG00000204140,CLPSL1,protein_coding,daSilva2017_CT;daSilva2017_testis_biased,True,True,True,True,False,False
ENSG00000204148,ENSG00000204148,LINC00474,lncRNA,Gong2021_placenta_ncRNA;Gong2021_reproductive_ncRNA,True,True,False,False,False,False
ENSG00000204165,ENSG00000204165,CXorf65,protein_coding,Jamin2021_CT,True,True,True,True,False,False
ENSG00000204188,ENSG00000204188,GGNBP1,transcribed_unitary_pseudogene,Chang2019_TGCT;Wang2016_CT,True,True,False,False,False,False
ENSG00000204193,ENSG00000204193,TXNDC8,protein_coding,Chang2019_TGCT;Gong2021_reproductive_PC;daSilva2017_testis_biased,True,True,True,True,True,True
ENSG00000204246,ENSG00000204246,OR13C3,protein_coding,Wang2016_CT;daSilva2017_CT;daSilva2017_testis_biased,True,True,True,True,True,False
ENSG00000204279,ENSG00000204279,PAGE3,protein_coding,CTpedia;Chang2019_TGCT;Gong2021_reproductive_PC;daSilva2017;daSilva2017_testis_biased,True,True,True,True,True,True
ENSG00000204296,ENSG00000204296,TSBP1,protein_coding,Carter2023_CT;Chang2019_TGCT;Gong2021_reproductive_PC;Wang2016_CT;daSilva2017_CT;daSilva2017_testis_biased,True,True,True,True,True,True
ENSG00000204300,ENSG00000204300,TMEM225,protein_coding,Chang2019_TGCT;Gong2021_reproductive_PC;daSilva2017_testis_biased,True,True,True,True,True,True
ENSG00000204311,ENSG00000204311,PJVK,protein_coding,Chang2019_TGCT;Wang2016_CT,True,True,True,True,False,False
ENSG00000204334,ENSG00000204334,ERICH2,protein_coding,Chang2019_TGCT,True,True,True,True,False,False
ENSG00000204363,ENSG00000204363,SPANXN5,protein_coding,CTpedia;Chang2019_TGCT;Gong2021_reproductive_PC;Wang2016_CT;daSilva2017;daSilva2017_testis_biased,True,True,True,True,True,True
ENSG00000204379,ENSG00000204379,XAGE1A,protein_coding,CTexploreR_CT;CTpedia;Loriot2025_S1;daSilva2017_testis_biased,True,True,True,True,True,True
ENSG00000204382,ENSG00000204382,XAGE1B,protein_coding,CTexploreR_CT;CTpedia;Loriot2025_S1;Seager2024_CTA;daSilva2017;daSilva2017_testis_biased,True,True,True,True,True,True
ENSG00000204390,ENSG00000204390,HSPA1L,protein_coding,Bruggeman2018_GC,True,True,True,True,False,False
ENSG00000204414,ENSG00000204414,CSHL1,protein_coding,Gong2021_placenta_PC;Gong2021_reproductive_PC;daSilva2017_protein;daSilva2017_testis_biased;daSilva2017_tumor_proteomics,True,True,True,True,False,False
ENSG00000204449,ENSG00000204449,TRIM49C,protein_coding,daSilva2017_testis_biased,True,True,True,True,True,False
ENSG00000204478,ENSG00000204478,PRAMEF20,protein_coding,CTpedia;daSilva2017;daSilva2017_CT;daSilva2017_testis_biased,True,True,True,True,True,False
ENSG00000204480,ENSG00000204480,PRAMEF19,protein_coding,daSilva2017_testis_biased,True,True,True,True,True,False
ENSG00000204481,ENSG00000204481,PRAMEF14,protein_coding,Wang2016_CT;daSilva2017_testis_biased,True,True,True,True,True,False
ENSG00000204501,ENSG00000204501,PRAMEF15,protein_coding,daSilva2017_testis_biased,True,True,True,True,True,False
ENSG00000204505,ENSG00000204505,PRAMEF9,protein_coding,daSilva2017_CT;daSilva2017_testis_biased,True,True,True,True,False,False
ENSG00000204524,ENSG00000204524,ZNF805,protein_coding,Bruggeman2018_GC,True,True,True,True,False,False
ENSG00000204536,ENSG00000204536,CCHCR1,protein_coding,Jamin2021_CT;Jamin2021_core,True,True,True,True,False,False
ENSG00000204540,ENSG00000204540,PSORS1C1,protein_coding,Chang2019_TGCT;Wang2016_CT,True,True,True,True,False,False
ENSG00000204548,ENSG00000204548,DEFB121,protein_coding,Gong2021_reproductive_PC;daSilva2017_testis_biased,True,True,True,True,False,False
ENSG00000204614,ENSG00000204614,TRIM40,protein_coding,Gong2021_placenta_PC;Gong2021_reproductive_PC,True,True,True,True,False,False
ENSG00000204640,ENSG00000204640,NMS,protein_coding,daSilva2017_testis_biased,True,True,True,True,True,False
ENSG00000204659,ENSG00000204659,CBY3,protein_coding,Chang2019_TGCT,True,True,True,True,False,False
ENSG00000204661,ENSG00000204661,SPATA31J1,protein_coding,Chang2019_TGCT;Wang2016_CT;daSilva2017_CT;daSilva2017_testis_biased,True,True,True,True,False,False
ENSG00000204669,ENSG00000204669,C9orf57,protein_coding,Chang2019_TGCT;Gong2021_reproductive_PC;Wang2016_CT;daSilva2017_CT;daSilva2017_testis_biased,True,True,True,True,True,True
ENSG00000204671,ENSG00000204671,IL31,protein_coding,Wang2016_CT;daSilva2017_CT;daSilva2017_testis_biased,True,True,True,True,True,False
ENSG00000204684,ENSG00000204684,ENSG00000204684,lncRNA,Gong2021_reproductive_ncRNA,True,True,False,False,False,False
ENSG00000204688,ENSG00000204688,OR2H1,protein_coding,Chang2019_TGCT;Gong2021_reproductive_PC;Wang2016_CT;daSilva2017_CT;daSilva2017_testis_biased,True,True,True,True,True,True
ENSG00000204694,ENSG00000204694,OR11A1,protein_coding,Wang2016_CT;daSilva2017_CT;daSilva2017_testis_biased,True,True,True,True,True,False
ENSG00000204695,ENSG00000204695,OR14J1,protein_coding,daSilva2017_testis_biased,True,True,True,True,False,False
ENSG00000204700,ENSG00000204700,OR2J2,protein_coding,daSilva2017_testis_biased,True,True,True,True,True,False
ENSG00000204701,ENSG00000204701,OR2J3,protein_coding,daSilva2017_testis_biased,True,True,True,True,True,False
ENSG00000204704,ENSG00000204704,OR2W1,protein_coding,daSilva2017_testis_biased,True,True,True,True,True,False
ENSG00000204764,ENSG00000204764,RANBP17,protein_coding,Bruggeman2018_GC,True,True,True,True,False,False
ENSG00000204849,ENSG00000204849,SPATA31A1,protein_coding,CTpedia;Gong2021_reproductive_PC;daSilva2017;daSilva2017_testis_biased,True,True,True,True,True,True
ENSG00000204897,ENSG00000204897,KRT25,protein_coding,Wang2016_CT;daSilva2017_CT;daSilva2017_testis_biased,True,True,True,True,False,False
ENSG00000204918,ENSG00000204918,PRR20B,protein_coding,daSilva2017_testis_biased,True,True,True,True,True,False
ENSG00000204919,ENSG00000204919,PRR20A,protein_coding,daSilva2017_testis_biased,True,True,True,True,True,False
ENSG00000204930,ENSG00000204930,FAM221B,protein_coding,Chang2019_TGCT;Gong2021_reproductive_PC;Wang2016_CT;daSilva2017_CT;daSilva2017_testis_biased,True,True,True,True,False,False
ENSG00000204941,ENSG00000204941,PSG5,protein_coding,CTpedia;Gong2021_placenta_PC;Gong2021_reproductive_PC,True,True,True,True,True,True
ENSG00000204947,ENSG00000204947,ZNF425,protein_coding,Bruggeman2018_GC,True,True,True,True,False,False
ENSG00000204952,ENSG00000204952,FBXO47,protein_coding,Chang2019_TGCT;Gong2021_reproductive_PC;Wang2016_CT;daSilva2017_CT;daSilva2017_testis_biased,True,True,True,True,True,True
ENSG00000204956,ENSG00000204956,PCDHGA1,protein_coding,Bruggeman2018_GC,True,True,True,True,False,False
ENSG00000204961,ENSG00000204961,PCDHA9,protein_coding,Wang2016_CT;daSilva2017_CT;daSilva2017_protein;daSilva2017_testis_biased;daSilva2017_tumor_proteomics,True,True,True,True,True,True
ENSG00000204962,ENSG00000204962,PCDHA8,protein_coding,daSilva2017_CT;daSilva2017_protein;daSilva2017_testis_biased;daSilva2017_tumor_proteomics,True,True,True,True,False,False
ENSG00000204963,ENSG00000204963,PCDHA7,protein_coding,daSilva2017_CT;daSilva2017_testis_biased,True,True,True,True,False,False
ENSG00000204965,ENSG00000204965,PCDHA5,protein_coding,daSilva2017_CT;daSilva2017_protein;daSilva2017_testis_biased;daSilva2017_tumor_proteomics,True,True,True,True,False,False
ENSG00000204967,ENSG00000204967,PCDHA4,protein_coding,Bruggeman2018_GC;daSilva2017_CT;daSilva2017_protein;daSilva2017_testis_biased;daSilva2017_tumor_proteomics,True,True,True,True,False,False
ENSG00000204969,ENSG00000204969,PCDHA2,protein_coding,daSilva2017_CT;daSilva2017_testis_biased,True,True,True,True,False,False
ENSG00000204970,ENSG00000204970,PCDHA1,protein_coding,Bruggeman2018_GC;daSilva2017_CT;daSilva2017_testis_biased,True,True,True,True,False,False
ENSG00000204979,ENSG00000204979,MS4A13,protein_coding,Chang2019_TGCT;Gong2021_reproductive_PC;daSilva2017_testis_biased,True,True,True,True,True,True
ENSG00000205078,ENSG00000205078,SYCE1L,protein_coding,Chang2019_TGCT;Wang2016_CT;daSilva2017_CT;daSilva2017_protein;daSilva2017_testis_biased;daSilva2017_tumor_proteomics,True,True,True,True,False,False
ENSG00000205085,ENSG00000205085,GARIN1A,protein_coding,Chang2019_TGCT;Wang2016_CT,True,True,True,True,False,False
ENSG00000205108,ENSG00000205108,SPATA31F1,protein_coding,Chang2019_TGCT;Gong2021_reproductive_PC;Wang2016_CT;daSilva2017_CT;daSilva2017_testis_biased,True,True,True,True,True,True
ENSG00000205111,ENSG00000205111,CDKL4,protein_coding,Chang2019_TGCT;Wang2016_CT,True,True,True,True,True,True
ENSG00000205129,ENSG00000205129,CFAP96,protein_coding,Chang2019_TGCT;Jamin2021_CT;Wang2016_CT,True,True,True,True,False,False
ENSG00000205133,ENSG00000205133,TRIQK,protein_coding,Bruggeman2018_GC,True,True,True,True,False,False
ENSG00000205174,ENSG00000205174,LINC02903,lncRNA,Chang2019_TGCT;Gong2021_reproductive_ncRNA;Wang2016_CT;daSilva2017_testis_biased,True,True,False,False,False,False
ENSG00000205177,ENSG00000205177,C11orf91,protein_coding,Chang2019_TGCT,True,True,True,True,False,False
ENSG00000205181,ENSG00000205181,LINC00654,lncRNA,Bruggeman2018_GC,True,True,False,False,False,False
ENSG00000205208,ENSG00000205208,C4orf46,protein_coding,Jamin2021_CT,True,True,True,True,False,False
ENSG00000205212,ENSG00000205212,CCDC144NL,transcribed_unprocessed_pseudogene,Chang2019_TGCT;Wang2016_CT,True,True,False,False,False,False
ENSG00000205301,ENSG00000205301,MGAT4D,protein_coding,Chang2019_TGCT;Gong2021_reproductive_PC;daSilva2017_testis_biased,True,True,True,True,True,True
ENSG00000205359,ENSG00000205359,SLCO6A1,protein_coding,CTpedia;Carter2023_CT;Chang2019_TGCT;Gong2021_reproductive_PC;Wang2016_CT;daSilva2017;daSilva2017_CT;daSilva2017_testis_biased,True,True,True,True,True,True
ENSG00000205409,ENSG00000205409,OR52E6,protein_coding,Gong2021_placenta_PC;Gong2021_reproductive_PC;daSilva2017_testis_biased,True,True,True,True,True,False
ENSG00000205442,ENSG00000205442,IZUMO3,protein_coding,Chang2019_TGCT;Gong2021_reproductive_PC;daSilva2017_testis_biased,True,True,True,True,True,True
ENSG00000205445,ENSG00000205445,KRTAP10-2,protein_coding,daSilva2017_CT;daSilva2017_testis_biased,True,True,True,True,False,False
ENSG00000205456,ENSG00000205456,TP53TG3D,protein_coding,Chang2019_TGCT,True,True,True,True,False,False
ENSG00000205457,ENSG00000205457,TP53TG3C,protein_coding,daSilva2017_testis_biased,True,True,True,True,True,False
ENSG00000205464,ENSG00000205464,ATP6AP1L,transcribed_unitary_pseudogene,Bruggeman2018_GC,True,True,False,False,False,False
ENSG00000205583,ENSG00000205583,STAG3L1,transcribed_unprocessed_pseudogene,Bruggeman2018_GC,True,True,False,False,False,False
ENSG00000205634,ENSG00000205634,LINC00898,lncRNA,Gong2021_reproductive_ncRNA,True,True,False,False,False,False
ENSG00000205639,ENSG00000205639,MFSD2B,protein_coding,Bruggeman2018_GC,True,True,True,True,False,False
ENSG00000205642,ENSG00000205642,VCX3B,protein_coding,CTexploreR_CT;Chang2019_TGCT;Gong2021_reproductive_PC;Loriot2025_S1;Wang2016_CT;daSilva2017;daSilva2017_CT;daSilva2017_testis_biased,True,True,True,True,True,True
ENSG00000205649,ENSG00000205649,HTN3,protein_coding,daSilva2017_CT;daSilva2017_testis_biased,True,True,True,True,False,False
ENSG00000205653,ENSG00000205653,ENSG00000205653,lncRNA,Gong2021_reproductive_ncRNA,True,True,False,False,False,False
ENSG00000205707,ENSG00000205707,ETFRF1,protein_coding,Bruggeman2018_GC,True,True,True,True,False,False
ENSG00000205718,ENSG00000205718,MBD3L4,protein_coding,daSilva2017_testis_biased,True,True,True,True,True,False
ENSG00000205777,ENSG00000205777,GAGE1,protein_coding,CTexploreR_CT;CTpedia;Chang2019_TGCT;Gong2021_reproductive_PC;Jamin2021_CT;Jamin2021_core;Loriot2025_S1;Seager2024_CTA;Wang2016_CT;daSilva2017;daSilva2017_CT;daSilva2017_protein;daSilva2017_testis_biased;daSilva2017_tumor_proteomics,True,True,True,True,True,True
ENSG00000205784,ENSG00000205784,ARRDC5,protein_coding,Bruggeman2018_GC;Chang2019_TGCT;Wang2016_CT,True,True,True,True,False,False
ENSG00000205832,ENSG00000205832,C16orf96,protein_coding,Carter2023_CT;Chang2019_TGCT;Wang2016_CT,True,True,True,True,True,True
ENSG00000205835,ENSG00000205835,GMNC,protein_coding,Bruggeman2018_GC,True,True,True,True,False,False
ENSG00000205838,ENSG00000205838,TTC23L,protein_coding,Chang2019_TGCT;Wang2016_CT,True,True,True,True,True,True
ENSG00000205853,ENSG00000205853,RFPL3S,lncRNA,Chang2019_TGCT,True,True,False,False,False,False
ENSG00000205856,ENSG00000205856,C22orf42,protein_coding,Chang2019_TGCT;Jamin2021_CT;Jamin2021_core;Wang2016_CT;daSilva2017_CT;daSilva2017_testis_biased,True,True,True,True,False,False
ENSG00000205858,ENSG00000205858,LRRC72,protein_coding,Chang2019_TGCT;Gong2021_reproductive_PC;daSilva2017_testis_biased,True,True,True,True,True,True
ENSG00000205882,ENSG00000205882,DEFB134,protein_coding,Chang2019_TGCT;daSilva2017_testis_biased,True,True,True,True,False,False
ENSG00000205883,ENSG00000205883,DEFB135,protein_coding,daSilva2017_testis_biased,True,True,True,True,False,False
ENSG00000205916,ENSG00000205916,DAZ4,protein_coding,Jamin2021_CT;Jamin2021_core;daSilva2017_testis_biased,True,True,True,True,False,False
ENSG00000205944,ENSG00000205944,DAZ2,protein_coding,Jamin2021_CT;Jamin2021_core;daSilva2017_CT;daSilva2017_testis_biased,True,True,True,True,False,False
ENSG00000205971,ENSG00000205971,LNCRI,lncRNA,Gong2021_reproductive_ncRNA,True,True,False,False,False,False
ENSG00000206026,ENSG00000206026,SMIM21,protein_coding,Chang2019_TGCT;Gong2021_reproductive_PC;Wang2016_CT;daSilva2017_CT;daSilva2017_testis_biased,True,True,True,True,True,True
ENSG00000206043,ENSG00000206043,C18orf63,protein_coding,Chang2019_TGCT;Gong2021_reproductive_PC;daSilva2017_testis_biased,True,True,True,True,True,True
ENSG00000206052,ENSG00000206052,DOK6,protein_coding,Jamin2021_CT,True,True,True,True,False,False
ENSG00000206102,ENSG00000206102,KRTAP19-8,protein_coding,daSilva2017_testis_biased,True,True,True,True,True,False
ENSG00000206113,ENSG00000206113,CFAP99,protein_coding,Chang2019_TGCT,True,True,True,True,False,False
ENSG00000206150,ENSG00000206150,RNASE13,protein_coding,Wang2016_CT,True,True,True,True,False,False
ENSG00000206181,ENSG00000206181,ELOA2,protein_coding,Chang2019_TGCT;Gong2021_reproductive_PC;Wang2016_CT,True,True,True,True,False,False
ENSG00000206203,ENSG00000206203,TSSK2,protein_coding,daSilva2017_testis_biased,True,True,True,True,True,False
ENSG00000206260,ENSG00000206260,PRR23A,protein_coding,Gong2021_reproductive_PC;daSilva2017_CT;daSilva2017_testis_biased,True,True,True,True,True,True
ENSG00000206530,ENSG00000206530,CFAP44,protein_coding,Jamin2021_CT,True,True,True,True,False,False
ENSG00000206531,ENSG00000206531,CD200R1L,protein_coding,Chang2019_TGCT;Gong2021_reproductive_PC;Wang2016_CT;daSilva2017_CT;daSilva2017_testis_biased,True,True,True,True,True,True
ENSG00000206557,ENSG00000206557,TRIM71,protein_coding,Bruggeman2018_GC;Chang2019_TGCT;Wang2016_CT;daSilva2017_CT;daSilva2017_testis_biased,True,True,True,True,True,True
ENSG00000212122,ENSG00000212122,TSSK1B,protein_coding,Chang2019_TGCT;Gong2021_reproductive_PC;Wang2016_CT;daSilva2017_CT;daSilva2017_testis_biased,True,True,True,True,True,True
ENSG00000212123,ENSG00000212123,PRR22,protein_coding,Wang2016_CT,True,True,True,True,False,False
ENSG00000212710,ENSG00000212710,CTAGE1,protein_coding,CTpedia;Gong2021_reproductive_PC;daSilva2017;daSilva2017_CT;daSilva2017_protein;daSilva2017_testis_biased;daSilva2017_tumor_proteomics,True,True,True,True,True,True
ENSG00000212766,ENSG00000212766,EWSAT1,lncRNA,Loriot2025_S2,True,True,False,False,False,False
ENSG00000212916,ENSG00000212916,MAP10,protein_coding,Bruggeman2018_GC,True,True,True,True,False,False
ENSG00000212933,ENSG00000212933,KRTAP12-4,protein_coding,daSilva2017_testis_biased,True,True,True,True,True,False
ENSG00000213020,ENSG00000213020,ZNF611,protein_coding,Bruggeman2018_GC,True,True,True,True,False,False
ENSG00000213024,ENSG00000213024,NUP62,protein_coding,Bruggeman2018_GC,True,True,True,True,False,False
ENSG00000213030,ENSG00000213030,CGB8,protein_coding,CTpedia;Gong2021_placenta_PC;Gong2021_reproductive_PC;daSilva2017;daSilva2017_CT;daSilva2017_testis_biased,True,True,True,True,True,True
ENSG00000213121,ENSG00000213121,RP11-306O13.1,lncRNA,Gong2021_placenta_ncRNA;Gong2021_reproductive_ncRNA,True,True,False,False,False,False
ENSG00000213145,ENSG00000213145,CRIP1,protein_coding,Bruggeman2018_GC,True,True,True,True,False,False
ENSG00000213186,ENSG00000213186,TRIM59,protein_coding,Bruggeman2018_GC,True,True,True,True,False,False
ENSG00000213213,ENSG00000213213,CCDC183,protein_coding,Jamin2021_CT;daSilva2017_CT;daSilva2017_testis_biased,True,True,True,True,False,False
ENSG00000213215,ENSG00000213215,OR2F1,protein_coding,daSilva2017_testis_biased,True,True,True,True,True,False
ENSG00000213218,ENSG00000213218,CSH2,protein_coding,CTpedia;Gong2021_placenta_PC;Gong2021_reproductive_PC;Wang2016_CT;daSilva2017;daSilva2017_CT;daSilva2017_testis_biased,True,True,True,True,True,True
ENSG00000213231,ENSG00000213231,TCL1B,protein_coding,Chang2019_TGCT;Wang2016_CT,True,True,True,True,False,False
ENSG00000213265,ENSG00000213265,TSGA13,protein_coding,Chang2019_TGCT;Gong2021_reproductive_PC,True,True,True,True,True,True
ENSG00000213401,ENSG00000213401,MAGEA12,protein_coding,CTexploreR_CT;CTpedia;Carter2023_CT;Chang2019_TGCT;Jamin2021_CT;Jamin2021_core;Loriot2025_S1;Seager2024_CTA;Wang2016_CT;daSilva2017;daSilva2017_CT;daSilva2017_testis_biased,True,True,True,True,True,True
ENSG00000213471,ENSG00000213471,TTLL13,protein_coding,Chang2019_TGCT;Wang2016_CT,True,True,True,True,True,True
ENSG00000213588,ENSG00000213588,ZBTB9,protein_coding,Gong2021_placenta_PC;Gong2021_reproductive_PC,True,True,True,True,False,False
ENSG00000213693,ENSG00000213693,SEC14L1P1,processed_pseudogene,Bruggeman2018_GC,True,True,False,False,False,False
ENSG00000213714,ENSG00000213714,FAM209B,protein_coding,Chang2019_TGCT;Gong2021_reproductive_PC,True,True,True,True,True,True
ENSG00000213782,ENSG00000213782,DDX47,protein_coding,Bruggeman2018_GC,True,True,True,True,False,False
ENSG00000213799,ENSG00000213799,ZNF845,protein_coding,Bruggeman2018_GC,True,True,True,True,False,False
ENSG00000213927,ENSG00000213927,CCL27,protein_coding,daSilva2017_CT;daSilva2017_testis_biased,True,True,True,True,False,False
ENSG00000214107,ENSG00000214107,MAGEB1,protein_coding,Bruggeman2018_GC;CTexploreR_CT;CTpedia;Carter2023_CT;Chang2019_TGCT;Gong2021_reproductive_PC;Loriot2025_S1;Wang2016_CT;daSilva2017;daSilva2017_CT;daSilva2017_testis_biased,True,True,True,True,True,True
ENSG00000214188,ENSG00000214188,ST7-OT4,lncRNA,Chang2019_TGCT;Wang2016_CT,True,True,False,False,False,False
ENSG00000214189,ENSG00000214189,ZNF788P,transcribed_unprocessed_pseudogene,Bruggeman2018_GC,True,True,False,False,False,False
ENSG00000214216,ENSG00000214216,IQCJ,protein_coding,Wang2016_CT,True,True,True,True,True,False
ENSG00000214226,ENSG00000214226,C17orf67,protein_coding,Bruggeman2018_GC,True,True,True,True,False,False
ENSG00000214274,ENSG00000214274,ANG,protein_coding,Bruggeman2018_GC,True,True,True,True,False,False
ENSG00000214300,ENSG00000214300,SPDYE3,protein_coding,Bruggeman2018_GC,True,True,True,True,True,True
ENSG00000214324,ENSG00000214324,PRR23E,protein_coding,Gong2021_reproductive_ncRNA;daSilva2017_testis_biased,True,True,True,True,True,False
ENSG00000214338,ENSG00000214338,MTCL3,protein_coding,Bruggeman2018_GC,True,True,True,True,False,False
ENSG00000214360,ENSG00000214360,EFCAB9,protein_coding,Chang2019_TGCT;Gong2021_reproductive_PC;daSilva2017_testis_biased,True,True,True,True,True,True
ENSG00000214415,ENSG00000214415,GNAT3,protein_coding,Wang2016_CT,True,True,True,True,False,False
ENSG00000214511,ENSG00000214511,HIGD1C,protein_coding,daSilva2017_testis_biased,True,True,True,True,True,False
ENSG00000214614,ENSG00000214614,ENSG00000214614,lncRNA,Gong2021_reproductive_ncRNA,True,True,False,False,False,False
ENSG00000214681,ENSG00000214681,IQCF5,protein_coding,Chang2019_TGCT;Gong2021_reproductive_PC;daSilva2017_testis_biased,True,True,True,True,True,True
ENSG00000214686,ENSG00000214686,IQCF6,protein_coding,Chang2019_TGCT;Gong2021_reproductive_PC;daSilva2017_testis_biased,True,True,True,True,True,True
ENSG00000214691,ENSG00000214691,LINC01913,lncRNA,Gong2021_reproductive_ncRNA,True,True,False,False,False,False
ENSG00000214765,ENSG00000214765,SEPTIN7P2,transcribed_unprocessed_pseudogene,Jamin2021_CT,True,True,False,False,False,False
ENSG00000214782,ENSG00000214782,MS4A18,protein_coding,daSilva2017_testis_biased,True,True,True,True,False,False
ENSG00000214814,ENSG00000214814,FER1L6,protein_coding,Bruggeman2018_GC,True,True,True,True,False,False
ENSG00000214819,ENSG00000214819,CDRT15L2,protein_coding,Chang2019_TGCT;Gong2021_reproductive_PC;daSilva2017_testis_biased,True,True,True,True,False,False
ENSG00000214842,ENSG00000214842,RAD51AP2,protein_coding,Chang2019_TGCT;Gong2021_reproductive_PC;Wang2016_CT;daSilva2017_CT;daSilva2017_testis_biased,True,True,True,True,True,True
ENSG00000214866,ENSG00000214866,DCDC2C,protein_coding,Chang2019_TGCT;daSilva2017_testis_biased,True,True,True,True,False,False
ENSG00000214897,ENSG00000214897,PNMA6E,protein_coding,Gong2021_reproductive_PC,True,True,True,True,False,False
ENSG00000214915,ENSG00000214915,ENSG00000214915,lncRNA,Gong2021_reproductive_ncRNA,True,True,False,False,False,False
ENSG00000214929,ENSG00000214929,SPATA31D1,protein_coding,Chang2019_TGCT;Gong2021_reproductive_PC;daSilva2017_CT;daSilva2017_testis_biased,True,True,True,True,True,True
ENSG00000214946,ENSG00000214946,TBC1D26,protein_coding,Chang2019_TGCT;Wang2016_CT;daSilva2017_CT;daSilva2017_testis_biased,True,True,True,True,False,False
ENSG00000215009,ENSG00000215009,ACSM4,protein_coding,Wang2016_CT,True,True,True,True,True,False
ENSG00000215112,ENSG00000215112,FAM74A1,lncRNA,Gong2021_reproductive_ncRNA,True,True,False,False,False,False
ENSG00000215113,ENSG00000215113,CXorf49B,protein_coding,CTexploreR_CT;Loriot2025_S1;daSilva2017;daSilva2017_CT;daSilva2017_testis_biased,True,True,True,True,True,True
ENSG00000215115,ENSG00000215115,CXorf49,protein_coding,CTexploreR_CT;Loriot2025_S1;daSilva2017;daSilva2017_protein;daSilva2017_testis_biased;daSilva2017_tumor_proteomics,True,True,True,True,True,True
ENSG00000215117,ENSG00000215117,LINC00588,lncRNA,Gong2021_reproductive_ncRNA,True,True,False,False,False,False
ENSG00000215126,ENSG00000215126,ZNG1F,protein_coding,Bruggeman2018_GC,True,True,True,True,False,False
ENSG00000215131,ENSG00000215131,C16orf90,protein_coding,Chang2019_TGCT;Gong2021_reproductive_PC;Wang2016_CT;daSilva2017_CT;daSilva2017_testis_biased,True,True,True,True,True,True
ENSG00000215148,ENSG00000215148,PRSS41,protein_coding,daSilva2017_CT;daSilva2017_testis_biased,True,True,True,True,True,True
ENSG00000215186,ENSG00000215186,GOLGA6B,protein_coding,Chang2019_TGCT;Wang2016_CT;daSilva2017_CT;daSilva2017_protein;daSilva2017_testis_biased;daSilva2017_tumor_proteomics,True,True,True,True,False,False
ENSG00000215203,ENSG00000215203,GRXCR1,protein_coding,daSilva2017_testis_biased,True,True,True,True,False,False
ENSG00000215262,ENSG00000215262,KCNU1,protein_coding,Chang2019_TGCT;Gong2021_reproductive_PC;Wang2016_CT;daSilva2017_CT;daSilva2017_testis_biased,True,True,True,True,True,True
ENSG00000215269,ENSG00000215269,GAGE12G,protein_coding,Jamin2021_CT;Jamin2021_core;daSilva2017_protein;daSilva2017_testis_biased;daSilva2017_tumor_proteomics,True,True,True,True,True,True
ENSG00000215274,ENSG00000215274,GAGE10,protein_coding,Seager2024_CTA;paralog:GAGE2A,True,True,True,True,True,True
ENSG00000215277,ENSG00000215277,RNF212B,protein_coding,Chang2019_TGCT;daSilva2017_testis_biased,True,True,True,True,False,False
ENSG00000215343,ENSG00000215343,ZNF705D,protein_coding,Wang2016_CT;daSilva2017_CT;daSilva2017_testis_biased,True,True,True,True,False,False
ENSG00000215356,ENSG00000215356,ZNF705B,protein_coding,daSilva2017_testis_biased,True,True,True,True,True,False
ENSG00000215372,ENSG00000215372,ZNF705G,protein_coding,Gong2021_reproductive_PC;daSilva2017_testis_biased,True,True,True,True,True,False
ENSG00000215417,ENSG00000215417,MIR17HG,lncRNA,Bruggeman2018_GC,True,True,False,False,False,False
ENSG00000215421,ENSG00000215421,ZNF407,protein_coding,Bruggeman2018_GC,True,True,True,True,False,False
ENSG00000215455,ENSG00000215455,KRTAP10-1,protein_coding,daSilva2017_testis_biased,True,True,True,True,False,False
ENSG00000215474,ENSG00000215474,SKOR2,protein_coding,daSilva2017_testis_biased,True,True,True,True,True,False
ENSG00000215529,ENSG00000215529,EFCAB8,protein_coding,CTexploreR_CTP;Loriot2025_S2,True,True,True,True,True,True
ENSG00000215568,ENSG00000215568,GAB4,protein_coding,Wang2016_CT;daSilva2017_CT;daSilva2017_testis_biased,True,True,True,True,True,True
ENSG00000215817,ENSG00000215817,ZC3H11B,protein_coding,CTexploreR_CT;Loriot2025_S1,True,True,True,True,True,True
ENSG00000215866,ENSG00000215866,LINC01356,lncRNA,Loriot2025_S2,True,True,False,False,False,False
ENSG00000215881,ENSG00000215881,LINC02337,lncRNA,Gong2021_reproductive_ncRNA,True,True,False,False,False,False
ENSG00000215883,ENSG00000215883,CYB5RL,protein_coding,Bruggeman2018_GC,True,True,True,True,False,False
ENSG00000215906,ENSG00000215906,LACTBL1,protein_coding,daSilva2017_testis_biased,True,True,True,True,False,False
ENSG00000215910,ENSG00000215910,C1orf167,protein_coding,Chang2019_TGCT;Gong2021_reproductive_PC;daSilva2017_testis_biased,True,True,True,True,False,False
ENSG00000216649,ENSG00000216649,GAGE12E,protein_coding,CTexploreR_CT;CTpedia;Jamin2021_CT;Jamin2021_core;Loriot2025_S1;daSilva2017;daSilva2017_testis_biased,True,True,True,True,True,True
ENSG00000216671,ENSG00000216671,CCNYL3,unprocessed_pseudogene,daSilva2017_testis_biased,True,True,False,False,False,False
ENSG00000216740,ENSG00000216740,ANXA2P3,processed_pseudogene,Bruggeman2018_GC,True,True,False,False,False,False
ENSG00000216937,ENSG00000216937,CCDC7,protein_coding,Bruggeman2018_GC;Chang2019_TGCT,True,True,True,True,False,False
ENSG00000217442,ENSG00000217442,SYCE3,protein_coding,Chang2019_TGCT;Gong2021_reproductive_PC;Wang2016_CT;daSilva2017_CT;daSilva2017_testis_biased,True,True,True,True,False,False
ENSG00000218819,ENSG00000218819,TDRD15,protein_coding,Chang2019_TGCT;Gong2021_reproductive_PC;daSilva2017_testis_biased,True,True,True,True,True,True
ENSG00000218823,ENSG00000218823,PAPOLB,protein_coding,Chang2019_TGCT;Gong2021_reproductive_PC;Wang2016_CT;daSilva2017_CT;daSilva2017_testis_biased,True,True,True,True,True,True
ENSG00000219073,ENSG00000219073,CELA3B,protein_coding,daSilva2017_CT;daSilva2017_testis_biased,True,True,True,True,False,False
ENSG00000219435,ENSG00000219435,CATSPERZ,protein_coding,Gong2021_reproductive_PC;daSilva2017_CT;daSilva2017_testis_biased,True,True,True,True,True,True
ENSG00000219451,ENSG00000219451,RPL23P8,transcribed_processed_pseudogene,Bruggeman2018_GC,True,True,False,False,False,False
ENSG00000219926,ENSG00000219926,OR7E104P,transcribed_unprocessed_pseudogene,Gong2021_reproductive_ncRNA,True,True,False,False,False,False
ENSG00000220205,ENSG00000220205,VAMP2,protein_coding,Bruggeman2018_GC,True,True,True,True,False,False
ENSG00000220891,ENSG00000220891,LL22NC03-63E9.3,lncRNA,Wang2016_CT,True,True,False,False,False,False
ENSG00000221813,ENSG00000221813,OR6B1,protein_coding,daSilva2017_testis_biased,True,True,True,True,True,False
ENSG00000221826,ENSG00000221826,PSG3,protein_coding,CTpedia;Gong2021_placenta_PC;Gong2021_reproductive_PC;daSilva2017;daSilva2017_CT;daSilva2017_testis_biased,True,True,True,True,True,True
ENSG00000221843,ENSG00000221843,SPATA31H1,protein_coding,Carter2023_CT;Chang2019_TGCT;Wang2016_CT,True,True,True,True,False,False
ENSG00000221845,ENSG00000221845,LINC02902,lncRNA,daSilva2017_CT;daSilva2017_testis_biased,True,True,False,False,False,False
ENSG00000221855,ENSG00000221855,TAS2R41,protein_coding,Gong2021_placenta_PC;Gong2021_reproductive_PC,True,True,True,True,True,False
ENSG00000221867,ENSG00000221867,MAGEA3,protein_coding,Bruggeman2018_GC;CTexploreR_CT;CTpedia;Carter2023_CT;Chang2019_TGCT;Gong2021_reproductive_PC;Jamin2021_CT;Jamin2021_core;Loriot2025_S1;Seager2024_CTA;Wang2016_CT;daSilva2017;daSilva2017_CT;daSilva2017_protein;daSilva2017_testis_biased;daSilva2017_tumor_proteomics,True,True,True,True,True,True
ENSG00000221878,ENSG00000221878,PSG7,protein_coding,Gong2021_placenta_PC;Gong2021_reproductive_PC;placental_antigen,True,True,True,True,True,True
ENSG00000221882,ENSG00000221882,OR3A2,protein_coding,Carter2023_CT;Chang2019_TGCT;Wang2016_CT,True,True,True,True,True,True
ENSG00000221883,ENSG00000221883,ARIH2OS,lncRNA,Jamin2021_CT,True,True,False,False,False,False
ENSG00000221888,ENSG00000221888,OR1C1,protein_coding,Chang2019_TGCT;Gong2021_reproductive_PC;Wang2016_CT;daSilva2017_CT;daSilva2017_testis_biased,True,True,True,True,True,True
ENSG00000221900,ENSG00000221900,POM121L12,protein_coding,Chang2019_TGCT;Gong2021_reproductive_PC;daSilva2017_testis_biased,True,True,True,True,True,True
ENSG00000221910,ENSG00000221910,OR2F2,protein_coding,daSilva2017_testis_biased,True,True,True,True,True,False
ENSG00000221926,ENSG00000221926,TRIM16,protein_coding,Bruggeman2018_GC,True,True,True,True,False,False
ENSG00000221947,ENSG00000221947,XKR9,protein_coding,Chang2019_TGCT;Wang2016_CT,True,True,True,True,False,False
ENSG00000221977,ENSG00000221977,OR4E2,protein_coding,daSilva2017_testis_biased,True,True,True,True,True,False
ENSG00000222004,ENSG00000222004,LINC02860,lncRNA,Chang2019_TGCT;Gong2021_reproductive_ncRNA;Wang2016_CT;daSilva2017_CT;daSilva2017_testis_biased,True,True,False,False,False,False
ENSG00000222005,ENSG00000222005,LINC01118,lncRNA,Gong2021_placenta_ncRNA;Gong2021_reproductive_ncRNA,True,True,False,False,False,False
ENSG00000222012,ENSG00000222012,ENSG00000222012,lncRNA,Chang2019_TGCT,True,True,False,False,False,False
ENSG00000222028,ENSG00000222028,PSMB11,protein_coding,daSilva2017_CT;daSilva2017_testis_biased,True,True,True,True,False,False
ENSG00000222036,ENSG00000222036,POTEM,protein_coding,Bruggeman2018_GC,True,True,True,True,False,False
ENSG00000222047,ENSG00000222047,C10orf55,lncRNA,Loriot2025_S2,True,True,False,False,False,False
ENSG00000223351,ENSG00000223351,ZNF385D-AS2,lncRNA,Gong2021_reproductive_ncRNA,True,True,False,False,False,False
ENSG00000223438,ENSG00000223438,ENSG00000223438,lncRNA,Gong2021_reproductive_ncRNA,True,True,False,False,False,False
ENSG00000223442,ENSG00000223442,TH2LCRR,lncRNA,Loriot2025_S2,True,True,False,False,False,False
ENSG00000223508,ENSG00000223508,RPL23AP53,transcribed_processed_pseudogene,Bruggeman2018_GC,True,True,False,False,False,False
ENSG00000223510,ENSG00000223510,CDRT15,protein_coding,CTexploreR_CT;Chang2019_TGCT;Gong2021_reproductive_PC;Loriot2025_S1;daSilva2017_CT;daSilva2017_protein;daSilva2017_testis_biased;daSilva2017_tumor_proteomics,True,True,True,True,False,False
ENSG00000223581,ENSG00000223581,LINC02665,lncRNA,Gong2021_reproductive_ncRNA,True,True,False,False,False,False
ENSG00000223587,ENSG00000223587,LINC01986,lncRNA,Gong2021_reproductive_ncRNA,True,True,False,False,False,False
ENSG00000223591,ENSG00000223591,CENPVL1,protein_coding,Loriot2025_S1,True,True,True,True,False,False
ENSG00000223597,ENSG00000223597,LINC02142,lncRNA,Gong2021_reproductive_ncRNA,True,True,False,False,False,False
ENSG00000223601,ENSG00000223601,EBLN1,protein_coding,Chang2019_TGCT;Gong2021_reproductive_PC;daSilva2017_testis_biased,True,True,True,True,True,True
ENSG00000223614,ENSG00000223614,ZNF735,protein_coding,daSilva2017_testis_biased,True,True,True,True,True,False
ENSG00000223626,ENSG00000223626,LINC01044,lncRNA,Gong2021_reproductive_ncRNA,True,True,False,False,False,False
ENSG00000223631,ENSG00000223631,LINC01120,lncRNA,Gong2021_reproductive_ncRNA,True,True,False,False,False,False
ENSG00000223646,ENSG00000223646,LINC03076,lncRNA,Gong2021_reproductive_ncRNA,True,True,False,False,False,False
ENSG00000223734,ENSG00000223734,LAPTM4A-DT,lncRNA,Gong2021_reproductive_ncRNA,True,True,False,False,False,False
ENSG00000223765,ENSG00000223765,LINC01626,lncRNA,Gong2021_reproductive_ncRNA,True,True,False,False,False,False
ENSG00000223802,ENSG00000223802,CERS1,protein_coding,Bruggeman2018_GC,True,True,True,True,False,False
ENSG00000223874,ENSG00000223874,TESHL,lncRNA,Chang2019_TGCT;Gong2021_reproductive_ncRNA,True,True,False,False,False,False
ENSG00000223883,ENSG00000223883,LINC01707,lncRNA,Gong2021_reproductive_ncRNA,True,True,False,False,False,False
ENSG00000223975,ENSG00000223975,ENSG00000223975,lncRNA,Gong2021_reproductive_ncRNA,True,True,False,False,False,False
ENSG00000223993,ENSG00000223993,LINC02647,lncRNA,Gong2021_reproductive_ncRNA,True,True,False,False,False,False
ENSG00000224015,ENSG00000224015,ENSG00000224015,lncRNA,Gong2021_reproductive_ncRNA,True,True,False,False,False,False
ENSG00000224048,ENSG00000224048,LINC02612,lncRNA,Gong2021_reproductive_ncRNA,True,True,False,False,False,False
ENSG00000224074,ENSG00000224074,LINC00691,lncRNA,Gong2021_reproductive_ncRNA,True,True,False,False,False,False
ENSG00000224089,ENSG00000224089,CT47A10,protein_coding,Wang2016_CT;daSilva2017_testis_biased;paralog:CT47A1,True,True,True,True,True,True
ENSG00000224107,ENSG00000224107,ETDB,protein_coding,Gong2021_reproductive_PC,True,True,True,True,True,False
ENSG00000224173,ENSG00000224173,LINC02831,lncRNA,Gong2021_reproductive_ncRNA,True,True,False,False,False,False
ENSG00000224322,ENSG00000224322,ENSG00000224322,lncRNA,Gong2021_reproductive_ncRNA,True,True,False,False,False,False
ENSG00000224382,ENSG00000224382,LINC00703,lncRNA,Gong2021_reproductive_ncRNA,True,True,False,False,False,False
ENSG00000224400,ENSG00000224400,ENSG00000224400,lncRNA,Gong2021_reproductive_ncRNA,True,True,False,False,False,False
ENSG00000224406,ENSG00000224406,LINC02052,lncRNA,Gong2021_reproductive_ncRNA,True,True,False,False,False,False
ENSG00000224440,ENSG00000224440,CXorf51A,protein_coding,daSilva2017_testis_biased,True,True,True,True,True,False
ENSG00000224535,ENSG00000224535,LINC02771,lncRNA,Gong2021_reproductive_ncRNA,True,True,False,False,False,False
ENSG00000224559,ENSG00000224559,LINC01087,lncRNA,Gong2021_reproductive_ncRNA,True,True,False,False,False,False
ENSG00000224586,ENSG00000224586,GPX5,protein_coding,Chang2019_TGCT;Gong2021_reproductive_PC;Wang2016_CT;daSilva2017_CT;daSilva2017_protein;daSilva2017_testis_biased;daSilva2017_tumor_proteomics,True,True,True,True,False,False
ENSG00000224655,ENSG00000224655,LINC01823,lncRNA,Gong2021_reproductive_ncRNA,True,True,False,False,False,False
ENSG00000224659,ENSG00000224659,GAGE12J,protein_coding,CTexploreR_CTP;CTpedia;Chang2019_TGCT;Gong2021_reproductive_PC;Jamin2021_CT;Jamin2021_core;Loriot2025_S2;Seager2024_CTA;Wang2016_CT;daSilva2017;daSilva2017_CT;daSilva2017_testis_biased,True,True,True,True,True,True
ENSG00000224851,ENSG00000224851,LINC00502,lncRNA,Gong2021_reproductive_ncRNA,True,True,False,False,False,False
ENSG00000224854,ENSG00000224854,CDKN2A-AS1,lncRNA,Wang2016_CT,True,True,False,False,False,False
ENSG00000224902,ENSG00000224902,GAGE12H,protein_coding,CTexploreR_CTP;CTpedia;Chang2019_TGCT;Gong2021_reproductive_PC;Jamin2021_CT;Jamin2021_core;Loriot2025_S2;daSilva2017;daSilva2017_protein;daSilva2017_testis_biased;daSilva2017_tumor_proteomics,True,True,True,True,True,True
ENSG00000224910,ENSG00000224910,LINC01766,lncRNA,Gong2021_reproductive_ncRNA,True,True,False,False,False,False
ENSG00000224918,ENSG00000224918,ENSG00000224918,lncRNA,Gong2021_reproductive_ncRNA,True,True,False,False,False,False
ENSG00000224935,ENSG00000224935,ENSG00000224935,lncRNA,Gong2021_reproductive_ncRNA,True,True,False,False,False,False
ENSG00000224960,ENSG00000224960,PPP4R3C,protein_coding,CTexploreR_CT;Carter2023_CT;Gong2021_reproductive_PC;Loriot2025_S1,True,True,True,True,True,True
ENSG00000224977,ENSG00000224977,RC3H1-DT,lncRNA,Gong2021_reproductive_ncRNA,True,True,False,False,False,False
ENSG00000225050,ENSG00000225050,ENSG00000225050,lncRNA,Gong2021_reproductive_ncRNA,True,True,False,False,False,False
ENSG00000225209,ENSG00000225209,ENSG00000225209,lncRNA,Gong2021_reproductive_ncRNA,True,True,False,False,False,False
ENSG00000225233,ENSG00000225233,ENSG00000225233,lncRNA,Gong2021_reproductive_ncRNA,True,True,False,False,False,False
ENSG00000225249,ENSG00000225249,LINC00378,lncRNA,Gong2021_reproductive_ncRNA,True,True,False,False,False,False
ENSG00000225265,ENSG00000225265,TAF1A-AS1,lncRNA,Jamin2021_CT,True,True,False,False,False,False
ENSG00000225298,ENSG00000225298,LINC00113,lncRNA,Gong2021_reproductive_ncRNA,True,True,False,False,False,False
ENSG00000225362,ENSG00000225362,CT62,lncRNA,Chang2019_TGCT;Gong2021_reproductive_PC;Loriot2025_S2;Wang2016_CT;daSilva2017_CT;daSilva2017_testis_biased,True,True,False,False,False,False
ENSG00000225424,ENSG00000225424,ENSG00000225424,lncRNA,Gong2021_reproductive_ncRNA,True,True,False,False,False,False
ENSG00000225427,ENSG00000225427,LINC00331,lncRNA,Gong2021_reproductive_ncRNA,True,True,False,False,False,False
ENSG00000225488,ENSG00000225488,ENSG00000225488,lncRNA,Gong2021_reproductive_ncRNA,True,True,False,False,False,False
ENSG00000225532,ENSG00000225532,XX-C2158C6.3,lncRNA,Gong2021_placenta_ncRNA;Gong2021_reproductive_ncRNA,True,True,False,False,False,False
ENSG00000225563,ENSG00000225563,ENSG00000225563,lncRNA,Gong2021_reproductive_ncRNA,True,True,False,False,False,False
ENSG00000225564,ENSG00000225564,LINC01492,lncRNA,Gong2021_reproductive_ncRNA,True,True,False,False,False,False
ENSG00000225582,ENSG00000225582,ENSG00000225582,lncRNA,Gong2021_reproductive_ncRNA,True,True,False,False,False,False
ENSG00000225605,ENSG00000225605,ENSG00000225605,lncRNA,Gong2021_reproductive_ncRNA,True,True,False,False,False,False
ENSG00000225612,ENSG00000225612,ENSG00000225612,lncRNA,Gong2021_reproductive_ncRNA,True,True,False,False,False,False
ENSG00000225614,ENSG00000225614,ZNF469,protein_coding,Bruggeman2018_GC,True,True,True,True,False,False
ENSG00000225626,ENSG00000225626,CFAP95-DT,lncRNA,Gong2021_reproductive_ncRNA,True,True,False,False,False,False
ENSG00000225684,ENSG00000225684,FAM225B,lncRNA,Bruggeman2018_GC;Loriot2025_S2,True,True,False,False,False,False
ENSG00000225703,ENSG00000225703,ENSG00000225703,lncRNA,Gong2021_reproductive_ncRNA,True,True,False,False,False,False
ENSG00000225744,ENSG00000225744,ENSG00000225744,lncRNA,Gong2021_reproductive_ncRNA,True,True,False,False,False,False
ENSG00000225781,ENSG00000225781,OR6V1,protein_coding,daSilva2017_CT;daSilva2017_testis_biased,True,True,True,True,True,False
ENSG00000225785,ENSG00000225785,ENSG00000225785,lncRNA,Gong2021_reproductive_ncRNA,True,True,False,False,False,False
ENSG00000225818,ENSG00000225818,ENSG00000225818,lncRNA,Gong2021_reproductive_ncRNA,True,True,False,False,False,False
ENSG00000225828,ENSG00000225828,FAM229A,protein_coding,Chang2019_TGCT,True,True,True,True,False,False
ENSG00000225879,ENSG00000225879,ENSG00000225879,lncRNA,Gong2021_reproductive_ncRNA,True,True,False,False,False,False
ENSG00000225882,ENSG00000225882,LINC01456,lncRNA,Gong2021_placenta_ncRNA;Gong2021_reproductive_ncRNA,True,True,False,False,False,False
ENSG00000225919,ENSG00000225919,LINC01745,lncRNA,Gong2021_reproductive_ncRNA,True,True,False,False,False,False
ENSG00000225924,ENSG00000225924,TAB2-AS1,lncRNA,Gong2021_reproductive_ncRNA,True,True,False,False,False,False
ENSG00000226023,ENSG00000226023,CT47A6,protein_coding,CTpedia;Wang2016_CT;daSilva2017;daSilva2017_testis_biased,True,True,True,True,True,True
ENSG00000226030,ENSG00000226030,HLA-DQB3,unprocessed_pseudogene,daSilva2017_testis_biased,True,True,False,False,False,False
ENSG00000226037,ENSG00000226037,LINC01040,lncRNA,Gong2021_reproductive_ncRNA,True,True,False,False,False,False
ENSG00000226088,ENSG00000226088,LINC03102,lncRNA,Loriot2025_S2,True,True,False,False,False,False
ENSG00000226097,ENSG00000226097,ENSG00000226097,lncRNA,Gong2021_reproductive_ncRNA,True,True,False,False,False,False
ENSG00000226140,ENSG00000226140,LINC02654,lncRNA,Gong2021_reproductive_ncRNA,True,True,False,False,False,False
ENSG00000226172,ENSG00000226172,ENSG00000226172,lncRNA,Gong2021_reproductive_ncRNA,True,True,False,False,False,False
ENSG00000226208,ENSG00000226208,ENSG00000226208,lncRNA,Gong2021_reproductive_ncRNA,True,True,False,False,False,False
ENSG00000226249,ENSG00000226249,ENSG00000226249,lncRNA,Gong2021_reproductive_ncRNA,True,True,False,False,False,False
ENSG00000226250,ENSG00000226250,LINC00408,lncRNA,Gong2021_reproductive_ncRNA,True,True,False,False,False,False
ENSG00000226258,ENSG00000226258,GRM7-AS3,lncRNA,Gong2021_reproductive_ncRNA,True,True,False,False,False,False
ENSG00000226320,ENSG00000226320,LINC01811,lncRNA,Gong2021_reproductive_ncRNA,True,True,False,False,False,False
ENSG00000226364,ENSG00000226364,LINC02089,lncRNA,Chang2019_TGCT;Gong2021_reproductive_ncRNA;daSilva2017_testis_biased,True,True,False,False,False,False
ENSG00000226370,ENSG00000226370,LINC00375,lncRNA,Gong2021_reproductive_ncRNA,True,True,False,False,False,False
ENSG00000226372,ENSG00000226372,DCAF8L1,protein_coding,Gong2021_reproductive_PC;Wang2016_CT;daSilva2017_CT;daSilva2017_testis_biased,True,True,True,True,False,False
ENSG00000226423,ENSG00000226423,ENSG00000226423,lncRNA,Gong2021_reproductive_ncRNA,True,True,False,False,False,False
ENSG00000226447,ENSG00000226447,ZNF25-DT,lncRNA,Gong2021_reproductive_ncRNA,True,True,False,False,False,False
ENSG00000226488,ENSG00000226488,LINC01824,lncRNA,Gong2021_reproductive_ncRNA,True,True,False,False,False,False
ENSG00000226497,ENSG00000226497,LINC02549,lncRNA,Gong2021_reproductive_ncRNA,True,True,False,False,False,False
ENSG00000226506,ENSG00000226506,ENSG00000226506,lncRNA,Gong2021_reproductive_ncRNA,True,True,False,False,False,False
ENSG00000226527,ENSG00000226527,ENSG00000226527,lncRNA,Gong2021_reproductive_ncRNA,True,True,False,False,False,False
ENSG00000226567,ENSG00000226567,LINC00606,lncRNA,Gong2021_reproductive_ncRNA,True,True,False,False,False,False
ENSG00000226600,ENSG00000226600,CT47A9,protein_coding,Wang2016_CT;daSilva2017_testis_biased;paralog:CT47A1,True,True,True,True,True,True
ENSG00000226650,ENSG00000226650,KIF4B,protein_coding,Chang2019_TGCT;Gong2021_reproductive_PC;Wang2016_CT;daSilva2017_CT;daSilva2017_protein;daSilva2017_testis_biased;daSilva2017_tumor_proteomics,True,True,True,True,True,True
ENSG00000226655,ENSG00000226655,ENSG00000226655,lncRNA,Gong2021_reproductive_ncRNA,True,True,False,False,False,False
ENSG00000226685,ENSG00000226685,CT47A12,protein_coding,CTexploreR_CT;CTpedia;Loriot2025_S1;daSilva2017;daSilva2017_testis_biased,True,True,True,True,True,True
ENSG00000226711,ENSG00000226711,FAM66C,lncRNA,Bruggeman2018_GC;Jamin2021_CT,True,True,False,False,False,False
ENSG00000226722,ENSG00000226722,LINC00424,lncRNA,Gong2021_reproductive_ncRNA,True,True,False,False,False,False
ENSG00000226739,ENSG00000226739,ENSG00000226739,lncRNA,Gong2021_reproductive_ncRNA,True,True,False,False,False,False
ENSG00000226813,ENSG00000226813,LINC01941,lncRNA,Gong2021_reproductive_ncRNA,True,True,False,False,False,False
ENSG00000226846,ENSG00000226846,LINC00348,lncRNA,Gong2021_reproductive_ncRNA,True,True,False,False,False,False
ENSG00000226856,ENSG00000226856,THORLNC,lncRNA,Gong2021_reproductive_ncRNA;Loriot2025_S1,True,True,False,False,False,False
ENSG00000226903,ENSG00000226903,LINC00354,lncRNA,Gong2021_reproductive_ncRNA,True,True,False,False,False,False
ENSG00000226921,ENSG00000226921,LINC00454,lncRNA,Gong2021_reproductive_ncRNA,True,True,False,False,False,False
ENSG00000226929,ENSG00000226929,CT47A11,protein_coding,CTexploreR_CT;CTpedia;Loriot2025_S1;daSilva2017;daSilva2017_testis_biased,True,True,True,True,True,True
ENSG00000226938,ENSG00000226938,ENSG00000226938,lncRNA,Gong2021_reproductive_ncRNA,True,True,False,False,False,False
ENSG00000226941,ENSG00000226941,RBMY1J,protein_coding,Wang2016_CT;daSilva2017_testis_biased,True,True,True,True,True,True
ENSG00000226995,ENSG00000226995,LINC00658,lncRNA,Gong2021_reproductive_ncRNA,True,True,False,False,False,False
ENSG00000227016,ENSG00000227016,LINC02796,lncRNA,Gong2021_reproductive_ncRNA,True,True,False,False,False,False
ENSG00000227043,ENSG00000227043,LINC01682,lncRNA,Gong2021_reproductive_ncRNA,True,True,False,False,False,False
ENSG00000227059,ENSG00000227059,ANHX,protein_coding,Chang2019_TGCT;Gong2021_reproductive_PC;daSilva2017_testis_biased,True,True,True,True,True,True
ENSG00000227098,ENSG00000227098,ENSG00000227098,lncRNA,Gong2021_reproductive_ncRNA,True,True,False,False,False,False
ENSG00000227101,ENSG00000227101,ENSG00000227101,lncRNA,Gong2021_reproductive_ncRNA,True,True,False,False,False,False
ENSG00000227124,ENSG00000227124,ZNF717,protein_coding,Bruggeman2018_GC,True,True,True,True,False,False
ENSG00000227148,ENSG00000227148,ENSG00000227148,lncRNA,Gong2021_reproductive_ncRNA,True,True,False,False,False,False
ENSG00000227151,ENSG00000227151,PRR20D,protein_coding,daSilva2017_testis_biased,True,True,True,True,True,False
ENSG00000227181,ENSG00000227181,LINC01688,lncRNA,Gong2021_reproductive_ncRNA,True,True,False,False,False,False
ENSG00000227199,ENSG00000227199,ST7-AS1,lncRNA,Jamin2021_CT,True,True,False,False,False,False
ENSG00000227206,ENSG00000227206,ENSG00000227206,lncRNA,Gong2021_reproductive_ncRNA,True,True,False,False,False,False
ENSG00000227234,ENSG00000227234,SPANXB1,protein_coding,CTexploreR_CT;CTpedia;Gong2021_reproductive_PC;Jamin2021_CT;Jamin2021_core;Loriot2025_S1;daSilva2017;daSilva2017_protein;daSilva2017_testis_biased;daSilva2017_tumor_proteomics,True,True,True,True,True,True
ENSG00000227290,ENSG00000227290,LINC01364,lncRNA,Gong2021_reproductive_ncRNA,True,True,False,False,False,False
ENSG00000227313,ENSG00000227313,LINC02630,lncRNA,Gong2021_reproductive_ncRNA,True,True,False,False,False,False
ENSG00000227375,ENSG00000227375,DLG1-AS1,lncRNA,Loriot2025_S2,True,True,False,False,False,False
ENSG00000227488,ENSG00000227488,GAGE12D,protein_coding,Jamin2021_CT;Jamin2021_core;Wang2016_CT;daSilva2017_CT;daSilva2017_testis_biased;paralog:GAGE12C,True,True,True,True,True,True
ENSG00000227510,ENSG00000227510,LINC01442,lncRNA,Gong2021_reproductive_ncRNA,True,True,False,False,False,False
ENSG00000227517,ENSG00000227517,LINC01483,lncRNA,Gong2021_placenta_ncRNA;Gong2021_reproductive_ncRNA,True,True,False,False,False,False
ENSG00000227549,ENSG00000227549,ENSG00000227549,lncRNA,Gong2021_reproductive_ncRNA,True,True,False,False,False,False
ENSG00000227564,ENSG00000227564,LINC00376,lncRNA,Gong2021_reproductive_ncRNA,True,True,False,False,False,False
ENSG00000227685,ENSG00000227685,LINC02088,lncRNA,Gong2021_reproductive_ncRNA,True,True,False,False,False,False
ENSG00000227713,ENSG00000227713,ENSG00000227713,lncRNA,Gong2021_reproductive_ncRNA,True,True,False,False,False,False
ENSG00000227818,ENSG00000227818,ENSG00000227818,lncRNA,Gong2021_reproductive_ncRNA,True,True,False,False,False,False
ENSG00000227868,ENSG00000227868,TEX46,protein_coding,Chang2019_TGCT;Gong2021_reproductive_PC;daSilva2017_testis_biased,True,True,True,True,True,True
ENSG00000227938,ENSG00000227938,ENSG00000227938,lncRNA,Gong2021_reproductive_ncRNA,True,True,False,False,False,False
ENSG00000227940,ENSG00000227940,LINC01696,lncRNA,Gong2021_reproductive_ncRNA,True,True,False,False,False,False
ENSG00000227973,ENSG00000227973,PIN4P1,processed_pseudogene,Bruggeman2018_GC,True,True,False,False,False,False
ENSG00000228075,ENSG00000228075,BOD1L2,protein_coding,Chang2019_TGCT;Gong2021_reproductive_PC;daSilva2017_testis_biased,True,True,True,True,True,True
ENSG00000228100,ENSG00000228100,LINC01820,lncRNA,Gong2021_reproductive_ncRNA,True,True,False,False,False,False
ENSG00000228105,ENSG00000228105,LINC01757,lncRNA,Gong2021_reproductive_ncRNA,True,True,False,False,False,False
ENSG00000228153,ENSG00000228153,ENSG00000228153,lncRNA,Gong2021_reproductive_ncRNA,True,True,False,False,False,False
ENSG00000228159,ENSG00000228159,LINC01674,lncRNA,Gong2021_reproductive_ncRNA,True,True,False,False,False,False
ENSG00000228189,ENSG00000228189,LINC02843,lncRNA,Gong2021_reproductive_ncRNA,True,True,False,False,False,False
ENSG00000228259,ENSG00000228259,ENSG00000228259,transcribed_unprocessed_pseudogene,Chang2019_TGCT,True,True,False,False,False,False
ENSG00000228295,ENSG00000228295,LINC00392,lncRNA,Gong2021_reproductive_ncRNA,True,True,False,False,False,False
ENSG00000228308,ENSG00000228308,LINC01209,lncRNA,Gong2021_reproductive_ncRNA,True,True,False,False,False,False
ENSG00000228309,ENSG00000228309,LINC01350,lncRNA,Gong2021_reproductive_ncRNA,True,True,False,False,False,False
ENSG00000228329,ENSG00000228329,LINC01890,lncRNA,Gong2021_reproductive_ncRNA,True,True,False,False,False,False
ENSG00000228338,ENSG00000228338,LINC01784,lncRNA,Gong2021_reproductive_ncRNA,True,True,False,False,False,False
ENSG00000228361,ENSG00000228361,ENSG00000228361,lncRNA,Gong2021_reproductive_ncRNA,True,True,False,False,False,False
ENSG00000228365,ENSG00000228365,ENSG00000228365,lncRNA,Gong2021_reproductive_ncRNA,True,True,False,False,False,False
ENSG00000228372,ENSG00000228372,SMIM10L2B-AS1,protein_coding,Gong2021_reproductive_ncRNA,True,True,True,True,False,False
ENSG00000228422,ENSG00000228422,LINC00687,lncRNA,Gong2021_reproductive_ncRNA,True,True,False,False,False,False
ENSG00000228482,ENSG00000228482,LINC01713,lncRNA,Gong2021_reproductive_ncRNA,True,True,False,False,False,False
ENSG00000228488,ENSG00000228488,ENSG00000228488,lncRNA,Gong2021_reproductive_ncRNA,True,True,False,False,False,False
ENSG00000228504,ENSG00000228504,LINC01760,lncRNA,Gong2021_reproductive_ncRNA,True,True,False,False,False,False
ENSG00000228517,ENSG00000228517,CT47A7,protein_coding,CTpedia;daSilva2017;daSilva2017_testis_biased,True,True,True,True,True,True
ENSG00000228567,ENSG00000228567,VN1R4,protein_coding,daSilva2017_testis_biased,True,True,True,True,True,False
ENSG00000228618,ENSG00000228618,ENSG00000228618,lncRNA,Gong2021_reproductive_ncRNA,True,True,False,False,False,False
ENSG00000228636,ENSG00000228636,LINC02663,lncRNA,Gong2021_reproductive_ncRNA;Loriot2025_S1,True,True,False,False,False,False
ENSG00000228669,ENSG00000228669,LINC00448,lncRNA,Gong2021_reproductive_ncRNA,True,True,False,False,False,False
ENSG00000228679,ENSG00000228679,ENSG00000228679,lncRNA,Gong2021_reproductive_ncRNA,True,True,False,False,False,False
ENSG00000228707,ENSG00000228707,RP11-787B4.2,lncRNA,Gong2021_placenta_ncRNA;Gong2021_reproductive_ncRNA,True,True,False,False,False,False
ENSG00000228714,ENSG00000228714,ENSG00000228714,lncRNA,Gong2021_reproductive_ncRNA,True,True,False,False,False,False
ENSG00000228730,ENSG00000228730,LINC02013,lncRNA,Gong2021_reproductive_ncRNA,True,True,False,False,False,False
ENSG00000228735,ENSG00000228735,ENSG00000228735,lncRNA,Gong2021_reproductive_ncRNA,True,True,False,False,False,False
ENSG00000228750,ENSG00000228750,LINC01672,lncRNA,Gong2021_reproductive_ncRNA,True,True,False,False,False,False
ENSG00000228777,ENSG00000228777,LINC02534,lncRNA,Gong2021_reproductive_ncRNA,True,True,False,False,False,False
ENSG00000228799,ENSG00000228799,LINC01939,lncRNA,Gong2021_reproductive_ncRNA,True,True,False,False,False,False
ENSG00000228836,ENSG00000228836,CT45A5,protein_coding,Jamin2021_CT;Jamin2021_core;Loriot2025_S1;daSilva2017_CT;daSilva2017_testis_biased;paralog:CT45A1,True,True,True,True,False,False
ENSG00000228909,ENSG00000228909,LINC01803,lncRNA,Gong2021_reproductive_ncRNA,True,True,False,False,False,False
ENSG00000228927,ENSG00000228927,TSPY3,protein_coding,CTexploreR_CT;CTpedia;Loriot2025_S1;Wang2016_CT;daSilva2017;daSilva2017_testis_biased,True,True,True,True,True,True
ENSG00000229011,ENSG00000229011,LINC01038,lncRNA,Gong2021_reproductive_ncRNA,True,True,False,False,False,False
ENSG00000229012,ENSG00000229012,ENSG00000229012,lncRNA,Gong2021_reproductive_ncRNA,True,True,False,False,False,False
ENSG00000229086,ENSG00000229086,LINC01548,lncRNA,Chang2019_TGCT;Gong2021_reproductive_ncRNA,True,True,False,False,False,False
ENSG00000229175,ENSG00000229175,LINC00382,lncRNA,Gong2021_reproductive_ncRNA,True,True,False,False,False,False
ENSG00000229201,ENSG00000229201,LINC02787,lncRNA,Gong2021_reproductive_ncRNA,True,True,False,False,False,False
ENSG00000229205,ENSG00000229205,LINC00200,lncRNA,Loriot2025_S1,True,True,False,False,False,False
ENSG00000229243,ENSG00000229243,LINC01981,lncRNA,Gong2021_reproductive_ncRNA,True,True,False,False,False,False
ENSG00000229249,ENSG00000229249,LINC00446,lncRNA,Gong2021_reproductive_ncRNA,True,True,False,False,False,False
ENSG00000229292,ENSG00000229292,RFPL4AL1,protein_coding,daSilva2017_testis_biased,True,True,True,True,True,False
ENSG00000229309,ENSG00000229309,ENSG00000229309,lncRNA,Gong2021_reproductive_ncRNA,True,True,False,False,False,False
ENSG00000229345,ENSG00000229345,ENSG00000229345,lncRNA,Gong2021_reproductive_ncRNA,True,True,False,False,False,False
ENSG00000229373,ENSG00000229373,LINC00452,lncRNA,daSilva2017_CT;daSilva2017_testis_biased,True,True,False,False,False,False
ENSG00000229434,ENSG00000229434,NRAL,lncRNA,Gong2021_reproductive_ncRNA,True,True,False,False,False,False
ENSG00000229466,ENSG00000229466,LINC02627,lncRNA,Gong2021_reproductive_ncRNA,True,True,False,False,False,False
ENSG00000229483,ENSG00000229483,LINC00362,lncRNA,Gong2021_reproductive_ncRNA,True,True,False,False,False,False
ENSG00000229494,ENSG00000229494,ENSG00000229494,lncRNA,Gong2021_reproductive_ncRNA,True,True,False,False,False,False
ENSG00000229522,ENSG00000229522,LINC01523,lncRNA,Gong2021_reproductive_ncRNA,True,True,False,False,False,False
ENSG00000229549,ENSG00000229549,TSPY8,protein_coding,CTpedia;daSilva2017;daSilva2017_testis_biased,True,True,True,True,True,True
ENSG00000229565,ENSG00000229565,LINC02264,lncRNA,Gong2021_reproductive_ncRNA,True,True,False,False,False,False
ENSG00000229578,ENSG00000229578,LINC00358,lncRNA,Gong2021_reproductive_ncRNA,True,True,False,False,False,False
ENSG00000229585,ENSG00000229585,RPL21P44,processed_pseudogene,Bruggeman2018_GC,True,True,False,False,False,False
ENSG00000229599,ENSG00000229599,LINC00411,lncRNA,Gong2021_reproductive_ncRNA,True,True,False,False,False,False
ENSG00000229606,ENSG00000229606,LINC01718,lncRNA,Gong2021_reproductive_ncRNA,True,True,False,False,False,False
ENSG00000229613,ENSG00000229613,LINC01501,lncRNA,Gong2021_reproductive_ncRNA,True,True,False,False,False,False
ENSG00000229642,ENSG00000229642,AC027119.1,lncRNA,Gong2021_placenta_ncRNA;Gong2021_reproductive_ncRNA,True,True,False,False,False,False
ENSG00000229665,ENSG00000229665,PRR20C,protein_coding,daSilva2017_testis_biased,True,True,True,True,True,False
ENSG00000229676,ENSG00000229676,ZNF492,protein_coding,Bruggeman2018_GC,True,True,True,True,False,False
ENSG00000229697,ENSG00000229697,FAM242E,lncRNA,Gong2021_reproductive_ncRNA,True,True,False,False,False,False
ENSG00000229775,ENSG00000229775,LINC02624,lncRNA,Gong2021_reproductive_ncRNA,True,True,False,False,False,False
ENSG00000229894,ENSG00000229894,GK3,protein_coding,Bruggeman2018_GC;Carter2023_CT;Gong2021_reproductive_PC;Jamin2021_CT,True,True,True,True,True,True
ENSG00000229937,ENSG00000229937,PRPS1L1,protein_coding,Chang2019_TGCT;Gong2021_reproductive_PC;Wang2016_CT;daSilva2017_CT;daSilva2017_testis_biased,True,True,True,True,True,True
ENSG00000229967,ENSG00000229967,MAGEA4-AS1,lncRNA,Loriot2025_S1,True,True,False,False,False,False
ENSG00000229972,ENSG00000229972,IQCF3,protein_coding,Chang2019_TGCT;Gong2021_reproductive_PC;Wang2016_CT;daSilva2017_testis_biased,True,True,True,True,True,True
ENSG00000229989,ENSG00000229989,MIR181A1HG,lncRNA,Gong2021_placenta_ncRNA;Gong2021_reproductive_ncRNA,True,True,False,False,False,False
ENSG00000230000,ENSG00000230000,ENSG00000230000,lncRNA,Chang2019_TGCT,True,True,False,False,False,False
ENSG00000230013,ENSG00000230013,CT70,lncRNA,Gong2021_reproductive_ncRNA,True,True,False,False,False,False
ENSG00000230015,ENSG00000230015,ENSG00000230015,lncRNA,Gong2021_reproductive_ncRNA,True,True,False,False,False,False
ENSG00000230031,ENSG00000230031,POTEB2,protein_coding,daSilva2017_testis_biased,True,True,True,True,True,False
ENSG00000230040,ENSG00000230040,LINC00364,lncRNA,Gong2021_reproductive_ncRNA,True,True,False,False,False,False
ENSG00000230054,ENSG00000230054,TEX53,protein_coding,Gong2021_reproductive_PC,True,True,True,True,True,False
ENSG00000230159,ENSG00000230159,ENSG00000230159,lncRNA,Gong2021_reproductive_ncRNA,True,True,False,False,False,False
ENSG00000230178,ENSG00000230178,OR4F3,protein_coding,daSilva2017_testis_biased,True,True,True,True,True,False
ENSG00000230246,ENSG00000230246,SPATA31C1,protein_coding,daSilva2017_CT;daSilva2017_testis_biased,True,True,True,True,False,False
ENSG00000230250,ENSG00000230250,LINC01753,lncRNA,Gong2021_reproductive_ncRNA,True,True,False,False,False,False
ENSG00000230262,ENSG00000230262,LINC02603,lncRNA,Gong2021_reproductive_ncRNA,True,True,False,False,False,False
ENSG00000230268,ENSG00000230268,SSU72L6,protein_coding,Gong2021_reproductive_PC,True,True,True,True,True,False
ENSG00000230301,ENSG00000230301,OR5H6,protein_coding,daSilva2017_testis_biased,True,True,True,True,True,False
ENSG00000230303,ENSG00000230303,ENSG00000230303,lncRNA,Gong2021_reproductive_ncRNA,True,True,False,False,False,False
ENSG00000230342,ENSG00000230342,FANCD2P2,unprocessed_pseudogene,daSilva2017_testis_biased,True,True,False,False,False,False
ENSG00000230347,ENSG00000230347,CT47A8,protein_coding,daSilva2017_testis_biased;paralog:CT47A1,True,True,True,True,True,True
ENSG00000230365,ENSG00000230365,ENSG00000230365,lncRNA,Gong2021_reproductive_ncRNA,True,True,False,False,False,False
ENSG00000230400,ENSG00000230400,LINC01747,lncRNA,Gong2021_reproductive_ncRNA,True,True,False,False,False,False
ENSG00000230401,ENSG00000230401,LINC01972,lncRNA,Gong2021_reproductive_ncRNA,True,True,False,False,False,False
ENSG00000230402,ENSG00000230402,LINC01349,lncRNA,Gong2021_reproductive_ncRNA,True,True,False,False,False,False
ENSG00000230403,ENSG00000230403,LINC01066,lncRNA,Gong2021_reproductive_ncRNA,True,True,False,False,False,False
ENSG00000230404,ENSG00000230404,ENSG00000230404,lncRNA,Gong2021_reproductive_ncRNA,True,True,False,False,False,False
ENSG00000230434,ENSG00000230434,LINC01650,lncRNA,Gong2021_reproductive_ncRNA,True,True,False,False,False,False
ENSG00000230457,ENSG00000230457,PA2G4P4,processed_pseudogene,Bruggeman2018_GC,True,True,False,False,False,False
ENSG00000230522,ENSG00000230522,MBD3L2,protein_coding,daSilva2017_testis_biased,True,True,True,True,True,False
ENSG00000230533,ENSG00000230533,LINC03004,lncRNA,Loriot2025_S1,True,True,False,False,False,False
ENSG00000230563,ENSG00000230563,ENSG00000230563,lncRNA,Gong2021_reproductive_ncRNA,True,True,False,False,False,False
ENSG00000230590,ENSG00000230590,FTX,lncRNA,Bruggeman2018_GC,True,True,False,False,False,False
ENSG00000230594,ENSG00000230594,CT47A4,protein_coding,CTpedia;daSilva2017;daSilva2017_testis_biased,True,True,True,True,True,True
ENSG00000230601,ENSG00000230601,TEX48,protein_coding,CTexploreR_CT;Gong2021_reproductive_PC;Loriot2025_S1;daSilva2017_testis_biased,True,True,True,True,True,True
ENSG00000230645,ENSG00000230645,LINC01818,lncRNA,Gong2021_reproductive_ncRNA,True,True,False,False,False,False
ENSG00000230651,ENSG00000230651,RGPD4-AS1,lncRNA,Gong2021_reproductive_ncRNA,True,True,False,False,False,False
ENSG00000230680,ENSG00000230680,ENSG00000230680,lncRNA,Gong2021_reproductive_ncRNA,True,True,False,False,False,False
ENSG00000230690,ENSG00000230690,ENSG00000230690,lncRNA,Gong2021_reproductive_ncRNA,True,True,False,False,False,False
ENSG00000230704,ENSG00000230704,ENSG00000230704,lncRNA,Gong2021_reproductive_ncRNA,True,True,False,False,False,False
ENSG00000230768,ENSG00000230768,LINC01676,lncRNA,Gong2021_reproductive_ncRNA,True,True,False,False,False,False
ENSG00000230794,ENSG00000230794,ENSG00000230794,lncRNA,Gong2021_reproductive_ncRNA,True,True,False,False,False,False
ENSG00000230803,ENSG00000230803,ENSG00000230803,lncRNA,Gong2021_reproductive_ncRNA,True,True,False,False,False,False
ENSG00000230866,ENSG00000230866,LINC02558,lncRNA,Gong2021_reproductive_ncRNA,True,True,False,False,False,False
ENSG00000230891,ENSG00000230891,LINC00692,lncRNA,Chang2019_TGCT,True,True,False,False,False,False
ENSG00000230991,ENSG00000230991,ENSG00000230991,lncRNA,Gong2021_reproductive_ncRNA,True,True,False,False,False,False
ENSG00000231023,ENSG00000231023,LINC00326,lncRNA,Gong2021_reproductive_ncRNA,True,True,False,False,False,False
ENSG00000231040,ENSG00000231040,LINC01911,lncRNA,Gong2021_reproductive_ncRNA,True,True,False,False,False,False
ENSG00000231082,ENSG00000231082,LINC02655,lncRNA,Gong2021_reproductive_ncRNA,True,True,False,False,False,False
ENSG00000231110,ENSG00000231110,ENSG00000231110,lncRNA,Gong2021_reproductive_ncRNA,True,True,False,False,False,False
ENSG00000231114,ENSG00000231114,ENSG00000231114,lncRNA,Gong2021_reproductive_ncRNA,True,True,False,False,False,False
ENSG00000231171,ENSG00000231171,LINC01098,lncRNA,Chang2019_TGCT;Gong2021_reproductive_ncRNA;Loriot2025_S1;Wang2016_CT,True,True,False,False,False,False
ENSG00000231177,ENSG00000231177,LINC00852,lncRNA,Bruggeman2018_GC,True,True,False,False,False,False
ENSG00000231204,ENSG00000231204,ENSG00000231204,lncRNA,Gong2021_reproductive_ncRNA,True,True,False,False,False,False
ENSG00000231256,ENSG00000231256,CFAP97D1,protein_coding,Chang2019_TGCT;Gong2021_reproductive_PC;daSilva2017_CT;daSilva2017_testis_biased,True,True,True,True,True,True
ENSG00000231326,ENSG00000231326,LINC02662,lncRNA,Gong2021_reproductive_ncRNA,True,True,False,False,False,False
ENSG00000231358,ENSG00000231358,ENSG00000231358,lncRNA,Gong2021_reproductive_ncRNA,True,True,False,False,False,False
ENSG00000231364,ENSG00000231364,LINC01712,lncRNA,Gong2021_reproductive_ncRNA,True,True,False,False,False,False
ENSG00000231418,ENSG00000231418,ENSG00000231418,lncRNA,Gong2021_reproductive_ncRNA,True,True,False,False,False,False
ENSG00000231473,ENSG00000231473,RB1-DT,lncRNA,Loriot2025_S2,True,True,False,False,False,False
ENSG00000231476,ENSG00000231476,ENSG00000231476,lncRNA,Gong2021_reproductive_ncRNA,True,True,False,False,False,False
ENSG00000231492,ENSG00000231492,ENSG00000231492,lncRNA,Gong2021_reproductive_ncRNA,True,True,False,False,False,False
ENSG00000231510,ENSG00000231510,LINC02782,lncRNA,Gong2021_reproductive_ncRNA,True,True,False,False,False,False
ENSG00000231528,ENSG00000231528,FAM225A,lncRNA,Loriot2025_S2,True,True,False,False,False,False
ENSG00000231529,ENSG00000231529,LINC02779,lncRNA,Gong2021_reproductive_ncRNA,True,True,False,False,False,False
ENSG00000231532,ENSG00000231532,LINC01249,lncRNA,Gong2021_reproductive_ncRNA;Loriot2025_S1,True,True,False,False,False,False
ENSG00000231607,ENSG00000231607,DLEU2,lncRNA,Bruggeman2018_GC,True,True,False,False,False,False
ENSG00000231626,ENSG00000231626,ENSG00000231626,lncRNA,Gong2021_reproductive_ncRNA,True,True,False,False,False,False
ENSG00000231630,ENSG00000231630,ENSG00000231630,lncRNA,Gong2021_reproductive_ncRNA,True,True,False,False,False,False
ENSG00000231713,ENSG00000231713,AF064860.7,lncRNA,Gong2021_placenta_ncRNA;Gong2021_reproductive_ncRNA,True,True,False,False,False,False
ENSG00000231817,ENSG00000231817,LINC01198,lncRNA,Loriot2025_S2,True,True,False,False,False,False
ENSG00000231876,ENSG00000231876,ENSG00000231876,lncRNA,Gong2021_reproductive_ncRNA,True,True,False,False,False,False
ENSG00000231887,ENSG00000231887,PRH1,protein_coding,daSilva2017_CT;daSilva2017_protein;daSilva2017_testis_biased;daSilva2017_tumor_proteomics,True,True,True,True,False,False
ENSG00000231902,ENSG00000231902,ENSG00000231902,lncRNA,Gong2021_reproductive_ncRNA,True,True,False,False,False,False
ENSG00000231924,ENSG00000231924,PSG1,protein_coding,CTpedia;Gong2021_placenta_PC;Gong2021_reproductive_PC,True,True,True,True,True,True
ENSG00000231983,ENSG00000231983,LINC00415,lncRNA,Gong2021_reproductive_ncRNA,True,True,False,False,False,False
ENSG00000231989,ENSG00000231989,PPP1R2B,protein_coding,Bruggeman2018_GC;Gong2021_reproductive_PC,True,True,True,True,True,True
ENSG00000231990,ENSG00000231990,ENSG00000231990,lncRNA,Gong2021_reproductive_ncRNA,True,True,False,False,False,False
ENSG00000232030,ENSG00000232030,MAGEB6B,protein_coding,CTpedia;Gong2021_reproductive_PC,True,True,True,True,True,False
ENSG00000232040,ENSG00000232040,SCAND3,protein_coding,Chang2019_TGCT;Jamin2021_CT;Wang2016_CT,True,True,True,True,False,False
ENSG00000232113,ENSG00000232113,TEX50,protein_coding,Gong2021_reproductive_PC;daSilva2017_testis_biased,True,True,True,True,True,False
ENSG00000232117,ENSG00000232117,LINC00384,lncRNA,Gong2021_reproductive_ncRNA,True,True,False,False,False,False
ENSG00000232164,ENSG00000232164,LINC01873,lncRNA,Gong2021_placenta_ncRNA;Gong2021_reproductive_ncRNA,True,True,False,False,False,False
ENSG00000232200,ENSG00000232200,ENSG00000232200,lncRNA,Gong2021_reproductive_ncRNA,True,True,False,False,False,False
ENSG00000232265,ENSG00000232265,LINC02805,lncRNA,Gong2021_reproductive_ncRNA,True,True,False,False,False,False
ENSG00000232286,ENSG00000232286,ENSG00000232286,lncRNA,Gong2021_reproductive_ncRNA,True,True,False,False,False,False
ENSG00000232395,ENSG00000232395,LNCPOIR,lncRNA,Gong2021_reproductive_ncRNA,True,True,False,False,False,False
ENSG00000232423,ENSG00000232423,PRAMEF6,protein_coding,Wang2016_CT;daSilva2017_CT;daSilva2017_testis_biased,True,True,True,True,True,False
ENSG00000232465,ENSG00000232465,ENSG00000232465,lncRNA,Gong2021_reproductive_ncRNA,True,True,False,False,False,False
ENSG00000232494,ENSG00000232494,ENSG00000232494,lncRNA,Gong2021_reproductive_ncRNA,True,True,False,False,False,False
ENSG00000232537,ENSG00000232537,ENSG00000232537,lncRNA,Gong2021_reproductive_ncRNA,True,True,False,False,False,False
ENSG00000232596,ENSG00000232596,LINC01646,lncRNA,Gong2021_reproductive_ncRNA,True,True,False,False,False,False
ENSG00000232638,ENSG00000232638,RP11-379F12.4,lncRNA,Gong2021_placenta_ncRNA;Gong2021_reproductive_ncRNA,True,True,False,False,False,False
ENSG00000232688,ENSG00000232688,LINC01628,lncRNA,Gong2021_reproductive_ncRNA,True,True,False,False,False,False
ENSG00000232729,ENSG00000232729,GTF2I-AS1,lncRNA,Loriot2025_S1,True,True,False,False,False,False
ENSG00000232812,ENSG00000232812,LINC01717,lncRNA,Gong2021_reproductive_ncRNA,True,True,False,False,False,False
ENSG00000232817,ENSG00000232817,ENSG00000232817,lncRNA,Gong2021_reproductive_ncRNA,True,True,False,False,False,False
ENSG00000232896,ENSG00000232896,RP11-410K21.2,lncRNA,Gong2021_placenta_ncRNA;Gong2021_reproductive_ncRNA,True,True,False,False,False,False
ENSG00000232900,ENSG00000232900,ENSG00000232900,lncRNA,Gong2021_reproductive_ncRNA,True,True,False,False,False,False
ENSG00000232948,ENSG00000232948,DEFB130A,protein_coding,daSilva2017_testis_biased,True,True,True,True,False,False
ENSG00000233047,ENSG00000233047,LINC01677,lncRNA,Gong2021_reproductive_ncRNA,True,True,False,False,False,False
ENSG00000233050,ENSG00000233050,DEFB130B,protein_coding,daSilva2017_testis_biased,True,True,True,True,False,False
ENSG00000233056,ENSG00000233056,ERVH48-1,protein_coding,Gong2021_placenta_ncRNA;Gong2021_reproductive_ncRNA;placental_antigen,True,True,True,True,True,True
ENSG00000233079,ENSG00000233079,LINC01755,lncRNA,Gong2021_reproductive_ncRNA,True,True,False,False,False,False
ENSG00000233086,ENSG00000233086,LNCARSR,lncRNA,Gong2021_reproductive_ncRNA,True,True,False,False,False,False
ENSG00000233124,ENSG00000233124,LINC00456,lncRNA,Gong2021_placenta_ncRNA;Gong2021_reproductive_ncRNA,True,True,False,False,False,False
ENSG00000233128,ENSG00000233128,LINC01794,lncRNA,Gong2021_reproductive_ncRNA,True,True,False,False,False,False
ENSG00000233145,ENSG00000233145,ENSG00000233145,lncRNA,Gong2021_reproductive_ncRNA,True,True,False,False,False,False
ENSG00000233179,ENSG00000233179,ENSG00000233179,lncRNA,Gong2021_reproductive_ncRNA,True,True,False,False,False,False
ENSG00000233183,ENSG00000233183,ENSG00000233183,lncRNA,Gong2021_reproductive_ncRNA,True,True,False,False,False,False
ENSG00000233203,ENSG00000233203,DHCR24-DT,lncRNA,Loriot2025_S2,True,True,False,False,False,False
ENSG00000233237,ENSG00000233237,LINC00472,lncRNA,Bruggeman2018_GC,True,True,False,False,False,False
ENSG00000233277,ENSG00000233277,LINC01728,lncRNA,Gong2021_reproductive_ncRNA,True,True,False,False,False,False
ENSG00000233288,ENSG00000233288,ENSG00000233288,lncRNA,Gong2021_reproductive_ncRNA,True,True,False,False,False,False
ENSG00000233321,ENSG00000233321,LINC02669,lncRNA,Gong2021_reproductive_ncRNA,True,True,False,False,False,False
ENSG00000233405,ENSG00000233405,LINC01046,lncRNA,Gong2021_reproductive_ncRNA,True,True,False,False,False,False
ENSG00000233412,ENSG00000233412,OR5H15,protein_coding,daSilva2017_testis_biased,True,True,True,True,True,False
ENSG00000233417,ENSG00000233417,ENSG00000233417,lncRNA,Gong2021_reproductive_ncRNA,True,True,False,False,False,False
ENSG00000233421,ENSG00000233421,LINC01783,lncRNA,Loriot2025_S2,True,True,False,False,False,False
ENSG00000233436,ENSG00000233436,BTBD18,protein_coding,Bruggeman2018_GC;Chang2019_TGCT;Wang2016_CT,True,True,True,True,True,True
ENSG00000233515,ENSG00000233515,LINC01518,lncRNA,Gong2021_reproductive_ncRNA;Loriot2025_S1,True,True,False,False,False,False
ENSG00000233570,ENSG00000233570,LINC00690,lncRNA,Gong2021_reproductive_ncRNA,True,True,False,False,False,False
ENSG00000233587,ENSG00000233587,LINC01884,lncRNA,Gong2021_reproductive_ncRNA,True,True,False,False,False,False
ENSG00000233605,ENSG00000233605,LINC01851,lncRNA,Gong2021_reproductive_ncRNA,True,True,False,False,False,False
ENSG00000233656,ENSG00000233656,ENSG00000233656,lncRNA,Gong2021_reproductive_ncRNA,True,True,False,False,False,False
ENSG00000233689,ENSG00000233689,ENSG00000233689,lncRNA,Gong2021_reproductive_ncRNA,True,True,False,False,False,False
ENSG00000233699,ENSG00000233699,TTTY18,lncRNA,Gong2021_reproductive_ncRNA,True,True,False,False,False,False
ENSG00000233701,ENSG00000233701,PRR23C,protein_coding,Gong2021_reproductive_PC;Wang2016_CT,True,True,True,True,True,False
ENSG00000233746,ENSG00000233746,LINC00656,lncRNA,Gong2021_placenta_ncRNA;Gong2021_reproductive_ncRNA,True,True,False,False,False,False
ENSG00000233802,ENSG00000233802,TRIM49D2,protein_coding,daSilva2017_testis_biased,True,True,True,True,True,False
ENSG00000233803,ENSG00000233803,TSPY4,protein_coding,CTexploreR_CT;CTpedia;Loriot2025_S1;Wang2016_CT;daSilva2017;daSilva2017_testis_biased,True,True,True,True,True,True
ENSG00000233824,ENSG00000233824,ENSG00000233824,lncRNA,Gong2021_reproductive_ncRNA,True,True,False,False,False,False
ENSG00000233828,ENSG00000233828,MIR4280HG,lncRNA,Gong2021_placenta_ncRNA;Gong2021_reproductive_ncRNA,True,True,False,False,False,False
ENSG00000233891,ENSG00000233891,ENSG00000233891,lncRNA,Gong2021_reproductive_ncRNA,True,True,False,False,False,False
ENSG00000233917,ENSG00000233917,POTEB,protein_coding,daSilva2017_testis_biased,True,True,True,True,True,False
ENSG00000233945,ENSG00000233945,LINC02650,lncRNA,Gong2021_reproductive_ncRNA,True,True,False,False,False,False
ENSG00000233973,ENSG00000233973,LINC01360,lncRNA,Gong2021_reproductive_ncRNA,True,True,False,False,False,False
ENSG00000233980,ENSG00000233980,FDPSP2,processed_pseudogene,Jamin2021_CT,True,True,False,False,False,False
ENSG00000233985,ENSG00000233985,LINC01681,lncRNA,Gong2021_reproductive_ncRNA,True,True,False,False,False,False
ENSG00000234052,ENSG00000234052,LINC01673,lncRNA,Gong2021_reproductive_ncRNA,True,True,False,False,False,False
ENSG00000234068,ENSG00000234068,PAGE2,protein_coding,CTexploreR_CT;CTpedia;Carter2023_CT;Chang2019_TGCT;Gong2021_reproductive_PC;Loriot2025_S1;Wang2016_CT;daSilva2017;daSilva2017_CT;daSilva2017_protein;daSilva2017_testis_biased;daSilva2017_tumor_proteomics,True,True,True,True,True,True
ENSG00000234089,ENSG00000234089,ENSG00000234089,lncRNA,Gong2021_reproductive_ncRNA,True,True,False,False,False,False
ENSG00000234148,ENSG00000234148,LINC01961,lncRNA,Gong2021_reproductive_ncRNA,True,True,False,False,False,False
ENSG00000234162,ENSG00000234162,ENSG00000234162,lncRNA,Gong2021_reproductive_ncRNA,True,True,False,False,False,False
ENSG00000234169,ENSG00000234169,LINC01868,lncRNA,Gong2021_reproductive_ncRNA,True,True,False,False,False,False
ENSG00000234170,ENSG00000234170,LINC02645,lncRNA,Gong2021_reproductive_ncRNA,True,True,False,False,False,False
ENSG00000234186,ENSG00000234186,C16orf82,protein_coding,Gong2021_reproductive_PC;daSilva2017_CT;daSilva2017_testis_biased,True,True,True,True,True,True
ENSG00000234199,ENSG00000234199,LINC01191,lncRNA,Gong2021_reproductive_ncRNA;Loriot2025_S2,True,True,False,False,False,False
ENSG00000234215,ENSG00000234215,CT66,lncRNA,Gong2021_reproductive_ncRNA,True,True,False,False,False,False
ENSG00000234255,ENSG00000234255,ENSG00000234255,lncRNA,Gong2021_reproductive_ncRNA,True,True,False,False,False,False
ENSG00000234265,ENSG00000234265,LINC01723,lncRNA,Gong2021_reproductive_ncRNA,True,True,False,False,False,False
ENSG00000234278,ENSG00000234278,PRR20E,protein_coding,daSilva2017_testis_biased,True,True,True,True,True,False
ENSG00000234284,ENSG00000234284,ZNF879,protein_coding,Bruggeman2018_GC,True,True,True,True,False,False
ENSG00000234289,ENSG00000234289,H2BC12L,protein_coding,Gong2021_placenta_PC;Gong2021_reproductive_PC,True,True,True,False,False,False
ENSG00000234300,ENSG00000234300,LINC00229,lncRNA,Gong2021_reproductive_ncRNA,True,True,False,False,False,False
ENSG00000234308,ENSG00000234308,LINC01878,lncRNA,Gong2021_reproductive_ncRNA,True,True,False,False,False,False
ENSG00000234394,ENSG00000234394,LINC03025,lncRNA,Gong2021_reproductive_ncRNA,True,True,False,False,False,False
ENSG00000234409,ENSG00000234409,CCDC188,protein_coding,Chang2019_TGCT,True,True,True,True,False,False
ENSG00000234414,ENSG00000234414,RBMY1A1,protein_coding,CTexploreR_CT;Loriot2025_S1;Wang2016_CT;daSilva2017;daSilva2017_protein;daSilva2017_testis_biased;daSilva2017_tumor_proteomics,True,True,True,True,True,True
ENSG00000234464,ENSG00000234464,ENSG00000234464,lncRNA,Gong2021_reproductive_ncRNA,True,True,False,False,False,False
ENSG00000234469,ENSG00000234469,CLDN34,protein_coding,Chang2019_TGCT,True,True,True,True,True,True
ENSG00000234474,ENSG00000234474,MIR3663HG,lncRNA,Gong2021_reproductive_ncRNA,True,True,False,False,False,False
ENSG00000234511,ENSG00000234511,C5orf58,protein_coding,Chang2019_TGCT;Gong2021_reproductive_PC;Wang2016_CT;daSilva2017_CT;daSilva2017_testis_biased,True,True,True,True,False,False
ENSG00000234519,ENSG00000234519,ENSG00000234519,lncRNA,Gong2021_reproductive_ncRNA,True,True,False,False,False,False
ENSG00000234548,ENSG00000234548,LINC02020,lncRNA,Gong2021_reproductive_ncRNA,True,True,False,False,False,False
ENSG00000234551,ENSG00000234551,LINC01309,lncRNA,Gong2021_reproductive_ncRNA,True,True,False,False,False,False
ENSG00000234593,ENSG00000234593,KAZN-AS1,lncRNA,Loriot2025_S1,True,True,False,False,False,False
ENSG00000234634,ENSG00000234634,LINC02093,lncRNA,Gong2021_reproductive_ncRNA,True,True,False,False,False,False
ENSG00000234640,ENSG00000234640,ENSG00000234640,lncRNA,Gong2021_reproductive_ncRNA,True,True,False,False,False,False
ENSG00000234675,ENSG00000234675,ENSG00000234675,lncRNA,Gong2021_reproductive_ncRNA,True,True,False,False,False,False
ENSG00000234707,ENSG00000234707,SEC61G-DT,lncRNA,Loriot2025_S1,True,True,False,False,False,False
ENSG00000234710,ENSG00000234710,ENSG00000234710,lncRNA,Gong2021_reproductive_ncRNA,True,True,False,False,False,False
ENSG00000234721,ENSG00000234721,LINC02092,lncRNA,Gong2021_reproductive_ncRNA,True,True,False,False,False,False
ENSG00000234766,ENSG00000234766,LINC01496,lncRNA,Gong2021_reproductive_ncRNA,True,True,False,False,False,False
ENSG00000234767,ENSG00000234767,LINC01052,lncRNA,Gong2021_reproductive_ncRNA,True,True,False,False,False,False
ENSG00000234776,ENSG00000234776,FREY1,protein_coding,Chang2019_TGCT;Gong2021_reproductive_PC;daSilva2017_testis_biased,True,True,True,True,True,True
ENSG00000234828,ENSG00000234828,IQCM,protein_coding,Gong2021_reproductive_PC,True,True,True,True,True,False
ENSG00000234860,ENSG00000234860,ENSG00000234860,lncRNA,Gong2021_reproductive_ncRNA,True,True,False,False,False,False
ENSG00000234952,ENSG00000234952,LINC02674,lncRNA,Gong2021_reproductive_ncRNA,True,True,False,False,False,False
ENSG00000234962,ENSG00000234962,LINC00700,lncRNA,Gong2021_reproductive_ncRNA,True,True,False,False,False,False
ENSG00000234967,ENSG00000234967,ENSG00000234967,lncRNA,Gong2021_reproductive_ncRNA,True,True,False,False,False,False
ENSG00000234973,ENSG00000234973,LINC02658,lncRNA,Gong2021_reproductive_ncRNA,True,True,False,False,False,False
ENSG00000234977,ENSG00000234977,ENSG00000234977,lncRNA,Gong2021_reproductive_ncRNA,True,True,False,False,False,False
ENSG00000234988,ENSG00000234988,LINC01849,lncRNA,Gong2021_reproductive_ncRNA,True,True,False,False,False,False
ENSG00000235009,ENSG00000235009,LINC01883,lncRNA,Gong2021_reproductive_ncRNA,True,True,False,False,False,False
ENSG00000235054,ENSG00000235054,LINC01777,lncRNA,Gong2021_reproductive_ncRNA,True,True,False,False,False,False
ENSG00000235146,ENSG00000235146,RP5-857K21.2,lncRNA,Gong2021_placenta_ncRNA;Gong2021_reproductive_ncRNA,True,True,False,False,False,False
ENSG00000235149,ENSG00000235149,ENSG00000235149,lncRNA,Gong2021_reproductive_ncRNA,True,True,False,False,False,False
ENSG00000235156,ENSG00000235156,TMEM30CP,transcribed_unitary_pseudogene,Chang2019_TGCT,True,True,False,False,False,False
ENSG00000235166,ENSG00000235166,LINC01440,lncRNA,Gong2021_reproductive_ncRNA,True,True,False,False,False,False
ENSG00000235202,ENSG00000235202,LINC01525,lncRNA,Gong2021_reproductive_ncRNA,True,True,False,False,False,False
ENSG00000235281,ENSG00000235281,ENSG00000235281,lncRNA,Gong2021_reproductive_ncRNA,True,True,False,False,False,False
ENSG00000235293,ENSG00000235293,ENSG00000235293,lncRNA,Gong2021_reproductive_ncRNA,True,True,False,False,False,False
ENSG00000235343,ENSG00000235343,LINC01665,lncRNA,Gong2021_reproductive_ncRNA,True,True,False,False,False,False
ENSG00000235358,ENSG00000235358,SCMH1-DT,lncRNA,Gong2021_reproductive_ncRNA,True,True,False,False,False,False
ENSG00000235415,ENSG00000235415,ENSG00000235415,lncRNA,Gong2021_reproductive_ncRNA,True,True,False,False,False,False
ENSG00000235446,ENSG00000235446,LINC02791,lncRNA,Gong2021_reproductive_ncRNA,True,True,False,False,False,False
ENSG00000235461,ENSG00000235461,ENSG00000235461,lncRNA,Gong2021_reproductive_ncRNA,True,True,False,False,False,False
ENSG00000235478,ENSG00000235478,LINC01664,lncRNA,Chang2019_TGCT,True,True,False,False,False,False
ENSG00000235518,ENSG00000235518,ENSG00000235518,lncRNA,Gong2021_reproductive_ncRNA,True,True,False,False,False,False
ENSG00000235519,ENSG00000235519,LINC01815,lncRNA,Gong2021_reproductive_ncRNA,True,True,False,False,False,False
ENSG00000235537,ENSG00000235537,ENSG00000235537,lncRNA,Gong2021_reproductive_ncRNA,True,True,False,False,False,False
ENSG00000235538,ENSG00000235538,ENSG00000235538,lncRNA,Gong2021_reproductive_ncRNA,True,True,False,False,False,False
ENSG00000235570,ENSG00000235570,LINC00533,lncRNA,Gong2021_reproductive_ncRNA,True,True,False,False,False,False
ENSG00000235608,ENSG00000235608,NKX1-1,protein_coding,daSilva2017_testis_biased,True,True,True,True,True,False
ENSG00000235631,ENSG00000235631,RNF148,protein_coding,CTexploreR_CTP;Chang2019_TGCT;Gong2021_reproductive_PC;Loriot2025_S2;Wang2016_CT;daSilva2017;daSilva2017_CT;daSilva2017_testis_biased,True,True,True,True,True,True
ENSG00000235643,ENSG00000235643,LINC01647,lncRNA,Gong2021_reproductive_ncRNA,True,True,False,False,False,False
ENSG00000235661,ENSG00000235661,MIR670HG,lncRNA,Gong2021_reproductive_ncRNA,True,True,False,False,False,False
ENSG00000235699,ENSG00000235699,CXorf51B,protein_coding,CTexploreR_CT;Loriot2025_S1;daSilva2017;daSilva2017_testis_biased,True,True,True,True,True,True
ENSG00000235743,ENSG00000235743,ENSG00000235743,lncRNA,Gong2021_reproductive_ncRNA,True,True,False,False,False,False
ENSG00000235779,ENSG00000235779,ENSG00000235779,lncRNA,Gong2021_reproductive_ncRNA,True,True,False,False,False,False
ENSG00000235819,ENSG00000235819,ENSG00000235819,lncRNA,Gong2021_reproductive_ncRNA,True,True,False,False,False,False
ENSG00000235824,ENSG00000235824,LINC00837,lncRNA,Gong2021_reproductive_ncRNA,True,True,False,False,False,False
ENSG00000235881,ENSG00000235881,ENSG00000235881,lncRNA,Gong2021_reproductive_ncRNA,True,True,False,False,False,False
ENSG00000235911,ENSG00000235911,ENSG00000235911,lncRNA,Gong2021_reproductive_ncRNA,True,True,False,False,False,False
ENSG00000235931,ENSG00000235931,LINC01553,lncRNA,Chang2019_TGCT;Gong2021_reproductive_ncRNA,True,True,False,False,False,False
ENSG00000235944,ENSG00000235944,ZNF815P,transcribed_unprocessed_pseudogene,Bruggeman2018_GC,True,True,False,False,False,False
ENSG00000235989,ENSG00000235989,MORC2-AS1,lncRNA,Loriot2025_S2,True,True,False,False,False,False
ENSG00000236027,ENSG00000236027,PATE3,protein_coding,Wang2016_CT;daSilva2017_CT;daSilva2017_testis_biased,True,True,True,True,False,False
ENSG00000236032,ENSG00000236032,OR5H14,protein_coding,daSilva2017_testis_biased,True,True,True,True,True,False
ENSG00000236036,ENSG00000236036,LINC00445,lncRNA,Gong2021_reproductive_ncRNA,True,True,False,False,False,False
ENSG00000236052,ENSG00000236052,LINC01643,lncRNA,Gong2021_reproductive_ncRNA,True,True,False,False,False,False
ENSG00000236076,ENSG00000236076,LINC01072,lncRNA,Gong2021_reproductive_ncRNA,True,True,False,False,False,False
ENSG00000236102,ENSG00000236102,ENSG00000236102,lncRNA,Gong2021_reproductive_ncRNA,True,True,False,False,False,False
ENSG00000236126,ENSG00000236126,CT47A3,protein_coding,CTpedia;daSilva2017;daSilva2017_testis_biased,True,True,True,True,True,True
ENSG00000236133,ENSG00000236133,LINC01069,lncRNA,Gong2021_reproductive_ncRNA,True,True,False,False,False,False
ENSG00000236141,ENSG00000236141,ENSG00000236141,lncRNA,Gong2021_reproductive_ncRNA,True,True,False,False,False,False
ENSG00000236172,ENSG00000236172,MIR7515HG,lncRNA,Gong2021_reproductive_ncRNA,True,True,False,False,False,False
ENSG00000236295,ENSG00000236295,ENSG00000236295,lncRNA,Gong2021_reproductive_ncRNA,True,True,False,False,False,False
ENSG00000236299,ENSG00000236299,ENSG00000236299,lncRNA,Gong2021_reproductive_ncRNA,True,True,False,False,False,False
ENSG00000236306,ENSG00000236306,LINC01241,lncRNA,Gong2021_reproductive_ncRNA,True,True,False,False,False,False
ENSG00000236311,ENSG00000236311,TLX1NB,lncRNA,Wang2016_CT,True,True,False,False,False,False
ENSG00000236335,ENSG00000236335,ENSG00000236335,lncRNA,Gong2021_reproductive_ncRNA,True,True,False,False,False,False
ENSG00000236347,ENSG00000236347,RP11-346D19.1,lncRNA,Gong2021_placenta_ncRNA;Gong2021_reproductive_ncRNA,True,True,False,False,False,False
ENSG00000236355,ENSG00000236355,DNAH8-DT,lncRNA,Gong2021_reproductive_ncRNA,True,True,False,False,False,False
ENSG00000236362,ENSG00000236362,GAGE12F,protein_coding,CTexploreR_CTP;Jamin2021_CT;Jamin2021_core;Loriot2025_S2;daSilva2017;daSilva2017_protein;daSilva2017_testis_biased;daSilva2017_tumor_proteomics,True,True,True,True,True,True
ENSG00000236371,ENSG00000236371,CT47A1,protein_coding,CTexploreR_CT;CTpedia;Loriot2025_S1;Wang2016_CT;daSilva2017;daSilva2017_testis_biased,True,True,True,True,True,True
ENSG00000236387,ENSG00000236387,ENSG00000236387,lncRNA,Gong2021_reproductive_ncRNA,True,True,False,False,False,False
ENSG00000236396,ENSG00000236396,SLC35G4,protein_coding,daSilva2017_testis_biased,True,True,True,True,True,False
ENSG00000236414,ENSG00000236414,ENSG00000236414,lncRNA,Gong2021_reproductive_ncRNA,True,True,False,False,False,False
ENSG00000236423,ENSG00000236423,LINC01134,lncRNA,Loriot2025_S2,True,True,False,False,False,False
ENSG00000236424,ENSG00000236424,TSPY10,protein_coding,CTpedia;Gong2021_reproductive_PC;daSilva2017;daSilva2017_testis_biased,True,True,True,True,True,True
ENSG00000236446,ENSG00000236446,CT47B1,protein_coding,CTpedia;Chang2019_TGCT;Gong2021_reproductive_PC;Wang2016_CT;daSilva2017;daSilva2017_testis_biased,True,True,True,True,True,True
ENSG00000236497,ENSG00000236497,LINC01744,lncRNA,Gong2021_reproductive_ncRNA,True,True,False,False,False,False
ENSG00000236507,ENSG00000236507,RP5-1050E16.1,lncRNA,Gong2021_placenta_ncRNA;Gong2021_reproductive_ncRNA,True,True,False,False,False,False
ENSG00000236635,ENSG00000236635,LINC02540,lncRNA,Gong2021_reproductive_ncRNA,True,True,False,False,False,False
ENSG00000236648,ENSG00000236648,LINC02810,lncRNA,Gong2021_reproductive_ncRNA,True,True,False,False,False,False
ENSG00000236651,ENSG00000236651,DLX2-DT,lncRNA,Gong2021_reproductive_ncRNA,True,True,False,False,False,False
ENSG00000236678,ENSG00000236678,LINC00347,lncRNA,Gong2021_reproductive_ncRNA,True,True,False,False,False,False
ENSG00000236687,ENSG00000236687,ENSG00000236687,lncRNA,Gong2021_reproductive_ncRNA,True,True,False,False,False,False
ENSG00000236737,ENSG00000236737,GAGE12B,protein_coding,Jamin2021_CT;Jamin2021_core,True,True,True,True,False,False
ENSG00000236761,ENSG00000236761,CTAGE9,protein_coding,CTpedia;Carter2023_CT;Gong2021_reproductive_PC;daSilva2017;daSilva2017_CT;daSilva2017_testis_biased,True,True,True,True,True,True
ENSG00000236769,ENSG00000236769,LINC02659,lncRNA,Gong2021_reproductive_ncRNA,True,True,False,False,False,False
ENSG00000236827,ENSG00000236827,LINC00529,lncRNA,Gong2021_reproductive_ncRNA,True,True,False,False,False,False
ENSG00000236834,ENSG00000236834,LINC00421,lncRNA,Gong2021_reproductive_ncRNA,True,True,False,False,False,False
ENSG00000236950,ENSG00000236950,LINC01774,lncRNA,Gong2021_reproductive_ncRNA,True,True,False,False,False,False
ENSG00000236980,ENSG00000236980,CIMIP7,protein_coding,Chang2019_TGCT;Gong2021_reproductive_PC;daSilva2017_CT;daSilva2017_testis_biased,True,True,True,True,True,True
ENSG00000237048,ENSG00000237048,TTTY12,lncRNA,Gong2021_reproductive_ncRNA,True,True,False,False,False,False
ENSG00000237057,ENSG00000237057,LINC02087,lncRNA,Gong2021_reproductive_ncRNA,True,True,False,False,False,False
ENSG00000237062,ENSG00000237062,ENSG00000237062,lncRNA,Gong2021_reproductive_ncRNA,True,True,False,False,False,False
ENSG00000237092,ENSG00000237092,LINC01065,lncRNA,Gong2021_reproductive_ncRNA,True,True,False,False,False,False
ENSG00000237136,ENSG00000237136,C4orf51,protein_coding,Chang2019_TGCT;Gong2021_reproductive_PC;Wang2016_CT;daSilva2017_CT;daSilva2017_testis_biased,True,True,True,True,True,True
ENSG00000237232,ENSG00000237232,ZNF295-AS1,lncRNA,Gong2021_reproductive_ncRNA;Loriot2025_S2,True,True,False,False,False,False
ENSG00000237247,ENSG00000237247,MBD3L5,protein_coding,Wang2016_CT;daSilva2017_testis_biased,True,True,True,True,True,False
ENSG00000237312,ENSG00000237312,ENSG00000237312,lncRNA,Gong2021_reproductive_ncRNA,True,True,False,False,False,False
ENSG00000237401,ENSG00000237401,LINC01304,lncRNA,Gong2021_reproductive_ncRNA,True,True,False,False,False,False
ENSG00000237435,ENSG00000237435,LINC02790,lncRNA,Chang2019_TGCT;Gong2021_reproductive_ncRNA,True,True,False,False,False,False
ENSG00000237452,ENSG00000237452,MEIOSIN,protein_coding,Chang2019_TGCT;Gong2021_reproductive_PC;daSilva2017_testis_biased,True,True,True,True,True,True
ENSG00000237460,ENSG00000237460,LINC01661,lncRNA,Gong2021_reproductive_ncRNA,True,True,False,False,False,False
ENSG00000237463,ENSG00000237463,LRRC52-AS1,lncRNA,Loriot2025_S1,True,True,False,False,False,False
ENSG00000237468,ENSG00000237468,ADGB-DT,lncRNA,Gong2021_reproductive_ncRNA,True,True,False,False,False,False
ENSG00000237521,ENSG00000237521,OR7E24,protein_coding,Chang2019_TGCT;Gong2021_reproductive_PC;Wang2016_CT;daSilva2017_CT;daSilva2017_testis_biased,True,True,True,True,True,True
ENSG00000237524,ENSG00000237524,TEX51,protein_coding,Chang2019_TGCT;Gong2021_reproductive_PC,True,True,True,True,True,True
ENSG00000237626,ENSG00000237626,ENSG00000237626,lncRNA,Gong2021_reproductive_ncRNA,True,True,False,False,False,False
ENSG00000237671,ENSG00000237671,GAGE12C,protein_coding,CTexploreR_CTP;Jamin2021_CT;Jamin2021_core;Loriot2025_S2;daSilva2017;daSilva2017_testis_biased,True,True,True,True,True,True
ENSG00000237716,ENSG00000237716,ENSG00000237716,lncRNA,Gong2021_reproductive_ncRNA,True,True,False,False,False,False
ENSG00000237748,ENSG00000237748,UQCRBP1,transcribed_processed_pseudogene,Bruggeman2018_GC,True,True,False,False,False,False
ENSG00000237787,ENSG00000237787,LINC02877,lncRNA,daSilva2017_CT;daSilva2017_testis_biased,True,True,False,False,False,False
ENSG00000237853,ENSG00000237853,NFIA-AS1,lncRNA,Loriot2025_S1,True,True,False,False,False,False
ENSG00000237874,ENSG00000237874,ENSG00000237874,lncRNA,Gong2021_reproductive_ncRNA,True,True,False,False,False,False
ENSG00000237896,ENSG00000237896,ENSG00000237896,lncRNA,Gong2021_reproductive_ncRNA,True,True,False,False,False,False
ENSG00000237937,ENSG00000237937,LINC02702,lncRNA,Gong2021_reproductive_ncRNA,True,True,False,False,False,False
ENSG00000237947,ENSG00000237947,ENSG00000237947,lncRNA,Gong2021_reproductive_ncRNA,True,True,False,False,False,False
ENSG00000237957,ENSG00000237957,CT47A5,protein_coding,CTpedia;daSilva2017;daSilva2017_testis_biased,True,True,True,True,True,True
ENSG00000237992,ENSG00000237992,LINC01808,lncRNA,Gong2021_reproductive_ncRNA,True,True,False,False,False,False
ENSG00000238012,ENSG00000238012,ENSG00000238012,lncRNA,Gong2021_reproductive_ncRNA,True,True,False,False,False,False
ENSG00000238062,ENSG00000238062,SPATA3-AS1,lncRNA,Gong2021_reproductive_ncRNA,True,True,False,False,False,False
ENSG00000238063,ENSG00000238063,LINC01685,lncRNA,Gong2021_reproductive_ncRNA,True,True,False,False,False,False
ENSG00000238074,ENSG00000238074,TSPY9,protein_coding,CTexploreR_CT;CTpedia;Loriot2025_S1,True,True,True,True,False,False
ENSG00000238083,ENSG00000238083,LRRC37A2,protein_coding,Bruggeman2018_GC,True,True,True,True,True,True
ENSG00000238097,ENSG00000238097,LINC02037,lncRNA,Gong2021_placenta_ncRNA;Gong2021_reproductive_ncRNA,True,True,False,False,False,False
ENSG00000238131,ENSG00000238131,LINC02854,lncRNA,Gong2021_reproductive_ncRNA,True,True,False,False,False,False
ENSG00000238176,ENSG00000238176,ENSG00000238176,lncRNA,Gong2021_reproductive_ncRNA,True,True,False,False,False,False
ENSG00000238205,ENSG00000238205,MPC1L,protein_coding,Gong2021_reproductive_PC;daSilva2017_testis_biased,True,True,True,True,True,False
ENSG00000238212,ENSG00000238212,LINC02096,lncRNA,Gong2021_reproductive_ncRNA,True,True,False,False,False,False
ENSG00000238269,ENSG00000238269,PAGE2B,protein_coding,CTexploreR_CTP;CTpedia;Chang2019_TGCT;Gong2021_reproductive_PC;Loriot2025_S2;Wang2016_CT;daSilva2017;daSilva2017_CT;daSilva2017_protein;daSilva2017_testis_biased;daSilva2017_tumor_proteomics,True,True,True,True,True,True
ENSG00000239306,ENSG00000239306,RBM14,protein_coding,Jamin2021_CT,True,True,True,True,False,False
ENSG00000239311,ENSG00000239311,ENSG00000239311,lncRNA,Gong2021_reproductive_ncRNA,True,True,False,False,False,False
ENSG00000239377,ENSG00000239377,ZNF775-AS1,lncRNA,Loriot2025_S2,True,True,False,False,False,False
ENSG00000239388,ENSG00000239388,ASB14,protein_coding,Bruggeman2018_GC,True,True,True,True,False,False
ENSG00000239389,ENSG00000239389,PCDHA13,protein_coding,daSilva2017_CT;daSilva2017_protein;daSilva2017_testis_biased;daSilva2017_tumor_proteomics,True,True,True,True,False,False
ENSG00000239513,ENSG00000239513,LINC01210,lncRNA,Gong2021_reproductive_ncRNA,True,True,False,False,False,False
ENSG00000239589,ENSG00000239589,LINC00879,lncRNA,Gong2021_reproductive_ncRNA,True,True,False,False,False,False
ENSG00000239590,ENSG00000239590,OR1J4,protein_coding,daSilva2017_CT;daSilva2017_testis_biased,True,True,True,True,True,False
ENSG00000239605,ENSG00000239605,STPG4,protein_coding,Chang2019_TGCT;Wang2016_CT;daSilva2017_CT;daSilva2017_testis_biased,True,True,True,True,True,True
ENSG00000239620,ENSG00000239620,PRR20G,protein_coding,Carter2023_CT,True,True,True,True,True,True
ENSG00000239628,ENSG00000239628,ENSG00000239628,lncRNA,Gong2021_reproductive_ncRNA,True,True,False,False,False,False
ENSG00000239704,ENSG00000239704,CDRT4,protein_coding,Bruggeman2018_GC,True,True,True,True,False,False
ENSG00000239767,ENSG00000239767,ENSG00000239767,lncRNA,Gong2021_reproductive_ncRNA,True,True,False,False,False,False
ENSG00000239789,ENSG00000239789,MRPS17,protein_coding,Bruggeman2018_GC,True,True,True,True,False,False
ENSG00000239810,ENSG00000239810,PRAMEF11,protein_coding,daSilva2017_CT;daSilva2017_testis_biased,True,True,True,True,True,False
ENSG00000239886,ENSG00000239886,KRTAP9-2,protein_coding,daSilva2017_CT;daSilva2017_protein;daSilva2017_testis_biased;daSilva2017_tumor_proteomics,True,True,True,True,False,False
ENSG00000239887,ENSG00000239887,C1orf226,protein_coding,Bruggeman2018_GC,True,True,True,True,False,False
ENSG00000239921,ENSG00000239921,LINC01471,lncRNA,Gong2021_reproductive_ncRNA,True,True,False,False,False,False
ENSG00000240021,ENSG00000240021,TEX35,protein_coding,CTpedia;Chang2019_TGCT;Gong2021_reproductive_PC;Wang2016_CT;daSilva2017;daSilva2017_CT;daSilva2017_testis_biased,True,True,True,True,True,True
ENSG00000240152,ENSG00000240152,LINC02271,lncRNA,Gong2021_reproductive_ncRNA,True,True,False,False,False,False
ENSG00000240204,ENSG00000240204,SMKR1,protein_coding,Chang2019_TGCT;Gong2021_reproductive_PC,True,True,True,True,False,False
ENSG00000240303,ENSG00000240303,ACAD11,protein_coding,Bruggeman2018_GC,True,True,True,True,False,False
ENSG00000240445,ENSG00000240445,FOXO3B,protein_coding,Bruggeman2018_GC,True,True,True,True,False,False
ENSG00000240562,ENSG00000240562,LINC01472,lncRNA,Gong2021_reproductive_ncRNA,True,True,False,False,False,False
ENSG00000240563,ENSG00000240563,L1TD1,protein_coding,Bruggeman2018_GC;Chang2019_TGCT;Jamin2021_CT;Wang2016_CT,True,True,True,True,False,False
ENSG00000240682,ENSG00000240682,ISY1,protein_coding,Bruggeman2018_GC,True,True,True,True,False,False
ENSG00000240720,ENSG00000240720,LRRD1,protein_coding,Gong2021_reproductive_PC;daSilva2017_CT;daSilva2017_testis_biased,True,True,True,True,True,True
ENSG00000240747,ENSG00000240747,KRBOX1,protein_coding,Chang2019_TGCT,True,True,True,True,False,False
ENSG00000240777,ENSG00000240777,ENSG00000240777,lncRNA,Gong2021_reproductive_ncRNA,True,True,False,False,False,False
ENSG00000240973,ENSG00000240973,ENSG00000240973,lncRNA,Gong2021_reproductive_ncRNA,True,True,False,False,False,False
ENSG00000241128,ENSG00000241128,OR14A2,protein_coding,Gong2021_reproductive_PC,True,True,True,True,True,False
ENSG00000241131,ENSG00000241131,LINC02032,lncRNA,Gong2021_reproductive_ncRNA,True,True,False,False,False,False
ENSG00000241149,ENSG00000241149,ZNF722,protein_coding,CTexploreR_CT;Gong2021_reproductive_PC;Loriot2025_S1,True,True,True,True,True,True
ENSG00000241213,ENSG00000241213,LINC02024,lncRNA,Gong2021_reproductive_ncRNA,True,True,False,False,False,False
ENSG00000241233,ENSG00000241233,KRTAP5-8,protein_coding,Bruggeman2018_GC,True,True,True,True,False,False
ENSG00000241258,ENSG00000241258,CRCP,protein_coding,Bruggeman2018_GC,True,True,True,True,False,False
ENSG00000241336,ENSG00000241336,LINC01487,lncRNA,Gong2021_reproductive_ncRNA,True,True,False,False,False,False
ENSG00000241369,ENSG00000241369,LINC01192,lncRNA,Gong2021_reproductive_ncRNA,True,True,False,False,False,False
ENSG00000241383,ENSG00000241383,LINC01997,lncRNA,Gong2021_reproductive_ncRNA,True,True,False,False,False,False
ENSG00000241449,ENSG00000241449,ENSG00000241449,lncRNA,Gong2021_reproductive_ncRNA,True,True,False,False,False,False
ENSG00000241469,ENSG00000241469,LINC00635,lncRNA,Gong2021_reproductive_ncRNA,True,True,False,False,False,False
ENSG00000241476,ENSG00000241476,SSX2,protein_coding,CTexploreR_CT;CTpedia;Chang2019_TGCT;Jamin2021_CT;Jamin2021_core;Loriot2025_S1;Seager2024_CTA;Wang2016_CT;daSilva2017;daSilva2017_CT;daSilva2017_protein;daSilva2017_testis_biased;daSilva2017_tumor_proteomics,True,True,True,True,True,True
ENSG00000241549,ENSG00000241549,GUSBP2,transcribed_unprocessed_pseudogene,Bruggeman2018_GC,True,True,False,False,False,False
ENSG00000241696,ENSG00000241696,LINC02053,lncRNA,Gong2021_reproductive_ncRNA;Jamin2021_CT,True,True,False,False,False,False
ENSG00000241754,ENSG00000241754,ENSG00000241754,lncRNA,Gong2021_reproductive_ncRNA,True,True,False,False,False,False
ENSG00000242009,ENSG00000242009,ENSG00000242009,lncRNA,Gong2021_reproductive_ncRNA,True,True,False,False,False,False
ENSG00000242012,ENSG00000242012,ENSG00000242012,lncRNA,Gong2021_reproductive_ncRNA,True,True,False,False,False,False
ENSG00000242029,ENSG00000242029,RP11-457K10.1,lncRNA,Gong2021_placenta_ncRNA;Gong2021_reproductive_ncRNA,True,True,False,False,False,False
ENSG00000242042,ENSG00000242042,LINC01743,lncRNA,Gong2021_reproductive_ncRNA,True,True,False,False,False,False
ENSG00000242145,ENSG00000242145,ENSG00000242145,lncRNA,Gong2021_reproductive_ncRNA,True,True,False,False,False,False
ENSG00000242220,ENSG00000242220,TCP10L,protein_coding,Chang2019_TGCT;Gong2021_reproductive_PC;Wang2016_CT,True,True,True,True,False,False
ENSG00000242221,ENSG00000242221,PSG2,protein_coding,Gong2021_placenta_PC;Gong2021_reproductive_PC;placental_antigen,True,True,True,True,True,True
ENSG00000242242,ENSG00000242242,NECTIN3-AS1,lncRNA,Loriot2025_S2,True,True,False,False,False,False
ENSG00000242339,ENSG00000242339,LINC02025,lncRNA,Gong2021_reproductive_ncRNA,True,True,False,False,False,False
ENSG00000242362,ENSG00000242362,CT47A2,protein_coding,CTpedia;Wang2016_CT;daSilva2017;daSilva2017_testis_biased,True,True,True,True,True,True
ENSG00000242389,ENSG00000242389,RBMY1E,protein_coding,CTexploreR_CT;Loriot2025_S1;Wang2016_CT;daSilva2017;daSilva2017_protein;daSilva2017_testis_biased;daSilva2017_tumor_proteomics,True,True,True,True,True,True
ENSG00000242440,ENSG00000242440,LINC02046,lncRNA,Gong2021_reproductive_ncRNA,True,True,False,False,False,False
ENSG00000242441,ENSG00000242441,GTF2A1L,protein_coding,daSilva2017_CT;daSilva2017_testis_biased,True,True,True,True,False,False
ENSG00000242512,ENSG00000242512,LINC01206,lncRNA,Gong2021_reproductive_ncRNA;Loriot2025_S1,True,True,False,False,False,False
ENSG00000242520,ENSG00000242520,MAGEA5P,transcribed_unprocessed_pseudogene,Jamin2021_CT,True,True,False,False,False,False
ENSG00000242715,ENSG00000242715,CCDC169,protein_coding,Chang2019_TGCT;Loriot2025_S2;Wang2016_CT,True,True,True,True,False,False
ENSG00000242775,ENSG00000242775,ENSG00000242775,lncRNA,Gong2021_reproductive_ncRNA,True,True,False,False,False,False
ENSG00000242816,ENSG00000242816,ENSG00000242816,lncRNA,Gong2021_reproductive_ncRNA,True,True,False,False,False,False
ENSG00000242852,ENSG00000242852,ZNF709,protein_coding,Bruggeman2018_GC,True,True,True,True,False,False
ENSG00000242875,ENSG00000242875,RBMY1B,protein_coding,CTexploreR_CT;Loriot2025_S1;Wang2016_CT;daSilva2017;daSilva2017_protein;daSilva2017_testis_biased;daSilva2017_tumor_proteomics,True,True,True,True,True,True
ENSG00000242950,ENSG00000242950,ERVW-1,protein_coding,Gong2021_placenta_PC;Gong2021_reproductive_PC;Jamin2021_CT;Loriot2025_S2;placental_antigen,True,True,True,True,False,False
ENSG00000243062,ENSG00000243062,ENSG00000243062,lncRNA,Gong2021_reproductive_ncRNA,True,True,False,False,False,False
ENSG00000243073,ENSG00000243073,PRAMEF4,protein_coding,daSilva2017_CT;daSilva2017_testis_biased,True,True,True,True,True,False
ENSG00000243130,ENSG00000243130,PSG11,protein_coding,CTpedia;Gong2021_placenta_PC;Gong2021_reproductive_PC;daSilva2017;daSilva2017_CT;daSilva2017_testis_biased,True,True,True,True,True,True
ENSG00000243137,ENSG00000243137,PSG4,protein_coding,Gong2021_placenta_PC;Gong2021_reproductive_PC;placental_antigen,True,True,True,True,False,False
ENSG00000243149,ENSG00000243149,LINC02040,lncRNA,Gong2021_reproductive_ncRNA,True,True,False,False,False,False
ENSG00000243295,ENSG00000243295,CFAP20DC-DT,lncRNA,Gong2021_reproductive_ncRNA,True,True,False,False,False,False
ENSG00000243345,ENSG00000243345,ENSG00000243345,lncRNA,Gong2021_reproductive_ncRNA,True,True,False,False,False,False
ENSG00000243347,ENSG00000243347,LINC02045,lncRNA,Gong2021_reproductive_ncRNA,True,True,False,False,False,False
ENSG00000243543,ENSG00000243543,WFDC6,protein_coding,Chang2019_TGCT;Gong2021_reproductive_PC;Wang2016_CT;daSilva2017_CT;daSilva2017_testis_biased,True,True,True,True,False,False
ENSG00000243574,ENSG00000243574,ENSG00000243574,lncRNA,Gong2021_reproductive_ncRNA,True,True,False,False,False,False
ENSG00000243593,ENSG00000243593,LINC02049,lncRNA,Gong2021_reproductive_ncRNA,True,True,False,False,False,False
ENSG00000243636,ENSG00000243636,ENSG00000243636,lncRNA,Gong2021_reproductive_ncRNA,True,True,False,False,False,False
ENSG00000243667,ENSG00000243667,DNAAF10,protein_coding,Bruggeman2018_GC,True,True,True,True,False,False
ENSG00000243710,ENSG00000243710,CFAP57,protein_coding,Chang2019_TGCT;Wang2016_CT,True,True,True,True,False,False
ENSG00000243729,ENSG00000243729,OR5V1,protein_coding,daSilva2017_testis_biased,True,True,True,True,True,False
ENSG00000243733,ENSG00000243733,ENSG00000243733,lncRNA,Gong2021_reproductive_ncRNA,True,True,False,False,False,False
ENSG00000243978,ENSG00000243978,RTL9,protein_coding,Chang2019_TGCT;Wang2016_CT,True,True,True,True,True,True
ENSG00000244057,ENSG00000244057,LCE3C,protein_coding,daSilva2017_CT;daSilva2017_testis_biased,True,True,True,True,False,False
ENSG00000244219,ENSG00000244219,TMEM225B,protein_coding,daSilva2017_testis_biased,True,True,True,True,False,False
ENSG00000244234,ENSG00000244234,GMCL2,protein_coding,Jamin2021_CT,True,True,True,True,False,False
ENSG00000244310,ENSG00000244310,ENSG00000244310,lncRNA,Gong2021_reproductive_ncRNA,True,True,False,False,False,False
ENSG00000244395,ENSG00000244395,RBMY1D,protein_coding,daSilva2017_protein;daSilva2017_testis_biased;daSilva2017_tumor_proteomics,True,True,True,True,True,True
ENSG00000244476,ENSG00000244476,ERVFRD-1,protein_coding,Gong2021_placenta_PC;Gong2021_reproductive_PC;placental_antigen,True,True,True,True,False,False
ENSG00000244564,ENSG00000244564,PRICKLE2-DT,lncRNA,Gong2021_reproductive_ncRNA,True,True,False,False,False,False
ENSG00000244588,ENSG00000244588,RAD21L1,protein_coding,CTexploreR_CT;CTpedia;Chang2019_TGCT;Gong2021_reproductive_PC;Loriot2025_S1;Wang2016_CT;daSilva2017;daSilva2017_CT;daSilva2017_testis_biased,True,True,True,True,True,True
ENSG00000244624,ENSG00000244624,KRTAP20-1,protein_coding,daSilva2017_testis_biased,True,True,True,True,True,False
ENSG00000244687,ENSG00000244687,UBE2V1,protein_coding,Bruggeman2018_GC,True,True,True,True,False,False
ENSG00000244791,ENSG00000244791,ENSG00000244791,lncRNA,Gong2021_reproductive_ncRNA,True,True,False,False,False,False
ENSG00000245080,ENSG00000245080,MIR3150BHG,lncRNA,Loriot2025_S2,True,True,False,False,False,False
ENSG00000245768,ENSG00000245768,ENSG00000245768,lncRNA,Gong2021_reproductive_ncRNA,True,True,False,False,False,False
ENSG00000245857,ENSG00000245857,GS1-24F4.2,lncRNA,Gong2021_reproductive_ncRNA,True,True,False,False,False,False
ENSG00000246095,ENSG00000246095,LINC01096,lncRNA,Gong2021_reproductive_ncRNA;Loriot2025_S2,True,True,False,False,False,False
ENSG00000246211,ENSG00000246211,P4HA3-AS1,lncRNA,Gong2021_reproductive_ncRNA,True,True,False,False,False,False
ENSG00000246394,ENSG00000246394,ZNF84-DT,lncRNA,Gong2021_reproductive_ncRNA,True,True,False,False,False,False
ENSG00000246820,ENSG00000246820,RIC3-DT,lncRNA,Gong2021_reproductive_ncRNA,True,True,False,False,False,False
ENSG00000246863,ENSG00000246863,GPR176-DT,lncRNA,Gong2021_reproductive_ncRNA,True,True,False,False,False,False
ENSG00000246876,ENSG00000246876,LINC02466,lncRNA,Gong2021_reproductive_ncRNA,True,True,False,False,False,False
ENSG00000247077,ENSG00000247077,PGAM5,protein_coding,Bruggeman2018_GC;Jamin2021_CT,True,True,True,True,False,False
ENSG00000247092,ENSG00000247092,SNHG10,lncRNA,Jamin2021_CT,True,True,False,False,False,False
ENSG00000247746,ENSG00000247746,USP51,protein_coding,Bruggeman2018_GC,True,True,True,True,False,False
ENSG00000248098,ENSG00000248098,BCKDHA,protein_coding,Bruggeman2018_GC,True,True,True,True,False,False
ENSG00000248099,ENSG00000248099,INSL3,protein_coding,Chang2019_TGCT;Gong2021_reproductive_PC;Wang2016_CT;daSilva2017_CT;daSilva2017_testis_biased,True,True,True,True,True,True
ENSG00000248107,ENSG00000248107,LINC02039,lncRNA,Gong2021_reproductive_ncRNA,True,True,False,False,False,False
ENSG00000248118,ENSG00000248118,LINC01019,lncRNA,Gong2021_reproductive_ncRNA,True,True,False,False,False,False
ENSG00000248131,ENSG00000248131,LINC01194,lncRNA,Gong2021_placenta_ncRNA;Gong2021_reproductive_ncRNA,True,True,False,False,False,False
ENSG00000248143,ENSG00000248143,LINC02383,lncRNA,Gong2021_reproductive_ncRNA,True,True,False,False,False,False
ENSG00000248238,ENSG00000248238,LINC02438,lncRNA,Gong2021_placenta_ncRNA;Gong2021_reproductive_ncRNA,True,True,False,False,False,False
ENSG00000248307,ENSG00000248307,LINC00616,lncRNA,Gong2021_reproductive_ncRNA,True,True,False,False,False,False
ENSG00000248383,ENSG00000248383,PCDHAC1,protein_coding,Bruggeman2018_GC;daSilva2017_CT;daSilva2017_testis_biased,True,True,True,True,False,False
ENSG00000248391,ENSG00000248391,LINC02064,lncRNA,Gong2021_reproductive_ncRNA,True,True,False,False,False,False
ENSG00000248431,ENSG00000248431,ENSG00000248431,lncRNA,Gong2021_reproductive_ncRNA,True,True,False,False,False,False
ENSG00000248457,ENSG00000248457,LINC02220,lncRNA,Gong2021_reproductive_ncRNA,True,True,False,False,False,False
ENSG00000248473,ENSG00000248473,LINC01962,lncRNA,Gong2021_reproductive_ncRNA,True,True,False,False,False,False
ENSG00000248482,ENSG00000248482,ENSG00000248482,lncRNA,Gong2021_reproductive_ncRNA,True,True,False,False,False,False
ENSG00000248483,ENSG00000248483,POU5F2,protein_coding,Wang2016_CT;daSilva2017_CT;daSilva2017_testis_biased,True,True,True,True,False,False
ENSG00000248490,ENSG00000248490,ENSG00000248490,lncRNA,Gong2021_reproductive_ncRNA,True,True,False,False,False,False
ENSG00000248505,ENSG00000248505,LINC02380,lncRNA,Gong2021_reproductive_ncRNA,True,True,False,False,False,False
ENSG00000248538,ENSG00000248538,PPP1R3B-DT,lncRNA,Loriot2025_S2,True,True,False,False,False,False
ENSG00000248539,ENSG00000248539,LINC02117,lncRNA,Gong2021_reproductive_ncRNA,True,True,False,False,False,False
ENSG00000248717,ENSG00000248717,LINC02222,lncRNA,Gong2021_reproductive_ncRNA,True,True,False,False,False,False
ENSG00000248736,ENSG00000248736,ENSG00000248736,lncRNA,Gong2021_reproductive_ncRNA,True,True,False,False,False,False
ENSG00000248752,ENSG00000248752,ENSG00000248752,lncRNA,Gong2021_reproductive_ncRNA,True,True,False,False,False,False
ENSG00000248767,ENSG00000248767,FOXL3,protein_coding,Gong2021_reproductive_PC,True,True,True,True,True,False
ENSG00000248783,ENSG00000248783,RP11-308B16.2,lncRNA,Gong2021_placenta_ncRNA;Gong2021_reproductive_ncRNA,True,True,False,False,False,False
ENSG00000248809,ENSG00000248809,LINC01095,lncRNA,Gong2021_reproductive_ncRNA,True,True,False,False,False,False
ENSG00000248837,ENSG00000248837,ENSG00000248837,lncRNA,Gong2021_reproductive_ncRNA,True,True,False,False,False,False
ENSG00000248844,ENSG00000248844,LINC02753,lncRNA,Gong2021_reproductive_ncRNA,True,True,False,False,False,False
ENSG00000248872,ENSG00000248872,LINC02431,lncRNA,Gong2021_reproductive_ncRNA,True,True,False,False,False,False
ENSG00000248905,ENSG00000248905,FMN1,protein_coding,Bruggeman2018_GC,True,True,True,True,False,False
ENSG00000248973,ENSG00000248973,ENSG00000248973,lncRNA,Gong2021_reproductive_ncRNA,True,True,False,False,False,False
ENSG00000249066,ENSG00000249066,LINC02496,lncRNA,Gong2021_reproductive_ncRNA,True,True,False,False,False,False
ENSG00000249102,ENSG00000249102,ENSG00000249102,lncRNA,Gong2021_reproductive_ncRNA,True,True,False,False,False,False
ENSG00000249131,ENSG00000249131,PSD2-AS1,lncRNA,Gong2021_reproductive_ncRNA,True,True,False,False,False,False
ENSG00000249139,ENSG00000249139,EPPIN-WFDC6,protein_coding,daSilva2017_testis_biased,True,True,True,True,False,False
ENSG00000249196,ENSG00000249196,TMEM132D-AS1,lncRNA,Loriot2025_S1,True,True,False,False,False,False
ENSG00000249228,ENSG00000249228,ENSG00000249228,lncRNA,Gong2021_reproductive_ncRNA,True,True,False,False,False,False
ENSG00000249231,ENSG00000249231,CASC16,lncRNA,Gong2021_reproductive_ncRNA,True,True,False,False,False,False
ENSG00000249261,ENSG00000249261,ENSG00000249261,lncRNA,Gong2021_reproductive_ncRNA,True,True,False,False,False,False
ENSG00000249297,ENSG00000249297,LINC02174,lncRNA,Gong2021_reproductive_ncRNA,True,True,False,False,False,False
ENSG00000249343,ENSG00000249343,LINC01333,lncRNA,Gong2021_reproductive_ncRNA,True,True,False,False,False,False
ENSG00000249346,ENSG00000249346,LINC01016,lncRNA,Gong2021_reproductive_ncRNA;Loriot2025_S2,True,True,False,False,False,False
ENSG00000249413,ENSG00000249413,RP11-25H12.1,lncRNA,Gong2021_placenta_ncRNA;Gong2021_reproductive_ncRNA,True,True,False,False,False,False
ENSG00000249471,ENSG00000249471,ZNF324B,protein_coding,Bruggeman2018_GC,True,True,True,True,False,False
ENSG00000249481,ENSG00000249481,SPATS1,protein_coding,Chang2019_TGCT;Gong2021_reproductive_PC;Wang2016_CT;daSilva2017_CT;daSilva2017_testis_biased,True,True,True,True,False,False
ENSG00000249490,ENSG00000249490,LINC02146,lncRNA,Gong2021_reproductive_ncRNA,True,True,False,False,False,False
ENSG00000249515,ENSG00000249515,LINC02113,lncRNA,Gong2021_reproductive_ncRNA,True,True,False,False,False,False
ENSG00000249521,ENSG00000249521,LINC02114,lncRNA,Gong2021_reproductive_ncRNA,True,True,False,False,False,False
ENSG00000249581,ENSG00000249581,CLRN2,protein_coding,daSilva2017_testis_biased,True,True,True,True,True,False
ENSG00000249613,ENSG00000249613,LINC02173,lncRNA,Gong2021_reproductive_ncRNA,True,True,False,False,False,False
ENSG00000249614,ENSG00000249614,LINC02503,lncRNA,Gong2021_placenta_ncRNA;Gong2021_reproductive_ncRNA,True,True,False,False,False,False
ENSG00000249618,ENSG00000249618,LINC02465,lncRNA,Gong2021_reproductive_ncRNA,True,True,False,False,False,False
ENSG00000249631,ENSG00000249631,ENSG00000249631,lncRNA,Gong2021_reproductive_ncRNA,True,True,False,False,False,False
ENSG00000249642,ENSG00000249642,ENSG00000249642,lncRNA,Gong2021_reproductive_ncRNA,True,True,False,False,False,False
ENSG00000249673,ENSG00000249673,NOP14-AS1,lncRNA,Jamin2021_CT,True,True,False,False,False,False
ENSG00000249693,ENSG00000249693,SPMAP2L,protein_coding,Carter2023_CT;Chang2019_TGCT,True,True,True,True,True,True
ENSG00000249709,ENSG00000249709,ZNF564,protein_coding,Bruggeman2018_GC,True,True,True,True,False,False
ENSG00000249725,ENSG00000249725,ENSG00000249725,lncRNA,Gong2021_reproductive_ncRNA,True,True,False,False,False,False
ENSG00000249727,ENSG00000249727,ENSG00000249727,lncRNA,Gong2021_reproductive_ncRNA,True,True,False,False,False,False
ENSG00000249747,ENSG00000249747,LINC02374,lncRNA,Gong2021_reproductive_ncRNA,True,True,False,False,False,False
ENSG00000249781,ENSG00000249781,LINC02112,lncRNA,Gong2021_reproductive_ncRNA,True,True,False,False,False,False
ENSG00000249782,ENSG00000249782,ENSG00000249782,lncRNA,Gong2021_reproductive_ncRNA,True,True,False,False,False,False
ENSG00000249785,ENSG00000249785,LINC02103,lncRNA,Gong2021_reproductive_ncRNA,True,True,False,False,False,False
ENSG00000249787,ENSG00000249787,ENSG00000249787,lncRNA,Gong2021_reproductive_ncRNA,True,True,False,False,False,False
ENSG00000249808,ENSG00000249808,LINC01377,lncRNA,Gong2021_reproductive_ncRNA,True,True,False,False,False,False
ENSG00000249815,ENSG00000249815,LINC02945,lncRNA,Gong2021_placenta_ncRNA;Gong2021_reproductive_ncRNA,True,True,False,False,False,False
ENSG00000249818,ENSG00000249818,ENSG00000249818,lncRNA,Gong2021_reproductive_ncRNA,True,True,False,False,False,False
ENSG00000249830,ENSG00000249830,LINC02162,lncRNA,Gong2021_reproductive_ncRNA,True,True,False,False,False,False
ENSG00000249854,ENSG00000249854,CDH18-AS1,lncRNA,Gong2021_reproductive_ncRNA,True,True,False,False,False,False
ENSG00000249861,ENSG00000249861,LGALS16,protein_coding,Gong2021_placenta_PC;Gong2021_reproductive_PC;placental_antigen,True,True,True,True,True,True
ENSG00000249867,ENSG00000249867,LINC02742,lncRNA,Gong2021_reproductive_ncRNA,True,True,False,False,False,False
ENSG00000249873,ENSG00000249873,LINC02372,lncRNA,Gong2021_reproductive_ncRNA,True,True,False,False,False,False
ENSG00000249877,ENSG00000249877,RP11-706F1.2,lncRNA,Gong2021_placenta_ncRNA;Gong2021_reproductive_ncRNA,True,True,False,False,False,False
ENSG00000249882,ENSG00000249882,LINC02501,lncRNA,Gong2021_reproductive_ncRNA,True,True,False,False,False,False
ENSG00000249884,ENSG00000249884,RNF103-CHMP3,protein_coding,daSilva2017_testis_biased,True,True,True,True,False,False
ENSG00000249894,ENSG00000249894,RP11-434D9.2,lncRNA,Gong2021_placenta_ncRNA;Gong2021_reproductive_ncRNA,True,True,False,False,False,False
ENSG00000249924,ENSG00000249924,ENSG00000249924,lncRNA,Gong2021_reproductive_ncRNA,True,True,False,False,False,False
ENSG00000249961,ENSG00000249961,TERB1,protein_coding,Chang2019_TGCT;Gong2021_reproductive_PC;daSilva2017_CT;daSilva2017_testis_biased,True,True,True,True,False,False
ENSG00000249981,ENSG00000249981,ENSG00000249981,lncRNA,Gong2021_reproductive_ncRNA,True,True,False,False,False,False
ENSG00000250024,ENSG00000250024,ENSG00000250024,lncRNA,Gong2021_reproductive_ncRNA,True,True,False,False,False,False
ENSG00000250032,ENSG00000250032,ENSG00000250032,lncRNA,Gong2021_reproductive_ncRNA,True,True,False,False,False,False
ENSG00000250033,ENSG00000250033,SLC7A11-AS1,lncRNA,Loriot2025_S1,True,True,False,False,False,False
ENSG00000250038,ENSG00000250038,ENSG00000250038,lncRNA,Chang2019_TGCT,True,True,False,False,False,False
ENSG00000250042,ENSG00000250042,LINC02514,lncRNA,Gong2021_reproductive_ncRNA,True,True,False,False,False,False
ENSG00000250102,ENSG00000250102,LINC02377,lncRNA,Gong2021_reproductive_ncRNA;Loriot2025_S1,True,True,False,False,False,False
ENSG00000250120,ENSG00000250120,PCDHA10,protein_coding,Bruggeman2018_GC,True,True,True,True,False,False
ENSG00000250190,ENSG00000250190,LINC02364,lncRNA,Gong2021_reproductive_ncRNA,True,True,False,False,False,False
ENSG00000250252,ENSG00000250252,LINC02430,lncRNA,Gong2021_reproductive_ncRNA,True,True,False,False,False,False
ENSG00000250263,ENSG00000250263,LINC02509,lncRNA,Gong2021_reproductive_ncRNA,True,True,False,False,False,False
ENSG00000250312,ENSG00000250312,ZNF718,protein_coding,Bruggeman2018_GC,True,True,True,True,False,False
ENSG00000250313,ENSG00000250313,LINC02229,lncRNA,Gong2021_reproductive_ncRNA,True,True,False,False,False,False
ENSG00000250340,ENSG00000250340,LINC02494,lncRNA,Gong2021_reproductive_ncRNA,True,True,False,False,False,False
ENSG00000250341,ENSG00000250341,LINC02510,lncRNA,Gong2021_reproductive_ncRNA,True,True,False,False,False,False
ENSG00000250357,ENSG00000250357,ENSG00000250357,lncRNA,Gong2021_reproductive_ncRNA,True,True,False,False,False,False
ENSG00000250402,ENSG00000250402,ENSG00000250402,lncRNA,Gong2021_reproductive_ncRNA,True,True,False,False,False,False
ENSG00000250406,ENSG00000250406,ENSG00000250406,lncRNA,Gong2021_reproductive_ncRNA,True,True,False,False,False,False
ENSG00000250417,ENSG00000250417,LINC02116,lncRNA,Gong2021_reproductive_ncRNA,True,True,False,False,False,False
ENSG00000250423,ENSG00000250423,KIAA1210,protein_coding,Bruggeman2018_GC;Chang2019_TGCT;Gong2021_reproductive_PC;Wang2016_CT,True,True,True,True,False,False
ENSG00000250447,ENSG00000250447,LINC02105,lncRNA,Gong2021_reproductive_ncRNA,True,True,False,False,False,False
ENSG00000250453,ENSG00000250453,CTD-2134P3.1,lncRNA,Gong2021_placenta_ncRNA;Gong2021_reproductive_ncRNA,True,True,False,False,False,False
ENSG00000250462,ENSG00000250462,LRRC37BP1,transcribed_unprocessed_pseudogene,Bruggeman2018_GC,True,True,False,False,False,False
ENSG00000250544,ENSG00000250544,LINC02059,lncRNA,Gong2021_reproductive_ncRNA,True,True,False,False,False,False
ENSG00000250565,ENSG00000250565,ATP6V1E2,protein_coding,Bruggeman2018_GC,True,True,True,True,False,False
ENSG00000250576,ENSG00000250576,ENSG00000250576,lncRNA,Gong2021_reproductive_ncRNA,True,True,False,False,False,False
ENSG00000250584,ENSG00000250584,LINC01511,lncRNA,Loriot2025_S1,True,True,False,False,False,False
ENSG00000250590,ENSG00000250590,LINC02492,lncRNA,Gong2021_reproductive_ncRNA,True,True,False,False,False,False
ENSG00000250626,ENSG00000250626,ENSG00000250626,lncRNA,Gong2021_reproductive_ncRNA,True,True,False,False,False,False
ENSG00000250666,ENSG00000250666,LINC01596,lncRNA,Gong2021_reproductive_ncRNA,True,True,False,False,False,False
ENSG00000250674,ENSG00000250674,ENSG00000250674,lncRNA,Gong2021_reproductive_ncRNA,True,True,False,False,False,False
ENSG00000250682,ENSG00000250682,LINC00491,lncRNA,Gong2021_placenta_ncRNA;Gong2021_reproductive_ncRNA,True,True,False,False,False,False
ENSG00000250709,ENSG00000250709,CCDC169-SOHLH2,protein_coding,daSilva2017_testis_biased,True,True,True,True,True,False
ENSG00000250719,ENSG00000250719,P3R3URF,protein_coding,Gong2021_reproductive_PC,True,True,True,True,True,False
ENSG00000250741,ENSG00000250741,NT5C1B-RDH14,protein_coding,daSilva2017_protein;daSilva2017_testis_biased;daSilva2017_tumor_proteomics,True,True,True,True,True,True
ENSG00000250754,ENSG00000250754,LINC02436,lncRNA,Gong2021_reproductive_ncRNA,True,True,False,False,False,False
ENSG00000250772,ENSG00000250772,LINC01365,lncRNA,Gong2021_reproductive_ncRNA,True,True,False,False,False,False
ENSG00000250803,ENSG00000250803,ZNF475,protein_coding,Gong2021_reproductive_PC;daSilva2017_testis_biased,True,True,True,True,True,False
ENSG00000250814,ENSG00000250814,LINC02221,lncRNA,Gong2021_reproductive_ncRNA,True,True,False,False,False,False
ENSG00000250915,ENSG00000250915,ENSG00000250915,lncRNA,Gong2021_reproductive_ncRNA,True,True,False,False,False,False
ENSG00000250921,ENSG00000250921,LINC02063,lncRNA,Gong2021_reproductive_ncRNA,True,True,False,False,False,False
ENSG00000251026,ENSG00000251026,NIHCOLE,lncRNA,Gong2021_placenta_ncRNA;Gong2021_reproductive_ncRNA,True,True,False,False,False,False
ENSG00000251027,ENSG00000251027,LINC01950,lncRNA,Gong2021_reproductive_ncRNA,True,True,False,False,False,False
ENSG00000251040,ENSG00000251040,LINC02480,lncRNA,Gong2021_reproductive_ncRNA,True,True,False,False,False,False
ENSG00000251072,ENSG00000251072,LMNB1-DT,lncRNA,Gong2021_reproductive_ncRNA,True,True,False,False,False,False
ENSG00000251081,ENSG00000251081,ENSG00000251081,lncRNA,Gong2021_reproductive_ncRNA,True,True,False,False,False,False
ENSG00000251210,ENSG00000251210,LINC02270,lncRNA,Gong2021_reproductive_ncRNA,True,True,False,False,False,False
ENSG00000251221,ENSG00000251221,LINC01337,lncRNA,Loriot2025_S2,True,True,False,False,False,False
ENSG00000251250,ENSG00000251250,ENSG00000251250,transcribed_unprocessed_pseudogene,Gong2021_reproductive_ncRNA,True,True,False,False,False,False
ENSG00000251256,ENSG00000251256,LINC02358,lncRNA,Gong2021_reproductive_ncRNA,True,True,False,False,False,False
ENSG00000251258,ENSG00000251258,RFPL4B,protein_coding,CTexploreR_CT;Chang2019_TGCT;Gong2021_reproductive_PC;Loriot2025_S1;Wang2016_CT;daSilva2017;daSilva2017_CT;daSilva2017_testis_biased,True,True,True,True,True,True
ENSG00000251273,ENSG00000251273,LINC02228,lncRNA,Loriot2025_S1,True,True,False,False,False,False
ENSG00000251283,ENSG00000251283,LINC02272,lncRNA,Chang2019_TGCT;Gong2021_reproductive_ncRNA,True,True,False,False,False,False
ENSG00000251291,ENSG00000251291,LINC02462,lncRNA,Gong2021_reproductive_ncRNA,True,True,False,False,False,False
ENSG00000251310,ENSG00000251310,ENSG00000251310,lncRNA,Gong2021_reproductive_ncRNA,True,True,False,False,False,False
ENSG00000251339,ENSG00000251339,ENSG00000251339,lncRNA,Gong2021_reproductive_ncRNA,True,True,False,False,False,False
ENSG00000251350,ENSG00000251350,LINC02475,lncRNA,Gong2021_reproductive_ncRNA;Loriot2025_S1,True,True,False,False,False,False
ENSG00000251371,ENSG00000251371,ENSG00000251371,lncRNA,Gong2021_reproductive_ncRNA,True,True,False,False,False,False
ENSG00000251391,ENSG00000251391,ENSG00000251391,lncRNA,Gong2021_reproductive_ncRNA,True,True,False,False,False,False
ENSG00000251398,ENSG00000251398,LINC01256,lncRNA,Gong2021_reproductive_ncRNA,True,True,False,False,False,False
ENSG00000251493,ENSG00000251493,FOXD1,protein_coding,Bruggeman2018_GC,True,True,True,True,False,False
ENSG00000251497,ENSG00000251497,PITPNM2-AS1,lncRNA,Gong2021_reproductive_ncRNA,True,True,False,False,False,False
ENSG00000251503,ENSG00000251503,CENPS-CORT,protein_coding,daSilva2017_testis_biased,True,True,True,True,False,False
ENSG00000251536,ENSG00000251536,ENSG00000251536,lncRNA,Gong2021_reproductive_ncRNA,True,True,False,False,False,False
ENSG00000251543,ENSG00000251543,LINC02230,lncRNA,Gong2021_reproductive_ncRNA,True,True,False,False,False,False
ENSG00000251619,ENSG00000251619,LINC02508,lncRNA,Gong2021_reproductive_ncRNA,True,True,False,False,False,False
ENSG00000251629,ENSG00000251629,LINC02241,lncRNA,Gong2021_reproductive_ncRNA;Loriot2025_S1,True,True,False,False,False,False
ENSG00000251642,ENSG00000251642,ENSG00000251642,lncRNA,Gong2021_reproductive_ncRNA,True,True,False,False,False,False
ENSG00000251649,ENSG00000251649,LINC02379,lncRNA,Gong2021_reproductive_ncRNA,True,True,False,False,False,False
ENSG00000251676,ENSG00000251676,SNHG27,lncRNA,Gong2021_reproductive_ncRNA,True,True,False,False,False,False
ENSG00000253100,ENSG00000253100,ENSG00000253100,lncRNA,Gong2021_reproductive_ncRNA,True,True,False,False,False,False
ENSG00000253103,ENSG00000253103,LINC01609,lncRNA,Gong2021_reproductive_ncRNA,True,True,False,False,False,False
ENSG00000253130,ENSG00000253130,ENSG00000253130,lncRNA,Gong2021_reproductive_ncRNA,True,True,False,False,False,False
ENSG00000253138,ENSG00000253138,LINC00967,lncRNA,Gong2021_placenta_ncRNA;Gong2021_reproductive_ncRNA,True,True,False,False,False,False
ENSG00000253147,ENSG00000253147,LINC03023,lncRNA,Gong2021_reproductive_ncRNA,True,True,False,False,False,False
ENSG00000253182,ENSG00000253182,LINC02948,lncRNA,Gong2021_placenta_ncRNA;Gong2021_reproductive_ncRNA,True,True,False,False,False,False
ENSG00000253199,ENSG00000253199,LINC02153,lncRNA,Gong2021_reproductive_ncRNA,True,True,False,False,False,False
ENSG00000253205,ENSG00000253205,ENSG00000253205,lncRNA,Gong2021_reproductive_ncRNA,True,True,False,False,False,False
ENSG00000253236,ENSG00000253236,LINC02143,lncRNA,Gong2021_reproductive_ncRNA,True,True,False,False,False,False
ENSG00000253238,ENSG00000253238,ENSG00000253238,lncRNA,Gong2021_reproductive_ncRNA,True,True,False,False,False,False
ENSG00000253260,ENSG00000253260,ENSG00000253260,lncRNA,Gong2021_reproductive_ncRNA,True,True,False,False,False,False
ENSG00000253270,ENSG00000253270,CSGALNACT1-AS1,lncRNA,Gong2021_placenta_ncRNA;Gong2021_reproductive_ncRNA,True,True,False,False,False,False
ENSG00000253279,ENSG00000253279,LINC02209,lncRNA,Gong2021_reproductive_ncRNA,True,True,False,False,False,False
ENSG00000253301,ENSG00000253301,LINC01606,lncRNA,Gong2021_reproductive_ncRNA,True,True,False,False,False,False
ENSG00000253314,ENSG00000253314,LINC00293,lncRNA,Gong2021_reproductive_ncRNA,True,True,False,False,False,False
ENSG00000253377,ENSG00000253377,ENSG00000253377,lncRNA,Gong2021_reproductive_ncRNA,True,True,False,False,False,False
ENSG00000253380,ENSG00000253380,ENSG00000253380,lncRNA,Gong2021_reproductive_ncRNA,True,True,False,False,False,False
ENSG00000253407,ENSG00000253407,ENSG00000253407,lncRNA,Gong2021_reproductive_ncRNA,True,True,False,False,False,False
ENSG00000253455,ENSG00000253455,LINC03054,lncRNA,Gong2021_reproductive_ncRNA,True,True,False,False,False,False
ENSG00000253470,ENSG00000253470,ENSG00000253470,lncRNA,Gong2021_reproductive_ncRNA,True,True,False,False,False,False
ENSG00000253479,ENSG00000253479,LINC01603,lncRNA,Gong2021_reproductive_ncRNA,True,True,False,False,False,False
ENSG00000253489,ENSG00000253489,ENSG00000253489,lncRNA,Gong2021_reproductive_ncRNA,True,True,False,False,False,False
ENSG00000253505,ENSG00000253505,LINC02949,lncRNA,Gong2021_reproductive_ncRNA,True,True,False,False,False,False
ENSG00000253506,ENSG00000253506,NACA2,protein_coding,Bruggeman2018_GC;Gong2021_reproductive_PC;daSilva2017_CT;daSilva2017_testis_biased,True,True,True,True,True,True
ENSG00000253557,ENSG00000253557,ENSG00000253557,lncRNA,Gong2021_reproductive_ncRNA,True,True,False,False,False,False
ENSG00000253573,ENSG00000253573,ENSG00000253573,lncRNA,Gong2021_reproductive_ncRNA,True,True,False,False,False,False
ENSG00000253577,ENSG00000253577,ENSG00000253577,lncRNA,Gong2021_reproductive_ncRNA,True,True,False,False,False,False
ENSG00000253628,ENSG00000253628,ENSG00000253628,lncRNA,Gong2021_reproductive_ncRNA,True,True,False,False,False,False
ENSG00000253634,ENSG00000253634,ENSG00000253634,lncRNA,Gong2021_reproductive_ncRNA,True,True,False,False,False,False
ENSG00000253644,ENSG00000253644,LINC02845,lncRNA,Gong2021_reproductive_ncRNA,True,True,False,False,False,False
ENSG00000253661,ENSG00000253661,ZFHX4-AS1,lncRNA,Bruggeman2018_GC,True,True,False,False,False,False
ENSG00000253679,ENSG00000253679,LINC02844,lncRNA,Gong2021_reproductive_ncRNA,True,True,False,False,False,False
ENSG00000253733,ENSG00000253733,LZTS1-AS1,lncRNA,Gong2021_reproductive_ncRNA,True,True,False,False,False,False
ENSG00000253787,ENSG00000253787,LINC02219,lncRNA,Chang2019_TGCT;Gong2021_reproductive_ncRNA,True,True,False,False,False,False
ENSG00000253799,ENSG00000253799,LINC01030,lncRNA,Gong2021_reproductive_ncRNA,True,True,False,False,False,False
ENSG00000253834,ENSG00000253834,ENSG00000253834,lncRNA,Gong2021_reproductive_ncRNA,True,True,False,False,False,False
ENSG00000253857,ENSG00000253857,ENSG00000253857,lncRNA,Gong2021_reproductive_ncRNA,True,True,False,False,False,False
ENSG00000253871,ENSG00000253871,ENSG00000253871,lncRNA,Gong2021_reproductive_ncRNA,True,True,False,False,False,False
ENSG00000253887,ENSG00000253887,ENSG00000253887,lncRNA,Gong2021_reproductive_ncRNA,True,True,False,False,False,False
ENSG00000253910,ENSG00000253910,PCDHGB2,protein_coding,Bruggeman2018_GC,True,True,True,True,False,False
ENSG00000254007,ENSG00000254007,ENSG00000254007,lncRNA,Gong2021_reproductive_ncRNA,True,True,False,False,False,False
ENSG00000254026,ENSG00000254026,LINC03023,lncRNA,Gong2021_reproductive_ncRNA,True,True,False,False,False,False
ENSG00000254066,ENSG00000254066,LINC01938,lncRNA,Gong2021_reproductive_ncRNA,True,True,False,False,False,False
ENSG00000254086,ENSG00000254086,ENSG00000254086,lncRNA,Gong2021_reproductive_ncRNA,True,True,False,False,False,False
ENSG00000254111,ENSG00000254111,ENSG00000254111,lncRNA,Gong2021_reproductive_ncRNA,True,True,False,False,False,False
ENSG00000254119,ENSG00000254119,LINC02842,lncRNA,Gong2021_reproductive_ncRNA,True,True,False,False,False,False
ENSG00000254123,ENSG00000254123,LINC02839,lncRNA,Gong2021_reproductive_ncRNA,True,True,False,False,False,False
ENSG00000254130,ENSG00000254130,LINC01947,lncRNA,Gong2021_reproductive_ncRNA,True,True,False,False,False,False
ENSG00000254201,ENSG00000254201,ENSG00000254201,lncRNA,Gong2021_reproductive_ncRNA,True,True,False,False,False,False
ENSG00000254209,ENSG00000254209,LINC02855,lncRNA,Gong2021_reproductive_ncRNA,True,True,False,False,False,False
ENSG00000254221,ENSG00000254221,PCDHGB1,protein_coding,Bruggeman2018_GC,True,True,True,True,False,False
ENSG00000254233,ENSG00000254233,LINC02365,lncRNA,Gong2021_placenta_ncRNA;Gong2021_reproductive_ncRNA,True,True,False,False,False,False
ENSG00000254237,ENSG00000254237,ENSG00000254237,lncRNA,Gong2021_reproductive_ncRNA,True,True,False,False,False,False
ENSG00000254242,ENSG00000254242,ENSG00000254242,lncRNA,Gong2021_reproductive_ncRNA,True,True,False,False,False,False
ENSG00000254334,ENSG00000254334,LINC03093,lncRNA,Gong2021_reproductive_ncRNA,True,True,False,False,False,False
ENSG00000254380,ENSG00000254380,ENSG00000254380,lncRNA,Gong2021_reproductive_ncRNA,True,True,False,False,False,False
ENSG00000254389,ENSG00000254389,RHPN1-AS1,lncRNA,Bruggeman2018_GC,True,True,False,False,False,False
ENSG00000254456,ENSG00000254456,LINC02699,lncRNA,Gong2021_reproductive_ncRNA,True,True,False,False,False,False
ENSG00000254511,ENSG00000254511,ENSG00000254511,lncRNA,Gong2021_reproductive_ncRNA,True,True,False,False,False,False
ENSG00000254514,ENSG00000254514,ENSG00000254514,lncRNA,Gong2021_reproductive_ncRNA,True,True,False,False,False,False
ENSG00000254518,ENSG00000254518,LINC02750,lncRNA,Gong2021_reproductive_ncRNA;Loriot2025_S1,True,True,False,False,False,False
ENSG00000254535,ENSG00000254535,PABPC4L,protein_coding,Bruggeman2018_GC,True,True,True,True,False,False
ENSG00000254562,ENSG00000254562,LINC01493,lncRNA,Gong2021_reproductive_ncRNA,True,True,False,False,False,False
ENSG00000254580,ENSG00000254580,LINC02719,lncRNA,Gong2021_reproductive_ncRNA,True,True,False,False,False,False
ENSG00000254654,ENSG00000254654,LINC02685,lncRNA,Gong2021_reproductive_ncRNA,True,True,False,False,False,False
ENSG00000254659,ENSG00000254659,LINC02715,lncRNA,Gong2021_reproductive_ncRNA,True,True,False,False,False,False
ENSG00000254726,ENSG00000254726,MEX3A,protein_coding,Bruggeman2018_GC,True,True,True,True,False,False
ENSG00000254753,ENSG00000254753,ENSG00000254753,lncRNA,Gong2021_reproductive_ncRNA,True,True,False,False,False,False
ENSG00000254775,ENSG00000254775,ENSG00000254775,lncRNA,Gong2021_reproductive_ncRNA,True,True,False,False,False,False
ENSG00000254823,ENSG00000254823,LINC02727,lncRNA,Gong2021_reproductive_ncRNA,True,True,False,False,False,False
ENSG00000254861,ENSG00000254861,ENSG00000254861,lncRNA,Gong2021_reproductive_ncRNA,True,True,False,False,False,False
ENSG00000254863,ENSG00000254863,LINC02744,lncRNA,Gong2021_reproductive_ncRNA,True,True,False,False,False,False
ENSG00000254874,ENSG00000254874,RP11-676F20.1,lncRNA,Gong2021_placenta_ncRNA;Gong2021_reproductive_ncRNA,True,True,False,False,False,False
ENSG00000254930,ENSG00000254930,LINC02545,lncRNA,Gong2021_reproductive_ncRNA,True,True,False,False,False,False
ENSG00000255052,ENSG00000255052,FAM66D,lncRNA,Jamin2021_CT,True,True,False,False,False,False
ENSG00000255109,ENSG00000255109,LINC02740,lncRNA,Gong2021_reproductive_ncRNA,True,True,False,False,False,False
ENSG00000255117,ENSG00000255117,LINC02546,lncRNA,Gong2021_reproductive_ncRNA,True,True,False,False,False,False
ENSG00000255133,ENSG00000255133,LINC02721,lncRNA,Gong2021_reproductive_ncRNA,True,True,False,False,False,False
ENSG00000255150,ENSG00000255150,EID3,protein_coding,Chang2019_TGCT;Wang2016_CT,True,True,True,True,False,False
ENSG00000255171,ENSG00000255171,LINC01499,lncRNA,Gong2021_reproductive_ncRNA,True,True,False,False,False,False
ENSG00000255175,ENSG00000255175,LINC02759,lncRNA,Gong2021_reproductive_ncRNA,True,True,False,False,False,False
ENSG00000255178,ENSG00000255178,LINC02720,lncRNA,Gong2021_reproductive_ncRNA,True,True,False,False,False,False
ENSG00000255181,ENSG00000255181,CCDC166,protein_coding,Chang2019_TGCT;Gong2021_reproductive_PC;Wang2016_CT;daSilva2017_CT;daSilva2017_testis_biased,True,True,True,True,True,True
ENSG00000255183,ENSG00000255183,LINC02711,lncRNA,Gong2021_reproductive_ncRNA,True,True,False,False,False,False
ENSG00000255187,ENSG00000255187,LINC02748,lncRNA,Gong2021_reproductive_ncRNA,True,True,False,False,False,False
ENSG00000255223,ENSG00000255223,OR5M11,protein_coding,daSilva2017_CT;daSilva2017_testis_biased,True,True,True,True,True,False
ENSG00000255236,ENSG00000255236,CHKA-DT,lncRNA,Loriot2025_S2,True,True,False,False,False,False
ENSG00000255246,ENSG00000255246,ENSG00000255246,lncRNA,Gong2021_reproductive_ncRNA,True,True,False,False,False,False
ENSG00000255251,ENSG00000255251,PRR23D1,protein_coding,daSilva2017_testis_biased,True,True,True,True,False,False
ENSG00000255269,ENSG00000255269,LINC02710,lncRNA,Gong2021_reproductive_ncRNA,True,True,False,False,False,False
ENSG00000255298,ENSG00000255298,OR8G5,protein_coding,daSilva2017_testis_biased,True,True,True,True,True,False
ENSG00000255313,ENSG00000255313,ENSG00000255313,lncRNA,Gong2021_reproductive_ncRNA,True,True,False,False,False,False
ENSG00000255323,ENSG00000255323,LINC01495,lncRNA,Gong2021_reproductive_ncRNA,True,True,False,False,False,False
ENSG00000255332,ENSG00000255332,LINC02756,lncRNA,Gong2021_reproductive_ncRNA,True,True,False,False,False,False
ENSG00000255344,ENSG00000255344,LINC02706,lncRNA,Gong2021_reproductive_ncRNA,True,True,False,False,False,False
ENSG00000255346,ENSG00000255346,NOX5,protein_coding,Wang2016_CT,True,True,True,True,False,False
ENSG00000255359,ENSG00000255359,CCDC179,protein_coding,Chang2019_TGCT;Gong2021_reproductive_PC;daSilva2017_testis_biased,True,True,True,True,True,True
ENSG00000255378,ENSG00000255378,PRR23D2,protein_coding,daSilva2017_testis_biased,True,True,True,True,True,False
ENSG00000255388,ENSG00000255388,LINC02741,lncRNA,Gong2021_reproductive_ncRNA,True,True,False,False,False,False
ENSG00000255408,ENSG00000255408,PCDHA3,protein_coding,Bruggeman2018_GC,True,True,True,True,False,False
ENSG00000255411,ENSG00000255411,LINC02548,lncRNA,Gong2021_reproductive_ncRNA,True,True,False,False,False,False
ENSG00000255447,ENSG00000255447,ENSG00000255447,lncRNA,Gong2021_reproductive_ncRNA,True,True,False,False,False,False
ENSG00000255502,ENSG00000255502,LINC02713,lncRNA,Gong2021_reproductive_ncRNA,True,True,False,False,False,False
ENSG00000255529,ENSG00000255529,POLR2M,protein_coding,Bruggeman2018_GC,True,True,True,True,False,False
ENSG00000255553,ENSG00000255553,LINC02733,lncRNA,Gong2021_reproductive_ncRNA,True,True,False,False,False,False
ENSG00000255679,ENSG00000255679,JRKL-AS1,lncRNA,Gong2021_reproductive_ncRNA,True,True,False,False,False,False
ENSG00000255714,ENSG00000255714,LINC02460,lncRNA,Gong2021_reproductive_ncRNA,True,True,False,False,False,False
ENSG00000255814,ENSG00000255814,LINC02439,lncRNA,Gong2021_reproductive_ncRNA,True,True,False,False,False,False
ENSG00000255998,ENSG00000255998,LINC02824,lncRNA,Gong2021_reproductive_ncRNA,True,True,False,False,False,False
ENSG00000256022,ENSG00000256022,LINC02411,lncRNA,Gong2021_reproductive_ncRNA,True,True,False,False,False,False
ENSG00000256061,ENSG00000256061,DNAAF4,protein_coding,Jamin2021_CT,True,True,True,True,False,False
ENSG00000256115,ENSG00000256115,LINC02443,lncRNA,Gong2021_reproductive_ncRNA,True,True,False,False,False,False
ENSG00000256120,ENSG00000256120,SOX5-AS1,lncRNA,Gong2021_reproductive_ncRNA,True,True,False,False,False,False
ENSG00000256172,ENSG00000256172,LINC02420,lncRNA,Gong2021_reproductive_ncRNA,True,True,False,False,False,False
ENSG00000256223,ENSG00000256223,ZNF10,protein_coding,Jamin2021_CT,True,True,True,True,False,False
ENSG00000256286,ENSG00000256286,ENSG00000256286,lncRNA,Gong2021_reproductive_ncRNA,True,True,False,False,False,False
ENSG00000256292,ENSG00000256292,LINC02376,lncRNA,Gong2021_reproductive_ncRNA,True,True,False,False,False,False
ENSG00000256294,ENSG00000256294,ZNF225,protein_coding,Bruggeman2018_GC,True,True,True,True,False,False
ENSG00000256343,ENSG00000256343,RIMBP2-AS1,lncRNA,Gong2021_reproductive_ncRNA,True,True,False,False,False,False
ENSG00000256362,ENSG00000256362,LINC02375,lncRNA,Gong2021_reproductive_ncRNA,True,True,False,False,False,False
ENSG00000256389,ENSG00000256389,ENSG00000256389,lncRNA,Gong2021_reproductive_ncRNA,True,True,False,False,False,False
ENSG00000256453,ENSG00000256453,DND1,protein_coding,daSilva2017_CT;daSilva2017_testis_biased,True,True,True,True,False,False
ENSG00000256551,ENSG00000256551,LINC02369,lncRNA,Gong2021_reproductive_ncRNA,True,True,False,False,False,False
ENSG00000256560,ENSG00000256560,LINC01486,lncRNA,Gong2021_reproductive_ncRNA,True,True,False,False,False,False
ENSG00000256659,ENSG00000256659,LINC02368,lncRNA,Gong2021_reproductive_ncRNA,True,True,False,False,False,False
ENSG00000256660,ENSG00000256660,CLEC12B,protein_coding,Bruggeman2018_GC;Chang2019_TGCT;Wang2016_CT,True,True,True,True,False,False
ENSG00000256684,ENSG00000256684,LINC02737,lncRNA,Gong2021_reproductive_ncRNA,True,True,False,False,False,False
ENSG00000256699,ENSG00000256699,TMEM132D-AS2,lncRNA,Gong2021_reproductive_ncRNA,True,True,False,False,False,False
ENSG00000256750,ENSG00000256750,LINC02423,lncRNA,Gong2021_reproductive_ncRNA,True,True,False,False,False,False
ENSG00000256888,ENSG00000256888,LINC02366,lncRNA,Gong2021_reproductive_ncRNA,True,True,False,False,False,False
ENSG00000256906,ENSG00000256906,LINC02419,lncRNA,Gong2021_reproductive_ncRNA,True,True,False,False,False,False
ENSG00000256971,ENSG00000256971,LINC00508,lncRNA,Gong2021_reproductive_ncRNA,True,True,False,False,False,False
ENSG00000256980,ENSG00000256980,KHDC1L,protein_coding,Jamin2021_CT;Jamin2021_core,True,True,True,True,False,False
ENSG00000256994,ENSG00000256994,LINC02378,lncRNA,Gong2021_reproductive_ncRNA,True,True,False,False,False,False
ENSG00000257137,ENSG00000257137,LINC02874,lncRNA,Gong2021_reproductive_ncRNA;daSilva2017_testis_biased,True,True,False,False,False,False
ENSG00000257167,ENSG00000257167,TMPO-AS1,lncRNA,Bruggeman2018_GC,True,True,False,False,False,False
ENSG00000257218,ENSG00000257218,GATC,protein_coding,Bruggeman2018_GC,True,True,True,True,False,False
ENSG00000257407,ENSG00000257407,ENSG00000257407,lncRNA,Gong2021_reproductive_ncRNA,True,True,False,False,False,False
ENSG00000257476,ENSG00000257476,LINC02459,lncRNA,Gong2021_reproductive_ncRNA,True,True,False,False,False,False
ENSG00000257510,ENSG00000257510,LINC02402,lncRNA,Gong2021_reproductive_ncRNA,True,True,False,False,False,False
ENSG00000257523,ENSG00000257523,LINC02326,lncRNA,Gong2021_reproductive_ncRNA,True,True,False,False,False,False
ENSG00000257599,ENSG00000257599,OVCH1-AS1,lncRNA,Chang2019_TGCT,True,True,False,False,False,False
ENSG00000257612,ENSG00000257612,MIR4307HG,lncRNA,Gong2021_reproductive_ncRNA,True,True,False,False,False,False
ENSG00000257741,ENSG00000257741,LINC01490,lncRNA,Gong2021_reproductive_ncRNA,True,True,False,False,False,False
ENSG00000257746,ENSG00000257746,ENSG00000257746,lncRNA,Gong2021_reproductive_ncRNA,True,True,False,False,False,False
ENSG00000257748,ENSG00000257748,LINC02281,lncRNA,Gong2021_reproductive_ncRNA,True,True,False,False,False,False
ENSG00000257750,ENSG00000257750,LINC02445,lncRNA,Gong2021_reproductive_ncRNA,True,True,False,False,False,False
ENSG00000257756,ENSG00000257756,LINC02386,lncRNA,Gong2021_reproductive_ncRNA,True,True,False,False,False,False
ENSG00000257762,ENSG00000257762,LINC02401,lncRNA,Gong2021_reproductive_ncRNA,True,True,False,False,False,False
ENSG00000257784,ENSG00000257784,LINC02400,lncRNA,Gong2021_reproductive_ncRNA,True,True,False,False,False,False
ENSG00000257787,ENSG00000257787,ENSG00000257787,lncRNA,Gong2021_reproductive_ncRNA,True,True,False,False,False,False
ENSG00000257802,ENSG00000257802,MRS2P2,processed_pseudogene,Bruggeman2018_GC,True,True,False,False,False,False
ENSG00000257860,ENSG00000257860,C12orf42-AS1,lncRNA,Chang2019_TGCT;Gong2021_reproductive_ncRNA,True,True,False,False,False,False
ENSG00000257906,ENSG00000257906,LINC02156,lncRNA,Gong2021_reproductive_ncRNA,True,True,False,False,False,False
ENSG00000257932,ENSG00000257932,ENSG00000257932,lncRNA,Gong2021_reproductive_ncRNA,True,True,False,False,False,False
ENSG00000257948,ENSG00000257948,ENSG00000257948,lncRNA,Gong2021_reproductive_ncRNA,True,True,False,False,False,False
ENSG00000257987,ENSG00000257987,SPMIP11,protein_coding,Chang2019_TGCT;Gong2021_reproductive_PC,True,True,True,True,True,True
ENSG00000257997,ENSG00000257997,ENSG00000257997,lncRNA,Gong2021_reproductive_ncRNA,True,True,False,False,False,False
ENSG00000258038,ENSG00000258038,LINC02327,lncRNA,Gong2021_placenta_ncRNA;Gong2021_reproductive_ncRNA,True,True,False,False,False,False
ENSG00000258066,ENSG00000258066,ENSG00000258066,lncRNA,Gong2021_reproductive_ncRNA,True,True,False,False,False,False
ENSG00000258084,ENSG00000258084,ENSG00000258084,lncRNA,Gong2021_reproductive_ncRNA,True,True,False,False,False,False
ENSG00000258098,ENSG00000258098,LINC02286,lncRNA,Gong2021_reproductive_ncRNA,True,True,False,False,False,False
ENSG00000258135,ENSG00000258135,LINC02396,lncRNA,Gong2021_reproductive_ncRNA,True,True,False,False,False,False
ENSG00000258203,ENSG00000258203,ENSG00000258203,lncRNA,Gong2021_reproductive_ncRNA,True,True,False,False,False,False
ENSG00000258220,ENSG00000258220,LINC02424,lncRNA,Gong2021_reproductive_ncRNA,True,True,False,False,False,False
ENSG00000258223,ENSG00000258223,PRSS58,protein_coding,Chang2019_TGCT;Gong2021_reproductive_PC;Wang2016_CT;daSilva2017_testis_biased,True,True,True,True,True,True
ENSG00000258254,ENSG00000258254,ENSG00000258254,lncRNA,Gong2021_reproductive_ncRNA,True,True,False,False,False,False
ENSG00000258256,ENSG00000258256,ENSG00000258256,lncRNA,Chang2019_TGCT,True,True,False,False,False,False
ENSG00000258285,ENSG00000258285,TESC-AS1,lncRNA,Gong2021_reproductive_ncRNA,True,True,False,False,False,False
ENSG00000258289,ENSG00000258289,CHURC1,protein_coding,Bruggeman2018_GC,True,True,True,True,False,False
ENSG00000258332,ENSG00000258332,LINC02394,lncRNA,Gong2021_reproductive_ncRNA,True,True,False,False,False,False
ENSG00000258366,ENSG00000258366,RTEL1,protein_coding,Bruggeman2018_GC,True,True,True,True,False,False
ENSG00000258390,ENSG00000258390,LINC02318,lncRNA,Gong2021_reproductive_ncRNA,True,True,False,False,False,False
ENSG00000258405,ENSG00000258405,ZNF578,protein_coding,Bruggeman2018_GC,True,True,True,True,False,False
ENSG00000258413,ENSG00000258413,FBXO34-AS1,lncRNA,Gong2021_reproductive_ncRNA,True,True,False,False,False,False
ENSG00000258426,ENSG00000258426,ENSG00000258426,lncRNA,Gong2021_reproductive_ncRNA,True,True,False,False,False,False
ENSG00000258435,ENSG00000258435,ENSG00000258435,lncRNA,Gong2021_reproductive_ncRNA,True,True,False,False,False,False
ENSG00000258436,ENSG00000258436,RNASE12,protein_coding,Gong2021_placenta_PC;Gong2021_reproductive_PC;daSilva2017_CT;daSilva2017_testis_biased,True,True,True,True,False,False
ENSG00000258487,ENSG00000258487,LINC02277,lncRNA,Gong2021_reproductive_ncRNA,True,True,False,False,False,False
ENSG00000258502,ENSG00000258502,LINC02290,lncRNA,Gong2021_reproductive_ncRNA,True,True,False,False,False,False
ENSG00000258516,ENSG00000258516,ENSG00000258516,lncRNA,Gong2021_reproductive_ncRNA,True,True,False,False,False,False
ENSG00000258526,ENSG00000258526,ENSG00000258526,lncRNA,Gong2021_reproductive_ncRNA,True,True,False,False,False,False
ENSG00000258532,ENSG00000258532,LINC02305,lncRNA,Gong2021_reproductive_ncRNA,True,True,False,False,False,False
ENSG00000258538,ENSG00000258538,KCNK10-AS1,lncRNA,Gong2021_reproductive_ncRNA,True,True,False,False,False,False
ENSG00000258556,ENSG00000258556,LINC02322,lncRNA,Gong2021_reproductive_ncRNA,True,True,False,False,False,False
ENSG00000258583,ENSG00000258583,LINC01500,lncRNA,Gong2021_reproductive_ncRNA,True,True,False,False,False,False
ENSG00000258584,ENSG00000258584,FAM181A-AS1,lncRNA,Loriot2025_S2,True,True,False,False,False,False
ENSG00000258597,ENSG00000258597,SERPINA2,protein_coding,daSilva2017_testis_biased,True,True,True,True,False,False
ENSG00000258630,ENSG00000258630,LINC02292,lncRNA,Gong2021_reproductive_ncRNA,True,True,False,False,False,False
ENSG00000258678,ENSG00000258678,LINC02317,lncRNA,Gong2021_reproductive_ncRNA,True,True,False,False,False,False
ENSG00000258701,ENSG00000258701,VESTAR,lncRNA,Bruggeman2018_GC,True,True,False,False,False,False
ENSG00000258710,ENSG00000258710,LINC01193,lncRNA,Gong2021_reproductive_ncRNA;Loriot2025_S1,True,True,False,False,False,False
ENSG00000258713,ENSG00000258713,C20orf141,protein_coding,CTexploreR_CTP;Chang2019_TGCT;Gong2021_reproductive_PC;Loriot2025_S2;Wang2016_CT;daSilva2017;daSilva2017_CT;daSilva2017_testis_biased,True,True,True,True,True,True
ENSG00000258718,ENSG00000258718,LINC02311,lncRNA,Gong2021_reproductive_ncRNA,True,True,False,False,False,False
ENSG00000258742,ENSG00000258742,LINC02833,lncRNA,Gong2021_reproductive_ncRNA,True,True,False,False,False,False
ENSG00000258779,ENSG00000258779,LOHAN2,lncRNA,Gong2021_reproductive_ncRNA,True,True,False,False,False,False
ENSG00000258815,ENSG00000258815,LINC02820,lncRNA,Gong2021_placenta_ncRNA;Gong2021_reproductive_ncRNA,True,True,False,False,False,False
ENSG00000258826,ENSG00000258826,LINC01147,lncRNA,Gong2021_reproductive_ncRNA,True,True,False,False,False,False
ENSG00000258909,ENSG00000258909,ENSG00000258909,lncRNA,Gong2021_reproductive_ncRNA,True,True,False,False,False,False
ENSG00000258912,ENSG00000258912,LINC02316,lncRNA,Gong2021_reproductive_ncRNA,True,True,False,False,False,False
ENSG00000258928,ENSG00000258928,ENSG00000258928,lncRNA,Chang2019_TGCT,True,True,False,False,False,False
ENSG00000258969,ENSG00000258969,LINC02307,lncRNA,Gong2021_placenta_ncRNA;Gong2021_reproductive_ncRNA,True,True,False,False,False,False
ENSG00000258975,ENSG00000258975,ENSG00000258975,lncRNA,Gong2021_reproductive_ncRNA,True,True,False,False,False,False
ENSG00000258977,ENSG00000258977,LINC01467,lncRNA,Gong2021_reproductive_ncRNA,True,True,False,False,False,False
ENSG00000258992,ENSG00000258992,TSPY1,protein_coding,CTexploreR_CT;CTpedia;Chang2019_TGCT;Gong2021_reproductive_PC;Loriot2025_S1;Wang2016_CT;daSilva2017;daSilva2017_testis_biased,True,True,True,True,True,True
ENSG00000258994,ENSG00000258994,LINC02309,lncRNA,Gong2021_reproductive_ncRNA,True,True,False,False,False,False
ENSG00000259011,ENSG00000259011,ATP10A-DT,lncRNA,Gong2021_reproductive_ncRNA,True,True,False,False,False,False
ENSG00000259035,ENSG00000259035,ENSG00000259035,lncRNA,Gong2021_reproductive_ncRNA,True,True,False,False,False,False
ENSG00000259060,ENSG00000259060,ENSG00000259060,protein_coding,Wang2016_CT,True,True,True,True,False,False
ENSG00000259082,ENSG00000259082,LINC02314,lncRNA,Gong2021_reproductive_ncRNA,True,True,False,False,False,False
ENSG00000259107,ENSG00000259107,LINC00911,lncRNA,Gong2021_reproductive_ncRNA,True,True,False,False,False,False
ENSG00000259149,ENSG00000259149,ENSG00000259149,lncRNA,Gong2021_reproductive_ncRNA,True,True,False,False,False,False
ENSG00000259150,ENSG00000259150,LINC00929,lncRNA,Gong2021_reproductive_ncRNA,True,True,False,False,False,False
ENSG00000259170,ENSG00000259170,ENSG00000259170,lncRNA,Gong2021_reproductive_ncRNA,True,True,False,False,False,False
ENSG00000259224,ENSG00000259224,SLC35G6,protein_coding,Carter2023_CT,True,True,True,True,True,True
ENSG00000259245,ENSG00000259245,LINC02853,lncRNA,Gong2021_reproductive_ncRNA,True,True,False,False,False,False
ENSG00000259256,ENSG00000259256,LINC01895,lncRNA,Gong2021_reproductive_ncRNA,True,True,False,False,False,False
ENSG00000259267,ENSG00000259267,LINC02622,lncRNA,Gong2021_reproductive_ncRNA,True,True,False,False,False,False
ENSG00000259269,ENSG00000259269,ENSG00000259269,lncRNA,Gong2021_reproductive_ncRNA,True,True,False,False,False,False
ENSG00000259316,ENSG00000259316,ENSG00000259316,protein_coding,Chang2019_TGCT,True,True,True,True,False,False
ENSG00000259320,ENSG00000259320,ENSG00000259320,lncRNA,Gong2021_reproductive_ncRNA,True,True,False,False,False,False
ENSG00000259349,ENSG00000259349,APPBP2-DT,lncRNA,Loriot2025_S2,True,True,False,False,False,False
ENSG00000259361,ENSG00000259361,LINC00927,lncRNA,Gong2021_reproductive_ncRNA,True,True,False,False,False,False
ENSG00000259365,ENSG00000259365,ENSG00000259365,lncRNA,Gong2021_reproductive_ncRNA,True,True,False,False,False,False
ENSG00000259380,ENSG00000259380,LINC02895,lncRNA,Gong2021_placenta_ncRNA;Gong2021_reproductive_ncRNA,True,True,False,False,False,False
ENSG00000259390,ENSG00000259390,ENSG00000259390,lncRNA,Gong2021_reproductive_ncRNA,True,True,False,False,False,False
ENSG00000259403,ENSG00000259403,ENSG00000259403,lncRNA,Gong2021_reproductive_ncRNA,True,True,False,False,False,False
ENSG00000259447,ENSG00000259447,ENSG00000259447,lncRNA,Gong2021_reproductive_ncRNA,True,True,False,False,False,False
ENSG00000259571,ENSG00000259571,BLID,protein_coding,Gong2021_placenta_PC;Gong2021_reproductive_PC,True,True,True,True,True,False
ENSG00000259572,ENSG00000259572,LINC01491,lncRNA,Gong2021_reproductive_ncRNA,True,True,False,False,False,False
ENSG00000259611,ENSG00000259611,LINC01582,lncRNA,Gong2021_reproductive_ncRNA,True,True,False,False,False,False
ENSG00000259697,ENSG00000259697,ENSG00000259697,lncRNA,Gong2021_reproductive_ncRNA,True,True,False,False,False,False
ENSG00000259783,ENSG00000259783,LINC02259,lncRNA,Gong2021_reproductive_ncRNA,True,True,False,False,False,False
ENSG00000259786,ENSG00000259786,LINC02109,lncRNA,Gong2021_reproductive_ncRNA,True,True,False,False,False,False
ENSG00000259789,ENSG00000259789,ENSG00000259789,lncRNA,Gong2021_reproductive_ncRNA,True,True,False,False,False,False
ENSG00000259817,ENSG00000259817,ENSG00000259817,lncRNA,Gong2021_reproductive_ncRNA,True,True,False,False,False,False
ENSG00000259831,ENSG00000259831,LINC00567,lncRNA,Gong2021_reproductive_ncRNA,True,True,False,False,False,False
ENSG00000259841,ENSG00000259841,LINC01566,lncRNA,Gong2021_reproductive_ncRNA,True,True,False,False,False,False
ENSG00000259847,ENSG00000259847,LINC02126,lncRNA,Gong2021_reproductive_ncRNA,True,True,False,False,False,False
ENSG00000259870,ENSG00000259870,ENSG00000259870,lncRNA,Gong2021_reproductive_ncRNA,True,True,False,False,False,False
ENSG00000259878,ENSG00000259878,ENSG00000259878,lncRNA,Gong2021_reproductive_ncRNA,True,True,False,False,False,False
ENSG00000259907,ENSG00000259907,ENSG00000259907,lncRNA,Gong2021_reproductive_ncRNA,True,True,False,False,False,False
ENSG00000259912,ENSG00000259912,ENSG00000259912,lncRNA,Gong2021_reproductive_ncRNA,True,True,False,False,False,False
ENSG00000259928,ENSG00000259928,ENSG00000259928,lncRNA,Gong2021_reproductive_ncRNA,True,True,False,False,False,False
ENSG00000260026,ENSG00000260026,LINC02189,lncRNA,Gong2021_reproductive_ncRNA,True,True,False,False,False,False
ENSG00000260041,ENSG00000260041,ENSG00000260041,lncRNA,Gong2021_reproductive_ncRNA,True,True,False,False,False,False
ENSG00000260072,ENSG00000260072,CTD-2313J23.1,lncRNA,Gong2021_placenta_ncRNA;Gong2021_reproductive_ncRNA,True,True,False,False,False,False
ENSG00000260073,ENSG00000260073,ENSG00000260073,lncRNA,Gong2021_reproductive_ncRNA,True,True,False,False,False,False
ENSG00000260094,ENSG00000260094,LINC00564,lncRNA,Gong2021_reproductive_ncRNA,True,True,False,False,False,False
ENSG00000260172,ENSG00000260172,LINC01413,lncRNA,Gong2021_reproductive_ncRNA;Loriot2025_S1,True,True,False,False,False,False
ENSG00000260202,ENSG00000260202,ENSG00000260202,lncRNA,Gong2021_reproductive_ncRNA,True,True,False,False,False,False
ENSG00000260223,ENSG00000260223,ENSG00000260223,lncRNA,Gong2021_reproductive_ncRNA,True,True,False,False,False,False
ENSG00000260239,ENSG00000260239,LINC02533,lncRNA,Gong2021_placenta_ncRNA;Gong2021_reproductive_ncRNA,True,True,False,False,False,False
ENSG00000260264,ENSG00000260264,LINC02194,lncRNA,Gong2021_reproductive_ncRNA,True,True,False,False,False,False
ENSG00000260268,ENSG00000260268,LINC00919,lncRNA,Gong2021_reproductive_ncRNA,True,True,False,False,False,False
ENSG00000260286,ENSG00000260286,ARMH2,protein_coding,Chang2019_TGCT,True,True,True,True,True,True
ENSG00000260287,ENSG00000260287,TBC1D3G,protein_coding,daSilva2017_testis_biased,True,True,True,True,False,False
ENSG00000260305,ENSG00000260305,NTRK3-AS1,lncRNA,Gong2021_reproductive_ncRNA,True,True,False,False,False,False
ENSG00000260343,ENSG00000260343,LINC01043,lncRNA,Gong2021_reproductive_ncRNA,True,True,False,False,False,False
ENSG00000260417,ENSG00000260417,CTD-2542L18.1,lncRNA,Gong2021_placenta_ncRNA;Gong2021_reproductive_ncRNA,True,True,False,False,False,False
ENSG00000260422,ENSG00000260422,ENSG00000260422,lncRNA,Gong2021_reproductive_ncRNA,True,True,False,False,False,False
ENSG00000260433,ENSG00000260433,LINC01917,lncRNA,Gong2021_reproductive_ncRNA,True,True,False,False,False,False
ENSG00000260456,ENSG00000260456,C16orf95,protein_coding,Chang2019_TGCT,True,True,True,True,False,False
ENSG00000260469,ENSG00000260469,INSYN1-AS1,lncRNA,Loriot2025_S2,True,True,False,False,False,False
ENSG00000260478,ENSG00000260478,ENSG00000260478,lncRNA,Gong2021_reproductive_ncRNA,True,True,False,False,False,False
ENSG00000260551,ENSG00000260551,PWRN2,lncRNA,Gong2021_reproductive_ncRNA,True,True,False,False,False,False
ENSG00000260564,ENSG00000260564,ENSG00000260564,lncRNA,Gong2021_reproductive_ncRNA,True,True,False,False,False,False
ENSG00000260573,ENSG00000260573,ENSG00000260573,lncRNA,Gong2021_reproductive_ncRNA,True,True,False,False,False,False
ENSG00000260596,ENSG00000260596,DUX4,protein_coding,daSilva2017_testis_biased,True,True,True,True,True,False
ENSG00000260710,ENSG00000260710,UBE2I-AS1,lncRNA,Gong2021_placenta_ncRNA;Gong2021_reproductive_ncRNA,True,True,False,False,False,False
ENSG00000260734,ENSG00000260734,TLE7,protein_coding,Gong2021_reproductive_PC,True,True,True,True,True,False
ENSG00000260737,ENSG00000260737,LINC01227,lncRNA,Gong2021_reproductive_ncRNA,True,True,False,False,False,False
ENSG00000260756,ENSG00000260756,ENSG00000260756,lncRNA,Gong2021_reproductive_ncRNA,True,True,False,False,False,False
ENSG00000260777,ENSG00000260777,ENSG00000260777,lncRNA,Gong2021_reproductive_ncRNA,True,True,False,False,False,False
ENSG00000260785,ENSG00000260785,CASC17,lncRNA,Gong2021_reproductive_ncRNA,True,True,False,False,False,False
ENSG00000260852,ENSG00000260852,FBXL19-AS1,lncRNA,Bruggeman2018_GC,True,True,False,False,False,False
ENSG00000260854,ENSG00000260854,LINC02184,lncRNA,Gong2021_reproductive_ncRNA,True,True,False,False,False,False
ENSG00000260857,ENSG00000260857,ENSG00000260857,lncRNA,Gong2021_reproductive_ncRNA,True,True,False,False,False,False
ENSG00000260887,ENSG00000260887,CASC22,lncRNA,Gong2021_reproductive_ncRNA,True,True,False,False,False,False
ENSG00000260907,ENSG00000260907,ENSG00000260907,lncRNA,Gong2021_reproductive_ncRNA,True,True,False,False,False,False
ENSG00000260937,ENSG00000260937,ENSG00000260937,lncRNA,Gong2021_reproductive_ncRNA,True,True,False,False,False,False
ENSG00000260995,ENSG00000260995,ENSG00000260995,lncRNA,Gong2021_reproductive_ncRNA,True,True,False,False,False,False
ENSG00000261014,ENSG00000261014,LINC02165,lncRNA,Gong2021_reproductive_ncRNA,True,True,False,False,False,False
ENSG00000261024,ENSG00000261024,ENSG00000261024,transcribed_processed_pseudogene,Gong2021_reproductive_ncRNA,True,True,False,False,False,False
ENSG00000261038,ENSG00000261038,ENSG00000261038,lncRNA,Gong2021_reproductive_ncRNA,True,True,False,False,False,False
ENSG00000261080,ENSG00000261080,RUNX2-AS1,lncRNA,Gong2021_reproductive_ncRNA,True,True,False,False,False,False
ENSG00000261154,ENSG00000261154,LINC02131,lncRNA,Gong2021_reproductive_ncRNA,True,True,False,False,False,False
ENSG00000261156,ENSG00000261156,LINC01989,lncRNA,Gong2021_reproductive_ncRNA,True,True,False,False,False,False
ENSG00000261166,ENSG00000261166,ENSG00000261166,lncRNA,Gong2021_reproductive_ncRNA,True,True,False,False,False,False
ENSG00000261177,ENSG00000261177,ENSG00000261177,lncRNA,Gong2021_reproductive_ncRNA,True,True,False,False,False,False
ENSG00000261194,ENSG00000261194,LINC01898,lncRNA,Gong2021_reproductive_ncRNA,True,True,False,False,False,False
ENSG00000261260,ENSG00000261260,ENSG00000261260,lncRNA,Gong2021_reproductive_ncRNA,True,True,False,False,False,False
ENSG00000261261,ENSG00000261261,ENSG00000261261,lncRNA,Gong2021_reproductive_ncRNA,True,True,False,False,False,False
ENSG00000261275,ENSG00000261275,ENSG00000261275,lncRNA,Gong2021_reproductive_ncRNA,True,True,False,False,False,False
ENSG00000261296,ENSG00000261296,ENSG00000261296,lncRNA,Gong2021_reproductive_ncRNA,True,True,False,False,False,False
ENSG00000261313,ENSG00000261313,ENSG00000261313,lncRNA,Gong2021_reproductive_ncRNA,True,True,False,False,False,False
ENSG00000261319,ENSG00000261319,LINC02152,lncRNA,Gong2021_reproductive_ncRNA,True,True,False,False,False,False
ENSG00000261341,ENSG00000261341,SMIM47,protein_coding,Gong2021_reproductive_PC,True,True,True,True,False,False
ENSG00000261368,ENSG00000261368,ENSG00000261368,lncRNA,Gong2021_reproductive_ncRNA,True,True,False,False,False,False
ENSG00000261398,ENSG00000261398,ENSG00000261398,lncRNA,Gong2021_reproductive_ncRNA,True,True,False,False,False,False
ENSG00000261400,ENSG00000261400,ENSG00000261400,lncRNA,Gong2021_reproductive_ncRNA,True,True,False,False,False,False
ENSG00000261403,ENSG00000261403,ENSG00000261403,lncRNA,Gong2021_reproductive_ncRNA,True,True,False,False,False,False
ENSG00000261436,ENSG00000261436,ENSG00000261436,lncRNA,Gong2021_reproductive_ncRNA,True,True,False,False,False,False
ENSG00000261441,ENSG00000261441,POLG-DT,lncRNA,Loriot2025_S2,True,True,False,False,False,False
ENSG00000261446,ENSG00000261446,LINC00559,lncRNA,Gong2021_reproductive_ncRNA,True,True,False,False,False,False
ENSG00000261466,ENSG00000261466,ENSG00000261466,lncRNA,Gong2021_reproductive_ncRNA,True,True,False,False,False,False
ENSG00000261475,ENSG00000261475,LINC02190,lncRNA,Gong2021_reproductive_ncRNA,True,True,False,False,False,False
ENSG00000261509,ENSG00000261509,TP53TG3B,protein_coding,Wang2016_CT;daSilva2017_CT;daSilva2017_testis_biased,True,True,True,True,False,False
ENSG00000261514,ENSG00000261514,LINC01976,lncRNA,Chang2019_TGCT,True,True,False,False,False,False
ENSG00000261558,ENSG00000261558,LINC01859,lncRNA,Gong2021_reproductive_ncRNA,True,True,False,False,False,False
ENSG00000261614,ENSG00000261614,YBX3P1,transcribed_processed_pseudogene,Bruggeman2018_GC,True,True,False,False,False,False
ENSG00000261636,ENSG00000261636,LINC02191,lncRNA,Gong2021_reproductive_ncRNA,True,True,False,False,False,False
ENSG00000261637,ENSG00000261637,LINC02127,lncRNA,Gong2021_reproductive_ncRNA,True,True,False,False,False,False
ENSG00000261638,ENSG00000261638,ENSG00000261638,lncRNA,Gong2021_reproductive_ncRNA,True,True,False,False,False,False
ENSG00000261649,ENSG00000261649,GOLGA6L7,protein_coding,CTexploreR_CT;Carter2023_CT;Gong2021_reproductive_PC;Loriot2025_S1,True,True,True,True,True,True
ENSG00000261683,ENSG00000261683,LINC00838,lncRNA,Gong2021_reproductive_ncRNA,True,True,False,False,False,False
ENSG00000261703,ENSG00000261703,LINC02168,lncRNA,Gong2021_reproductive_ncRNA,True,True,False,False,False,False
ENSG00000261738,ENSG00000261738,MIR3976HG,lncRNA,Gong2021_reproductive_ncRNA,True,True,False,False,False,False
ENSG00000261739,ENSG00000261739,GOLGA8S,protein_coding,Gong2021_reproductive_PC,True,True,True,True,True,False
ENSG00000261749,ENSG00000261749,LINC02180,lncRNA,Gong2021_reproductive_ncRNA,True,True,False,False,False,False
ENSG00000261754,ENSG00000261754,ENSG00000261754,lncRNA,Gong2021_reproductive_ncRNA,True,True,False,False,False,False
ENSG00000261800,ENSG00000261800,ENSG00000261800,lncRNA,Gong2021_reproductive_ncRNA,True,True,False,False,False,False
ENSG00000261803,ENSG00000261803,LINC02140,lncRNA,Gong2021_reproductive_ncRNA,True,True,False,False,False,False
ENSG00000261811,ENSG00000261811,LINC02164,lncRNA,Gong2021_reproductive_ncRNA,True,True,False,False,False,False
ENSG00000261824,ENSG00000261824,LINC00662,lncRNA,Bruggeman2018_GC,True,True,False,False,False,False
ENSG00000261831,ENSG00000261831,ENSG00000261831,lncRNA,Gong2021_reproductive_ncRNA,True,True,False,False,False,False
ENSG00000261856,ENSG00000261856,LINC02186,lncRNA,Gong2021_reproductive_ncRNA,True,True,False,False,False,False
ENSG00000261873,ENSG00000261873,SMIM36,protein_coding,Gong2021_reproductive_PC,True,True,True,True,False,False
ENSG00000261949,ENSG00000261949,GFY,protein_coding,CTexploreR_CT;Loriot2025_S1,True,True,True,True,True,True
ENSG00000262079,ENSG00000262079,RP11-515O17.3,lncRNA,Gong2021_placenta_ncRNA;Gong2021_reproductive_ncRNA,True,True,False,False,False,False
ENSG00000262094,ENSG00000262094,AC139099.5,lncRNA,Gong2021_placenta_ncRNA;Gong2021_reproductive_ncRNA,True,True,False,False,False,False
ENSG00000262117,ENSG00000262117,BCAR4,lncRNA,Gong2021_placenta_ncRNA;Gong2021_reproductive_ncRNA,True,True,False,False,False,False
ENSG00000262246,ENSG00000262246,CORO7,protein_coding,Bruggeman2018_GC,True,True,True,True,False,False
ENSG00000262352,ENSG00000262352,LINC02564,lncRNA,Gong2021_reproductive_ncRNA,True,True,False,False,False,False
ENSG00000262576,ENSG00000262576,PCDHGA4,protein_coding,Bruggeman2018_GC,True,True,True,True,False,False
ENSG00000262874,ENSG00000262874,C19orf84,protein_coding,Chang2019_TGCT;Gong2021_reproductive_PC;daSilva2017_testis_biased,True,True,True,True,False,False
ENSG00000263110,ENSG00000263110,ENSG00000263110,lncRNA,Gong2021_reproductive_ncRNA,True,True,False,False,False,False
ENSG00000263382,ENSG00000263382,ENSG00000263382,lncRNA,Gong2021_reproductive_ncRNA,True,True,False,False,False,False
ENSG00000263438,ENSG00000263438,LINC01919,lncRNA,Gong2021_reproductive_ncRNA,True,True,False,False,False,False
ENSG00000263594,ENSG00000263594,ENSG00000263594,lncRNA,Gong2021_reproductive_ncRNA,True,True,False,False,False,False
ENSG00000263609,ENSG00000263609,LINC02002,lncRNA,Gong2021_reproductive_ncRNA,True,True,False,False,False,False
ENSG00000263711,ENSG00000263711,LINC02864,lncRNA,Loriot2025_S1,True,True,False,False,False,False
ENSG00000264151,ENSG00000264151,ENSG00000264151,lncRNA,Gong2021_reproductive_ncRNA,True,True,False,False,False,False
ENSG00000264262,ENSG00000264262,ENSG00000264262,lncRNA,Gong2021_reproductive_ncRNA,True,True,False,False,False,False
ENSG00000264265,ENSG00000264265,LINC01925,lncRNA,Gong2021_reproductive_ncRNA,True,True,False,False,False,False
ENSG00000264422,ENSG00000264422,ENSG00000264422,lncRNA,Gong2021_reproductive_ncRNA,True,True,False,False,False,False
ENSG00000264488,ENSG00000264488,ENSG00000264488,lncRNA,Gong2021_reproductive_ncRNA,True,True,False,False,False,False
ENSG00000264622,ENSG00000264622,ENSG00000264622,lncRNA,Gong2021_reproductive_ncRNA,True,True,False,False,False,False
ENSG00000264699,ENSG00000264699,LINC01912,lncRNA,Gong2021_reproductive_ncRNA,True,True,False,False,False,False
ENSG00000264765,ENSG00000264765,ENSG00000264765,lncRNA,Gong2021_reproductive_ncRNA,True,True,False,False,False,False
ENSG00000264876,ENSG00000264876,ENSG00000264876,lncRNA,Gong2021_reproductive_ncRNA,True,True,False,False,False,False
ENSG00000264956,ENSG00000264956,ENSG00000264956,lncRNA,Gong2021_reproductive_ncRNA,True,True,False,False,False,False
ENSG00000264990,ENSG00000264990,ENSG00000264990,lncRNA,Gong2021_reproductive_ncRNA,True,True,False,False,False,False
ENSG00000265101,ENSG00000265101,ENSG00000265101,lncRNA,Gong2021_reproductive_ncRNA,True,True,False,False,False,False
ENSG00000265163,ENSG00000265163,CDRT8,lncRNA,Gong2021_reproductive_ncRNA,True,True,False,False,False,False
ENSG00000265352,ENSG00000265352,LINC01899,lncRNA,Gong2021_reproductive_ncRNA,True,True,False,False,False,False
ENSG00000265484,ENSG00000265484,ENSG00000265484,lncRNA,Gong2021_reproductive_ncRNA,True,True,False,False,False,False
ENSG00000265514,ENSG00000265514,LINC01892,lncRNA,Gong2021_reproductive_ncRNA,True,True,False,False,False,False
ENSG00000265547,ENSG00000265547,ENSG00000265547,lncRNA,Gong2021_reproductive_ncRNA,True,True,False,False,False,False
ENSG00000265644,ENSG00000265644,ENSG00000265644,lncRNA,Gong2021_reproductive_ncRNA,True,True,False,False,False,False
ENSG00000265692,ENSG00000265692,LINC01970,lncRNA,Loriot2025_S2,True,True,False,False,False,False
ENSG00000265786,ENSG00000265786,LINC01906,lncRNA,Gong2021_reproductive_ncRNA,True,True,False,False,False,False
ENSG00000265788,ENSG00000265788,NOS2P1,transcribed_unprocessed_pseudogene,Gong2021_reproductive_ncRNA,True,True,False,False,False,False
ENSG00000265843,ENSG00000265843,LINC01029,lncRNA,Gong2021_reproductive_ncRNA,True,True,False,False,False,False
ENSG00000265933,ENSG00000265933,LINC00668,lncRNA,Loriot2025_S2,True,True,False,False,False,False
ENSG00000265935,ENSG00000265935,ENSG00000265935,lncRNA,Gong2021_reproductive_ncRNA,True,True,False,False,False,False
ENSG00000266013,ENSG00000266013,LINC02079,lncRNA,Gong2021_reproductive_ncRNA,True,True,False,False,False,False
ENSG00000266014,ENSG00000266014,ENSG00000266014,lncRNA,Gong2021_reproductive_ncRNA,True,True,False,False,False,False
ENSG00000266273,ENSG00000266273,ENSG00000266273,lncRNA,Gong2021_reproductive_ncRNA,True,True,False,False,False,False
ENSG00000266290,ENSG00000266290,DYNLL2-DT,lncRNA,Gong2021_reproductive_ncRNA,True,True,False,False,False,False
ENSG00000266357,ENSG00000266357,LINC02074,lncRNA,Gong2021_reproductive_ncRNA,True,True,False,False,False,False
ENSG00000266774,ENSG00000266774,ENSG00000266774,lncRNA,Gong2021_reproductive_ncRNA,True,True,False,False,False,False
ENSG00000266826,ENSG00000266826,IGBP1C,protein_coding,Gong2021_reproductive_PC,True,True,True,True,True,False
ENSG00000266830,ENSG00000266830,CTD-2008P7.8,lncRNA,Gong2021_placenta_ncRNA;Gong2021_reproductive_ncRNA,True,True,False,False,False,False
ENSG00000266950,ENSG00000266950,ENSG00000266950,lncRNA,Gong2021_reproductive_ncRNA,True,True,False,False,False,False
ENSG00000266977,ENSG00000266977,ENSG00000266977,lncRNA,Gong2021_reproductive_ncRNA,True,True,False,False,False,False
ENSG00000266979,ENSG00000266979,LINC01180,lncRNA,Gong2021_reproductive_ncRNA,True,True,False,False,False,False
ENSG00000266985,ENSG00000266985,ENSG00000266985,lncRNA,Gong2021_reproductive_ncRNA,True,True,False,False,False,False
ENSG00000267051,ENSG00000267051,ENSG00000267051,lncRNA,Gong2021_reproductive_ncRNA,True,True,False,False,False,False
ENSG00000267057,ENSG00000267057,LINC01905,lncRNA,Gong2021_reproductive_ncRNA,True,True,False,False,False,False
ENSG00000267204,ENSG00000267204,LINC01782,lncRNA,Gong2021_reproductive_ncRNA,True,True,False,False,False,False
ENSG00000267215,ENSG00000267215,ENSG00000267215,lncRNA,Gong2021_reproductive_ncRNA,True,True,False,False,False,False
ENSG00000267252,ENSG00000267252,LINC01255,lncRNA,Gong2021_reproductive_ncRNA,True,True,False,False,False,False
ENSG00000267284,ENSG00000267284,RP11-397A16.1,lncRNA,Gong2021_placenta_ncRNA;Gong2021_reproductive_ncRNA,True,True,False,False,False,False
ENSG00000267308,ENSG00000267308,UCA1-AS1,lncRNA,Gong2021_reproductive_ncRNA,True,True,False,False,False,False
ENSG00000267337,ENSG00000267337,LINC01478,lncRNA,Gong2021_reproductive_ncRNA,True,True,False,False,False,False
ENSG00000267338,ENSG00000267338,KB-7G2.9,lncRNA,Gong2021_placenta_ncRNA;Gong2021_reproductive_ncRNA,True,True,False,False,False,False
ENSG00000267339,ENSG00000267339,LINC00906,lncRNA,Gong2021_reproductive_ncRNA,True,True,False,False,False,False
ENSG00000267401,ENSG00000267401,ENSG00000267401,lncRNA,Gong2021_reproductive_ncRNA,True,True,False,False,False,False
ENSG00000267407,ENSG00000267407,LINC02841,lncRNA,Gong2021_reproductive_ncRNA,True,True,False,False,False,False
ENSG00000267465,ENSG00000267465,LINC03103,lncRNA,Gong2021_reproductive_ncRNA;daSilva2017_testis_biased,True,True,False,False,False,False
ENSG00000267489,ENSG00000267489,LINC01837,lncRNA,Gong2021_reproductive_ncRNA,True,True,False,False,False,False
ENSG00000267559,ENSG00000267559,ENSG00000267559,lncRNA,Gong2021_reproductive_ncRNA,True,True,False,False,False,False
ENSG00000267564,ENSG00000267564,ENSG00000267564,lncRNA,Gong2021_reproductive_ncRNA,True,True,False,False,False,False
ENSG00000267567,ENSG00000267567,ENSG00000267567,lncRNA,Gong2021_reproductive_ncRNA,True,True,False,False,False,False
ENSG00000267574,ENSG00000267574,ENSG00000267574,lncRNA,Gong2021_reproductive_ncRNA,True,True,False,False,False,False
ENSG00000267617,ENSG00000267617,ENSG00000267617,lncRNA,Gong2021_reproductive_ncRNA,True,True,False,False,False,False
ENSG00000267626,ENSG00000267626,HAUS5-DT,lncRNA,Gong2021_reproductive_ncRNA,True,True,False,False,False,False
ENSG00000267631,ENSG00000267631,CGB1,protein_coding,Bialas2020_CGB_cancer;Kubiczak2013_CGB_ovarian;Rull2005_CGB_placenta;Rull2008_CGB_RNA;daSilva2017_CT;daSilva2017_testis_biased;placental_antigen,True,True,True,True,False,False
ENSG00000267695,ENSG00000267695,ENSG00000267695,lncRNA,Gong2021_reproductive_ncRNA,True,True,False,False,False,False
ENSG00000267712,ENSG00000267712,LINC01539,lncRNA,Gong2021_reproductive_ncRNA,True,True,False,False,False,False
ENSG00000267760,ENSG00000267760,ENSG00000267760,lncRNA,Gong2021_reproductive_ncRNA,True,True,False,False,False,False
ENSG00000267777,ENSG00000267777,LINC01791,lncRNA,Gong2021_reproductive_ncRNA,True,True,False,False,False,False
ENSG00000267779,ENSG00000267779,LINC01533,lncRNA,Gong2021_reproductive_ncRNA,True,True,False,False,False,False
ENSG00000267789,ENSG00000267789,ENSG00000267789,lncRNA,Gong2021_reproductive_ncRNA,True,True,False,False,False,False
ENSG00000267855,ENSG00000267855,NDUFA7,protein_coding,Bruggeman2018_GC,True,True,True,True,False,False
ENSG00000267857,ENSG00000267857,ENSG00000267857,lncRNA,Gong2021_reproductive_ncRNA,True,True,False,False,False,False
ENSG00000267872,ENSG00000267872,ENSG00000267872,lncRNA,Gong2021_reproductive_ncRNA,True,True,False,False,False,False
ENSG00000267943,ENSG00000267943,CTD-2620I22.3,lncRNA,Gong2021_placenta_ncRNA;Gong2021_reproductive_ncRNA,True,True,False,False,False,False
ENSG00000267978,ENSG00000267978,MAGEA9B,protein_coding,CTexploreR_CT;CTpedia;Gong2021_reproductive_PC;Jamin2021_CT;Loriot2025_S1;daSilva2017;daSilva2017_CT;daSilva2017_testis_biased,True,True,True,True,True,True
ENSG00000268009,ENSG00000268009,SSX4,protein_coding,CTpedia;Jamin2021_CT;Jamin2021_core;daSilva2017;daSilva2017_CT;daSilva2017_testis_biased,True,True,True,True,True,True
ENSG00000268078,ENSG00000268078,ENSG00000268078,lncRNA,Gong2021_reproductive_ncRNA,True,True,False,False,False,False
ENSG00000268223,ENSG00000268223,ARL14EPL,protein_coding,daSilva2017_testis_biased,True,True,True,True,True,False
ENSG00000268296,ENSG00000268296,ENSG00000268296,lncRNA,Gong2021_reproductive_ncRNA,True,True,False,False,False,False
ENSG00000268318,ENSG00000268318,LINC01872,lncRNA,Gong2021_reproductive_ncRNA,True,True,False,False,False,False
ENSG00000268326,ENSG00000268326,ENSG00000268326,lncRNA,Gong2021_reproductive_ncRNA,True,True,False,False,False,False
ENSG00000268447,ENSG00000268447,SSX2B,protein_coding,CTexploreR_CT;CTpedia;Jamin2021_CT;Jamin2021_core;Loriot2025_S1;daSilva2017;daSilva2017_testis_biased,True,True,True,True,True,True
ENSG00000268480,ENSG00000268480,NFILZ,protein_coding,Gong2021_reproductive_ncRNA,True,True,True,True,True,False
ENSG00000268606,ENSG00000268606,MAGEA2,protein_coding,CTexploreR_CT;CTpedia;Jamin2021_CT;Jamin2021_core;Loriot2025_S1;daSilva2017;daSilva2017_CT;daSilva2017_testis_biased,True,True,True,True,True,True
ENSG00000268629,ENSG00000268629,TEX13A,protein_coding,CTpedia;Gong2021_reproductive_PC;daSilva2017;daSilva2017_testis_biased,True,True,True,True,True,True
ENSG00000268651,ENSG00000268651,CTAG1A,protein_coding,CTexploreR_CT;CTpedia;Jamin2021_CT;Jamin2021_core;Loriot2025_S1;daSilva2017;daSilva2017_protein;daSilva2017_testis_biased;daSilva2017_tumor_proteomics,True,True,True,True,True,True
ENSG00000268696,ENSG00000268696,ZNF723,protein_coding,CTexploreR_CT;Loriot2025_S1,True,True,True,True,True,True
ENSG00000268738,ENSG00000268738,HSFX2,protein_coding,daSilva2017_CT;daSilva2017_testis_biased,True,True,True,True,False,False
ENSG00000268902,ENSG00000268902,CSAG2,protein_coding,Jamin2021_CT,True,True,True,True,True,False
ENSG00000268916,ENSG00000268916,CSAG3,protein_coding,Jamin2021_CT,True,True,True,True,False,False
ENSG00000268940,ENSG00000268940,CT45A1,protein_coding,CTexploreR_CT;Gong2021_reproductive_PC;Jamin2021_CT;Jamin2021_core;Loriot2025_S1;daSilva2017_CT;daSilva2017_protein;daSilva2017_testis_biased;daSilva2017_tumor_proteomics,True,True,True,True,False,False
ENSG00000268964,ENSG00000268964,ERVV-2,protein_coding,Gong2021_placenta_PC;Gong2021_reproductive_PC;placental_antigen,True,True,True,True,True,True
ENSG00000268988,ENSG00000268988,SPANXN2,protein_coding,CTpedia;Gong2021_reproductive_PC;daSilva2017;daSilva2017_testis_biased,True,True,True,True,True,True
ENSG00000268994,ENSG00000268994,FAM236B,protein_coding,daSilva2017_testis_biased,True,True,True,True,True,False
ENSG00000269037,ENSG00000269037,LINC01838,lncRNA,Gong2021_reproductive_ncRNA,True,True,False,False,False,False
ENSG00000269058,ENSG00000269058,CALR3,protein_coding,CTpedia;Gong2021_reproductive_PC;daSilva2017;daSilva2017_CT;daSilva2017_protein;daSilva2017_testis_biased;daSilva2017_tumor_proteomics,True,True,True,True,True,True
ENSG00000269096,ENSG00000269096,CT45A3,protein_coding,CTexploreR_CT;Gong2021_reproductive_PC;Jamin2021_CT;Jamin2021_core;Loriot2025_S1;daSilva2017_CT;daSilva2017_protein;daSilva2017_testis_biased;daSilva2017_tumor_proteomics,True,True,True,True,False,False
ENSG00000269364,ENSG00000269364,LINC01233,lncRNA,Gong2021_reproductive_ncRNA,True,True,False,False,False,False
ENSG00000269405,ENSG00000269405,NXF2,protein_coding,Jamin2021_CT;Jamin2021_core;Loriot2025_S1,True,True,True,True,False,False
ENSG00000269437,ENSG00000269437,NXF2B,protein_coding,Jamin2021_CT;Jamin2021_core,True,True,True,True,False,False
ENSG00000269502,ENSG00000269502,DMRTC1,protein_coding,Jamin2021_CT,True,True,True,True,False,False
ENSG00000269504,ENSG00000269504,ENSG00000269504,lncRNA,Gong2021_reproductive_ncRNA,True,True,False,False,False,False
ENSG00000269526,ENSG00000269526,ERVV-1,protein_coding,Gong2021_placenta_PC;Gong2021_reproductive_PC;placental_antigen,True,True,True,True,False,False
ENSG00000269586,ENSG00000269586,CT45A10,protein_coding,CTexploreR_CT;Loriot2025_S1;daSilva2017;daSilva2017_testis_biased,True,True,True,True,True,True
ENSG00000269791,ENSG00000269791,SSX4B,protein_coding,Jamin2021_CT;Jamin2021_core;daSilva2017_testis_biased;paralog:SSX4,True,True,True,True,True,True
ENSG00000269821,ENSG00000269821,KCNQ1OT1,lncRNA,Bruggeman2018_GC,True,True,False,False,False,False
ENSG00000269826,ENSG00000269826,ENSG00000269826,lncRNA,Gong2021_reproductive_ncRNA,True,True,False,False,False,False
ENSG00000269842,ENSG00000269842,CTC-339O9.1,lncRNA,Gong2021_placenta_ncRNA;Gong2021_reproductive_ncRNA,True,True,False,False,False,False
ENSG00000269931,ENSG00000269931,ENSG00000269931,lncRNA,Gong2021_reproductive_ncRNA,True,True,False,False,False,False
ENSG00000269957,ENSG00000269957,ENSG00000269957,lncRNA,Gong2021_reproductive_ncRNA,True,True,False,False,False,False
ENSG00000270066,ENSG00000270066,SCARNA2,lncRNA,Gong2021_placenta_ncRNA;Gong2021_reproductive_ncRNA,True,True,False,False,False,False
ENSG00000270379,ENSG00000270379,HEATR9,protein_coding,Gong2021_reproductive_PC;daSilva2017_CT;daSilva2017_testis_biased,True,True,True,True,True,True
ENSG00000270601,ENSG00000270601,PRAMEF5,protein_coding,daSilva2017_testis_biased,True,True,True,True,True,False
ENSG00000270806,ENSG00000270806,C17orf50,protein_coding,CTexploreR_CTP;Gong2021_reproductive_PC;Loriot2025_S2;daSilva2017;daSilva2017_CT;daSilva2017_testis_biased,True,True,True,True,True,True
ENSG00000270829,ENSG00000270829,ENSG00000270829,lncRNA,Gong2021_reproductive_ncRNA,True,True,False,False,False,False
ENSG00000270946,ENSG00000270946,CT45A9,protein_coding,Loriot2025_S1;daSilva2017_testis_biased;paralog:CT45A1,True,True,True,True,True,False
ENSG00000270977,ENSG00000270977,AC015849.16,transcribed_processed_pseudogene,Gong2021_placenta_ncRNA;Gong2021_reproductive_ncRNA,True,True,False,False,False,False
ENSG00000271171,ENSG00000271171,LINC00904,lncRNA,Gong2021_reproductive_ncRNA,True,True,False,False,False,False
ENSG00000271321,ENSG00000271321,CTAGE6,protein_coding,CTpedia;Gong2021_reproductive_PC;daSilva2017;daSilva2017_CT;daSilva2017_testis_biased,True,True,True,True,True,True
ENSG00000271395,ENSG00000271395,LINC02336,lncRNA,Gong2021_reproductive_ncRNA,True,True,False,False,False,False
ENSG00000271449,ENSG00000271449,CT45A2,protein_coding,CTpedia;Jamin2021_CT;Jamin2021_core;daSilva2017;daSilva2017_CT;daSilva2017_protein;daSilva2017_testis_biased;daSilva2017_tumor_proteomics,True,True,True,True,True,True
ENSG00000271889,ENSG00000271889,C2orf74-AS1,lncRNA,Gong2021_reproductive_ncRNA;Loriot2025_S2,True,True,False,False,False,False
ENSG00000272328,ENSG00000272328,RP4-594A5.1,lncRNA,Gong2021_placenta_ncRNA;Gong2021_reproductive_ncRNA,True,True,False,False,False,False
ENSG00000272329,ENSG00000272329,ENSG00000272329,lncRNA,Gong2021_reproductive_ncRNA,True,True,False,False,False,False
ENSG00000272342,ENSG00000272342,LINC01115,lncRNA,Gong2021_reproductive_ncRNA,True,True,False,False,False,False
ENSG00000272379,ENSG00000272379,RP1-257A7.5,lncRNA,Gong2021_placenta_ncRNA;Gong2021_reproductive_ncRNA,True,True,False,False,False,False
ENSG00000272575,ENSG00000272575,LINC02098,lncRNA,Gong2021_reproductive_ncRNA,True,True,False,False,False,False
ENSG00000272804,ENSG00000272804,KRTAP10-7,protein_coding,daSilva2017_testis_biased,True,True,True,True,False,False
ENSG00000272968,ENSG00000272968,RBAK-RBAKDN,protein_coding,daSilva2017_testis_biased,True,True,True,True,True,False
ENSG00000273098,ENSG00000273098,ENSG00000273098,lncRNA,Gong2021_reproductive_ncRNA,True,True,False,False,False,False
ENSG00000273111,ENSG00000273111,LYPD4,protein_coding,Gong2021_reproductive_PC;daSilva2017_CT;daSilva2017_testis_biased,True,True,True,True,True,True
ENSG00000273313,ENSG00000273313,RBAKDN,protein_coding,Gong2021_reproductive_ncRNA,True,True,True,True,False,False
ENSG00000273550,ENSG00000273550,ENSG00000273550,lncRNA,Gong2021_reproductive_ncRNA,True,True,False,False,False,False
ENSG00000273552,ENSG00000273552,ENSG00000273552,lncRNA,Gong2021_reproductive_ncRNA,True,True,False,False,False,False
ENSG00000273590,ENSG00000273590,ENSG00000273590,artifact,daSilva2017_testis_biased,True,True,False,False,False,False
ENSG00000273696,ENSG00000273696,CT45A7,protein_coding,CTexploreR_CT;CTpedia;Loriot2025_S1;daSilva2017;daSilva2017_testis_biased,True,True,True,True,True,True
ENSG00000273838,ENSG00000273838,ENSG00000273838,lncRNA,Gong2021_reproductive_ncRNA,True,True,False,False,False,False
ENSG00000273976,ENSG00000273976,GOLGA6L1,protein_coding,Gong2021_reproductive_PC;daSilva2017_CT;daSilva2017_testis_biased,True,True,True,True,True,True
ENSG00000274044,ENSG00000274044,FAM230J,lncRNA,Gong2021_reproductive_ncRNA,True,True,False,False,False,False
ENSG00000274102,ENSG00000274102,OR4M2,protein_coding,daSilva2017_CT;daSilva2017_testis_biased,True,True,True,True,True,False
ENSG00000274183,ENSG00000274183,H2AB1,protein_coding,daSilva2017_CT;daSilva2017_testis_biased,True,True,True,True,True,True
ENSG00000274209,ENSG00000274209,ANTXRL,protein_coding,Gong2021_reproductive_PC,True,True,True,True,True,False
ENSG00000274274,ENSG00000274274,GAGE13,protein_coding,CTexploreR_CT;CTpedia;Loriot2025_S1;Seager2024_CTA;daSilva2017;daSilva2017_CT;daSilva2017_testis_biased,True,True,True,True,True,True
ENSG00000274379,ENSG00000274379,ENSG00000274379,lncRNA,Gong2021_reproductive_ncRNA,True,True,False,False,False,False
ENSG00000274391,ENSG00000274391,TPTE,protein_coding,Bruggeman2018_GC;CTpedia;Gong2021_reproductive_PC;Jamin2021_CT;Jamin2021_core;daSilva2017;daSilva2017_CT;daSilva2017_testis_biased,True,True,True,True,True,True
ENSG00000274419,ENSG00000274419,TBC1D3D,protein_coding,daSilva2017_testis_biased,True,True,True,True,False,False
ENSG00000274469,ENSG00000274469,LINC01746,lncRNA,Gong2021_reproductive_ncRNA,True,True,False,False,False,False
ENSG00000274600,ENSG00000274600,RIMBP3B,protein_coding,Gong2021_reproductive_PC;daSilva2017_testis_biased,True,True,True,True,True,False
ENSG00000274618,ENSG00000274618,H4C6,protein_coding,daSilva2017_CT;daSilva2017_protein;daSilva2017_testis_biased;daSilva2017_tumor_proteomics,True,True,True,False,False,False
ENSG00000274658,ENSG00000274658,TBC1D3JP,unprocessed_pseudogene,daSilva2017_testis_biased,True,True,False,False,False,False
ENSG00000274764,ENSG00000274764,PRAMEF27,protein_coding,daSilva2017_testis_biased,True,True,True,True,True,False
ENSG00000274840,ENSG00000274840,BALR6,lncRNA,Gong2021_placenta_ncRNA;Gong2021_reproductive_ncRNA,True,True,False,False,False,False
ENSG00000274933,ENSG00000274933,TBC1D3I,protein_coding,Gong2021_reproductive_PC;daSilva2017_testis_biased,True,True,True,True,True,False
ENSG00000275004,ENSG00000275004,ZNF280B,protein_coding,Bruggeman2018_GC;Jamin2021_CT,True,True,True,True,False,False
ENSG00000275111,ENSG00000275111,ZNF2,protein_coding,Bruggeman2018_GC,True,True,True,True,False,False
ENSG00000275113,ENSG00000275113,GAGE2E,protein_coding,CTexploreR_CTP;Jamin2021_CT;Jamin2021_core;Loriot2025_S2;daSilva2017_CT;daSilva2017_protein;daSilva2017_testis_biased;daSilva2017_tumor_proteomics,True,True,True,True,False,False
ENSG00000275239,ENSG00000275239,FAM242F,lncRNA,Gong2021_reproductive_ncRNA,True,True,False,False,False,False
ENSG00000275489,ENSG00000275489,SPMAP1,protein_coding,Gong2021_reproductive_PC;daSilva2017_CT;daSilva2017_testis_biased,True,True,True,True,True,True
ENSG00000275520,ENSG00000275520,FAM236A,protein_coding,Gong2021_reproductive_PC;daSilva2017_testis_biased,True,True,True,True,True,False
ENSG00000275722,ENSG00000275722,LYZL6,protein_coding,Gong2021_reproductive_PC;daSilva2017_CT;daSilva2017_testis_biased,True,True,True,True,True,True
ENSG00000275774,ENSG00000275774,HNRNPCL2,protein_coding,daSilva2017_CT;daSilva2017_protein;daSilva2017_testis_biased;daSilva2017_tumor_proteomics,True,True,True,True,True,False
ENSG00000275793,ENSG00000275793,RIMBP3,protein_coding,Bruggeman2018_GC;CTpedia;Carter2023_CT;Gong2021_reproductive_PC;daSilva2017;daSilva2017_CT;daSilva2017_testis_biased,True,True,True,True,True,True
ENSG00000275846,ENSG00000275846,ENSG00000275846,lncRNA,Gong2021_reproductive_ncRNA,True,True,False,False,False,False
ENSG00000275852,ENSG00000275852,LINC01742,lncRNA,Gong2021_reproductive_ncRNA,True,True,False,False,False,False
ENSG00000275954,ENSG00000275954,TBC1D3F,protein_coding,daSilva2017_testis_biased,True,True,True,True,True,False
ENSG00000275969,ENSG00000275969,SPATA31A3,protein_coding,CTpedia;Gong2021_reproductive_PC;daSilva2017;daSilva2017_CT;daSilva2017_testis_biased,True,True,True,True,True,True
ENSG00000276040,ENSG00000276040,SPATA31A7,protein_coding,CTpedia;daSilva2017;daSilva2017_testis_biased,True,True,True,True,True,True
ENSG00000276095,ENSG00000276095,FAM230F,lncRNA,Gong2021_reproductive_ncRNA,True,True,False,False,False,False
ENSG00000276210,ENSG00000276210,LINC00226,lncRNA,Gong2021_reproductive_ncRNA,True,True,False,False,False,False
ENSG00000276234,ENSG00000276234,TADA2A,protein_coding,Jamin2021_CT;Jamin2021_core,True,True,True,True,False,False
ENSG00000276240,ENSG00000276240,OR4E1,protein_coding,daSilva2017_testis_biased,True,True,True,True,True,False
ENSG00000276399,ENSG00000276399,FLJ36000,lncRNA,Gong2021_reproductive_ncRNA;Loriot2025_S1,True,True,False,False,False,False
ENSG00000276407,ENSG00000276407,ENSG00000276407,lncRNA,Gong2021_reproductive_ncRNA,True,True,False,False,False,False
ENSG00000276410,ENSG00000276410,H2BC3,protein_coding,daSilva2017_CT;daSilva2017_protein;daSilva2017_testis_biased;daSilva2017_tumor_proteomics,True,True,True,False,False,False
ENSG00000276430,ENSG00000276430,FAM25C,protein_coding,daSilva2017_protein;daSilva2017_testis_biased;daSilva2017_tumor_proteomics,True,True,True,True,False,False
ENSG00000276487,ENSG00000276487,ENSG00000276487,lncRNA,Gong2021_reproductive_ncRNA,True,True,False,False,False,False
ENSG00000276500,ENSG00000276500,BMS1P14,lncRNA,Gong2021_placenta_ncRNA;Gong2021_reproductive_ncRNA,True,True,False,False,False,False
ENSG00000276508,ENSG00000276508,ENSG00000276508,lncRNA,Gong2021_reproductive_ncRNA,True,True,False,False,False,False
ENSG00000276581,ENSG00000276581,SPATA31A5,protein_coding,CTpedia;daSilva2017;daSilva2017_CT;daSilva2017_testis_biased,True,True,True,True,True,True
ENSG00000276687,ENSG00000276687,ENSG00000276687,lncRNA,Gong2021_reproductive_ncRNA,True,True,False,False,False,False
ENSG00000276747,ENSG00000276747,PADI6,protein_coding,Gong2021_reproductive_PC,True,True,True,True,True,False
ENSG00000276807,ENSG00000276807,ENSG00000276807,lncRNA,Gong2021_reproductive_ncRNA,True,True,False,False,False,False
ENSG00000276950,ENSG00000276950,GSTT4,protein_coding,Gong2021_reproductive_PC,True,True,True,True,True,False
ENSG00000277047,ENSG00000277047,ENSG00000277047,lncRNA,Gong2021_reproductive_ncRNA,True,True,False,False,False,False
ENSG00000277322,ENSG00000277322,GOLGA6L6,protein_coding,Gong2021_reproductive_PC;daSilva2017_CT;daSilva2017_protein;daSilva2017_testis_biased;daSilva2017_tumor_proteomics,True,True,True,True,True,True
ENSG00000277462,ENSG00000277462,ZNF670,protein_coding,Bruggeman2018_GC,True,True,True,True,False,False
ENSG00000277527,ENSG00000277527,LINC01796,lncRNA,Gong2021_reproductive_ncRNA,True,True,False,False,False,False
ENSG00000277535,ENSG00000277535,CT47C1,protein_coding,Gong2021_reproductive_PC,True,True,True,True,True,False
ENSG00000277718,ENSG00000277718,LINC02255,lncRNA,Gong2021_placenta_ncRNA;Gong2021_reproductive_ncRNA,True,True,False,False,False,False
ENSG00000277745,ENSG00000277745,H2AB3,protein_coding,daSilva2017_testis_biased,True,True,True,True,True,False
ENSG00000277837,ENSG00000277837,ENSG00000277837,lncRNA,Gong2021_reproductive_ncRNA,True,True,False,False,False,False
ENSG00000277865,ENSG00000277865,GOLGA6L22,protein_coding,Gong2021_reproductive_PC;daSilva2017_testis_biased,True,True,True,True,True,False
ENSG00000277870,ENSG00000277870,FAM230A,lncRNA,Gong2021_reproductive_PC,True,True,False,False,False,False
ENSG00000278057,ENSG00000278057,TEX28,protein_coding,Gong2021_reproductive_PC;daSilva2017_testis_biased,True,True,True,True,True,False
ENSG00000278085,ENSG00000278085,CT45A8,protein_coding,Loriot2025_S1;daSilva2017_testis_biased;paralog:CT45A1,True,True,True,True,True,True
ENSG00000278239,ENSG00000278239,ENSG00000278239,lncRNA,Gong2021_reproductive_ncRNA,True,True,False,False,False,False
ENSG00000278289,ENSG00000278289,CT45A6,protein_coding,Jamin2021_CT;Jamin2021_core;Loriot2025_S1;daSilva2017_CT;daSilva2017_testis_biased,True,True,True,True,False,False
ENSG00000278318,ENSG00000278318,ZNF229,protein_coding,Bruggeman2018_GC,True,True,True,True,False,False
ENSG00000278499,ENSG00000278499,NPAP1L,unprocessed_pseudogene,Gong2021_reproductive_PC,True,True,False,False,False,False
ENSG00000278522,ENSG00000278522,POTEB3,protein_coding,daSilva2017_testis_biased,True,True,True,True,True,False
ENSG00000278657,ENSG00000278657,ENSG00000278657,lncRNA,Gong2021_reproductive_ncRNA,True,True,False,False,False,False
ENSG00000278685,ENSG00000278685,IQCA1L,protein_coding,Gong2021_reproductive_PC;daSilva2017_testis_biased,True,True,True,True,True,False
ENSG00000279070,ENSG00000279070,ENSG00000279070,lncRNA,Gong2021_reproductive_ncRNA,True,True,False,False,False,False
ENSG00000279072,ENSG00000279072,ENSG00000279072,lncRNA,Gong2021_reproductive_ncRNA,True,True,False,False,False,False
ENSG00000279151,ENSG00000279151,ENSG00000279151,lncRNA,Gong2021_reproductive_ncRNA,True,True,False,False,False,False
ENSG00000279169,ENSG00000279169,PRAMEF13,protein_coding,daSilva2017_testis_biased,True,True,True,True,True,False
ENSG00000279408,ENSG00000279408,OR4N4C,protein_coding,Gong2021_reproductive_PC,True,True,True,True,True,False
ENSG00000279516,ENSG00000279516,FAM230C,lncRNA,Jamin2021_CT;Loriot2025_S1,True,True,False,False,False,False
ENSG00000280081,ENSG00000280081,LINC01667,transcribed_processed_pseudogene,Gong2021_reproductive_ncRNA,True,True,False,False,False,False
ENSG00000280164,ENSG00000280164,CH507-254M2.3,lncRNA,Gong2021_placenta_ncRNA;Gong2021_reproductive_ncRNA,True,True,False,False,False,False
ENSG00000280382,ENSG00000280382,RP11-804H8.7,lncRNA,Gong2021_placenta_ncRNA;Gong2021_reproductive_ncRNA,True,True,False,False,False,False
ENSG00000280725,ENSG00000280725,LINC00251,lncRNA,Gong2021_reproductive_ncRNA,True,True,False,False,False,False
ENSG00000281219,ENSG00000281219,LINC00254,lncRNA,Gong2021_reproductive_ncRNA,True,True,False,False,False,False
ENSG00000281365,ENSG00000281365,ENSG00000281365,lncRNA,Gong2021_reproductive_ncRNA,True,True,False,False,False,False
ENSG00000281460,ENSG00000281460,ENSG00000281460,lncRNA,Gong2021_reproductive_ncRNA,True,True,False,False,False,False
ENSG00000281477,ENSG00000281477,LINC01955,lncRNA,Gong2021_reproductive_ncRNA,True,True,False,False,False,False
ENSG00000281548,ENSG00000281548,LINC00895,lncRNA,Gong2021_reproductive_ncRNA,True,True,False,False,False,False
ENSG00000282160,ENSG00000282160,ENSG00000282160,lncRNA,Gong2021_reproductive_ncRNA,True,True,False,False,False,False
ENSG00000282265,ENSG00000282265,ENSG00000282265,lncRNA,Gong2021_reproductive_ncRNA,True,True,False,False,False,False
ENSG00000282419,ENSG00000282419,TEX13D,protein_coding,Gong2021_reproductive_PC,True,True,True,True,True,False
ENSG00000282815,ENSG00000282815,TEX13C,protein_coding,CTexploreR_CT;Carter2023_CT;Gong2021_reproductive_PC;Loriot2025_S1,True,True,True,True,True,True
ENSG00000282828,ENSG00000282828,ENSG00000282828,lncRNA,Gong2021_reproductive_ncRNA,True,True,False,False,False,False
ENSG00000282898,ENSG00000282898,ENSG00000282898,lncRNA,Gong2021_reproductive_ncRNA,True,True,False,False,False,False
ENSG00000282916,ENSG00000282916,LINC02746,lncRNA,Gong2021_reproductive_ncRNA,True,True,False,False,False,False
ENSG00000282975,ENSG00000282975,LINC02034,lncRNA,Gong2021_reproductive_ncRNA,True,True,False,False,False,False
ENSG00000282996,ENSG00000282996,MPP7-DT,lncRNA,Gong2021_reproductive_ncRNA,True,True,False,False,False,False
ENSG00000283036,ENSG00000283036,LINC01988,lncRNA,Gong2021_reproductive_ncRNA,True,True,False,False,False,False
ENSG00000283044,ENSG00000283044,ENSG00000283044,lncRNA,Gong2021_reproductive_ncRNA,True,True,False,False,False,False
ENSG00000283072,ENSG00000283072,ENSG00000283072,lncRNA,Gong2021_reproductive_ncRNA,True,True,False,False,False,False
ENSG00000283083,ENSG00000283083,LINC02498,lncRNA,Gong2021_reproductive_ncRNA,True,True,False,False,False,False
ENSG00000283093,ENSG00000283093,CENPVL2,protein_coding,Loriot2025_S1,True,True,True,True,False,False
ENSG00000283096,ENSG00000283096,ENSG00000283096,lncRNA,Gong2021_reproductive_ncRNA,True,True,False,False,False,False
ENSG00000283205,ENSG00000283205,ENSG00000283205,protein_coding,Gong2021_reproductive_PC,True,True,True,True,True,False
ENSG00000283268,ENSG00000283268,TEX54,protein_coding,Gong2021_reproductive_PC,True,True,True,True,True,False
ENSG00000283314,ENSG00000283314,LINC02357,lncRNA,Gong2021_reproductive_ncRNA,True,True,False,False,False,False
ENSG00000283434,ENSG00000283434,CSNK2A2IP,protein_coding,Gong2021_reproductive_PC,True,True,True,True,True,False
ENSG00000283439,ENSG00000283439,SPEM3,protein_coding,Gong2021_reproductive_PC,True,True,True,True,True,False
ENSG00000283463,ENSG00000283463,HSFX4,protein_coding,Gong2021_reproductive_PC,True,True,True,True,False,False
ENSG00000283516,ENSG00000283516,LITAFD,protein_coding,Gong2021_reproductive_PC,True,True,True,True,True,False
ENSG00000283594,ENSG00000283594,FAM236C,protein_coding,Gong2021_reproductive_PC,True,True,True,True,True,False
ENSG00000283599,ENSG00000283599,ENSG00000283599,protein_coding,Carter2023_CT;Gong2021_reproductive_PC,True,True,True,True,True,True
ENSG00000283697,ENSG00000283697,HSFX3,protein_coding,Gong2021_reproductive_PC,True,True,True,True,True,False
ENSG00000283758,ENSG00000283758,PMIS2,protein_coding,Gong2021_reproductive_PC,True,True,True,True,True,False
ENSG00000284188,ENSG00000284188,C1orf202,protein_coding,Gong2021_reproductive_PC,True,True,True,True,True,False
ENSG00000284452,ENSG00000284452,ENSG00000284452,lncRNA,Gong2021_reproductive_ncRNA,True,True,False,False,False,False
ENSG00000284609,ENSG00000284609,OR8B3,protein_coding,daSilva2017_testis_biased,True,True,True,True,True,False
ENSG00000284680,ENSG00000284680,OR8B2,protein_coding,Gong2021_reproductive_PC;Wang2016_CT;daSilva2017_testis_biased,True,True,True,True,True,True
ENSG00000284701,ENSG00000284701,TMEM247,protein_coding,daSilva2017_testis_biased,True,True,True,True,True,False
ENSG00000284723,ENSG00000284723,OR8S1,protein_coding,daSilva2017_testis_biased,True,True,True,True,True,False
ENSG00000284770,ENSG00000284770,TBCE,protein_coding,Jamin2021_CT,True,True,True,True,False,False
ENSG00000284848,ENSG00000284848,LINC02359,lncRNA,Gong2021_reproductive_ncRNA,True,True,False,False,False,False
ENSG00000285077,ENSG00000285077,ARHGAP11B,protein_coding,Bruggeman2018_GC,True,True,True,True,False,False
ENSG00000288631,ENSG00000288631,ELOA3P,processed_pseudogene,daSilva2017_CT;daSilva2017_testis_biased,True,True,False,False,False,False
ENSG00000290448,ENSG00000290448,FAM197Y9,lncRNA,daSilva2017_testis_biased,True,True,False,False,False,False
ENSG00000290684,ENSG00000290684,OR2W5P,lncRNA,daSilva2017_CT;daSilva2017_testis_biased,True,True,False,False,False,False
ENSG00000290718,ENSG00000290718,FAM95B1,lncRNA,daSilva2017_testis_biased,True,True,False,False,False,False
ENSG00000290751,ENSG00000290751,TCP10L3,lncRNA,daSilva2017_CT;daSilva2017_testis_biased,True,True,False,False,False,False
ENSG00000293135,ENSG00000293135,DNAJB3,lncRNA,daSilva2017_CT;daSilva2017_testis_biased,True,True,False,False,False,False
ENSG00000293137,ENSG00000293137,MSL3B,protein_coding,Bruggeman2018_GC,True,True,True,True,False,False
ENSG00000293247,ENSG00000293247,BIRC8,lncRNA,daSilva2017_CT;daSilva2017_testis_biased,True,True,False,False,False,False
ENSG00000293447,ENSG00000293447,TEX56P,lncRNA,daSilva2017_CT;daSilva2017_testis_biased,True,True,False,False,False,False
ENSG00000293621,ENSG00000293621,UVRAG-DT,lncRNA,Loriot2025_S2,True,True,False,False,False,False
ENSG00000300194,ENSG00000300194,FTHL18P,lncRNA,daSilva2017_testis_biased,True,True,False,False,False,False
unmapped:ensembl:ENSG00000139656,,SMIM2,,Gong2021_reproductive_PC,True,False,False,False,False,False
unmapped:ensembl:ENSG00000150076,,C10orf68,,Chang2019_TGCT,True,False,False,False,False,False
unmapped:ensembl:ENSG00000181013,,C17orf47,,Chang2019_TGCT;Gong2021_reproductive_PC;Wang2016_CT,True,False,False,False,False,False
unmapped:ensembl:ENSG00000223469,,RP11-344J7.2,,Gong2021_reproductive_ncRNA,True,False,False,False,False,False
unmapped:ensembl:ENSG00000224532,,RP3-470L22.1,,Gong2021_reproductive_ncRNA,True,False,False,False,False,False
unmapped:ensembl:ENSG00000225085,,RP11-15B24.1,,Gong2021_reproductive_ncRNA,True,False,False,False,False,False
unmapped:ensembl:ENSG00000225640,,LINC01729,,Gong2021_reproductive_ncRNA,True,False,False,False,False,False
unmapped:ensembl:ENSG00000227011,,AC102948.1,,Chang2019_TGCT;Gong2021_reproductive_ncRNA,True,False,False,False,False,False
unmapped:ensembl:ENSG00000227021,,AC007557.3,,Gong2021_reproductive_ncRNA,True,False,False,False,False,False
unmapped:ensembl:ENSG00000227029,,RP11-168P8.3,,Gong2021_reproductive_ncRNA,True,False,False,False,False,False
unmapped:ensembl:ENSG00000227902,,AC062032.1,,Gong2021_reproductive_ncRNA,True,False,False,False,False,False
unmapped:ensembl:ENSG00000227925,,LINC01655,,Gong2021_reproductive_ncRNA,True,False,False,False,False,False
unmapped:ensembl:ENSG00000228008,,CTD-2330K9.3,,Chang2019_TGCT,True,False,False,False,False,False
unmapped:ensembl:ENSG00000228358,,AC113617.1,,Gong2021_reproductive_ncRNA,True,False,False,False,False,False
unmapped:ensembl:ENSG00000228503,,RP11-347D21.2,,Gong2021_reproductive_ncRNA,True,False,False,False,False,False
unmapped:ensembl:ENSG00000228538,,AC009411.1,,Gong2021_reproductive_ncRNA,True,False,False,False,False,False
unmapped:ensembl:ENSG00000229454,,RP11-202I11.2,,Gong2021_reproductive_ncRNA,True,False,False,False,False,False
unmapped:ensembl:ENSG00000230600,,RP11-73B2.2,,Gong2021_reproductive_ncRNA,True,False,False,False,False,False
unmapped:ensembl:ENSG00000230971,,AC005703.3,,Gong2021_reproductive_ncRNA,True,False,False,False,False,False
unmapped:ensembl:ENSG00000231173,,AC116609.3,,Gong2021_reproductive_ncRNA,True,False,False,False,False,False
unmapped:ensembl:ENSG00000231883,,RP1-297M16.2,,Gong2021_reproductive_ncRNA,True,False,False,False,False,False
unmapped:ensembl:ENSG00000232243,,RP11-408E5.5,,Gong2021_reproductive_ncRNA,True,False,False,False,False,False
unmapped:ensembl:ENSG00000232294,,RP4-715N11.2,,Gong2021_reproductive_ncRNA,True,False,False,False,False,False
unmapped:ensembl:ENSG00000232461,,RP11-644C3.1,,Gong2021_reproductive_ncRNA,True,False,False,False,False,False
unmapped:ensembl:ENSG00000232597,,AC013727.1,,Gong2021_reproductive_ncRNA,True,False,False,False,False,False
unmapped:ensembl:ENSG00000232749,,RP11-15B24.4,,Gong2021_reproductive_ncRNA,True,False,False,False,False,False
unmapped:ensembl:ENSG00000233193,,AC005324.7,,Gong2021_reproductive_ncRNA,True,False,False,False,False,False
unmapped:ensembl:ENSG00000233536,,RP11-867G2.5,,Gong2021_reproductive_ncRNA,True,False,False,False,False,False
unmapped:ensembl:ENSG00000234296,,RP13-16H11.7,,Gong2021_reproductive_ncRNA,True,False,False,False,False,False
unmapped:ensembl:ENSG00000236392,,AC100848.1,,Gong2021_reproductive_ncRNA,True,False,False,False,False,False
unmapped:ensembl:ENSG00000236716,,RP11-478H13.1,,Gong2021_reproductive_ncRNA,True,False,False,False,False,False
unmapped:ensembl:ENSG00000237899,,RP4-739H11.3,,Gong2021_reproductive_ncRNA,True,False,False,False,False,False
unmapped:ensembl:ENSG00000238033,,AC002480.2,,Gong2021_reproductive_ncRNA,True,False,False,False,False,False
unmapped:ensembl:ENSG00000241317,,RP11-342M3.1,,Gong2021_reproductive_ncRNA,True,False,False,False,False,False
unmapped:ensembl:ENSG00000242753,,RP11-716O23.2,,Gong2021_reproductive_ncRNA,True,False,False,False,False,False
unmapped:ensembl:ENSG00000244247,,LINC01995,,Gong2021_reproductive_ncRNA,True,False,False,False,False,False
unmapped:ensembl:ENSG00000244650,,RP11-501O2.3,,Gong2021_reproductive_ncRNA,True,False,False,False,False,False
unmapped:ensembl:ENSG00000247810,,RP11-103J17.1,,Gong2021_reproductive_ncRNA,True,False,False,False,False,False
unmapped:ensembl:ENSG00000248173,,RP11-659O3.1,,Gong2021_reproductive_ncRNA,True,False,False,False,False,False
unmapped:ensembl:ENSG00000248311,,CTD-2161F6.2,,Gong2021_reproductive_ncRNA,True,False,False,False,False,False
unmapped:ensembl:ENSG00000248346,,RP11-292D4.1,,Gong2021_reproductive_ncRNA,True,False,False,False,False,False
unmapped:ensembl:ENSG00000248467,,CTD-2161F6.1,,Gong2021_reproductive_ncRNA,True,False,False,False,False,False
unmapped:ensembl:ENSG00000248478,,RP11-3G20.2,,Gong2021_reproductive_ncRNA,True,False,False,False,False,False
unmapped:ensembl:ENSG00000248686,,RP11-557J10.5,,Gong2021_reproductive_ncRNA,True,False,False,False,False,False
unmapped:ensembl:ENSG00000248942,,LINC01335,,Gong2021_reproductive_ncRNA,True,False,False,False,False,False
unmapped:ensembl:ENSG00000249122,,RP11-227F19.2,,Gong2021_reproductive_ncRNA,True,False,False,False,False,False
unmapped:ensembl:ENSG00000249269,,RP11-756P10.4,,Gong2021_reproductive_ncRNA,True,False,False,False,False,False
unmapped:ensembl:ENSG00000249423,,RP11-284A20.1,,Gong2021_reproductive_ncRNA,True,False,False,False,False,False
unmapped:ensembl:ENSG00000249638,,CTD-2296D1.3,,Gong2021_reproductive_ncRNA,True,False,False,False,False,False
unmapped:ensembl:ENSG00000249645,,RP11-552M14.1,,Gong2021_reproductive_ncRNA,True,False,False,False,False,False
unmapped:ensembl:ENSG00000249731,,RP11-259O2.3,,Gong2021_placenta_ncRNA;Gong2021_reproductive_ncRNA,True,False,False,False,False,False
unmapped:ensembl:ENSG00000250078,,RP11-577G20.2,,Gong2021_reproductive_ncRNA,True,False,False,False,False,False
unmapped:ensembl:ENSG00000250481,,CTD-2247C11.1,,Gong2021_reproductive_ncRNA,True,False,False,False,False,False
unmapped:ensembl:ENSG00000250670,,AC004063.1,,Gong2021_reproductive_ncRNA,True,False,False,False,False,False
unmapped:ensembl:ENSG00000251024,,RP11-203B7.1,,Gong2021_reproductive_ncRNA,True,False,False,False,False,False
unmapped:ensembl:ENSG00000251041,,CTD-2275D24.1,,Gong2021_reproductive_ncRNA,True,False,False,False,False,False
unmapped:ensembl:ENSG00000251336,,RP11-540E16.2,,Gong2021_reproductive_ncRNA,True,False,False,False,False,False
unmapped:ensembl:ENSG00000251506,,CTD-2247C11.2,,Gong2021_reproductive_ncRNA,True,False,False,False,False,False
unmapped:ensembl:ENSG00000251613,,CTC-347C20.1,,Gong2021_reproductive_ncRNA,True,False,False,False,False,False
unmapped:ensembl:ENSG00000253139,,RP11-17A4.3,,Gong2021_reproductive_ncRNA,True,False,False,False,False,False
unmapped:ensembl:ENSG00000253235,,RP11-434I12.4,,Gong2021_reproductive_ncRNA,True,False,False,False,False,False
unmapped:ensembl:ENSG00000253371,,RP11-587H10.1,,Gong2021_reproductive_ncRNA,True,False,False,False,False,False
unmapped:ensembl:ENSG00000253381,,RP11-359E19.1,,Gong2021_reproductive_ncRNA,True,False,False,False,False,False
unmapped:ensembl:ENSG00000253735,,RP11-115J16.3,,Gong2021_reproductive_ncRNA,True,False,False,False,False,False
unmapped:ensembl:ENSG00000253985,,RP11-136K7.3,,Gong2021_reproductive_ncRNA,True,False,False,False,False,False
unmapped:ensembl:ENSG00000254018,,RP11-785H20.1,,Gong2021_reproductive_ncRNA,True,False,False,False,False,False
unmapped:ensembl:ENSG00000254262,,RP11-58O3.2,,Gong2021_reproductive_ncRNA,True,False,False,False,False,False
unmapped:ensembl:ENSG00000254998,,RP11-94P11.4,,Gong2021_placenta_ncRNA;Gong2021_reproductive_ncRNA,True,False,False,False,False,False
unmapped:ensembl:ENSG00000255279,,RP11-375D13.4,,Gong2021_reproductive_ncRNA,True,False,False,False,False,False
unmapped:ensembl:ENSG00000255546,,RP11-168K9.1,,Gong2021_reproductive_ncRNA,True,False,False,False,False,False
unmapped:ensembl:ENSG00000256248,,RP11-123O10.4,,Gong2021_placenta_ncRNA;Gong2021_reproductive_ncRNA,True,False,False,False,False,False
unmapped:ensembl:ENSG00000256276,,RP5-916L7.2,,Gong2021_placenta_ncRNA;Gong2021_reproductive_ncRNA,True,False,False,False,False,False
unmapped:ensembl:ENSG00000256732,,RP11-407A16.3,,Gong2021_reproductive_ncRNA,True,False,False,False,False,False
unmapped:ensembl:ENSG00000256763,,RP1-116K23.1,,Gong2021_reproductive_ncRNA,True,False,False,False,False,False
unmapped:ensembl:ENSG00000257603,,RP11-100F15.1,,Gong2021_reproductive_ncRNA,True,False,False,False,False,False
unmapped:ensembl:ENSG00000257725,,RP11-654D12.3,,Gong2021_reproductive_ncRNA,True,False,False,False,False,False
unmapped:ensembl:ENSG00000258600,,RP11-452D21.2,,Gong2021_reproductive_ncRNA,True,False,False,False,False,False
unmapped:ensembl:ENSG00000258785,,LINC01580,,Gong2021_reproductive_ncRNA,True,False,False,False,False,False
unmapped:ensembl:ENSG00000258861,,MIR381HG,,Gong2021_placenta_ncRNA;Gong2021_reproductive_ncRNA,True,False,False,False,False,False
unmapped:ensembl:ENSG00000259587,,RP11-463I20.2,,Gong2021_reproductive_ncRNA,True,False,False,False,False,False
unmapped:ensembl:ENSG00000259998,,RP11-753D20.4,,Gong2021_reproductive_ncRNA,True,False,False,False,False,False
unmapped:ensembl:ENSG00000260141,,RP11-19N8.4,,Gong2021_placenta_ncRNA;Gong2021_reproductive_ncRNA,True,False,False,False,False,False
unmapped:ensembl:ENSG00000260759,,RP11-677O4.2,,Gong2021_reproductive_ncRNA,True,False,False,False,False,False
unmapped:ensembl:ENSG00000260983,,RP11-150D5.2,,Gong2021_reproductive_ncRNA,True,False,False,False,False,False
unmapped:ensembl:ENSG00000261013,,CTD-2050B12.1,,Gong2021_reproductive_ncRNA,True,False,False,False,False,False
unmapped:ensembl:ENSG00000261176,,RP11-2L4.1,,Gong2021_reproductive_ncRNA,True,False,False,False,False,False
unmapped:ensembl:ENSG00000261190,,RP11-152O14.5,,Chang2019_TGCT,True,False,False,False,False,False
unmapped:ensembl:ENSG00000261445,,RP11-80F22.4,,Gong2021_reproductive_ncRNA,True,False,False,False,False,False
unmapped:ensembl:ENSG00000261666,,LINC00560,,Gong2021_reproductive_ncRNA,True,False,False,False,False,False
unmapped:ensembl:ENSG00000262031,,LINC01974,,Gong2021_reproductive_ncRNA,True,False,False,False,False,False
unmapped:ensembl:ENSG00000264790,,RP11-26N15.2,,Gong2021_reproductive_ncRNA,True,False,False,False,False,False
unmapped:ensembl:ENSG00000265964,,RP11-293E1.1,,Gong2021_reproductive_ncRNA,True,False,False,False,False,False
unmapped:ensembl:ENSG00000266450,,CTD-2015H3.2,,Gong2021_placenta_ncRNA;Gong2021_reproductive_ncRNA,True,False,False,False,False,False
unmapped:ensembl:ENSG00000266614,,RP11-94B19.4,,Gong2021_reproductive_ncRNA,True,False,False,False,False,False
unmapped:ensembl:ENSG00000266908,,RP5-1022P6.7,,Gong2021_reproductive_ncRNA,True,False,False,False,False,False
unmapped:ensembl:ENSG00000267517,,LINC01855,,Gong2021_reproductive_ncRNA,True,False,False,False,False,False
unmapped:ensembl:ENSG00000269927,,RP6-91H8.3,,Gong2021_placenta_ncRNA;Gong2021_reproductive_ncRNA,True,False,False,False,False,False
unmapped:ensembl:ENSG00000270544,,CTC-523E23.14,,Gong2021_reproductive_ncRNA,True,False,False,False,False,False
unmapped:ensembl:ENSG00000272299,,RP11-394A14.4,,Gong2021_reproductive_ncRNA,True,False,False,False,False,False
unmapped:ensembl:ENSG00000272304,,RP11-19C24.1,,Gong2021_placenta_ncRNA;Gong2021_reproductive_ncRNA,True,False,False,False,False,False
unmapped:ensembl:ENSG00000275179,,RP4-737E23.7,,Gong2021_reproductive_ncRNA,True,False,False,False,False,False
unmapped:ensembl:ENSG00000276854,,RP11-478K15.7,,Gong2021_reproductive_ncRNA,True,False,False,False,False,False
unmapped:ensembl:ENSG00000278084,,RP11-87C12.6,,Gong2021_reproductive_ncRNA,True,False,False,False,False,False
unmapped:ensembl:ENSG00000278849,,RP11-327I22.5,,Gong2021_reproductive_ncRNA,True,False,False,False,False,False
unmapped:ensembl:ENSG00000282887,,RP11-470L19.6,,Gong2021_reproductive_ncRNA,True,False,False,False,False,False
unmapped:ensembl:ENSG00000282940,,RP11-676F20.5,,Gong2021_reproductive_ncRNA,True,False,False,False,False,False
unmapped:ensembl:ENSG00000283374,,TXNRD3NB,,Gong2021_placenta_PC;Gong2021_reproductive_PC,True,False,False,False,False,False
unmapped:ensembl:ENSG00000283648,,RP5-958B11.1,,Gong2021_reproductive_ncRNA,True,False,False,False,False,False
unmapped:entrez:100996721,,FAM231D,,daSilva2017_testis_biased,True,False,False,False,False,False
unmapped:entrez:388276,,C16orf97,,daSilva2017_testis_biased,True,False,False,False,False,False
unmapped:entrez:442862,,PRY2,,daSilva2017_CT;daSilva2017_testis_biased,True,False,False,False,False,False
unmapped:probe:1556048_at,,unannotated:1556048_at,,Jamin2021_CT,True,False,False,False,False,False
unmapped:probe:1556262_at,,unannotated:1556262_at,,Jamin2021_CT,True,False,False,False,False,False
unmapped:probe:1556263_s_at,,unannotated:1556263_s_at,,Jamin2021_CT,True,False,False,False,False,False
unmapped:probe:1557117_at,,unannotated:1557117_at,,Jamin2021_CT,True,False,False,False,False,False
unmapped:probe:1557118_a_at,,unannotated:1557118_a_at,,Jamin2021_CT,True,False,False,False,False,False
unmapped:probe:1560563_at,,unannotated:1560563_at,,Jamin2021_CT,True,False,False,False,False,False
unmapped:probe:1562879_at,,unannotated:1562879_at,,Jamin2021_CT,True,False,False,False,False,False
unmapped:probe:1563426_a_at,,unannotated:1563426_a_at,,Jamin2021_CT,True,False,False,False,False,False
unmapped:probe:1568791_s_at,,unannotated:1568791_s_at,,Jamin2021_CT,True,False,False,False,False,False
unmapped:probe:1569520_at,,unannotated:1569520_at,,Jamin2021_CT,True,False,False,False,False,False
unmapped:probe:211106_at,,unannotated:211106_at,,Jamin2021_CT,True,False,False,False,False,False
unmapped:probe:220354_at,,unannotated:220354_at,,Jamin2021_CT,True,False,False,False,False,False
unmapped:probe:228859_at,,unannotated:228859_at,,Jamin2021_CT,True,False,False,False,False,False
unmapped:probe:228983_at,,unannotated:228983_at,,Jamin2021_CT,True,False,False,False,False,False
unmapped:probe:229136_s_at,,unannotated:229136_s_at,,Jamin2021_CT,True,False,False,False,False,False
unmapped:probe:229190_at,,unannotated:229190_at,,Jamin2021_CT,True,False,False,False,False,False
unmapped:probe:230091_at,,unannotated:230091_at,,Jamin2021_CT,True,False,False,False,False,False
unmapped:probe:230187_s_at,,unannotated:230187_s_at,,Jamin2021_CT,True,False,False,False,False,False
unmapped:probe:230787_at,,unannotated:230787_at,,Jamin2021_CT,True,False,False,False,False,False
unmapped:probe:230859_at,,unannotated:230859_at,,Jamin2021_CT,True,False,False,False,False,False
unmapped:probe:230935_at,,unannotated:230935_at,,Jamin2021_CT,True,False,False,False,False,False
unmapped:probe:230991_at,,unannotated:230991_at,,Jamin2021_CT,True,False,False,False,False,False
unmapped:probe:231047_at,,unannotated:231047_at,,Jamin2021_CT,True,False,False,False,False,False
unmapped:probe:231310_at,,unannotated:231310_at,,Jamin2021_CT,True,False,False,False,False,False
unmapped:probe:231337_at,,unannotated:231337_at,,Jamin2021_CT,True,False,False,False,False,False
unmapped:probe:231419_at,,unannotated:231419_at,,Jamin2021_CT,True,False,False,False,False,False
unmapped:probe:232679_at,,unannotated:232679_at,,Jamin2021_CT,True,False,False,False,False,False
unmapped:probe:232790_at,,unannotated:232790_at,,Jamin2021_CT,True,False,False,False,False,False
unmapped:probe:233064_at,,unannotated:233064_at,,Jamin2021_CT,True,False,False,False,False,False
unmapped:probe:233501_at,,unannotated:233501_at,,Jamin2021_CT,True,False,False,False,False,False
unmapped:probe:235632_at,,unannotated:235632_at,,Jamin2021_CT,True,False,False,False,False,False
unmapped:probe:235696_at,,unannotated:235696_at,,Jamin2021_CT,True,False,False,False,False,False
unmapped:probe:235736_at,,unannotated:235736_at,,Jamin2021_CT,True,False,False,False,False,False
unmapped:probe:235949_at,,unannotated:235949_at,,Jamin2021_CT,True,False,False,False,False,False
unmapped:probe:236402_at,,unannotated:236402_at,,Jamin2021_CT,True,False,False,False,False,False
unmapped:probe:236982_at,,unannotated:236982_at,,Jamin2021_CT,True,False,False,False,False,False
unmapped:probe:237019_at,,unannotated:237019_at,,Jamin2021_CT,True,False,False,False,False,False
unmapped:probe:237105_at,,unannotated:237105_at,,Jamin2021_CT,True,False,False,False,False,False
unmapped:probe:237771_s_at,,unannotated:237771_s_at,,Jamin2021_CT,True,False,False,False,False,False
unmapped:probe:238069_at,,unannotated:238069_at,,Jamin2021_CT,True,False,False,False,False,False
unmapped:probe:238284_at,,unannotated:238284_at,,Jamin2021_CT,True,False,False,False,False,False
unmapped:probe:238559_at,,unannotated:238559_at,,Jamin2021_CT,True,False,False,False,False,False
unmapped:probe:238624_at,,unannotated:238624_at,,Jamin2021_CT,True,False,False,False,False,False
unmapped:probe:238646_at,,unannotated:238646_at,,Jamin2021_CT,True,False,False,False,False,False
unmapped:probe:239302_s_at,,unannotated:239302_s_at,,Jamin2021_CT,True,False,False,False,False,False
unmapped:probe:239344_at,,unannotated:239344_at,,Jamin2021_CT,True,False,False,False,False,False
unmapped:probe:239450_at,,unannotated:239450_at,,Jamin2021_CT,True,False,False,False,False,False
unmapped:probe:239982_at,,unannotated:239982_at,,Jamin2021_CT,True,False,False,False,False,False
unmapped:probe:241133_at,,unannotated:241133_at,,Jamin2021_CT,True,False,False,False,False,False
unmapped:probe:241262_at,,unannotated:241262_at,,Jamin2021_CT,True,False,False,False,False,False
unmapped:probe:241535_at,,unannotated:241535_at,,Jamin2021_CT,True,False,False,False,False,False
unmapped:probe:241835_at,,unannotated:241835_at,,Jamin2021_CT,True,False,False,False,False,False
unmapped:probe:242276_at,,unannotated:242276_at,,Jamin2021_CT,True,False,False,False,False,False
unmapped:probe:242904_x_at,,unannotated:242904_x_at,,Jamin2021_CT,True,False,False,False,False,False
unmapped:probe:243272_at,,unannotated:243272_at,,Jamin2021_CT,True,False,False,False,False,False
unmapped:probe:244080_at,,unannotated:244080_at,,Jamin2021_CT,True,False,False,False,False,False
unmapped:symbol:ABCA17P,,ABCA17P,,Jamin2021_CT,True,False,False,False,False,False
unmapped:symbol:ADAM6,,ADAM6,,Bruggeman2018_GC,True,False,False,False,False,False
unmapped:symbol:BAGE,,BAGE,,Seager2024_CTA,True,False,False,False,False,False
unmapped:symbol:BMS1P4,,BMS1P4,,Bruggeman2018_GC,True,False,False,False,False,False
unmapped:symbol:C20orf197,,C20orf197,,Bruggeman2018_GC,True,False,False,False,False,False
unmapped:symbol:CEP170L,,CEP170L,,Jamin2021_CT,True,False,False,False,False,False
unmapped:symbol:DPY19L2P2,,DPY19L2P2,,Bruggeman2018_GC;Jamin2021_CT,True,False,False,False,False,False
unmapped:symbol:FAM35DP,,FAM35DP,,Bruggeman2018_GC,True,False,False,False,False,False
unmapped:symbol:FAM86JP,,FAM86JP,,Bruggeman2018_GC,True,False,False,False,False,False
unmapped:symbol:FLJ27354,,FLJ27354,,Jamin2021_CT,True,False,False,False,False,False
unmapped:symbol:FLJ43390,,FLJ43390,,Jamin2021_CT,True,False,False,False,False,False
unmapped:symbol:FLJ44606,,FLJ44606,,Jamin2021_CT,True,False,False,False,False,False
unmapped:symbol:GAGE12I,,GAGE12I,,Jamin2021_CT,True,False,False,False,False,False
unmapped:symbol:GAGE2,,GAGE2,,Seager2024_CTA,True,False,False,False,False,False
unmapped:symbol:GAGE2B,,GAGE2B,,Jamin2021_CT,True,False,False,False,False,False
unmapped:symbol:GAGE2C,,GAGE2C,,Jamin2021_CT,True,False,False,False,False,False
unmapped:symbol:GAGE2D,,GAGE2D,,Jamin2021_CT,True,False,False,False,False,False
unmapped:symbol:GAGE3,,GAGE3,,Jamin2021_CT,True,False,False,False,False,False
unmapped:symbol:GAGE4,,GAGE4,,Jamin2021_CT,True,False,False,False,False,False
unmapped:symbol:GAGE5,,GAGE5,,Jamin2021_CT,True,False,False,False,False,False
unmapped:symbol:GAGE6,,GAGE6,,Jamin2021_CT,True,False,False,False,False,False
unmapped:symbol:GAGE7,,GAGE7,,Jamin2021_CT,True,False,False,False,False,False
unmapped:symbol:GAGE8,,GAGE8,,Jamin2021_CT,True,False,False,False,False,False
unmapped:symbol:HLA-L,,HLA-L,,Bruggeman2018_GC,True,False,False,False,False,False
unmapped:symbol:KIAA1919,,KIAA1919,,Bruggeman2018_GC,True,False,False,False,False,False
unmapped:symbol:LEF1-AS,,LEF1-AS,,Jamin2021_CT,True,False,False,False,False,False
unmapped:symbol:LOC100128191,,LOC100128191,,Jamin2021_CT,True,False,False,False,False,False
unmapped:symbol:LOC100129656,,LOC100129656,,Jamin2021_CT,True,False,False,False,False,False
unmapped:symbol:LOC100130452,,LOC100130452,,Jamin2021_CT,True,False,False,False,False,False
unmapped:symbol:LOC100132161,,LOC100132161,,Jamin2021_CT,True,False,False,False,False,False
unmapped:symbol:LOC100133581,,LOC100133581,,Jamin2021_CT,True,False,False,False,False,False
unmapped:symbol:LOC100134937,,LOC100134937,,Jamin2021_CT,True,False,False,False,False,False
unmapped:symbol:LOC283481,,LOC283481,,Jamin2021_CT,True,False,False,False,False,False
unmapped:symbol:LOC284861,,LOC284861,,Jamin2021_CT,True,False,False,False,False,False
unmapped:symbol:LOC285548-LINC01096,,LOC285548-LINC01096,,Jamin2021_CT,True,False,False,False,False,False
unmapped:symbol:LOC339260,,LOC339260,,Jamin2021_CT,True,False,False,False,False,False
unmapped:symbol:LOC340178,,LOC340178,,Jamin2021_CT,True,False,False,False,False,False
unmapped:symbol:LOC374491,,LOC374491,,Jamin2021_CT,True,False,False,False,False,False
unmapped:symbol:LOC388942,,LOC388942,,Jamin2021_CT,True,False,False,False,False,False
unmapped:symbol:LOC389023,,LOC389023,,Jamin2021_CT,True,False,False,False,False,False
unmapped:symbol:LOC389043,,LOC389043,,Jamin2021_CT,True,False,False,False,False,False
unmapped:symbol:LOC400099,,LOC400099,,Jamin2021_CT,True,False,False,False,False,False
unmapped:symbol:LOC400464,,LOC400464,,Jamin2021_CT,True,False,False,False,False,False
unmapped:symbol:LOC415056,,LOC415056,,Jamin2021_CT,True,False,False,False,False,False
unmapped:symbol:LOC440288,,LOC440288,,Jamin2021_CT,True,False,False,False,False,False
unmapped:symbol:LOC440905,,LOC440905,,Jamin2021_CT,True,False,False,False,False,False
unmapped:symbol:LOC641467,,LOC641467,,Jamin2021_CT,True,False,False,False,False,False
unmapped:symbol:LOC641518,,LOC641518,,Jamin2021_CT,True,False,False,False,False,False
unmapped:symbol:LOC645513,,LOC645513,,Jamin2021_CT,True,False,False,False,False,False
unmapped:symbol:LOC728485,,LOC728485,,Jamin2021_CT,True,False,False,False,False,False
unmapped:symbol:LOC729461 - protein coding,,LOC729461 - protein coding,,Jamin2021_CT,True,False,False,False,False,False
unmapped:symbol:LOC729970,,LOC729970,,Jamin2021_CT,True,False,False,False,False,False
unmapped:symbol:MPP6,,MPP6,,Jamin2021_CT,True,False,False,False,False,False
"unmapped:symbol:NHEDC1, SCL9B",,"NHEDC1, SCL9B",,Jamin2021_CT,True,False,False,False,False,False
unmapped:symbol:PLEKHA8P1,,PLEKHA8P1,,Bruggeman2018_GC,True,False,False,False,False,False
unmapped:symbol:POM121L9P,,POM121L9P,,Jamin2021_CT,True,False,False,False,False,False
unmapped:symbol:PPIEL,,PPIEL,,Bruggeman2018_GC,True,False,False,False,False,False
unmapped:symbol:PRKY,,PRKY,,Bruggeman2018_GC,True,False,False,False,False,False
unmapped:symbol:RPL19P12,,RPL19P12,,Bruggeman2018_GC,True,False,False,False,False,False
unmapped:symbol:RPLP0P2,,RPLP0P2,,Bruggeman2018_GC,True,False,False,False,False,False
unmapped:symbol:SEPT7L,,SEPT7L,,Jamin2021_CT,True,False,False,False,False,False
unmapped:symbol:SIGLEC5,,SIGLEC5,,Bruggeman2018_GC,True,False,False,False,False,False
unmapped:symbol:SIP1,,SIP1,,Jamin2021_CT,True,False,False,False,False,False
unmapped:symbol:SLC6A10P,,SLC6A10P,,Bruggeman2018_GC,True,False,False,False,False,False
unmapped:symbol:ST85IA6-AS1,,ST85IA6-AS1,,Jamin2021_CT,True,False,False,False,False,False
unmapped:symbol:TCAM1P,,TCAM1P,,Bruggeman2018_GC,True,False,False,False,False,False
unmapped:symbol:TCAM1P pseudogene,,TCAM1P pseudogene,,Jamin2021_CT,True,False,False,False,False,False
unmapped:symbol:TMEM14E,,TMEM14E,,Bruggeman2018_GC,True,False,False,False,False,False
unmapped:symbol:TRIM49D2P,,TRIM49D2P,,daSilva2017_CT,True,False,False,False,False,False
unmapped:symbol:TTC30B,,TTC30B,,Bruggeman2018_GC;Jamin2021_CT,True,False,False,False,False,False
unmapped:symbol:TTTY15,,TTTY15,,Bruggeman2018_GC,True,False,False,False,False,False
unmapped:symbol:ZNF702P,,ZNF702P,,Bruggeman2018_GC,True,False,False,False,False,False
unmapped:symbol:ZNF876P,,ZNF876P,,Bruggeman2018_GC,True,False,False,False,False,False
unmapped:symbol:ZNRD1-AS1,,ZNRD1-AS1,,Bruggeman2018_GC,True,False,False,False,False,False
