source,Ensembl_Gene_ID,default_panel
Wang 2016,ENSG00000004809,False
Wang 2016,ENSG00000004838,False
Wang 2016,ENSG00000005189,False
Wang 2016,ENSG00000006047,True
Wang 2016,ENSG00000006059,False
Wang 2016,ENSG00000006634,True
Wang 2016,ENSG00000007038,False
Wang 2016,ENSG00000007350,True
Wang 2016,ENSG00000010318,True
Wang 2016,ENSG00000011590,False
Wang 2016,ENSG00000013810,False
Wang 2016,ENSG00000024526,False
Wang 2016,ENSG00000039600,True
Wang 2016,ENSG00000042813,True
Wang 2016,ENSG00000046774,True
Wang 2016,ENSG00000048545,False
Wang 2016,ENSG00000051180,False
Wang 2016,ENSG00000057468,False
Wang 2016,ENSG00000063127,False
Wang 2016,ENSG00000063438,False
Wang 2016,ENSG00000064199,False
Wang 2016,ENSG00000064703,False
Wang 2016,ENSG00000065371,False
Wang 2016,ENSG00000066185,False
Wang 2016,ENSG00000066923,False
Wang 2016,ENSG00000068985,True
Wang 2016,ENSG00000069188,False
Wang 2016,ENSG00000069206,False
Wang 2016,ENSG00000070601,False
Wang 2016,ENSG00000070886,False
Wang 2016,ENSG00000071539,False
Wang 2016,ENSG00000072571,False
Wang 2016,ENSG00000073146,False
Wang 2016,ENSG00000073598,True
Wang 2016,ENSG00000075702,False
Wang 2016,ENSG00000075886,False
Wang 2016,ENSG00000077327,False
Wang 2016,ENSG00000077800,True
Wang 2016,ENSG00000077935,True
Wang 2016,ENSG00000078043,False
Wang 2016,ENSG00000078487,False
Wang 2016,ENSG00000078795,False
Wang 2016,ENSG00000080007,False
Wang 2016,ENSG00000080224,False
Wang 2016,ENSG00000080572,False
Wang 2016,ENSG00000084693,False
Wang 2016,ENSG00000086288,False
Wang 2016,ENSG00000086717,False
Wang 2016,ENSG00000087586,False
Wang 2016,ENSG00000088325,False
Wang 2016,ENSG00000088756,False
Wang 2016,ENSG00000089505,False
Wang 2016,ENSG00000091651,False
Wang 2016,ENSG00000092200,False
Wang 2016,ENSG00000092345,True
Wang 2016,ENSG00000092853,False
Wang 2016,ENSG00000093009,False
Wang 2016,ENSG00000095627,True
Wang 2016,ENSG00000095777,False
Wang 2016,ENSG00000099338,False
Wang 2016,ENSG00000099399,True
Wang 2016,ENSG00000099840,False
Wang 2016,ENSG00000100027,False
Wang 2016,ENSG00000100206,False
Wang 2016,ENSG00000100312,True
Wang 2016,ENSG00000100526,False
Wang 2016,ENSG00000100565,True
Wang 2016,ENSG00000100583,False
Wang 2016,ENSG00000101003,False
Wang 2016,ENSG00000101057,False
Wang 2016,ENSG00000101276,False
Wang 2016,ENSG00000101353,False
Wang 2016,ENSG00000101435,False
Wang 2016,ENSG00000101448,False
Wang 2016,ENSG00000101883,False
Wang 2016,ENSG00000101890,False
Wang 2016,ENSG00000102021,True
Wang 2016,ENSG00000102048,False
Wang 2016,ENSG00000102387,False
Wang 2016,ENSG00000102924,False
Wang 2016,ENSG00000103023,True
Wang 2016,ENSG00000103546,False
Wang 2016,ENSG00000104147,False
Wang 2016,ENSG00000104755,True
Wang 2016,ENSG00000104804,True
Wang 2016,ENSG00000104818,True
Wang 2016,ENSG00000104901,True
Wang 2016,ENSG00000104941,True
Wang 2016,ENSG00000105011,False
Wang 2016,ENSG00000105143,False
Wang 2016,ENSG00000105146,False
Wang 2016,ENSG00000105198,True
Wang 2016,ENSG00000105428,True
Wang 2016,ENSG00000105467,False
Wang 2016,ENSG00000105549,False
Wang 2016,ENSG00000105672,False
Wang 2016,ENSG00000105679,False
Wang 2016,ENSG00000105982,False
Wang 2016,ENSG00000106013,True
Wang 2016,ENSG00000106304,True
Wang 2016,ENSG00000106328,True
Wang 2016,ENSG00000106336,True
Wang 2016,ENSG00000106410,False
Wang 2016,ENSG00000106638,False
Wang 2016,ENSG00000106648,False
Wang 2016,ENSG00000108106,False
Wang 2016,ENSG00000109265,False
Wang 2016,ENSG00000109832,False
Wang 2016,ENSG00000109881,False
Wang 2016,ENSG00000111254,True
Wang 2016,ENSG00000111305,False
Wang 2016,ENSG00000111644,False
Wang 2016,ENSG00000111837,False
Wang 2016,ENSG00000112038,False
Wang 2016,ENSG00000112053,True
Wang 2016,ENSG00000112238,False
Wang 2016,ENSG00000112273,True
Wang 2016,ENSG00000112742,False
Wang 2016,ENSG00000113525,True
Wang 2016,ENSG00000114349,False
Wang 2016,ENSG00000114487,True
Wang 2016,ENSG00000114547,False
Wang 2016,ENSG00000114656,False
Wang 2016,ENSG00000115194,False
Wang 2016,ENSG00000115257,False
Wang 2016,ENSG00000116721,False
Wang 2016,ENSG00000116726,False
Wang 2016,ENSG00000117148,True
Wang 2016,ENSG00000117155,False
Wang 2016,ENSG00000117650,False
Wang 2016,ENSG00000118156,True
Wang 2016,ENSG00000118245,True
Wang 2016,ENSG00000118307,False
Wang 2016,ENSG00000118434,True
Wang 2016,ENSG00000118491,True
Wang 2016,ENSG00000118492,False
Wang 2016,ENSG00000119703,False
Wang 2016,ENSG00000120051,False
Wang 2016,ENSG00000120160,True
Wang 2016,ENSG00000120210,False
Wang 2016,ENSG00000120329,True
Wang 2016,ENSG00000120440,False
Wang 2016,ENSG00000120498,False
Wang 2016,ENSG00000120563,True
Wang 2016,ENSG00000120669,False
Wang 2016,ENSG00000120952,False
Wang 2016,ENSG00000121101,True
Wang 2016,ENSG00000121152,False
Wang 2016,ENSG00000121211,False
Wang 2016,ENSG00000121380,False
Wang 2016,ENSG00000121446,True
Wang 2016,ENSG00000121570,False
Wang 2016,ENSG00000121621,False
Wang 2016,ENSG00000121634,False
Wang 2016,ENSG00000122304,True
Wang 2016,ENSG00000123171,True
Wang 2016,ENSG00000123485,False
Wang 2016,ENSG00000123496,False
Wang 2016,ENSG00000123569,False
Wang 2016,ENSG00000123576,True
Wang 2016,ENSG00000123584,True
Wang 2016,ENSG00000123975,False
Wang 2016,ENSG00000123977,False
Wang 2016,ENSG00000124092,True
Wang 2016,ENSG00000124116,False
Wang 2016,ENSG00000124196,True
Wang 2016,ENSG00000124260,True
Wang 2016,ENSG00000124449,True
Wang 2016,ENSG00000124490,True
Wang 2016,ENSG00000124678,True
Wang 2016,ENSG00000124721,False
Wang 2016,ENSG00000124812,False
Wang 2016,ENSG00000124818,False
Wang 2016,ENSG00000125207,True
Wang 2016,ENSG00000125319,False
Wang 2016,ENSG00000125388,False
Wang 2016,ENSG00000125409,False
Wang 2016,ENSG00000125531,True
Wang 2016,ENSG00000125533,False
Wang 2016,ENSG00000125788,False
Wang 2016,ENSG00000125823,True
Wang 2016,ENSG00000125888,False
Wang 2016,ENSG00000125900,False
Wang 2016,ENSG00000125975,True
Wang 2016,ENSG00000126467,True
Wang 2016,ENSG00000126752,True
Wang 2016,ENSG00000126787,False
Wang 2016,ENSG00000126856,True
Wang 2016,ENSG00000127252,False
Wang 2016,ENSG00000127423,False
Wang 2016,ENSG00000127564,False
Wang 2016,ENSG00000128040,False
Wang 2016,ENSG00000128346,False
Wang 2016,ENSG00000128408,False
Wang 2016,ENSG00000128596,False
Wang 2016,ENSG00000128610,False
Wang 2016,ENSG00000129221,False
Wang 2016,ENSG00000129646,False
Wang 2016,ENSG00000129673,False
Wang 2016,ENSG00000129810,False
Wang 2016,ENSG00000129873,True
Wang 2016,ENSG00000130167,False
Wang 2016,ENSG00000130270,False
Wang 2016,ENSG00000130377,True
Wang 2016,ENSG00000130561,False
Wang 2016,ENSG00000130656,False
Wang 2016,ENSG00000130783,True
Wang 2016,ENSG00000130943,True
Wang 2016,ENSG00000130948,False
Wang 2016,ENSG00000131044,False
Wang 2016,ENSG00000131050,False
Wang 2016,ENSG00000131126,True
Wang 2016,ENSG00000131379,True
Wang 2016,ENSG00000131738,False
Wang 2016,ENSG00000131747,False
Wang 2016,ENSG00000131864,True
Wang 2016,ENSG00000131914,False
Wang 2016,ENSG00000132016,False
Wang 2016,ENSG00000132141,False
Wang 2016,ENSG00000132446,True
Wang 2016,ENSG00000132554,False
Wang 2016,ENSG00000132681,False
Wang 2016,ENSG00000132749,False
Wang 2016,ENSG00000132958,True
Wang 2016,ENSG00000132972,False
Wang 2016,ENSG00000133101,False
Wang 2016,ENSG00000133477,False
Wang 2016,ENSG00000133640,False
Wang 2016,ENSG00000133863,False
Wang 2016,ENSG00000133980,False
Wang 2016,ENSG00000134007,True
Wang 2016,ENSG00000134249,True
Wang 2016,ENSG00000134588,True
Wang 2016,ENSG00000134640,False
Wang 2016,ENSG00000134690,False
Wang 2016,ENSG00000134940,True
Wang 2016,ENSG00000135222,False
Wang 2016,ENSG00000135248,True
Wang 2016,ENSG00000135436,True
Wang 2016,ENSG00000135451,False
Wang 2016,ENSG00000135577,False
Wang 2016,ENSG00000135625,False
Wang 2016,ENSG00000135898,False
Wang 2016,ENSG00000135951,False
Wang 2016,ENSG00000136231,False
Wang 2016,ENSG00000136327,False
Wang 2016,ENSG00000136449,False
Wang 2016,ENSG00000136492,False
Wang 2016,ENSG00000136811,False
Wang 2016,ENSG00000136929,False
Wang 2016,ENSG00000137090,True
Wang 2016,ENSG00000137225,True
Wang 2016,ENSG00000137434,False
Wang 2016,ENSG00000137473,False
Wang 2016,ENSG00000137674,False
Wang 2016,ENSG00000137691,False
Wang 2016,ENSG00000137707,False
Wang 2016,ENSG00000137812,False
Wang 2016,ENSG00000137948,True
Wang 2016,ENSG00000138483,True
Wang 2016,ENSG00000138587,False
Wang 2016,ENSG00000138646,False
Wang 2016,ENSG00000138684,False
Wang 2016,ENSG00000138813,True
Wang 2016,ENSG00000139151,True
Wang 2016,ENSG00000139351,True
Wang 2016,ENSG00000139445,False
Wang 2016,ENSG00000139537,False
Wang 2016,ENSG00000139714,False
Wang 2016,ENSG00000139734,False
Wang 2016,ENSG00000139797,True
Wang 2016,ENSG00000139800,False
Wang 2016,ENSG00000140067,False
Wang 2016,ENSG00000140478,True
Wang 2016,ENSG00000140527,False
Wang 2016,ENSG00000140623,True
Wang 2016,ENSG00000140798,False
Wang 2016,ENSG00000140932,True
Wang 2016,ENSG00000140955,True
Wang 2016,ENSG00000141096,True
Wang 2016,ENSG00000141255,True
Wang 2016,ENSG00000141316,True
Wang 2016,ENSG00000141371,True
Wang 2016,ENSG00000141497,False
Wang 2016,ENSG00000141665,False
Wang 2016,ENSG00000141946,False
Wang 2016,ENSG00000141977,False
Wang 2016,ENSG00000142025,True
Wang 2016,ENSG00000142513,False
Wang 2016,ENSG00000142530,False
Wang 2016,ENSG00000142621,False
Wang 2016,ENSG00000142698,True
Wang 2016,ENSG00000142731,False
Wang 2016,ENSG00000142920,False
Wang 2016,ENSG00000142945,False
Wang 2016,ENSG00000143006,True
Wang 2016,ENSG00000143032,False
Wang 2016,ENSG00000143194,False
Wang 2016,ENSG00000143199,False
Wang 2016,ENSG00000143228,False
Wang 2016,ENSG00000143443,False
Wang 2016,ENSG00000143450,False
Wang 2016,ENSG00000143452,True
Wang 2016,ENSG00000143476,False
Wang 2016,ENSG00000143479,False
Wang 2016,ENSG00000143512,True
Wang 2016,ENSG00000143552,True
Wang 2016,ENSG00000143994,False
Wang 2016,ENSG00000144015,False
Wang 2016,ENSG00000144395,False
Wang 2016,ENSG00000144671,True
Wang 2016,ENSG00000144962,True
Wang 2016,ENSG00000145309,True
Wang 2016,ENSG00000145491,False
Wang 2016,ENSG00000145757,False
Wang 2016,ENSG00000145850,False
Wang 2016,ENSG00000145975,False
Wang 2016,ENSG00000146221,False
Wang 2016,ENSG00000146276,False
Wang 2016,ENSG00000146410,False
Wang 2016,ENSG00000146453,False
Wang 2016,ENSG00000146670,False
Wang 2016,ENSG00000147081,True
Wang 2016,ENSG00000147127,False
Wang 2016,ENSG00000147183,True
Wang 2016,ENSG00000147378,True
Wang 2016,ENSG00000147381,True
Wang 2016,ENSG00000147570,False
Wang 2016,ENSG00000147596,False
Wang 2016,ENSG00000148156,True
Wang 2016,ENSG00000148200,False
Wang 2016,ENSG00000148680,False
Wang 2016,ENSG00000148814,False
Wang 2016,ENSG00000148832,False
Wang 2016,ENSG00000149243,False
Wang 2016,ENSG00000149507,False
Wang 2016,ENSG00000149548,False
Wang 2016,ENSG00000149646,False
Wang 2016,ENSG00000149679,False
Wang 2016,ENSG00000149926,False
Wang 2016,ENSG00000150628,True
Wang 2016,ENSG00000150667,False
Wang 2016,ENSG00000150676,True
Wang 2016,ENSG00000150773,False
Wang 2016,ENSG00000150783,False
Wang 2016,ENSG00000151005,True
Wang 2016,ENSG00000151033,True
Wang 2016,ENSG00000151164,False
Wang 2016,ENSG00000151287,False
Wang 2016,ENSG00000151360,True
Wang 2016,ENSG00000151615,False
Wang 2016,ENSG00000151725,False
Wang 2016,ENSG00000151846,False
Wang 2016,ENSG00000151962,True
Wang 2016,ENSG00000152086,False
Wang 2016,ENSG00000152192,False
Wang 2016,ENSG00000152208,False
Wang 2016,ENSG00000152430,True
Wang 2016,ENSG00000152463,False
Wang 2016,ENSG00000152503,False
Wang 2016,ENSG00000152592,False
Wang 2016,ENSG00000152670,True
Wang 2016,ENSG00000152705,False
Wang 2016,ENSG00000153044,False
Wang 2016,ENSG00000153060,True
Wang 2016,ENSG00000153347,False
Wang 2016,ENSG00000153495,False
Wang 2016,ENSG00000153779,True
Wang 2016,ENSG00000153790,False
Wang 2016,ENSG00000154007,True
Wang 2016,ENSG00000154040,False
Wang 2016,ENSG00000154099,False
Wang 2016,ENSG00000154143,False
Wang 2016,ENSG00000154438,True
Wang 2016,ENSG00000154479,False
Wang 2016,ENSG00000154548,False
Wang 2016,ENSG00000154611,False
Wang 2016,ENSG00000154645,False
Wang 2016,ENSG00000154920,False
Wang 2016,ENSG00000154997,False
Wang 2016,ENSG00000155367,False
Wang 2016,ENSG00000155495,True
Wang 2016,ENSG00000155530,False
Wang 2016,ENSG00000155714,False
Wang 2016,ENSG00000155719,False
Wang 2016,ENSG00000155749,False
Wang 2016,ENSG00000155754,True
Wang 2016,ENSG00000155875,False
Wang 2016,ENSG00000155890,True
Wang 2016,ENSG00000156009,True
Wang 2016,ENSG00000156269,True
Wang 2016,ENSG00000156509,True
Wang 2016,ENSG00000156970,False
Wang 2016,ENSG00000157060,False
Wang 2016,ENSG00000157093,True
Wang 2016,ENSG00000157330,False
Wang 2016,ENSG00000157343,False
Wang 2016,ENSG00000157456,False
Wang 2016,ENSG00000157578,False
Wang 2016,ENSG00000157653,False
Wang 2016,ENSG00000157884,False
Wang 2016,ENSG00000158402,False
Wang 2016,ENSG00000158423,False
Wang 2016,ENSG00000158525,False
Wang 2016,ENSG00000158553,True
Wang 2016,ENSG00000158639,True
Wang 2016,ENSG00000159217,False
Wang 2016,ENSG00000159224,False
Wang 2016,ENSG00000159289,True
Wang 2016,ENSG00000159374,False
Wang 2016,ENSG00000159495,False
Wang 2016,ENSG00000159625,False
Wang 2016,ENSG00000159761,False
Wang 2016,ENSG00000160207,False
Wang 2016,ENSG00000160318,False
Wang 2016,ENSG00000160396,False
Wang 2016,ENSG00000160471,False
Wang 2016,ENSG00000160505,False
Wang 2016,ENSG00000160838,False
Wang 2016,ENSG00000160886,False
Wang 2016,ENSG00000161036,False
Wang 2016,ENSG00000161040,False
Wang 2016,ENSG00000161180,True
Wang 2016,ENSG00000161594,True
Wang 2016,ENSG00000161609,False
Wang 2016,ENSG00000161652,True
Wang 2016,ENSG00000161798,False
Wang 2016,ENSG00000161860,True
Wang 2016,ENSG00000161973,True
Wang 2016,ENSG00000162039,True
Wang 2016,ENSG00000162129,False
Wang 2016,ENSG00000162148,False
Wang 2016,ENSG00000162571,False
Wang 2016,ENSG00000162592,True
Wang 2016,ENSG00000162620,False
Wang 2016,ENSG00000162624,False
Wang 2016,ENSG00000162639,False
Wang 2016,ENSG00000162753,False
Wang 2016,ENSG00000162763,False
Wang 2016,ENSG00000162771,True
Wang 2016,ENSG00000162779,False
Wang 2016,ENSG00000162782,False
Wang 2016,ENSG00000162814,False
Wang 2016,ENSG00000162843,True
Wang 2016,ENSG00000162931,False
Wang 2016,ENSG00000163012,True
Wang 2016,ENSG00000163060,False
Wang 2016,ENSG00000163114,True
Wang 2016,ENSG00000163206,True
Wang 2016,ENSG00000163239,False
Wang 2016,ENSG00000163254,False
Wang 2016,ENSG00000163263,False
Wang 2016,ENSG00000163357,False
Wang 2016,ENSG00000163424,False
Wang 2016,ENSG00000163440,True
Wang 2016,ENSG00000163467,True
Wang 2016,ENSG00000163491,False
Wang 2016,ENSG00000163530,True
Wang 2016,ENSG00000163535,False
Wang 2016,ENSG00000163645,True
Wang 2016,ENSG00000163705,True
Wang 2016,ENSG00000163746,False
Wang 2016,ENSG00000163749,True
Wang 2016,ENSG00000163793,False
Wang 2016,ENSG00000163806,True
Wang 2016,ENSG00000163808,False
Wang 2016,ENSG00000163879,False
Wang 2016,ENSG00000163885,False
Wang 2016,ENSG00000163923,False
Wang 2016,ENSG00000163958,True
Wang 2016,ENSG00000164037,False
Wang 2016,ENSG00000164045,False
Wang 2016,ENSG00000164070,False
Wang 2016,ENSG00000164113,True
Wang 2016,ENSG00000164256,False
Wang 2016,ENSG00000164299,True
Wang 2016,ENSG00000164304,True
Wang 2016,ENSG00000164334,True
Wang 2016,ENSG00000164404,False
Wang 2016,ENSG00000164500,True
Wang 2016,ENSG00000164512,False
Wang 2016,ENSG00000164611,False
Wang 2016,ENSG00000164645,True
Wang 2016,ENSG00000164675,False
Wang 2016,ENSG00000164744,False
Wang 2016,ENSG00000164900,False
Wang 2016,ENSG00000165059,True
Wang 2016,ENSG00000165076,True
Wang 2016,ENSG00000165113,False
Wang 2016,ENSG00000165131,True
Wang 2016,ENSG00000165181,False
Wang 2016,ENSG00000165182,True
Wang 2016,ENSG00000165309,False
Wang 2016,ENSG00000165325,False
Wang 2016,ENSG00000165383,False
Wang 2016,ENSG00000165490,False
Wang 2016,ENSG00000165496,False
Wang 2016,ENSG00000165555,False
Wang 2016,ENSG00000165568,False
Wang 2016,ENSG00000165583,True
Wang 2016,ENSG00000165584,True
Wang 2016,ENSG00000165643,False
Wang 2016,ENSG00000165695,False
Wang 2016,ENSG00000165698,False
Wang 2016,ENSG00000165805,True
Wang 2016,ENSG00000165807,False
Wang 2016,ENSG00000165863,True
Wang 2016,ENSG00000165972,False
Wang 2016,ENSG00000166049,True
Wang 2016,ENSG00000166069,True
Wang 2016,ENSG00000166118,True
Wang 2016,ENSG00000166220,False
Wang 2016,ENSG00000166246,False
Wang 2016,ENSG00000166323,False
Wang 2016,ENSG00000166351,True
Wang 2016,ENSG00000166359,False
Wang 2016,ENSG00000166546,False
Wang 2016,ENSG00000166578,False
Wang 2016,ENSG00000166796,True
Wang 2016,ENSG00000166800,True
Wang 2016,ENSG00000166851,False
Wang 2016,ENSG00000166926,False
Wang 2016,ENSG00000166928,False
Wang 2016,ENSG00000167014,False
Wang 2016,ENSG00000167094,False
Wang 2016,ENSG00000167194,False
Wang 2016,ENSG00000167195,False
Wang 2016,ENSG00000167210,False
Wang 2016,ENSG00000167523,False
Wang 2016,ENSG00000167525,False
Wang 2016,ENSG00000167531,False
Wang 2016,ENSG00000167634,True
Wang 2016,ENSG00000168026,True
Wang 2016,ENSG00000168070,False
Wang 2016,ENSG00000168078,False
Wang 2016,ENSG00000168148,False
Wang 2016,ENSG00000168263,False
Wang 2016,ENSG00000168454,False
Wang 2016,ENSG00000168491,False
Wang 2016,ENSG00000168589,False
Wang 2016,ENSG00000168594,True
Wang 2016,ENSG00000168619,True
Wang 2016,ENSG00000168676,False
Wang 2016,ENSG00000168757,True
Wang 2016,ENSG00000168930,False
Wang 2016,ENSG00000169059,True
Wang 2016,ENSG00000169126,False
Wang 2016,ENSG00000169194,True
Wang 2016,ENSG00000169214,True
Wang 2016,ENSG00000169393,False
Wang 2016,ENSG00000169402,False
Wang 2016,ENSG00000169551,True
Wang 2016,ENSG00000169679,False
Wang 2016,ENSG00000169717,False
Wang 2016,ENSG00000169800,True
Wang 2016,ENSG00000169953,True
Wang 2016,ENSG00000170236,True
Wang 2016,ENSG00000170279,False
Wang 2016,ENSG00000170469,False
Wang 2016,ENSG00000170486,False
Wang 2016,ENSG00000170516,True
Wang 2016,ENSG00000170627,False
Wang 2016,ENSG00000170703,False
Wang 2016,ENSG00000170748,True
Wang 2016,ENSG00000170777,True
Wang 2016,ENSG00000170788,False
Wang 2016,ENSG00000170820,True
Wang 2016,ENSG00000170925,False
Wang 2016,ENSG00000170948,False
Wang 2016,ENSG00000170950,True
Wang 2016,ENSG00000170965,True
Wang 2016,ENSG00000171102,False
Wang 2016,ENSG00000171209,False
Wang 2016,ENSG00000171402,True
Wang 2016,ENSG00000171405,True
Wang 2016,ENSG00000171487,False
Wang 2016,ENSG00000171489,True
Wang 2016,ENSG00000171495,True
Wang 2016,ENSG00000171540,False
Wang 2016,ENSG00000171722,False
Wang 2016,ENSG00000171772,False
Wang 2016,ENSG00000171790,False
Wang 2016,ENSG00000171794,True
Wang 2016,ENSG00000171804,True
Wang 2016,ENSG00000171864,False
Wang 2016,ENSG00000171872,True
Wang 2016,ENSG00000171931,False
Wang 2016,ENSG00000171956,False
Wang 2016,ENSG00000171989,True
Wang 2016,ENSG00000172073,True
Wang 2016,ENSG00000172139,False
Wang 2016,ENSG00000172361,False
Wang 2016,ENSG00000172421,True
Wang 2016,ENSG00000172538,True
Wang 2016,ENSG00000172671,False
Wang 2016,ENSG00000172680,False
Wang 2016,ENSG00000172717,True
Wang 2016,ENSG00000172738,False
Wang 2016,ENSG00000172967,True
Wang 2016,ENSG00000173093,False
Wang 2016,ENSG00000173157,False
Wang 2016,ENSG00000173261,False
Wang 2016,ENSG00000173389,True
Wang 2016,ENSG00000173401,True
Wang 2016,ENSG00000173421,False
Wang 2016,ENSG00000173464,False
Wang 2016,ENSG00000173557,False
Wang 2016,ENSG00000173673,False
Wang 2016,ENSG00000173699,True
Wang 2016,ENSG00000173809,False
Wang 2016,ENSG00000173838,False
Wang 2016,ENSG00000173868,False
Wang 2016,ENSG00000173894,False
Wang 2016,ENSG00000173908,False
Wang 2016,ENSG00000174015,True
Wang 2016,ENSG00000174016,True
Wang 2016,ENSG00000174038,False
Wang 2016,ENSG00000174225,True
Wang 2016,ENSG00000174448,True
Wang 2016,ENSG00000174527,False
Wang 2016,ENSG00000174788,False
Wang 2016,ENSG00000175018,True
Wang 2016,ENSG00000175294,True
Wang 2016,ENSG00000175449,False
Wang 2016,ENSG00000175518,False
Wang 2016,ENSG00000175520,True
Wang 2016,ENSG00000175664,False
Wang 2016,ENSG00000175809,True
Wang 2016,ENSG00000175820,True
Wang 2016,ENSG00000175877,True
Wang 2016,ENSG00000176040,True
Wang 2016,ENSG00000176083,False
Wang 2016,ENSG00000176160,True
Wang 2016,ENSG00000176177,True
Wang 2016,ENSG00000176256,True
Wang 2016,ENSG00000176294,True
Wang 2016,ENSG00000176299,False
Wang 2016,ENSG00000176302,True
Wang 2016,ENSG00000176563,False
Wang 2016,ENSG00000176566,True
Wang 2016,ENSG00000176571,True
Wang 2016,ENSG00000176635,True
Wang 2016,ENSG00000176679,True
Wang 2016,ENSG00000176732,False
Wang 2016,ENSG00000176746,True
Wang 2016,ENSG00000176774,True
Wang 2016,ENSG00000176927,False
Wang 2016,ENSG00000176979,True
Wang 2016,ENSG00000176988,True
Wang 2016,ENSG00000177138,False
Wang 2016,ENSG00000177143,True
Wang 2016,ENSG00000177202,True
Wang 2016,ENSG00000177294,True
Wang 2016,ENSG00000177324,True
Wang 2016,ENSG00000177414,False
Wang 2016,ENSG00000177483,True
Wang 2016,ENSG00000177504,False
Wang 2016,ENSG00000177558,True
Wang 2016,ENSG00000177627,True
Wang 2016,ENSG00000177673,True
Wang 2016,ENSG00000177689,True
Wang 2016,ENSG00000177938,True
Wang 2016,ENSG00000177947,True
Wang 2016,ENSG00000177992,True
Wang 2016,ENSG00000177994,False
Wang 2016,ENSG00000178021,True
Wang 2016,ENSG00000178053,False
Wang 2016,ENSG00000178093,True
Wang 2016,ENSG00000178125,False
Wang 2016,ENSG00000178287,False
Wang 2016,ENSG00000178395,True
Wang 2016,ENSG00000178403,False
Wang 2016,ENSG00000178460,False
Wang 2016,ENSG00000178591,False
Wang 2016,ENSG00000178645,True
Wang 2016,ENSG00000178795,False
Wang 2016,ENSG00000178804,False
Wang 2016,ENSG00000178928,False
Wang 2016,ENSG00000178997,True
Wang 2016,ENSG00000179046,True
Wang 2016,ENSG00000179059,True
Wang 2016,ENSG00000179071,False
Wang 2016,ENSG00000179083,False
Wang 2016,ENSG00000179088,True
Wang 2016,ENSG00000179133,False
Wang 2016,ENSG00000179165,True
Wang 2016,ENSG00000179168,False
Wang 2016,ENSG00000179213,True
Wang 2016,ENSG00000179363,False
Wang 2016,ENSG00000179397,False
Wang 2016,ENSG00000179407,True
Wang 2016,ENSG00000179636,False
Wang 2016,ENSG00000179709,False
Wang 2016,ENSG00000179873,False
Wang 2016,ENSG00000180043,True
Wang 2016,ENSG00000180083,False
Wang 2016,ENSG00000180113,False
Wang 2016,ENSG00000180116,True
Wang 2016,ENSG00000180138,True
Wang 2016,ENSG00000180336,True
Wang 2016,ENSG00000180424,False
Wang 2016,ENSG00000180481,False
Wang 2016,ENSG00000180483,False
Wang 2016,ENSG00000180697,True
Wang 2016,ENSG00000180878,True
Wang 2016,ENSG00000181195,False
Wang 2016,ENSG00000181433,True
Wang 2016,ENSG00000181562,False
Wang 2016,ENSG00000181781,False
Wang 2016,ENSG00000181786,True
Wang 2016,ENSG00000181867,True
Wang 2016,ENSG00000182035,True
Wang 2016,ENSG00000182111,False
Wang 2016,ENSG00000182264,True
Wang 2016,ENSG00000182308,True
Wang 2016,ENSG00000182459,True
Wang 2016,ENSG00000182481,False
Wang 2016,ENSG00000182583,True
Wang 2016,ENSG00000182896,True
Wang 2016,ENSG00000182950,False
Wang 2016,ENSG00000182993,False
Wang 2016,ENSG00000183066,True
Wang 2016,ENSG00000183206,True
Wang 2016,ENSG00000183304,True
Wang 2016,ENSG00000183305,True
Wang 2016,ENSG00000183318,True
Wang 2016,ENSG00000183324,False
Wang 2016,ENSG00000183396,True
Wang 2016,ENSG00000183434,True
Wang 2016,ENSG00000183476,False
Wang 2016,ENSG00000183496,False
Wang 2016,ENSG00000183559,True
Wang 2016,ENSG00000183629,True
Wang 2016,ENSG00000183654,False
Wang 2016,ENSG00000183706,True
Wang 2016,ENSG00000183753,True
Wang 2016,ENSG00000183831,False
Wang 2016,ENSG00000183862,False
Wang 2016,ENSG00000184033,True
Wang 2016,ENSG00000184108,True
Wang 2016,ENSG00000184361,True
Wang 2016,ENSG00000184378,False
Wang 2016,ENSG00000184478,False
Wang 2016,ENSG00000184507,True
Wang 2016,ENSG00000184560,True
Wang 2016,ENSG00000184571,False
Wang 2016,ENSG00000184647,True
Wang 2016,ENSG00000184650,True
Wang 2016,ENSG00000184661,False
Wang 2016,ENSG00000184735,True
Wang 2016,ENSG00000184786,True
Wang 2016,ENSG00000184814,True
Wang 2016,ENSG00000185013,True
Wang 2016,ENSG00000185056,True
Wang 2016,ENSG00000185156,False
Wang 2016,ENSG00000185177,True
Wang 2016,ENSG00000185247,False
Wang 2016,ENSG00000185290,False
Wang 2016,ENSG00000185294,True
Wang 2016,ENSG00000185523,False
Wang 2016,ENSG00000185686,True
Wang 2016,ENSG00000185775,True
Wang 2016,ENSG00000185823,True
Wang 2016,ENSG00000185888,True
Wang 2016,ENSG00000185955,False
Wang 2016,ENSG00000185958,True
Wang 2016,ENSG00000185972,True
Wang 2016,ENSG00000186007,False
Wang 2016,ENSG00000186075,True
Wang 2016,ENSG00000186086,False
Wang 2016,ENSG00000186103,False
Wang 2016,ENSG00000186118,True
Wang 2016,ENSG00000186143,True
Wang 2016,ENSG00000186150,True
Wang 2016,ENSG00000186280,False
Wang 2016,ENSG00000186334,True
Wang 2016,ENSG00000186393,False
Wang 2016,ENSG00000186451,True
Wang 2016,ENSG00000186452,True
Wang 2016,ENSG00000186453,False
Wang 2016,ENSG00000186471,False
Wang 2016,ENSG00000186583,False
Wang 2016,ENSG00000186638,False
Wang 2016,ENSG00000186952,False
Wang 2016,ENSG00000186976,False
Wang 2016,ENSG00000187003,True
Wang 2016,ENSG00000187105,False
Wang 2016,ENSG00000187166,False
Wang 2016,ENSG00000187268,False
Wang 2016,ENSG00000187475,False
Wang 2016,ENSG00000187516,True
Wang 2016,ENSG00000187533,False
Wang 2016,ENSG00000187537,False
Wang 2016,ENSG00000187569,False
Wang 2016,ENSG00000187581,False
Wang 2016,ENSG00000187624,False
Wang 2016,ENSG00000187658,True
Wang 2016,ENSG00000187690,True
Wang 2016,ENSG00000187753,False
Wang 2016,ENSG00000187754,True
Wang 2016,ENSG00000187772,True
Wang 2016,ENSG00000187806,True
Wang 2016,ENSG00000187833,True
Wang 2016,ENSG00000187860,False
Wang 2016,ENSG00000188050,True
Wang 2016,ENSG00000188163,True
Wang 2016,ENSG00000188306,True
Wang 2016,ENSG00000188368,False
Wang 2016,ENSG00000188386,True
Wang 2016,ENSG00000188425,True
Wang 2016,ENSG00000188800,True
Wang 2016,ENSG00000188848,False
Wang 2016,ENSG00000188909,False
Wang 2016,ENSG00000189023,True
Wang 2016,ENSG00000189037,True
Wang 2016,ENSG00000189064,True
Wang 2016,ENSG00000189134,False
Wang 2016,ENSG00000189139,True
Wang 2016,ENSG00000189167,False
Wang 2016,ENSG00000189252,True
Wang 2016,ENSG00000189269,False
Wang 2016,ENSG00000189299,True
Wang 2016,ENSG00000196074,False
Wang 2016,ENSG00000196119,False
Wang 2016,ENSG00000196242,False
Wang 2016,ENSG00000196335,False
Wang 2016,ENSG00000196388,False
Wang 2016,ENSG00000196427,True
Wang 2016,ENSG00000196431,False
Wang 2016,ENSG00000196475,True
Wang 2016,ENSG00000196570,True
Wang 2016,ENSG00000196844,False
Wang 2016,ENSG00000196860,False
Wang 2016,ENSG00000196900,True
Wang 2016,ENSG00000196946,False
Wang 2016,ENSG00000197123,True
Wang 2016,ENSG00000197140,True
Wang 2016,ENSG00000197172,True
Wang 2016,ENSG00000197181,False
Wang 2016,ENSG00000197213,False
Wang 2016,ENSG00000197279,False
Wang 2016,ENSG00000197416,False
Wang 2016,ENSG00000197587,False
Wang 2016,ENSG00000197651,True
Wang 2016,ENSG00000197748,False
Wang 2016,ENSG00000197768,False
Wang 2016,ENSG00000197826,False
Wang 2016,ENSG00000197889,False
Wang 2016,ENSG00000198028,False
Wang 2016,ENSG00000198033,False
Wang 2016,ENSG00000198062,False
Wang 2016,ENSG00000198173,True
Wang 2016,ENSG00000198178,False
Wang 2016,ENSG00000198445,True
Wang 2016,ENSG00000198471,False
Wang 2016,ENSG00000198573,True
Wang 2016,ENSG00000198681,True
Wang 2016,ENSG00000198704,False
Wang 2016,ENSG00000198723,False
Wang 2016,ENSG00000198754,False
Wang 2016,ENSG00000198765,True
Wang 2016,ENSG00000198798,False
Wang 2016,ENSG00000198870,True
Wang 2016,ENSG00000198883,False
Wang 2016,ENSG00000198885,False
Wang 2016,ENSG00000198889,False
Wang 2016,ENSG00000198930,False
Wang 2016,ENSG00000203778,False
Wang 2016,ENSG00000203780,False
Wang 2016,ENSG00000203784,True
Wang 2016,ENSG00000203907,False
Wang 2016,ENSG00000203909,True
Wang 2016,ENSG00000203910,False
Wang 2016,ENSG00000203926,True
Wang 2016,ENSG00000203933,True
Wang 2016,ENSG00000203942,True
Wang 2016,ENSG00000203963,False
Wang 2016,ENSG00000203989,True
Wang 2016,ENSG00000204019,True
Wang 2016,ENSG00000204022,True
Wang 2016,ENSG00000204052,False
Wang 2016,ENSG00000204086,False
Wang 2016,ENSG00000204246,False
Wang 2016,ENSG00000204296,True
Wang 2016,ENSG00000204311,False
Wang 2016,ENSG00000204363,True
Wang 2016,ENSG00000204481,False
Wang 2016,ENSG00000204540,False
Wang 2016,ENSG00000204661,False
Wang 2016,ENSG00000204669,True
Wang 2016,ENSG00000204671,False
Wang 2016,ENSG00000204688,True
Wang 2016,ENSG00000204694,False
Wang 2016,ENSG00000204897,False
Wang 2016,ENSG00000204930,False
Wang 2016,ENSG00000204952,True
Wang 2016,ENSG00000204961,True
Wang 2016,ENSG00000205078,False
Wang 2016,ENSG00000205085,False
Wang 2016,ENSG00000205108,True
Wang 2016,ENSG00000205111,True
Wang 2016,ENSG00000205129,False
Wang 2016,ENSG00000205359,True
Wang 2016,ENSG00000205642,True
Wang 2016,ENSG00000205777,True
Wang 2016,ENSG00000205784,False
Wang 2016,ENSG00000205832,True
Wang 2016,ENSG00000205838,True
Wang 2016,ENSG00000205856,False
Wang 2016,ENSG00000206026,True
Wang 2016,ENSG00000206150,False
Wang 2016,ENSG00000206181,False
Wang 2016,ENSG00000206531,True
Wang 2016,ENSG00000206557,True
Wang 2016,ENSG00000212122,True
Wang 2016,ENSG00000212123,False
Wang 2016,ENSG00000213218,True
Wang 2016,ENSG00000213231,False
Wang 2016,ENSG00000213401,True
Wang 2016,ENSG00000213471,True
Wang 2016,ENSG00000214107,True
Wang 2016,ENSG00000214216,False
Wang 2016,ENSG00000214415,False
Wang 2016,ENSG00000214842,True
Wang 2016,ENSG00000214946,False
Wang 2016,ENSG00000215009,False
Wang 2016,ENSG00000215131,True
Wang 2016,ENSG00000215186,False
Wang 2016,ENSG00000215262,True
Wang 2016,ENSG00000215343,False
Wang 2016,ENSG00000215568,True
Wang 2016,ENSG00000217442,False
Wang 2016,ENSG00000218823,True
Wang 2016,ENSG00000221843,False
Wang 2016,ENSG00000221867,True
Wang 2016,ENSG00000221882,True
Wang 2016,ENSG00000221888,True
Wang 2016,ENSG00000221947,False
Wang 2016,ENSG00000224089,True
Wang 2016,ENSG00000224586,False
Wang 2016,ENSG00000224659,True
Wang 2016,ENSG00000226023,True
Wang 2016,ENSG00000226372,False
Wang 2016,ENSG00000226600,True
Wang 2016,ENSG00000226650,True
Wang 2016,ENSG00000226941,True
Wang 2016,ENSG00000227488,True
Wang 2016,ENSG00000228927,True
Wang 2016,ENSG00000229937,True
Wang 2016,ENSG00000229972,True
Wang 2016,ENSG00000232040,False
Wang 2016,ENSG00000232423,False
Wang 2016,ENSG00000233436,True
Wang 2016,ENSG00000233701,False
Wang 2016,ENSG00000233803,True
Wang 2016,ENSG00000234068,True
Wang 2016,ENSG00000234414,True
Wang 2016,ENSG00000234511,False
Wang 2016,ENSG00000235631,True
Wang 2016,ENSG00000236027,False
Wang 2016,ENSG00000236371,True
Wang 2016,ENSG00000236446,True
Wang 2016,ENSG00000237136,True
Wang 2016,ENSG00000237247,False
Wang 2016,ENSG00000237521,True
Wang 2016,ENSG00000238269,True
Wang 2016,ENSG00000239605,True
Wang 2016,ENSG00000240021,True
Wang 2016,ENSG00000240563,False
Wang 2016,ENSG00000241476,True
Wang 2016,ENSG00000242220,False
Wang 2016,ENSG00000242362,True
Wang 2016,ENSG00000242389,True
Wang 2016,ENSG00000242715,False
Wang 2016,ENSG00000242875,True
Wang 2016,ENSG00000243543,False
Wang 2016,ENSG00000243710,False
Wang 2016,ENSG00000243978,True
Wang 2016,ENSG00000244588,True
Wang 2016,ENSG00000248099,True
Wang 2016,ENSG00000248483,False
Wang 2016,ENSG00000249481,False
Wang 2016,ENSG00000250423,False
Wang 2016,ENSG00000251258,True
Wang 2016,ENSG00000255150,False
Wang 2016,ENSG00000255181,True
Wang 2016,ENSG00000255346,False
Wang 2016,ENSG00000256660,False
Wang 2016,ENSG00000258223,True
Wang 2016,ENSG00000258713,True
Wang 2016,ENSG00000258992,True
Wang 2016,ENSG00000259060,False
Wang 2016,ENSG00000261509,False
Wang 2016,ENSG00000284680,True
Bruggeman 2018,ENSG00000000460,False
Bruggeman 2018,ENSG00000004809,False
Bruggeman 2018,ENSG00000006837,False
Bruggeman 2018,ENSG00000007038,False
Bruggeman 2018,ENSG00000007174,False
Bruggeman 2018,ENSG00000007350,True
Bruggeman 2018,ENSG00000024526,False
Bruggeman 2018,ENSG00000027644,False
Bruggeman 2018,ENSG00000035499,False
Bruggeman 2018,ENSG00000039139,False
Bruggeman 2018,ENSG00000041515,False
Bruggeman 2018,ENSG00000042781,False
Bruggeman 2018,ENSG00000044459,False
Bruggeman 2018,ENSG00000047617,False
Bruggeman 2018,ENSG00000049167,False
Bruggeman 2018,ENSG00000049192,False
Bruggeman 2018,ENSG00000049768,False
Bruggeman 2018,ENSG00000050030,False
Bruggeman 2018,ENSG00000051180,False
Bruggeman 2018,ENSG00000051341,False
Bruggeman 2018,ENSG00000055955,False
Bruggeman 2018,ENSG00000056277,False
Bruggeman 2018,ENSG00000062370,False
Bruggeman 2018,ENSG00000065328,False
Bruggeman 2018,ENSG00000065371,False
Bruggeman 2018,ENSG00000066279,False
Bruggeman 2018,ENSG00000068489,False
Bruggeman 2018,ENSG00000069188,False
Bruggeman 2018,ENSG00000070601,False
Bruggeman 2018,ENSG00000071655,False
Bruggeman 2018,ENSG00000071909,False
Bruggeman 2018,ENSG00000072571,False
Bruggeman 2018,ENSG00000075131,False
Bruggeman 2018,ENSG00000075218,False
Bruggeman 2018,ENSG00000076053,False
Bruggeman 2018,ENSG00000077279,False
Bruggeman 2018,ENSG00000077935,True
Bruggeman 2018,ENSG00000078177,False
Bruggeman 2018,ENSG00000079101,False
Bruggeman 2018,ENSG00000080007,False
Bruggeman 2018,ENSG00000080839,False
Bruggeman 2018,ENSG00000081842,False
Bruggeman 2018,ENSG00000081985,False
Bruggeman 2018,ENSG00000083067,False
Bruggeman 2018,ENSG00000083844,False
Bruggeman 2018,ENSG00000085840,False
Bruggeman 2018,ENSG00000085999,False
Bruggeman 2018,ENSG00000088727,False
Bruggeman 2018,ENSG00000088756,False
Bruggeman 2018,ENSG00000089505,False
Bruggeman 2018,ENSG00000089685,False
Bruggeman 2018,ENSG00000090612,False
Bruggeman 2018,ENSG00000090889,False
Bruggeman 2018,ENSG00000092853,False
Bruggeman 2018,ENSG00000095627,True
Bruggeman 2018,ENSG00000095777,False
Bruggeman 2018,ENSG00000099399,True
Bruggeman 2018,ENSG00000100121,False
Bruggeman 2018,ENSG00000100206,False
Bruggeman 2018,ENSG00000100479,False
Bruggeman 2018,ENSG00000100526,False
Bruggeman 2018,ENSG00000100629,False
Bruggeman 2018,ENSG00000100890,False
Bruggeman 2018,ENSG00000101003,False
Bruggeman 2018,ENSG00000101203,False
Bruggeman 2018,ENSG00000102021,True
Bruggeman 2018,ENSG00000102098,False
Bruggeman 2018,ENSG00000102383,False
Bruggeman 2018,ENSG00000102384,False
Bruggeman 2018,ENSG00000102780,False
Bruggeman 2018,ENSG00000102970,False
Bruggeman 2018,ENSG00000103021,False
Bruggeman 2018,ENSG00000103546,False
Bruggeman 2018,ENSG00000103599,False
Bruggeman 2018,ENSG00000103995,False
Bruggeman 2018,ENSG00000104432,False
Bruggeman 2018,ENSG00000104835,False
Bruggeman 2018,ENSG00000104880,False
Bruggeman 2018,ENSG00000104951,False
Bruggeman 2018,ENSG00000105085,False
Bruggeman 2018,ENSG00000105647,False
Bruggeman 2018,ENSG00000105750,False
Bruggeman 2018,ENSG00000105793,False
Bruggeman 2018,ENSG00000105877,False
Bruggeman 2018,ENSG00000105889,False
Bruggeman 2018,ENSG00000105982,False
Bruggeman 2018,ENSG00000106125,False
Bruggeman 2018,ENSG00000106588,False
Bruggeman 2018,ENSG00000107614,False
Bruggeman 2018,ENSG00000109674,False
Bruggeman 2018,ENSG00000109684,False
Bruggeman 2018,ENSG00000109927,False
Bruggeman 2018,ENSG00000110693,False
Bruggeman 2018,ENSG00000110975,False
Bruggeman 2018,ENSG00000111247,False
Bruggeman 2018,ENSG00000111254,True
Bruggeman 2018,ENSG00000112029,False
Bruggeman 2018,ENSG00000112182,False
Bruggeman 2018,ENSG00000112246,False
Bruggeman 2018,ENSG00000112273,True
Bruggeman 2018,ENSG00000112619,False
Bruggeman 2018,ENSG00000112742,False
Bruggeman 2018,ENSG00000112852,False
Bruggeman 2018,ENSG00000113205,False
Bruggeman 2018,ENSG00000113211,False
Bruggeman 2018,ENSG00000114547,False
Bruggeman 2018,ENSG00000114739,False
Bruggeman 2018,ENSG00000115163,False
Bruggeman 2018,ENSG00000115239,False
Bruggeman 2018,ENSG00000116183,False
Bruggeman 2018,ENSG00000117400,False
Bruggeman 2018,ENSG00000117586,False
Bruggeman 2018,ENSG00000117650,False
Bruggeman 2018,ENSG00000117971,False
Bruggeman 2018,ENSG00000118193,False
Bruggeman 2018,ENSG00000118420,False
Bruggeman 2018,ENSG00000118596,False
Bruggeman 2018,ENSG00000118620,False
Bruggeman 2018,ENSG00000118997,False
Bruggeman 2018,ENSG00000119547,False
Bruggeman 2018,ENSG00000119559,False
Bruggeman 2018,ENSG00000119725,False
Bruggeman 2018,ENSG00000120262,False
Bruggeman 2018,ENSG00000120334,False
Bruggeman 2018,ENSG00000120341,False
Bruggeman 2018,ENSG00000120519,False
Bruggeman 2018,ENSG00000120659,False
Bruggeman 2018,ENSG00000121207,False
Bruggeman 2018,ENSG00000121211,False
Bruggeman 2018,ENSG00000121270,False
Bruggeman 2018,ENSG00000121570,False
Bruggeman 2018,ENSG00000121621,False
Bruggeman 2018,ENSG00000121903,False
Bruggeman 2018,ENSG00000121904,False
Bruggeman 2018,ENSG00000121988,False
Bruggeman 2018,ENSG00000122483,False
Bruggeman 2018,ENSG00000122778,False
Bruggeman 2018,ENSG00000123219,False
Bruggeman 2018,ENSG00000123473,False
Bruggeman 2018,ENSG00000123500,False
Bruggeman 2018,ENSG00000124092,True
Bruggeman 2018,ENSG00000124613,False
Bruggeman 2018,ENSG00000124721,False
Bruggeman 2018,ENSG00000125319,False
Bruggeman 2018,ENSG00000125864,False
Bruggeman 2018,ENSG00000125965,False
Bruggeman 2018,ENSG00000126246,False
Bruggeman 2018,ENSG00000127311,False
Bruggeman 2018,ENSG00000127423,False
Bruggeman 2018,ENSG00000127540,False
Bruggeman 2018,ENSG00000128271,False
Bruggeman 2018,ENSG00000128322,False
Bruggeman 2018,ENSG00000128408,False
Bruggeman 2018,ENSG00000128655,False
Bruggeman 2018,ENSG00000128886,False
Bruggeman 2018,ENSG00000129535,False
Bruggeman 2018,ENSG00000129559,False
Bruggeman 2018,ENSG00000129810,False
Bruggeman 2018,ENSG00000130544,False
Bruggeman 2018,ENSG00000130810,False
Bruggeman 2018,ENSG00000131044,False
Bruggeman 2018,ENSG00000131115,False
Bruggeman 2018,ENSG00000131495,False
Bruggeman 2018,ENSG00000131848,False
Bruggeman 2018,ENSG00000131914,False
Bruggeman 2018,ENSG00000132141,False
Bruggeman 2018,ENSG00000132464,False
Bruggeman 2018,ENSG00000132749,False
Bruggeman 2018,ENSG00000133019,False
Bruggeman 2018,ENSG00000133980,False
Bruggeman 2018,ENSG00000134049,False
Bruggeman 2018,ENSG00000134146,False
Bruggeman 2018,ENSG00000134160,False
Bruggeman 2018,ENSG00000134256,False
Bruggeman 2018,ENSG00000134376,False
Bruggeman 2018,ENSG00000134490,False
Bruggeman 2018,ENSG00000134595,False
Bruggeman 2018,ENSG00000134970,False
Bruggeman 2018,ENSG00000135436,True
Bruggeman 2018,ENSG00000135537,False
Bruggeman 2018,ENSG00000135913,False
Bruggeman 2018,ENSG00000135960,False
Bruggeman 2018,ENSG00000136197,False
Bruggeman 2018,ENSG00000136206,False
Bruggeman 2018,ENSG00000136231,False
Bruggeman 2018,ENSG00000136492,False
Bruggeman 2018,ENSG00000136866,False
Bruggeman 2018,ENSG00000136944,False
Bruggeman 2018,ENSG00000137812,False
Bruggeman 2018,ENSG00000137843,False
Bruggeman 2018,ENSG00000137948,True
Bruggeman 2018,ENSG00000137968,False
Bruggeman 2018,ENSG00000137976,False
Bruggeman 2018,ENSG00000138092,False
Bruggeman 2018,ENSG00000138182,False
Bruggeman 2018,ENSG00000138336,False
Bruggeman 2018,ENSG00000138379,False
Bruggeman 2018,ENSG00000138669,False
Bruggeman 2018,ENSG00000138778,False
Bruggeman 2018,ENSG00000138780,False
Bruggeman 2018,ENSG00000139133,False
Bruggeman 2018,ENSG00000139160,False
Bruggeman 2018,ENSG00000139304,False
Bruggeman 2018,ENSG00000139351,True
Bruggeman 2018,ENSG00000139618,False
Bruggeman 2018,ENSG00000139719,False
Bruggeman 2018,ENSG00000139734,False
Bruggeman 2018,ENSG00000139915,False
Bruggeman 2018,ENSG00000140006,False
Bruggeman 2018,ENSG00000140009,False
Bruggeman 2018,ENSG00000140015,False
Bruggeman 2018,ENSG00000140025,False
Bruggeman 2018,ENSG00000140043,False
Bruggeman 2018,ENSG00000140057,False
Bruggeman 2018,ENSG00000140090,False
Bruggeman 2018,ENSG00000140470,False
Bruggeman 2018,ENSG00000140534,False
Bruggeman 2018,ENSG00000140993,False
Bruggeman 2018,ENSG00000141096,True
Bruggeman 2018,ENSG00000141219,False
Bruggeman 2018,ENSG00000141384,False
Bruggeman 2018,ENSG00000141431,False
Bruggeman 2018,ENSG00000142149,False
Bruggeman 2018,ENSG00000142698,True
Bruggeman 2018,ENSG00000142731,False
Bruggeman 2018,ENSG00000143355,False
Bruggeman 2018,ENSG00000143450,False
Bruggeman 2018,ENSG00000143452,True
Bruggeman 2018,ENSG00000143469,False
Bruggeman 2018,ENSG00000143476,False
Bruggeman 2018,ENSG00000143494,False
Bruggeman 2018,ENSG00000143498,False
Bruggeman 2018,ENSG00000143951,False
Bruggeman 2018,ENSG00000144182,False
Bruggeman 2018,ENSG00000144395,False
Bruggeman 2018,ENSG00000144401,False
Bruggeman 2018,ENSG00000144488,False
Bruggeman 2018,ENSG00000144792,False
Bruggeman 2018,ENSG00000144821,False
Bruggeman 2018,ENSG00000144893,False
Bruggeman 2018,ENSG00000145040,False
Bruggeman 2018,ENSG00000145331,False
Bruggeman 2018,ENSG00000145375,False
Bruggeman 2018,ENSG00000145979,False
Bruggeman 2018,ENSG00000146243,False
Bruggeman 2018,ENSG00000146263,False
Bruggeman 2018,ENSG00000146410,False
Bruggeman 2018,ENSG00000146859,False
Bruggeman 2018,ENSG00000146918,False
Bruggeman 2018,ENSG00000147378,True
Bruggeman 2018,ENSG00000147381,True
Bruggeman 2018,ENSG00000147536,False
Bruggeman 2018,ENSG00000147570,False
Bruggeman 2018,ENSG00000147912,False
Bruggeman 2018,ENSG00000148604,False
Bruggeman 2018,ENSG00000148680,False
Bruggeman 2018,ENSG00000148814,False
Bruggeman 2018,ENSG00000149050,False
Bruggeman 2018,ENSG00000149054,False
Bruggeman 2018,ENSG00000149346,False
Bruggeman 2018,ENSG00000149548,False
Bruggeman 2018,ENSG00000149554,False
Bruggeman 2018,ENSG00000149948,False
Bruggeman 2018,ENSG00000150275,False
Bruggeman 2018,ENSG00000150455,False
Bruggeman 2018,ENSG00000150477,False
Bruggeman 2018,ENSG00000150527,False
Bruggeman 2018,ENSG00000150667,False
Bruggeman 2018,ENSG00000150776,False
Bruggeman 2018,ENSG00000151062,False
Bruggeman 2018,ENSG00000151164,False
Bruggeman 2018,ENSG00000151338,False
Bruggeman 2018,ENSG00000151687,True
Bruggeman 2018,ENSG00000151773,False
Bruggeman 2018,ENSG00000151846,False
Bruggeman 2018,ENSG00000152253,False
Bruggeman 2018,ENSG00000152315,False
Bruggeman 2018,ENSG00000152348,False
Bruggeman 2018,ENSG00000152443,False
Bruggeman 2018,ENSG00000152455,False
Bruggeman 2018,ENSG00000152464,False
Bruggeman 2018,ENSG00000152763,False
Bruggeman 2018,ENSG00000153093,False
Bruggeman 2018,ENSG00000153157,False
Bruggeman 2018,ENSG00000153165,False
Bruggeman 2018,ENSG00000153237,False
Bruggeman 2018,ENSG00000153721,False
Bruggeman 2018,ENSG00000154479,False
Bruggeman 2018,ENSG00000154655,False
Bruggeman 2018,ENSG00000154710,False
Bruggeman 2018,ENSG00000154764,False
Bruggeman 2018,ENSG00000154839,False
Bruggeman 2018,ENSG00000154920,False
Bruggeman 2018,ENSG00000155085,False
Bruggeman 2018,ENSG00000155330,False
Bruggeman 2018,ENSG00000155592,False
Bruggeman 2018,ENSG00000155621,False
Bruggeman 2018,ENSG00000156172,False
Bruggeman 2018,ENSG00000156466,False
Bruggeman 2018,ENSG00000156500,False
Bruggeman 2018,ENSG00000157014,False
Bruggeman 2018,ENSG00000157168,False
Bruggeman 2018,ENSG00000157429,False
Bruggeman 2018,ENSG00000157578,False
Bruggeman 2018,ENSG00000157703,False
Bruggeman 2018,ENSG00000158402,False
Bruggeman 2018,ENSG00000158683,False
Bruggeman 2018,ENSG00000158769,False
Bruggeman 2018,ENSG00000158987,False
Bruggeman 2018,ENSG00000159079,False
Bruggeman 2018,ENSG00000159217,False
Bruggeman 2018,ENSG00000159374,False
Bruggeman 2018,ENSG00000159882,False
Bruggeman 2018,ENSG00000159905,False
Bruggeman 2018,ENSG00000159915,False
Bruggeman 2018,ENSG00000160062,False
Bruggeman 2018,ENSG00000160161,False
Bruggeman 2018,ENSG00000160321,False
Bruggeman 2018,ENSG00000160352,False
Bruggeman 2018,ENSG00000161405,False
Bruggeman 2018,ENSG00000161654,False
Bruggeman 2018,ENSG00000162062,False
Bruggeman 2018,ENSG00000162526,False
Bruggeman 2018,ENSG00000162782,False
Bruggeman 2018,ENSG00000162999,False
Bruggeman 2018,ENSG00000163006,False
Bruggeman 2018,ENSG00000163322,False
Bruggeman 2018,ENSG00000163507,False
Bruggeman 2018,ENSG00000163530,True
Bruggeman 2018,ENSG00000163535,False
Bruggeman 2018,ENSG00000163554,False
Bruggeman 2018,ENSG00000163684,False
Bruggeman 2018,ENSG00000163689,False
Bruggeman 2018,ENSG00000163808,False
Bruggeman 2018,ENSG00000164045,False
Bruggeman 2018,ENSG00000164175,False
Bruggeman 2018,ENSG00000164220,False
Bruggeman 2018,ENSG00000164241,False
Bruggeman 2018,ENSG00000164414,False
Bruggeman 2018,ENSG00000164483,False
Bruggeman 2018,ENSG00000164627,False
Bruggeman 2018,ENSG00000164663,False
Bruggeman 2018,ENSG00000164675,False
Bruggeman 2018,ENSG00000164746,False
Bruggeman 2018,ENSG00000164796,False
Bruggeman 2018,ENSG00000164898,False
Bruggeman 2018,ENSG00000164989,False
Bruggeman 2018,ENSG00000165181,False
Bruggeman 2018,ENSG00000165188,False
Bruggeman 2018,ENSG00000165244,False
Bruggeman 2018,ENSG00000165309,False
Bruggeman 2018,ENSG00000165480,False
Bruggeman 2018,ENSG00000165828,False
Bruggeman 2018,ENSG00000165891,False
Bruggeman 2018,ENSG00000166192,False
Bruggeman 2018,ENSG00000166220,False
Bruggeman 2018,ENSG00000166263,False
Bruggeman 2018,ENSG00000166349,False
Bruggeman 2018,ENSG00000166439,False
Bruggeman 2018,ENSG00000166546,False
Bruggeman 2018,ENSG00000166743,False
Bruggeman 2018,ENSG00000166845,False
Bruggeman 2018,ENSG00000167311,False
Bruggeman 2018,ENSG00000167377,False
Bruggeman 2018,ENSG00000167394,False
Bruggeman 2018,ENSG00000167395,False
Bruggeman 2018,ENSG00000167397,False
Bruggeman 2018,ENSG00000167554,False
Bruggeman 2018,ENSG00000167562,False
Bruggeman 2018,ENSG00000167632,False
Bruggeman 2018,ENSG00000167634,True
Bruggeman 2018,ENSG00000167981,False
Bruggeman 2018,ENSG00000167985,False
Bruggeman 2018,ENSG00000168061,False
Bruggeman 2018,ENSG00000168702,False
Bruggeman 2018,ENSG00000169248,False
Bruggeman 2018,ENSG00000169570,False
Bruggeman 2018,ENSG00000169607,False
Bruggeman 2018,ENSG00000169621,False
Bruggeman 2018,ENSG00000169684,False
Bruggeman 2018,ENSG00000169760,False
Bruggeman 2018,ENSG00000169918,False
Bruggeman 2018,ENSG00000170100,False
Bruggeman 2018,ENSG00000170160,False
Bruggeman 2018,ENSG00000170627,False
Bruggeman 2018,ENSG00000170748,True
Bruggeman 2018,ENSG00000170946,False
Bruggeman 2018,ENSG00000171094,False
Bruggeman 2018,ENSG00000171121,False
Bruggeman 2018,ENSG00000171320,False
Bruggeman 2018,ENSG00000171492,False
Bruggeman 2018,ENSG00000171827,False
Bruggeman 2018,ENSG00000171847,False
Bruggeman 2018,ENSG00000172244,False
Bruggeman 2018,ENSG00000172465,False
Bruggeman 2018,ENSG00000172738,False
Bruggeman 2018,ENSG00000172785,False
Bruggeman 2018,ENSG00000172840,False
Bruggeman 2018,ENSG00000173258,False
Bruggeman 2018,ENSG00000173262,False
Bruggeman 2018,ENSG00000173611,False
Bruggeman 2018,ENSG00000173621,False
Bruggeman 2018,ENSG00000173809,False
Bruggeman 2018,ENSG00000173894,False
Bruggeman 2018,ENSG00000173930,False
Bruggeman 2018,ENSG00000173933,False
Bruggeman 2018,ENSG00000174038,False
Bruggeman 2018,ENSG00000174206,False
Bruggeman 2018,ENSG00000174371,False
Bruggeman 2018,ENSG00000174483,False
Bruggeman 2018,ENSG00000174562,False
Bruggeman 2018,ENSG00000174776,False
Bruggeman 2018,ENSG00000174886,False
Bruggeman 2018,ENSG00000175097,False
Bruggeman 2018,ENSG00000175106,False
Bruggeman 2018,ENSG00000175344,False
Bruggeman 2018,ENSG00000175536,False
Bruggeman 2018,ENSG00000175548,False
Bruggeman 2018,ENSG00000175787,False
Bruggeman 2018,ENSG00000176083,False
Bruggeman 2018,ENSG00000176208,False
Bruggeman 2018,ENSG00000176566,True
Bruggeman 2018,ENSG00000176597,False
Bruggeman 2018,ENSG00000176771,False
Bruggeman 2018,ENSG00000177058,False
Bruggeman 2018,ENSG00000177272,False
Bruggeman 2018,ENSG00000177398,False
Bruggeman 2018,ENSG00000177692,False
Bruggeman 2018,ENSG00000177694,False
Bruggeman 2018,ENSG00000177839,False
Bruggeman 2018,ENSG00000177842,False
Bruggeman 2018,ENSG00000177873,False
Bruggeman 2018,ENSG00000178177,False
Bruggeman 2018,ENSG00000178229,False
Bruggeman 2018,ENSG00000178297,False
Bruggeman 2018,ENSG00000178385,False
Bruggeman 2018,ENSG00000178386,False
Bruggeman 2018,ENSG00000178409,False
Bruggeman 2018,ENSG00000178460,False
Bruggeman 2018,ENSG00000178502,False
Bruggeman 2018,ENSG00000178665,False
Bruggeman 2018,ENSG00000178694,False
Bruggeman 2018,ENSG00000178796,False
Bruggeman 2018,ENSG00000179046,True
Bruggeman 2018,ENSG00000179059,True
Bruggeman 2018,ENSG00000179071,False
Bruggeman 2018,ENSG00000179598,False
Bruggeman 2018,ENSG00000179603,False
Bruggeman 2018,ENSG00000179869,False
Bruggeman 2018,ENSG00000180185,False
Bruggeman 2018,ENSG00000180423,False
Bruggeman 2018,ENSG00000180425,False
Bruggeman 2018,ENSG00000180479,False
Bruggeman 2018,ENSG00000180592,False
Bruggeman 2018,ENSG00000180938,False
Bruggeman 2018,ENSG00000181029,False
Bruggeman 2018,ENSG00000181322,False
Bruggeman 2018,ENSG00000181450,False
Bruggeman 2018,ENSG00000181722,False
Bruggeman 2018,ENSG00000181873,False
Bruggeman 2018,ENSG00000181904,False
Bruggeman 2018,ENSG00000182050,False
Bruggeman 2018,ENSG00000182111,False
Bruggeman 2018,ENSG00000182185,False
Bruggeman 2018,ENSG00000182256,False
Bruggeman 2018,ENSG00000182324,False
Bruggeman 2018,ENSG00000182405,False
Bruggeman 2018,ENSG00000182752,False
Bruggeman 2018,ENSG00000182968,False
Bruggeman 2018,ENSG00000182993,False
Bruggeman 2018,ENSG00000183137,False
Bruggeman 2018,ENSG00000183808,False
Bruggeman 2018,ENSG00000183840,False
Bruggeman 2018,ENSG00000183914,False
Bruggeman 2018,ENSG00000184305,False
Bruggeman 2018,ENSG00000184330,False
Bruggeman 2018,ENSG00000184378,False
Bruggeman 2018,ENSG00000184599,False
Bruggeman 2018,ENSG00000184602,False
Bruggeman 2018,ENSG00000184635,False
Bruggeman 2018,ENSG00000184661,False
Bruggeman 2018,ENSG00000184675,False
Bruggeman 2018,ENSG00000184786,True
Bruggeman 2018,ENSG00000185245,False
Bruggeman 2018,ENSG00000185261,False
Bruggeman 2018,ENSG00000185269,False
Bruggeman 2018,ENSG00000185278,False
Bruggeman 2018,ENSG00000185352,False
Bruggeman 2018,ENSG00000185414,False
Bruggeman 2018,ENSG00000185480,False
Bruggeman 2018,ENSG00000185666,False
Bruggeman 2018,ENSG00000185670,False
Bruggeman 2018,ENSG00000185686,True
Bruggeman 2018,ENSG00000185730,False
Bruggeman 2018,ENSG00000185792,True
Bruggeman 2018,ENSG00000185829,False
Bruggeman 2018,ENSG00000185842,False
Bruggeman 2018,ENSG00000185883,False
Bruggeman 2018,ENSG00000186007,False
Bruggeman 2018,ENSG00000186026,False
Bruggeman 2018,ENSG00000186230,False
Bruggeman 2018,ENSG00000186280,False
Bruggeman 2018,ENSG00000186300,False
Bruggeman 2018,ENSG00000186446,False
Bruggeman 2018,ENSG00000186638,False
Bruggeman 2018,ENSG00000186714,True
Bruggeman 2018,ENSG00000186871,False
Bruggeman 2018,ENSG00000186897,False
Bruggeman 2018,ENSG00000186918,False
Bruggeman 2018,ENSG00000186976,False
Bruggeman 2018,ENSG00000187024,False
Bruggeman 2018,ENSG00000187122,False
Bruggeman 2018,ENSG00000187187,False
Bruggeman 2018,ENSG00000187268,False
Bruggeman 2018,ENSG00000187372,False
Bruggeman 2018,ENSG00000187479,False
Bruggeman 2018,ENSG00000187607,False
Bruggeman 2018,ENSG00000187726,False
Bruggeman 2018,ENSG00000187736,False
Bruggeman 2018,ENSG00000187741,False
Bruggeman 2018,ENSG00000187772,True
Bruggeman 2018,ENSG00000187790,False
Bruggeman 2018,ENSG00000187792,False
Bruggeman 2018,ENSG00000187815,False
Bruggeman 2018,ENSG00000187987,False
Bruggeman 2018,ENSG00000188033,False
Bruggeman 2018,ENSG00000188092,False
Bruggeman 2018,ENSG00000188167,False
Bruggeman 2018,ENSG00000188171,False
Bruggeman 2018,ENSG00000188295,False
Bruggeman 2018,ENSG00000188312,False
Bruggeman 2018,ENSG00000188321,False
Bruggeman 2018,ENSG00000188368,False
Bruggeman 2018,ENSG00000188467,False
Bruggeman 2018,ENSG00000188687,False
Bruggeman 2018,ENSG00000188739,False
Bruggeman 2018,ENSG00000188785,False
Bruggeman 2018,ENSG00000188848,False
Bruggeman 2018,ENSG00000188859,False
Bruggeman 2018,ENSG00000189114,False
Bruggeman 2018,ENSG00000189144,False
Bruggeman 2018,ENSG00000189164,False
Bruggeman 2018,ENSG00000189298,False
Bruggeman 2018,ENSG00000189362,False
Bruggeman 2018,ENSG00000196109,False
Bruggeman 2018,ENSG00000196172,False
Bruggeman 2018,ENSG00000196233,False
Bruggeman 2018,ENSG00000196335,False
Bruggeman 2018,ENSG00000196357,False
Bruggeman 2018,ENSG00000196391,False
Bruggeman 2018,ENSG00000196417,False
Bruggeman 2018,ENSG00000196418,False
Bruggeman 2018,ENSG00000196460,False
Bruggeman 2018,ENSG00000196466,False
Bruggeman 2018,ENSG00000196470,False
Bruggeman 2018,ENSG00000196505,False
Bruggeman 2018,ENSG00000196550,False
Bruggeman 2018,ENSG00000196584,False
Bruggeman 2018,ENSG00000196597,False
Bruggeman 2018,ENSG00000196632,False
Bruggeman 2018,ENSG00000196689,False
Bruggeman 2018,ENSG00000196862,True
Bruggeman 2018,ENSG00000196912,False
Bruggeman 2018,ENSG00000197054,False
Bruggeman 2018,ENSG00000197134,False
Bruggeman 2018,ENSG00000197181,False
Bruggeman 2018,ENSG00000197275,False
Bruggeman 2018,ENSG00000197360,False
Bruggeman 2018,ENSG00000197372,False
Bruggeman 2018,ENSG00000197410,False
Bruggeman 2018,ENSG00000197557,False
Bruggeman 2018,ENSG00000197566,False
Bruggeman 2018,ENSG00000197584,False
Bruggeman 2018,ENSG00000197653,False
Bruggeman 2018,ENSG00000197714,False
Bruggeman 2018,ENSG00000197779,False
Bruggeman 2018,ENSG00000197863,False
Bruggeman 2018,ENSG00000197928,False
Bruggeman 2018,ENSG00000197935,False
Bruggeman 2018,ENSG00000198028,False
Bruggeman 2018,ENSG00000198182,False
Bruggeman 2018,ENSG00000198183,False
Bruggeman 2018,ENSG00000198205,False
Bruggeman 2018,ENSG00000198298,False
Bruggeman 2018,ENSG00000198346,False
Bruggeman 2018,ENSG00000198440,False
Bruggeman 2018,ENSG00000198453,False
Bruggeman 2018,ENSG00000198466,False
Bruggeman 2018,ENSG00000198521,False
Bruggeman 2018,ENSG00000198554,False
Bruggeman 2018,ENSG00000198691,False
Bruggeman 2018,ENSG00000198785,False
Bruggeman 2018,ENSG00000198816,False
Bruggeman 2018,ENSG00000198826,False
Bruggeman 2018,ENSG00000198865,False
Bruggeman 2018,ENSG00000198885,False
Bruggeman 2018,ENSG00000203326,False
Bruggeman 2018,ENSG00000203772,False
Bruggeman 2018,ENSG00000203907,False
Bruggeman 2018,ENSG00000203995,False
Bruggeman 2018,ENSG00000204390,False
Bruggeman 2018,ENSG00000204524,False
Bruggeman 2018,ENSG00000204764,False
Bruggeman 2018,ENSG00000204947,False
Bruggeman 2018,ENSG00000204956,False
Bruggeman 2018,ENSG00000204967,False
Bruggeman 2018,ENSG00000204970,False
Bruggeman 2018,ENSG00000205133,False
Bruggeman 2018,ENSG00000205639,False
Bruggeman 2018,ENSG00000205707,False
Bruggeman 2018,ENSG00000205784,False
Bruggeman 2018,ENSG00000205835,False
Bruggeman 2018,ENSG00000206557,True
Bruggeman 2018,ENSG00000212916,False
Bruggeman 2018,ENSG00000213020,False
Bruggeman 2018,ENSG00000213024,False
Bruggeman 2018,ENSG00000213145,False
Bruggeman 2018,ENSG00000213186,False
Bruggeman 2018,ENSG00000213782,False
Bruggeman 2018,ENSG00000213799,False
Bruggeman 2018,ENSG00000214107,True
Bruggeman 2018,ENSG00000214226,False
Bruggeman 2018,ENSG00000214274,False
Bruggeman 2018,ENSG00000214300,True
Bruggeman 2018,ENSG00000214338,False
Bruggeman 2018,ENSG00000214814,False
Bruggeman 2018,ENSG00000215126,False
Bruggeman 2018,ENSG00000215421,False
Bruggeman 2018,ENSG00000215883,False
Bruggeman 2018,ENSG00000216937,False
Bruggeman 2018,ENSG00000220205,False
Bruggeman 2018,ENSG00000221867,True
Bruggeman 2018,ENSG00000221926,False
Bruggeman 2018,ENSG00000222036,False
Bruggeman 2018,ENSG00000223802,False
Bruggeman 2018,ENSG00000225614,False
Bruggeman 2018,ENSG00000227124,False
Bruggeman 2018,ENSG00000229676,False
Bruggeman 2018,ENSG00000229894,True
Bruggeman 2018,ENSG00000231989,True
Bruggeman 2018,ENSG00000233436,True
Bruggeman 2018,ENSG00000234284,False
Bruggeman 2018,ENSG00000238083,True
Bruggeman 2018,ENSG00000239388,False
Bruggeman 2018,ENSG00000239704,False
Bruggeman 2018,ENSG00000239789,False
Bruggeman 2018,ENSG00000239887,False
Bruggeman 2018,ENSG00000240303,False
Bruggeman 2018,ENSG00000240445,False
Bruggeman 2018,ENSG00000240563,False
Bruggeman 2018,ENSG00000240682,False
Bruggeman 2018,ENSG00000241233,False
Bruggeman 2018,ENSG00000241258,False
Bruggeman 2018,ENSG00000242852,False
Bruggeman 2018,ENSG00000243667,False
Bruggeman 2018,ENSG00000244687,False
Bruggeman 2018,ENSG00000247077,False
Bruggeman 2018,ENSG00000247746,False
Bruggeman 2018,ENSG00000248098,False
Bruggeman 2018,ENSG00000248383,False
Bruggeman 2018,ENSG00000248905,False
Bruggeman 2018,ENSG00000249471,False
Bruggeman 2018,ENSG00000249709,False
Bruggeman 2018,ENSG00000250120,False
Bruggeman 2018,ENSG00000250312,False
Bruggeman 2018,ENSG00000250423,False
Bruggeman 2018,ENSG00000250565,False
Bruggeman 2018,ENSG00000251493,False
Bruggeman 2018,ENSG00000253506,True
Bruggeman 2018,ENSG00000253910,False
Bruggeman 2018,ENSG00000254221,False
Bruggeman 2018,ENSG00000254535,False
Bruggeman 2018,ENSG00000254726,False
Bruggeman 2018,ENSG00000255408,False
Bruggeman 2018,ENSG00000255529,False
Bruggeman 2018,ENSG00000256294,False
Bruggeman 2018,ENSG00000256660,False
Bruggeman 2018,ENSG00000257218,False
Bruggeman 2018,ENSG00000258289,False
Bruggeman 2018,ENSG00000258366,False
Bruggeman 2018,ENSG00000258405,False
Bruggeman 2018,ENSG00000262246,False
Bruggeman 2018,ENSG00000262576,False
Bruggeman 2018,ENSG00000267855,False
Bruggeman 2018,ENSG00000274391,True
Bruggeman 2018,ENSG00000275004,False
Bruggeman 2018,ENSG00000275111,False
Bruggeman 2018,ENSG00000275793,True
Bruggeman 2018,ENSG00000277462,False
Bruggeman 2018,ENSG00000278318,False
Bruggeman 2018,ENSG00000285077,False
Bruggeman 2018,ENSG00000293137,False
da Silva 2017,ENSG00000005189,False
da Silva 2017,ENSG00000006047,True
da Silva 2017,ENSG00000006059,False
da Silva 2017,ENSG00000007350,True
da Silva 2017,ENSG00000010318,True
da Silva 2017,ENSG00000039600,True
da Silva 2017,ENSG00000042813,True
da Silva 2017,ENSG00000046774,True
da Silva 2017,ENSG00000048545,False
da Silva 2017,ENSG00000054796,True
da Silva 2017,ENSG00000063438,False
da Silva 2017,ENSG00000063515,True
da Silva 2017,ENSG00000064199,False
da Silva 2017,ENSG00000065371,False
da Silva 2017,ENSG00000068985,True
da Silva 2017,ENSG00000069206,False
da Silva 2017,ENSG00000073598,True
da Silva 2017,ENSG00000075388,False
da Silva 2017,ENSG00000077800,True
da Silva 2017,ENSG00000077935,True
da Silva 2017,ENSG00000078114,False
da Silva 2017,ENSG00000078795,False
da Silva 2017,ENSG00000088782,False
da Silva 2017,ENSG00000089505,False
da Silva 2017,ENSG00000092345,True
da Silva 2017,ENSG00000099399,True
da Silva 2017,ENSG00000099721,False
da Silva 2017,ENSG00000100312,True
da Silva 2017,ENSG00000100565,True
da Silva 2017,ENSG00000101074,False
da Silva 2017,ENSG00000101251,True
da Silva 2017,ENSG00000101353,False
da Silva 2017,ENSG00000101435,False
da Silva 2017,ENSG00000101446,False
da Silva 2017,ENSG00000101448,False
da Silva 2017,ENSG00000102021,True
da Silva 2017,ENSG00000102076,False
da Silva 2017,ENSG00000103023,True
da Silva 2017,ENSG00000104755,True
da Silva 2017,ENSG00000104901,True
da Silva 2017,ENSG00000104941,True
da Silva 2017,ENSG00000104951,False
da Silva 2017,ENSG00000105198,True
da Silva 2017,ENSG00000105428,True
da Silva 2017,ENSG00000105467,False
da Silva 2017,ENSG00000105549,False
da Silva 2017,ENSG00000105679,False
da Silva 2017,ENSG00000106013,True
da Silva 2017,ENSG00000106304,True
da Silva 2017,ENSG00000106328,True
da Silva 2017,ENSG00000106410,False
da Silva 2017,ENSG00000106648,False
da Silva 2017,ENSG00000109851,False
da Silva 2017,ENSG00000111305,False
da Silva 2017,ENSG00000112053,True
da Silva 2017,ENSG00000112116,False
da Silva 2017,ENSG00000112238,False
da Silva 2017,ENSG00000112273,True
da Silva 2017,ENSG00000112742,False
da Silva 2017,ENSG00000114487,True
da Silva 2017,ENSG00000114547,False
da Silva 2017,ENSG00000116721,False
da Silva 2017,ENSG00000116726,False
da Silva 2017,ENSG00000117148,True
da Silva 2017,ENSG00000117461,False
da Silva 2017,ENSG00000118245,True
da Silva 2017,ENSG00000118434,True
da Silva 2017,ENSG00000118491,True
da Silva 2017,ENSG00000120160,True
da Silva 2017,ENSG00000120210,False
da Silva 2017,ENSG00000120289,False
da Silva 2017,ENSG00000120329,True
da Silva 2017,ENSG00000120436,False
da Silva 2017,ENSG00000120440,False
da Silva 2017,ENSG00000120498,False
da Silva 2017,ENSG00000120563,True
da Silva 2017,ENSG00000120952,False
da Silva 2017,ENSG00000121101,True
da Silva 2017,ENSG00000121446,True
da Silva 2017,ENSG00000121634,False
da Silva 2017,ENSG00000122304,True
da Silva 2017,ENSG00000122728,False
da Silva 2017,ENSG00000123165,True
da Silva 2017,ENSG00000123171,True
da Silva 2017,ENSG00000123569,False
da Silva 2017,ENSG00000123576,True
da Silva 2017,ENSG00000123584,True
da Silva 2017,ENSG00000123594,True
da Silva 2017,ENSG00000123999,False
da Silva 2017,ENSG00000124089,False
da Silva 2017,ENSG00000124092,True
da Silva 2017,ENSG00000124103,False
da Silva 2017,ENSG00000124196,True
da Silva 2017,ENSG00000124227,True
da Silva 2017,ENSG00000124232,False
da Silva 2017,ENSG00000124449,True
da Silva 2017,ENSG00000124467,True
da Silva 2017,ENSG00000124490,True
da Silva 2017,ENSG00000124610,False
da Silva 2017,ENSG00000124678,True
da Silva 2017,ENSG00000124812,False
da Silva 2017,ENSG00000124818,False
da Silva 2017,ENSG00000124900,False
da Silva 2017,ENSG00000125207,True
da Silva 2017,ENSG00000125531,True
da Silva 2017,ENSG00000125533,False
da Silva 2017,ENSG00000125788,False
da Silva 2017,ENSG00000125815,True
da Silva 2017,ENSG00000125816,True
da Silva 2017,ENSG00000125823,True
da Silva 2017,ENSG00000125888,False
da Silva 2017,ENSG00000125900,False
da Silva 2017,ENSG00000125903,False
da Silva 2017,ENSG00000125975,True
da Silva 2017,ENSG00000126550,False
da Silva 2017,ENSG00000126752,True
da Silva 2017,ENSG00000126856,True
da Silva 2017,ENSG00000126890,False
da Silva 2017,ENSG00000127423,False
da Silva 2017,ENSG00000127564,False
da Silva 2017,ENSG00000128040,False
da Silva 2017,ENSG00000128322,False
da Silva 2017,ENSG00000128610,False
da Silva 2017,ENSG00000129862,True
da Silva 2017,ENSG00000129864,True
da Silva 2017,ENSG00000129873,True
da Silva 2017,ENSG00000130167,False
da Silva 2017,ENSG00000130377,True
da Silva 2017,ENSG00000130383,False
da Silva 2017,ENSG00000130385,False
da Silva 2017,ENSG00000130783,True
da Silva 2017,ENSG00000130950,True
da Silva 2017,ENSG00000131059,True
da Silva 2017,ENSG00000131068,False
da Silva 2017,ENSG00000131126,True
da Silva 2017,ENSG00000131379,True
da Silva 2017,ENSG00000131721,True
da Silva 2017,ENSG00000131738,False
da Silva 2017,ENSG00000131864,True
da Silva 2017,ENSG00000132446,True
da Silva 2017,ENSG00000132631,True
da Silva 2017,ENSG00000132972,False
da Silva 2017,ENSG00000133863,False
da Silva 2017,ENSG00000133980,False
da Silva 2017,ENSG00000134007,True
da Silva 2017,ENSG00000134249,True
da Silva 2017,ENSG00000134389,False
da Silva 2017,ENSG00000134588,True
da Silva 2017,ENSG00000134940,True
da Silva 2017,ENSG00000135175,False
da Silva 2017,ENSG00000135248,True
da Silva 2017,ENSG00000135355,False
da Silva 2017,ENSG00000136488,False
da Silva 2017,ENSG00000137090,True
da Silva 2017,ENSG00000137473,False
da Silva 2017,ENSG00000137674,False
da Silva 2017,ENSG00000137707,False
da Silva 2017,ENSG00000137843,False
da Silva 2017,ENSG00000137948,True
da Silva 2017,ENSG00000138068,False
da Silva 2017,ENSG00000138483,True
da Silva 2017,ENSG00000138684,False
da Silva 2017,ENSG00000138813,True
da Silva 2017,ENSG00000138892,True
da Silva 2017,ENSG00000139151,True
da Silva 2017,ENSG00000139351,True
da Silva 2017,ENSG00000139797,True
da Silva 2017,ENSG00000140478,True
da Silva 2017,ENSG00000140623,True
da Silva 2017,ENSG00000140932,True
da Silva 2017,ENSG00000140955,True
da Silva 2017,ENSG00000141096,True
da Silva 2017,ENSG00000141194,False
da Silva 2017,ENSG00000141200,False
da Silva 2017,ENSG00000141255,True
da Silva 2017,ENSG00000141316,True
da Silva 2017,ENSG00000141371,True
da Silva 2017,ENSG00000141437,True
da Silva 2017,ENSG00000141946,False
da Silva 2017,ENSG00000141977,False
da Silva 2017,ENSG00000142025,True
da Silva 2017,ENSG00000142511,False
da Silva 2017,ENSG00000142530,False
da Silva 2017,ENSG00000142538,False
da Silva 2017,ENSG00000142698,True
da Silva 2017,ENSG00000143006,True
da Silva 2017,ENSG00000143032,False
da Silva 2017,ENSG00000143105,False
da Silva 2017,ENSG00000143107,True
da Silva 2017,ENSG00000143194,False
da Silva 2017,ENSG00000143450,False
da Silva 2017,ENSG00000143452,True
da Silva 2017,ENSG00000143552,True
da Silva 2017,ENSG00000143994,False
da Silva 2017,ENSG00000144010,False
da Silva 2017,ENSG00000144015,False
da Silva 2017,ENSG00000144962,True
da Silva 2017,ENSG00000145309,True
da Silva 2017,ENSG00000145975,False
da Silva 2017,ENSG00000146047,False
da Silva 2017,ENSG00000146378,False
da Silva 2017,ENSG00000146839,False
da Silva 2017,ENSG00000147081,True
da Silva 2017,ENSG00000147183,True
da Silva 2017,ENSG00000147378,True
da Silva 2017,ENSG00000147381,True
da Silva 2017,ENSG00000147596,False
da Silva 2017,ENSG00000147613,False
da Silva 2017,ENSG00000148156,True
da Silva 2017,ENSG00000148215,False
da Silva 2017,ENSG00000148602,False
da Silva 2017,ENSG00000149507,False
da Silva 2017,ENSG00000149609,True
da Silva 2017,ENSG00000149646,False
da Silva 2017,ENSG00000149651,False
da Silva 2017,ENSG00000150244,False
da Silva 2017,ENSG00000150628,True
da Silva 2017,ENSG00000150676,True
da Silva 2017,ENSG00000150773,False
da Silva 2017,ENSG00000151005,True
da Silva 2017,ENSG00000151033,True
da Silva 2017,ENSG00000151360,True
da Silva 2017,ENSG00000151475,False
da Silva 2017,ENSG00000151577,False
da Silva 2017,ENSG00000151615,False
da Silva 2017,ENSG00000151846,False
da Silva 2017,ENSG00000151962,True
da Silva 2017,ENSG00000152086,False
da Silva 2017,ENSG00000152430,True
da Silva 2017,ENSG00000152670,True
da Silva 2017,ENSG00000153060,True
da Silva 2017,ENSG00000153498,True
da Silva 2017,ENSG00000153779,True
da Silva 2017,ENSG00000154007,True
da Silva 2017,ENSG00000154040,False
da Silva 2017,ENSG00000154143,False
da Silva 2017,ENSG00000154227,False
da Silva 2017,ENSG00000154438,True
da Silva 2017,ENSG00000154611,False
da Silva 2017,ENSG00000155087,True
da Silva 2017,ENSG00000155249,False
da Silva 2017,ENSG00000155495,True
da Silva 2017,ENSG00000155714,False
da Silva 2017,ENSG00000155754,True
da Silva 2017,ENSG00000155833,True
da Silva 2017,ENSG00000155875,False
da Silva 2017,ENSG00000155890,True
da Silva 2017,ENSG00000156009,True
da Silva 2017,ENSG00000156194,False
da Silva 2017,ENSG00000156269,True
da Silva 2017,ENSG00000157060,False
da Silva 2017,ENSG00000157093,True
da Silva 2017,ENSG00000157330,False
da Silva 2017,ENSG00000157578,False
da Silva 2017,ENSG00000157653,False
da Silva 2017,ENSG00000157884,False
da Silva 2017,ENSG00000158497,False
da Silva 2017,ENSG00000158525,False
da Silva 2017,ENSG00000158553,True
da Silva 2017,ENSG00000158639,True
da Silva 2017,ENSG00000159217,False
da Silva 2017,ENSG00000159224,False
da Silva 2017,ENSG00000159289,True
da Silva 2017,ENSG00000159495,False
da Silva 2017,ENSG00000160505,False
da Silva 2017,ENSG00000160882,False
da Silva 2017,ENSG00000160994,False
da Silva 2017,ENSG00000161594,True
da Silva 2017,ENSG00000161609,False
da Silva 2017,ENSG00000161652,True
da Silva 2017,ENSG00000161850,False
da Silva 2017,ENSG00000161860,True
da Silva 2017,ENSG00000161973,True
da Silva 2017,ENSG00000162039,True
da Silva 2017,ENSG00000162592,True
da Silva 2017,ENSG00000162641,True
da Silva 2017,ENSG00000162763,False
da Silva 2017,ENSG00000162771,True
da Silva 2017,ENSG00000162779,False
da Silva 2017,ENSG00000162814,False
da Silva 2017,ENSG00000162843,True
da Silva 2017,ENSG00000163012,True
da Silva 2017,ENSG00000163114,True
da Silva 2017,ENSG00000163206,True
da Silva 2017,ENSG00000163254,False
da Silva 2017,ENSG00000163357,False
da Silva 2017,ENSG00000163424,False
da Silva 2017,ENSG00000163440,True
da Silva 2017,ENSG00000163467,True
da Silva 2017,ENSG00000163530,True
da Silva 2017,ENSG00000163645,True
da Silva 2017,ENSG00000163646,False
da Silva 2017,ENSG00000163705,True
da Silva 2017,ENSG00000163958,True
da Silva 2017,ENSG00000164037,False
da Silva 2017,ENSG00000164113,True
da Silva 2017,ENSG00000164123,True
da Silva 2017,ENSG00000164256,False
da Silva 2017,ENSG00000164287,False
da Silva 2017,ENSG00000164299,True
da Silva 2017,ENSG00000164304,True
da Silva 2017,ENSG00000164334,True
da Silva 2017,ENSG00000164399,False
da Silva 2017,ENSG00000164451,False
da Silva 2017,ENSG00000164500,True
da Silva 2017,ENSG00000164508,False
da Silva 2017,ENSG00000164645,True
da Silva 2017,ENSG00000164744,False
da Silva 2017,ENSG00000164871,False
da Silva 2017,ENSG00000165059,True
da Silva 2017,ENSG00000165076,True
da Silva 2017,ENSG00000165120,True
da Silva 2017,ENSG00000165131,True
da Silva 2017,ENSG00000165204,False
da Silva 2017,ENSG00000165480,False
da Silva 2017,ENSG00000165496,False
da Silva 2017,ENSG00000165583,True
da Silva 2017,ENSG00000165584,True
da Silva 2017,ENSG00000165805,True
da Silva 2017,ENSG00000165837,True
da Silva 2017,ENSG00000165970,False
da Silva 2017,ENSG00000166049,True
da Silva 2017,ENSG00000166069,True
da Silva 2017,ENSG00000166118,True
da Silva 2017,ENSG00000166152,True
da Silva 2017,ENSG00000166220,False
da Silva 2017,ENSG00000166329,True
da Silva 2017,ENSG00000166351,True
da Silva 2017,ENSG00000166368,False
da Silva 2017,ENSG00000166796,True
da Silva 2017,ENSG00000166884,False
da Silva 2017,ENSG00000166926,False
da Silva 2017,ENSG00000166930,True
da Silva 2017,ENSG00000167014,False
da Silva 2017,ENSG00000167098,True
da Silva 2017,ENSG00000167139,True
da Silva 2017,ENSG00000167195,False
da Silva 2017,ENSG00000167360,False
da Silva 2017,ENSG00000167523,False
da Silva 2017,ENSG00000167531,False
da Silva 2017,ENSG00000167791,False
da Silva 2017,ENSG00000168026,True
da Silva 2017,ENSG00000168078,False
da Silva 2017,ENSG00000168263,False
da Silva 2017,ENSG00000168267,False
da Silva 2017,ENSG00000168454,False
da Silva 2017,ENSG00000168515,False
da Silva 2017,ENSG00000168594,True
da Silva 2017,ENSG00000168619,True
da Silva 2017,ENSG00000168676,False
da Silva 2017,ENSG00000168757,True
da Silva 2017,ENSG00000168930,False
da Silva 2017,ENSG00000169059,True
da Silva 2017,ENSG00000169154,True
da Silva 2017,ENSG00000169194,True
da Silva 2017,ENSG00000169214,True
da Silva 2017,ENSG00000169340,False
da Silva 2017,ENSG00000169393,False
da Silva 2017,ENSG00000169402,False
da Silva 2017,ENSG00000169575,False
da Silva 2017,ENSG00000169717,False
da Silva 2017,ENSG00000169777,True
da Silva 2017,ENSG00000169800,True
da Silva 2017,ENSG00000169953,True
da Silva 2017,ENSG00000170236,True
da Silva 2017,ENSG00000170279,False
da Silva 2017,ENSG00000170516,True
da Silva 2017,ENSG00000170613,True
da Silva 2017,ENSG00000170627,False
da Silva 2017,ENSG00000170748,True
da Silva 2017,ENSG00000170777,True
da Silva 2017,ENSG00000170782,False
da Silva 2017,ENSG00000170788,False
da Silva 2017,ENSG00000170925,False
da Silva 2017,ENSG00000170948,False
da Silva 2017,ENSG00000170950,True
da Silva 2017,ENSG00000170953,False
da Silva 2017,ENSG00000170967,True
da Silva 2017,ENSG00000171060,True
da Silva 2017,ENSG00000171133,False
da Silva 2017,ENSG00000171209,False
da Silva 2017,ENSG00000171405,True
da Silva 2017,ENSG00000171478,False
da Silva 2017,ENSG00000171481,False
da Silva 2017,ENSG00000171487,False
da Silva 2017,ENSG00000171495,True
da Silva 2017,ENSG00000171505,False
da Silva 2017,ENSG00000171540,False
da Silva 2017,ENSG00000171722,False
da Silva 2017,ENSG00000171790,False
da Silva 2017,ENSG00000171794,True
da Silva 2017,ENSG00000171804,True
da Silva 2017,ENSG00000171864,False
da Silva 2017,ENSG00000171989,True
da Silva 2017,ENSG00000172073,True
da Silva 2017,ENSG00000172288,False
da Silva 2017,ENSG00000172320,False
da Silva 2017,ENSG00000172352,False
da Silva 2017,ENSG00000172362,False
da Silva 2017,ENSG00000172365,False
da Silva 2017,ENSG00000172421,True
da Silva 2017,ENSG00000172468,False
da Silva 2017,ENSG00000172519,False
da Silva 2017,ENSG00000172538,True
da Silva 2017,ENSG00000172680,False
da Silva 2017,ENSG00000172717,True
da Silva 2017,ENSG00000172733,False
da Silva 2017,ENSG00000172738,False
da Silva 2017,ENSG00000172967,True
da Silva 2017,ENSG00000173093,False
da Silva 2017,ENSG00000173157,False
da Silva 2017,ENSG00000173335,False
da Silva 2017,ENSG00000173389,True
da Silva 2017,ENSG00000173401,True
da Silva 2017,ENSG00000173431,False
da Silva 2017,ENSG00000173464,False
da Silva 2017,ENSG00000173627,False
da Silva 2017,ENSG00000173673,False
da Silva 2017,ENSG00000173699,True
da Silva 2017,ENSG00000173728,True
da Silva 2017,ENSG00000173769,True
da Silva 2017,ENSG00000173809,False
da Silva 2017,ENSG00000173818,False
da Silva 2017,ENSG00000173838,False
da Silva 2017,ENSG00000173908,False
da Silva 2017,ENSG00000174015,True
da Silva 2017,ENSG00000174016,True
da Silva 2017,ENSG00000174038,False
da Silva 2017,ENSG00000174279,False
da Silva 2017,ENSG00000174448,True
da Silva 2017,ENSG00000174450,True
da Silva 2017,ENSG00000174667,False
da Silva 2017,ENSG00000174788,False
da Silva 2017,ENSG00000174898,True
da Silva 2017,ENSG00000175018,True
da Silva 2017,ENSG00000175513,True
da Silva 2017,ENSG00000175520,True
da Silva 2017,ENSG00000175646,True
da Silva 2017,ENSG00000175718,True
da Silva 2017,ENSG00000175809,True
da Silva 2017,ENSG00000175820,True
da Silva 2017,ENSG00000175877,True
da Silva 2017,ENSG00000176083,False
da Silva 2017,ENSG00000176160,True
da Silva 2017,ENSG00000176177,True
da Silva 2017,ENSG00000176198,False
da Silva 2017,ENSG00000176219,False
da Silva 2017,ENSG00000176256,True
da Silva 2017,ENSG00000176294,True
da Silva 2017,ENSG00000176299,False
da Silva 2017,ENSG00000176302,True
da Silva 2017,ENSG00000176563,False
da Silva 2017,ENSG00000176566,True
da Silva 2017,ENSG00000176571,True
da Silva 2017,ENSG00000176635,True
da Silva 2017,ENSG00000176679,True
da Silva 2017,ENSG00000176732,False
da Silva 2017,ENSG00000176746,True
da Silva 2017,ENSG00000176774,True
da Silva 2017,ENSG00000176782,False
da Silva 2017,ENSG00000176787,False
da Silva 2017,ENSG00000176895,False
da Silva 2017,ENSG00000176922,False
da Silva 2017,ENSG00000176927,False
da Silva 2017,ENSG00000176979,True
da Silva 2017,ENSG00000176988,True
da Silva 2017,ENSG00000177023,False
da Silva 2017,ENSG00000177138,False
da Silva 2017,ENSG00000177143,True
da Silva 2017,ENSG00000177294,True
da Silva 2017,ENSG00000177324,True
da Silva 2017,ENSG00000177414,False
da Silva 2017,ENSG00000177504,False
da Silva 2017,ENSG00000177558,True
da Silva 2017,ENSG00000177627,True
da Silva 2017,ENSG00000177684,False
da Silva 2017,ENSG00000177910,False
da Silva 2017,ENSG00000177938,True
da Silva 2017,ENSG00000177947,True
da Silva 2017,ENSG00000177992,True
da Silva 2017,ENSG00000178021,True
da Silva 2017,ENSG00000178257,True
da Silva 2017,ENSG00000178279,True
da Silva 2017,ENSG00000178287,False
da Silva 2017,ENSG00000178395,True
da Silva 2017,ENSG00000178403,False
da Silva 2017,ENSG00000178404,False
da Silva 2017,ENSG00000178460,False
da Silva 2017,ENSG00000178573,False
da Silva 2017,ENSG00000178591,False
da Silva 2017,ENSG00000178645,True
da Silva 2017,ENSG00000178804,False
da Silva 2017,ENSG00000178928,False
da Silva 2017,ENSG00000178997,True
da Silva 2017,ENSG00000179046,True
da Silva 2017,ENSG00000179055,False
da Silva 2017,ENSG00000179142,False
da Silva 2017,ENSG00000179168,False
da Silva 2017,ENSG00000179172,False
da Silva 2017,ENSG00000179213,True
da Silva 2017,ENSG00000179363,False
da Silva 2017,ENSG00000179407,True
da Silva 2017,ENSG00000179412,False
da Silva 2017,ENSG00000179580,True
da Silva 2017,ENSG00000179600,False
da Silva 2017,ENSG00000179636,False
da Silva 2017,ENSG00000179695,False
da Silva 2017,ENSG00000179709,False
da Silva 2017,ENSG00000179751,False
da Silva 2017,ENSG00000179817,False
da Silva 2017,ENSG00000179919,False
da Silva 2017,ENSG00000180016,False
da Silva 2017,ENSG00000180043,True
da Silva 2017,ENSG00000180083,False
da Silva 2017,ENSG00000180090,False
da Silva 2017,ENSG00000180116,True
da Silva 2017,ENSG00000180138,True
da Silva 2017,ENSG00000180205,False
da Silva 2017,ENSG00000180219,True
da Silva 2017,ENSG00000180269,False
da Silva 2017,ENSG00000180305,False
da Silva 2017,ENSG00000180336,True
da Silva 2017,ENSG00000180424,False
da Silva 2017,ENSG00000180425,False
da Silva 2017,ENSG00000180483,False
da Silva 2017,ENSG00000180658,False
da Silva 2017,ENSG00000180697,True
da Silva 2017,ENSG00000180872,False
da Silva 2017,ENSG00000180934,False
da Silva 2017,ENSG00000180974,False
da Silva 2017,ENSG00000181323,True
da Silva 2017,ENSG00000181371,False
da Silva 2017,ENSG00000181433,True
da Silva 2017,ENSG00000181552,False
da Silva 2017,ENSG00000181609,True
da Silva 2017,ENSG00000181616,False
da Silva 2017,ENSG00000181786,True
da Silva 2017,ENSG00000181867,True
da Silva 2017,ENSG00000181961,False
da Silva 2017,ENSG00000181965,False
da Silva 2017,ENSG00000182035,True
da Silva 2017,ENSG00000182053,False
da Silva 2017,ENSG00000182083,False
da Silva 2017,ENSG00000182170,False
da Silva 2017,ENSG00000182223,True
da Silva 2017,ENSG00000182261,False
da Silva 2017,ENSG00000182264,True
da Silva 2017,ENSG00000182308,True
da Silva 2017,ENSG00000182315,False
da Silva 2017,ENSG00000182459,True
da Silva 2017,ENSG00000182583,True
da Silva 2017,ENSG00000182613,False
da Silva 2017,ENSG00000182645,False
da Silva 2017,ENSG00000182652,False
da Silva 2017,ENSG00000182793,False
da Silva 2017,ENSG00000182798,False
da Silva 2017,ENSG00000182896,True
da Silva 2017,ENSG00000182898,False
da Silva 2017,ENSG00000183024,False
da Silva 2017,ENSG00000183034,False
da Silva 2017,ENSG00000183035,True
da Silva 2017,ENSG00000183185,False
da Silva 2017,ENSG00000183206,True
da Silva 2017,ENSG00000183246,True
da Silva 2017,ENSG00000183304,True
da Silva 2017,ENSG00000183305,True
da Silva 2017,ENSG00000183313,False
da Silva 2017,ENSG00000183318,True
da Silva 2017,ENSG00000183324,False
da Silva 2017,ENSG00000183396,True
da Silva 2017,ENSG00000183434,True
da Silva 2017,ENSG00000183559,True
da Silva 2017,ENSG00000183632,False
da Silva 2017,ENSG00000183640,False
da Silva 2017,ENSG00000183654,False
da Silva 2017,ENSG00000183706,True
da Silva 2017,ENSG00000183753,True
da Silva 2017,ENSG00000183795,False
da Silva 2017,ENSG00000183862,False
da Silva 2017,ENSG00000183977,True
da Silva 2017,ENSG00000184032,False
da Silva 2017,ENSG00000184033,True
da Silva 2017,ENSG00000184108,True
da Silva 2017,ENSG00000184148,False
da Silva 2017,ENSG00000184166,False
da Silva 2017,ENSG00000184302,False
da Silva 2017,ENSG00000184345,True
da Silva 2017,ENSG00000184361,True
da Silva 2017,ENSG00000184459,False
da Silva 2017,ENSG00000184478,False
da Silva 2017,ENSG00000184502,False
da Silva 2017,ENSG00000184507,True
da Silva 2017,ENSG00000184560,True
da Silva 2017,ENSG00000184571,False
da Silva 2017,ENSG00000184647,True
da Silva 2017,ENSG00000184650,True
da Silva 2017,ENSG00000184716,False
da Silva 2017,ENSG00000184724,False
da Silva 2017,ENSG00000184735,True
da Silva 2017,ENSG00000184786,True
da Silva 2017,ENSG00000184814,True
da Silva 2017,ENSG00000184933,False
da Silva 2017,ENSG00000185002,False
da Silva 2017,ENSG00000185013,True
da Silva 2017,ENSG00000185056,True
da Silva 2017,ENSG00000185177,True
da Silva 2017,ENSG00000185247,False
da Silva 2017,ENSG00000185264,True
da Silva 2017,ENSG00000185294,True
da Silva 2017,ENSG00000185313,False
da Silva 2017,ENSG00000185448,True
da Silva 2017,ENSG00000185662,True
da Silva 2017,ENSG00000185686,True
da Silva 2017,ENSG00000185775,True
da Silva 2017,ENSG00000185863,True
da Silva 2017,ENSG00000185888,True
da Silva 2017,ENSG00000185894,False
da Silva 2017,ENSG00000185972,True
da Silva 2017,ENSG00000185982,False
da Silva 2017,ENSG00000186007,False
da Silva 2017,ENSG00000186075,True
da Silva 2017,ENSG00000186086,False
da Silva 2017,ENSG00000186103,False
da Silva 2017,ENSG00000186118,True
da Silva 2017,ENSG00000186143,True
da Silva 2017,ENSG00000186150,True
da Silva 2017,ENSG00000186190,False
da Silva 2017,ENSG00000186334,True
da Silva 2017,ENSG00000186393,False
da Silva 2017,ENSG00000186451,True
da Silva 2017,ENSG00000186452,True
da Silva 2017,ENSG00000186513,False
da Silva 2017,ENSG00000186562,False
da Silva 2017,ENSG00000186572,False
da Silva 2017,ENSG00000186579,False
da Silva 2017,ENSG00000186599,False
da Silva 2017,ENSG00000186638,False
da Silva 2017,ENSG00000186645,False
da Silva 2017,ENSG00000186788,True
da Silva 2017,ENSG00000186790,False
da Silva 2017,ENSG00000187003,True
da Silva 2017,ENSG00000187005,False
da Silva 2017,ENSG00000187026,False
da Silva 2017,ENSG00000187033,False
da Silva 2017,ENSG00000187066,False
da Silva 2017,ENSG00000187080,False
da Silva 2017,ENSG00000187082,False
da Silva 2017,ENSG00000187144,True
da Silva 2017,ENSG00000187166,False
da Silva 2017,ENSG00000187191,True
da Silva 2017,ENSG00000187223,False
da Silva 2017,ENSG00000187268,False
da Silva 2017,ENSG00000187475,False
da Silva 2017,ENSG00000187516,True
da Silva 2017,ENSG00000187537,False
da Silva 2017,ENSG00000187569,False
da Silva 2017,ENSG00000187581,False
da Silva 2017,ENSG00000187658,True
da Silva 2017,ENSG00000187741,False
da Silva 2017,ENSG00000187753,False
da Silva 2017,ENSG00000187772,True
da Silva 2017,ENSG00000187775,False
da Silva 2017,ENSG00000187791,False
da Silva 2017,ENSG00000187806,True
da Silva 2017,ENSG00000187833,True
da Silva 2017,ENSG00000187918,False
da Silva 2017,ENSG00000187969,True
da Silva 2017,ENSG00000188032,True
da Silva 2017,ENSG00000188050,True
da Silva 2017,ENSG00000188120,True
da Silva 2017,ENSG00000188155,False
da Silva 2017,ENSG00000188162,False
da Silva 2017,ENSG00000188163,True
da Silva 2017,ENSG00000188334,False
da Silva 2017,ENSG00000188386,True
da Silva 2017,ENSG00000188408,False
da Silva 2017,ENSG00000188425,True
da Silva 2017,ENSG00000188558,False
da Silva 2017,ENSG00000188585,False
da Silva 2017,ENSG00000188691,False
da Silva 2017,ENSG00000188782,True
da Silva 2017,ENSG00000188784,False
da Silva 2017,ENSG00000188800,True
da Silva 2017,ENSG00000188877,False
da Silva 2017,ENSG00000188909,False
da Silva 2017,ENSG00000189023,True
da Silva 2017,ENSG00000189037,True
da Silva 2017,ENSG00000189052,False
da Silva 2017,ENSG00000189064,True
da Silva 2017,ENSG00000189090,False
da Silva 2017,ENSG00000189132,True
da Silva 2017,ENSG00000189139,True
da Silva 2017,ENSG00000189167,False
da Silva 2017,ENSG00000189169,False
da Silva 2017,ENSG00000189186,True
da Silva 2017,ENSG00000189252,True
da Silva 2017,ENSG00000189299,True
da Silva 2017,ENSG00000189326,True
da Silva 2017,ENSG00000189357,True
da Silva 2017,ENSG00000189375,True
da Silva 2017,ENSG00000196119,False
da Silva 2017,ENSG00000196184,False
da Silva 2017,ENSG00000196335,False
da Silva 2017,ENSG00000196341,False
da Silva 2017,ENSG00000196350,True
da Silva 2017,ENSG00000196406,True
da Silva 2017,ENSG00000196431,False
da Silva 2017,ENSG00000196475,True
da Silva 2017,ENSG00000196570,True
da Silva 2017,ENSG00000196578,False
da Silva 2017,ENSG00000196604,True
da Silva 2017,ENSG00000196748,False
da Silva 2017,ENSG00000196772,False
da Silva 2017,ENSG00000196832,False
da Silva 2017,ENSG00000196862,True
da Silva 2017,ENSG00000196900,True
da Silva 2017,ENSG00000197079,False
da Silva 2017,ENSG00000197123,True
da Silva 2017,ENSG00000197153,False
da Silva 2017,ENSG00000197172,True
da Silva 2017,ENSG00000197213,False
da Silva 2017,ENSG00000197233,False
da Silva 2017,ENSG00000197416,False
da Silva 2017,ENSG00000197437,False
da Silva 2017,ENSG00000197617,False
da Silva 2017,ENSG00000197651,True
da Silva 2017,ENSG00000197683,False
da Silva 2017,ENSG00000197849,False
da Silva 2017,ENSG00000198021,True
da Silva 2017,ENSG00000198028,False
da Silva 2017,ENSG00000198033,False
da Silva 2017,ENSG00000198092,False
da Silva 2017,ENSG00000198129,False
da Silva 2017,ENSG00000198173,True
da Silva 2017,ENSG00000198283,False
da Silva 2017,ENSG00000198326,False
da Silva 2017,ENSG00000198390,False
da Silva 2017,ENSG00000198445,True
da Silva 2017,ENSG00000198573,True
da Silva 2017,ENSG00000198681,True
da Silva 2017,ENSG00000198704,False
da Silva 2017,ENSG00000198723,False
da Silva 2017,ENSG00000198765,True
da Silva 2017,ENSG00000198798,False
da Silva 2017,ENSG00000198870,True
da Silva 2017,ENSG00000203784,True
da Silva 2017,ENSG00000203795,True
da Silva 2017,ENSG00000203909,True
da Silva 2017,ENSG00000203910,False
da Silva 2017,ENSG00000203923,True
da Silva 2017,ENSG00000203926,True
da Silva 2017,ENSG00000203933,True
da Silva 2017,ENSG00000203942,True
da Silva 2017,ENSG00000203970,False
da Silva 2017,ENSG00000203989,True
da Silva 2017,ENSG00000204006,True
da Silva 2017,ENSG00000204007,True
da Silva 2017,ENSG00000204019,True
da Silva 2017,ENSG00000204025,True
da Silva 2017,ENSG00000204140,False
da Silva 2017,ENSG00000204193,True
da Silva 2017,ENSG00000204246,False
da Silva 2017,ENSG00000204279,True
da Silva 2017,ENSG00000204296,True
da Silva 2017,ENSG00000204300,True
da Silva 2017,ENSG00000204363,True
da Silva 2017,ENSG00000204379,True
da Silva 2017,ENSG00000204382,True
da Silva 2017,ENSG00000204414,False
da Silva 2017,ENSG00000204449,False
da Silva 2017,ENSG00000204478,False
da Silva 2017,ENSG00000204480,False
da Silva 2017,ENSG00000204481,False
da Silva 2017,ENSG00000204501,False
da Silva 2017,ENSG00000204505,False
da Silva 2017,ENSG00000204548,False
da Silva 2017,ENSG00000204640,False
da Silva 2017,ENSG00000204661,False
da Silva 2017,ENSG00000204669,True
da Silva 2017,ENSG00000204671,False
da Silva 2017,ENSG00000204688,True
da Silva 2017,ENSG00000204694,False
da Silva 2017,ENSG00000204695,False
da Silva 2017,ENSG00000204700,False
da Silva 2017,ENSG00000204701,False
da Silva 2017,ENSG00000204704,False
da Silva 2017,ENSG00000204849,True
da Silva 2017,ENSG00000204897,False
da Silva 2017,ENSG00000204918,False
da Silva 2017,ENSG00000204919,False
da Silva 2017,ENSG00000204930,False
da Silva 2017,ENSG00000204952,True
da Silva 2017,ENSG00000204961,True
da Silva 2017,ENSG00000204962,False
da Silva 2017,ENSG00000204963,False
da Silva 2017,ENSG00000204965,False
da Silva 2017,ENSG00000204967,False
da Silva 2017,ENSG00000204969,False
da Silva 2017,ENSG00000204970,False
da Silva 2017,ENSG00000204979,True
da Silva 2017,ENSG00000205078,False
da Silva 2017,ENSG00000205108,True
da Silva 2017,ENSG00000205301,True
da Silva 2017,ENSG00000205359,True
da Silva 2017,ENSG00000205409,False
da Silva 2017,ENSG00000205442,True
da Silva 2017,ENSG00000205445,False
da Silva 2017,ENSG00000205457,False
da Silva 2017,ENSG00000205642,True
da Silva 2017,ENSG00000205649,False
da Silva 2017,ENSG00000205718,False
da Silva 2017,ENSG00000205777,True
da Silva 2017,ENSG00000205856,False
da Silva 2017,ENSG00000205858,True
da Silva 2017,ENSG00000205882,False
da Silva 2017,ENSG00000205883,False
da Silva 2017,ENSG00000205916,False
da Silva 2017,ENSG00000205944,False
da Silva 2017,ENSG00000206026,True
da Silva 2017,ENSG00000206043,True
da Silva 2017,ENSG00000206102,False
da Silva 2017,ENSG00000206203,False
da Silva 2017,ENSG00000206260,True
da Silva 2017,ENSG00000206531,True
da Silva 2017,ENSG00000206557,True
da Silva 2017,ENSG00000212122,True
da Silva 2017,ENSG00000212710,True
da Silva 2017,ENSG00000212933,False
da Silva 2017,ENSG00000213030,True
da Silva 2017,ENSG00000213213,False
da Silva 2017,ENSG00000213215,False
da Silva 2017,ENSG00000213218,True
da Silva 2017,ENSG00000213401,True
da Silva 2017,ENSG00000213927,False
da Silva 2017,ENSG00000214107,True
da Silva 2017,ENSG00000214324,False
da Silva 2017,ENSG00000214360,True
da Silva 2017,ENSG00000214511,False
da Silva 2017,ENSG00000214681,True
da Silva 2017,ENSG00000214686,True
da Silva 2017,ENSG00000214782,False
da Silva 2017,ENSG00000214819,False
da Silva 2017,ENSG00000214842,True
da Silva 2017,ENSG00000214866,False
da Silva 2017,ENSG00000214929,True
da Silva 2017,ENSG00000214946,False
da Silva 2017,ENSG00000215113,True
da Silva 2017,ENSG00000215115,True
da Silva 2017,ENSG00000215131,True
da Silva 2017,ENSG00000215148,True
da Silva 2017,ENSG00000215186,False
da Silva 2017,ENSG00000215203,False
da Silva 2017,ENSG00000215262,True
da Silva 2017,ENSG00000215269,True
da Silva 2017,ENSG00000215277,False
da Silva 2017,ENSG00000215343,False
da Silva 2017,ENSG00000215356,False
da Silva 2017,ENSG00000215372,False
da Silva 2017,ENSG00000215455,False
da Silva 2017,ENSG00000215474,False
da Silva 2017,ENSG00000215568,True
da Silva 2017,ENSG00000215906,False
da Silva 2017,ENSG00000215910,False
da Silva 2017,ENSG00000216649,True
da Silva 2017,ENSG00000217442,False
da Silva 2017,ENSG00000218819,True
da Silva 2017,ENSG00000218823,True
da Silva 2017,ENSG00000219073,False
da Silva 2017,ENSG00000219435,True
da Silva 2017,ENSG00000221813,False
da Silva 2017,ENSG00000221826,True
da Silva 2017,ENSG00000221867,True
da Silva 2017,ENSG00000221888,True
da Silva 2017,ENSG00000221900,True
da Silva 2017,ENSG00000221910,False
da Silva 2017,ENSG00000221977,False
da Silva 2017,ENSG00000222028,False
da Silva 2017,ENSG00000223510,False
da Silva 2017,ENSG00000223601,True
da Silva 2017,ENSG00000223614,False
da Silva 2017,ENSG00000224089,True
da Silva 2017,ENSG00000224440,False
da Silva 2017,ENSG00000224586,False
da Silva 2017,ENSG00000224659,True
da Silva 2017,ENSG00000224902,True
da Silva 2017,ENSG00000225781,False
da Silva 2017,ENSG00000226023,True
da Silva 2017,ENSG00000226372,False
da Silva 2017,ENSG00000226600,True
da Silva 2017,ENSG00000226650,True
da Silva 2017,ENSG00000226685,True
da Silva 2017,ENSG00000226929,True
da Silva 2017,ENSG00000226941,True
da Silva 2017,ENSG00000227059,True
da Silva 2017,ENSG00000227151,False
da Silva 2017,ENSG00000227234,True
da Silva 2017,ENSG00000227488,True
da Silva 2017,ENSG00000227868,True
da Silva 2017,ENSG00000228075,True
da Silva 2017,ENSG00000228517,True
da Silva 2017,ENSG00000228567,False
da Silva 2017,ENSG00000228836,False
da Silva 2017,ENSG00000228927,True
da Silva 2017,ENSG00000229292,False
da Silva 2017,ENSG00000229549,True
da Silva 2017,ENSG00000229665,False
da Silva 2017,ENSG00000229937,True
da Silva 2017,ENSG00000229972,True
da Silva 2017,ENSG00000230031,False
da Silva 2017,ENSG00000230178,False
da Silva 2017,ENSG00000230246,False
da Silva 2017,ENSG00000230301,False
da Silva 2017,ENSG00000230347,True
da Silva 2017,ENSG00000230522,False
da Silva 2017,ENSG00000230594,True
da Silva 2017,ENSG00000230601,True
da Silva 2017,ENSG00000231256,True
da Silva 2017,ENSG00000231887,False
da Silva 2017,ENSG00000232113,False
da Silva 2017,ENSG00000232423,False
da Silva 2017,ENSG00000232948,False
da Silva 2017,ENSG00000233050,False
da Silva 2017,ENSG00000233412,False
da Silva 2017,ENSG00000233802,False
da Silva 2017,ENSG00000233803,True
da Silva 2017,ENSG00000233917,False
da Silva 2017,ENSG00000234068,True
da Silva 2017,ENSG00000234186,True
da Silva 2017,ENSG00000234278,False
da Silva 2017,ENSG00000234414,True
da Silva 2017,ENSG00000234511,False
da Silva 2017,ENSG00000234776,True
da Silva 2017,ENSG00000235608,False
da Silva 2017,ENSG00000235631,True
da Silva 2017,ENSG00000235699,True
da Silva 2017,ENSG00000236027,False
da Silva 2017,ENSG00000236032,False
da Silva 2017,ENSG00000236126,True
da Silva 2017,ENSG00000236362,True
da Silva 2017,ENSG00000236371,True
da Silva 2017,ENSG00000236396,False
da Silva 2017,ENSG00000236424,True
da Silva 2017,ENSG00000236446,True
da Silva 2017,ENSG00000236761,True
da Silva 2017,ENSG00000236980,True
da Silva 2017,ENSG00000237136,True
da Silva 2017,ENSG00000237247,False
da Silva 2017,ENSG00000237452,True
da Silva 2017,ENSG00000237521,True
da Silva 2017,ENSG00000237671,True
da Silva 2017,ENSG00000237957,True
da Silva 2017,ENSG00000238205,False
da Silva 2017,ENSG00000238269,True
da Silva 2017,ENSG00000239389,False
da Silva 2017,ENSG00000239590,False
da Silva 2017,ENSG00000239605,True
da Silva 2017,ENSG00000239810,False
da Silva 2017,ENSG00000239886,False
da Silva 2017,ENSG00000240021,True
da Silva 2017,ENSG00000240720,True
da Silva 2017,ENSG00000241476,True
da Silva 2017,ENSG00000242362,True
da Silva 2017,ENSG00000242389,True
da Silva 2017,ENSG00000242441,False
da Silva 2017,ENSG00000242875,True
da Silva 2017,ENSG00000243073,False
da Silva 2017,ENSG00000243130,True
da Silva 2017,ENSG00000243543,False
da Silva 2017,ENSG00000243729,False
da Silva 2017,ENSG00000244057,False
da Silva 2017,ENSG00000244219,False
da Silva 2017,ENSG00000244395,True
da Silva 2017,ENSG00000244588,True
da Silva 2017,ENSG00000244624,False
da Silva 2017,ENSG00000248099,True
da Silva 2017,ENSG00000248383,False
da Silva 2017,ENSG00000248483,False
da Silva 2017,ENSG00000249139,False
da Silva 2017,ENSG00000249481,False
da Silva 2017,ENSG00000249581,False
da Silva 2017,ENSG00000249884,False
da Silva 2017,ENSG00000249961,False
da Silva 2017,ENSG00000250709,False
da Silva 2017,ENSG00000250741,True
da Silva 2017,ENSG00000250803,False
da Silva 2017,ENSG00000251258,True
da Silva 2017,ENSG00000251503,False
da Silva 2017,ENSG00000253506,True
da Silva 2017,ENSG00000255181,True
da Silva 2017,ENSG00000255223,False
da Silva 2017,ENSG00000255251,False
da Silva 2017,ENSG00000255298,False
da Silva 2017,ENSG00000255359,True
da Silva 2017,ENSG00000255378,False
da Silva 2017,ENSG00000256453,False
da Silva 2017,ENSG00000258223,True
da Silva 2017,ENSG00000258436,False
da Silva 2017,ENSG00000258597,False
da Silva 2017,ENSG00000258713,True
da Silva 2017,ENSG00000258992,True
da Silva 2017,ENSG00000260287,False
da Silva 2017,ENSG00000260596,False
da Silva 2017,ENSG00000261509,False
da Silva 2017,ENSG00000262874,False
da Silva 2017,ENSG00000267631,False
da Silva 2017,ENSG00000267978,True
da Silva 2017,ENSG00000268009,True
da Silva 2017,ENSG00000268223,False
da Silva 2017,ENSG00000268447,True
da Silva 2017,ENSG00000268606,True
da Silva 2017,ENSG00000268629,True
da Silva 2017,ENSG00000268651,True
da Silva 2017,ENSG00000268738,False
da Silva 2017,ENSG00000268940,False
da Silva 2017,ENSG00000268988,True
da Silva 2017,ENSG00000268994,False
da Silva 2017,ENSG00000269058,True
da Silva 2017,ENSG00000269096,False
da Silva 2017,ENSG00000269586,True
da Silva 2017,ENSG00000269791,True
da Silva 2017,ENSG00000270379,True
da Silva 2017,ENSG00000270601,False
da Silva 2017,ENSG00000270806,True
da Silva 2017,ENSG00000270946,False
da Silva 2017,ENSG00000271321,True
da Silva 2017,ENSG00000271449,True
da Silva 2017,ENSG00000272804,False
da Silva 2017,ENSG00000272968,False
da Silva 2017,ENSG00000273111,True
da Silva 2017,ENSG00000273696,True
da Silva 2017,ENSG00000273976,True
da Silva 2017,ENSG00000274102,False
da Silva 2017,ENSG00000274183,True
da Silva 2017,ENSG00000274274,True
da Silva 2017,ENSG00000274391,True
da Silva 2017,ENSG00000274419,False
da Silva 2017,ENSG00000274600,False
da Silva 2017,ENSG00000274618,False
da Silva 2017,ENSG00000274764,False
da Silva 2017,ENSG00000274933,False
da Silva 2017,ENSG00000275113,False
da Silva 2017,ENSG00000275489,True
da Silva 2017,ENSG00000275520,False
da Silva 2017,ENSG00000275722,True
da Silva 2017,ENSG00000275774,False
da Silva 2017,ENSG00000275793,True
da Silva 2017,ENSG00000275954,False
da Silva 2017,ENSG00000275969,True
da Silva 2017,ENSG00000276040,True
da Silva 2017,ENSG00000276240,False
da Silva 2017,ENSG00000276410,False
da Silva 2017,ENSG00000276430,False
da Silva 2017,ENSG00000276581,True
da Silva 2017,ENSG00000277322,True
da Silva 2017,ENSG00000277745,False
da Silva 2017,ENSG00000277865,False
da Silva 2017,ENSG00000278057,False
da Silva 2017,ENSG00000278085,True
da Silva 2017,ENSG00000278289,False
da Silva 2017,ENSG00000278522,False
da Silva 2017,ENSG00000278685,False
da Silva 2017,ENSG00000279169,False
da Silva 2017,ENSG00000284609,False
da Silva 2017,ENSG00000284680,True
da Silva 2017,ENSG00000284701,False
da Silva 2017,ENSG00000284723,False
Jamin 2021,ENSG00000000460,False
Jamin 2021,ENSG00000001631,False
Jamin 2021,ENSG00000005175,False
Jamin 2021,ENSG00000005889,False
Jamin 2021,ENSG00000006459,False
Jamin 2021,ENSG00000007350,True
Jamin 2021,ENSG00000008256,False
Jamin 2021,ENSG00000009335,False
Jamin 2021,ENSG00000010072,False
Jamin 2021,ENSG00000013573,False
Jamin 2021,ENSG00000020256,False
Jamin 2021,ENSG00000021574,False
Jamin 2021,ENSG00000025156,False
Jamin 2021,ENSG00000035499,False
Jamin 2021,ENSG00000035720,False
Jamin 2021,ENSG00000041353,False
Jamin 2021,ENSG00000043355,False
Jamin 2021,ENSG00000047932,False
Jamin 2021,ENSG00000049167,False
Jamin 2021,ENSG00000064703,False
Jamin 2021,ENSG00000065371,False
Jamin 2021,ENSG00000065609,False
Jamin 2021,ENSG00000065883,False
Jamin 2021,ENSG00000066032,False
Jamin 2021,ENSG00000067646,False
Jamin 2021,ENSG00000068796,False
Jamin 2021,ENSG00000069493,False
Jamin 2021,ENSG00000070601,False
Jamin 2021,ENSG00000072364,False
Jamin 2021,ENSG00000075131,False
Jamin 2021,ENSG00000077327,False
Jamin 2021,ENSG00000077458,False
Jamin 2021,ENSG00000078114,False
Jamin 2021,ENSG00000079841,False
Jamin 2021,ENSG00000080815,False
Jamin 2021,ENSG00000083290,False
Jamin 2021,ENSG00000083817,False
Jamin 2021,ENSG00000086200,False
Jamin 2021,ENSG00000086288,False
Jamin 2021,ENSG00000086619,False
Jamin 2021,ENSG00000086717,False
Jamin 2021,ENSG00000087338,False
Jamin 2021,ENSG00000089234,False
Jamin 2021,ENSG00000089505,False
Jamin 2021,ENSG00000090402,False
Jamin 2021,ENSG00000092345,True
Jamin 2021,ENSG00000094804,False
Jamin 2021,ENSG00000094916,False
Jamin 2021,ENSG00000095794,False
Jamin 2021,ENSG00000099399,True
Jamin 2021,ENSG00000100478,False
Jamin 2021,ENSG00000100485,False
Jamin 2021,ENSG00000100523,False
Jamin 2021,ENSG00000100629,False
Jamin 2021,ENSG00000101746,False
Jamin 2021,ENSG00000101842,False
Jamin 2021,ENSG00000101977,False
Jamin 2021,ENSG00000102048,False
Jamin 2021,ENSG00000102543,False
Jamin 2021,ENSG00000102595,False
Jamin 2021,ENSG00000102781,False
Jamin 2021,ENSG00000102924,False
Jamin 2021,ENSG00000103343,False
Jamin 2021,ENSG00000103642,False
Jamin 2021,ENSG00000103723,False
Jamin 2021,ENSG00000104218,False
Jamin 2021,ENSG00000104432,False
Jamin 2021,ENSG00000104450,False
Jamin 2021,ENSG00000104497,False
Jamin 2021,ENSG00000105143,False
Jamin 2021,ENSG00000105270,False
Jamin 2021,ENSG00000105479,False
Jamin 2021,ENSG00000105737,False
Jamin 2021,ENSG00000105851,False
Jamin 2021,ENSG00000105879,False
Jamin 2021,ENSG00000105948,False
Jamin 2021,ENSG00000106648,False
Jamin 2021,ENSG00000106829,False
Jamin 2021,ENSG00000107036,False
Jamin 2021,ENSG00000107077,False
Jamin 2021,ENSG00000107105,False
Jamin 2021,ENSG00000107518,False
Jamin 2021,ENSG00000108666,False
Jamin 2021,ENSG00000109171,False
Jamin 2021,ENSG00000109184,False
Jamin 2021,ENSG00000109265,False
Jamin 2021,ENSG00000109618,False
Jamin 2021,ENSG00000109771,False
Jamin 2021,ENSG00000109832,False
Jamin 2021,ENSG00000110090,False
Jamin 2021,ENSG00000110422,False
Jamin 2021,ENSG00000111052,False
Jamin 2021,ENSG00000111837,False
Jamin 2021,ENSG00000111911,False
Jamin 2021,ENSG00000112282,False
Jamin 2021,ENSG00000112541,False
Jamin 2021,ENSG00000112761,False
Jamin 2021,ENSG00000112796,False
Jamin 2021,ENSG00000112852,False
Jamin 2021,ENSG00000113209,False
Jamin 2021,ENSG00000113211,False
Jamin 2021,ENSG00000113396,False
Jamin 2021,ENSG00000113966,False
Jamin 2021,ENSG00000114098,False
Jamin 2021,ENSG00000114547,False
Jamin 2021,ENSG00000114757,False
Jamin 2021,ENSG00000114982,False
Jamin 2021,ENSG00000115008,False
Jamin 2021,ENSG00000115159,False
Jamin 2021,ENSG00000115252,False
Jamin 2021,ENSG00000115274,False
Jamin 2021,ENSG00000115970,False
Jamin 2021,ENSG00000116191,False
Jamin 2021,ENSG00000116793,False
Jamin 2021,ENSG00000116977,False
Jamin 2021,ENSG00000117155,False
Jamin 2021,ENSG00000117475,False
Jamin 2021,ENSG00000117477,False
Jamin 2021,ENSG00000117569,False
Jamin 2021,ENSG00000117650,False
Jamin 2021,ENSG00000117868,False
Jamin 2021,ENSG00000118965,False
Jamin 2021,ENSG00000119231,False
Jamin 2021,ENSG00000119661,False
Jamin 2021,ENSG00000120451,False
Jamin 2021,ENSG00000120616,False
Jamin 2021,ENSG00000120669,False
Jamin 2021,ENSG00000121039,False
Jamin 2021,ENSG00000121211,False
Jamin 2021,ENSG00000121390,False
Jamin 2021,ENSG00000121621,False
Jamin 2021,ENSG00000121690,False
Jamin 2021,ENSG00000122550,False
Jamin 2021,ENSG00000122591,False
Jamin 2021,ENSG00000123584,True
Jamin 2021,ENSG00000124092,True
Jamin 2021,ENSG00000124198,False
Jamin 2021,ENSG00000124260,True
Jamin 2021,ENSG00000125207,True
Jamin 2021,ENSG00000125245,False
Jamin 2021,ENSG00000125388,False
Jamin 2021,ENSG00000125633,False
Jamin 2021,ENSG00000126216,False
Jamin 2021,ENSG00000126752,True
Jamin 2021,ENSG00000127252,False
Jamin 2021,ENSG00000127337,False
Jamin 2021,ENSG00000127423,False
Jamin 2021,ENSG00000127870,False
Jamin 2021,ENSG00000127993,False
Jamin 2021,ENSG00000128059,False
Jamin 2021,ENSG00000128394,False
Jamin 2021,ENSG00000128408,False
Jamin 2021,ENSG00000128487,False
Jamin 2021,ENSG00000130234,False
Jamin 2021,ENSG00000130518,False
Jamin 2021,ENSG00000131019,False
Jamin 2021,ENSG00000131773,False
Jamin 2021,ENSG00000132122,False
Jamin 2021,ENSG00000132436,False
Jamin 2021,ENSG00000132932,False
Jamin 2021,ENSG00000132950,False
Jamin 2021,ENSG00000132953,False
Jamin 2021,ENSG00000133101,False
Jamin 2021,ENSG00000133111,False
Jamin 2021,ENSG00000133816,False
Jamin 2021,ENSG00000133962,False
Jamin 2021,ENSG00000134046,False
Jamin 2021,ENSG00000134160,False
Jamin 2021,ENSG00000134215,False
Jamin 2021,ENSG00000134758,False
Jamin 2021,ENSG00000135119,False
Jamin 2021,ENSG00000135314,False
Jamin 2021,ENSG00000135334,False
Jamin 2021,ENSG00000135338,False
Jamin 2021,ENSG00000135824,False
Jamin 2021,ENSG00000135829,False
Jamin 2021,ENSG00000136014,False
Jamin 2021,ENSG00000136231,False
Jamin 2021,ENSG00000136603,False
Jamin 2021,ENSG00000137090,True
Jamin 2021,ENSG00000137770,False
Jamin 2021,ENSG00000137812,False
Jamin 2021,ENSG00000138115,False
Jamin 2021,ENSG00000138380,False
Jamin 2021,ENSG00000138400,False
Jamin 2021,ENSG00000138587,False
Jamin 2021,ENSG00000138688,False
Jamin 2021,ENSG00000139163,False
Jamin 2021,ENSG00000139350,False
Jamin 2021,ENSG00000139496,False
Jamin 2021,ENSG00000139549,True
Jamin 2021,ENSG00000139734,False
Jamin 2021,ENSG00000139890,False
Jamin 2021,ENSG00000140057,False
Jamin 2021,ENSG00000140199,False
Jamin 2021,ENSG00000140993,False
Jamin 2021,ENSG00000141219,False
Jamin 2021,ENSG00000141404,False
Jamin 2021,ENSG00000141425,False
Jamin 2021,ENSG00000141505,False
Jamin 2021,ENSG00000141576,False
Jamin 2021,ENSG00000141644,False
Jamin 2021,ENSG00000143340,False
Jamin 2021,ENSG00000143452,True
Jamin 2021,ENSG00000143702,False
Jamin 2021,ENSG00000143751,False
Jamin 2021,ENSG00000143994,False
Jamin 2021,ENSG00000144061,False
Jamin 2021,ENSG00000144395,False
Jamin 2021,ENSG00000144445,False
Jamin 2021,ENSG00000144619,False
Jamin 2021,ENSG00000144840,False
Jamin 2021,ENSG00000145216,False
Jamin 2021,ENSG00000145491,False
Jamin 2021,ENSG00000145743,False
Jamin 2021,ENSG00000145868,False
Jamin 2021,ENSG00000146243,False
Jamin 2021,ENSG00000146410,False
Jamin 2021,ENSG00000146733,False
Jamin 2021,ENSG00000147180,False
Jamin 2021,ENSG00000147316,False
Jamin 2021,ENSG00000147381,True
Jamin 2021,ENSG00000147874,False
Jamin 2021,ENSG00000148019,False
Jamin 2021,ENSG00000148950,False
Jamin 2021,ENSG00000149212,False
Jamin 2021,ENSG00000149548,False
Jamin 2021,ENSG00000149554,False
Jamin 2021,ENSG00000150667,False
Jamin 2021,ENSG00000150760,False
Jamin 2021,ENSG00000151247,False
Jamin 2021,ENSG00000151338,False
Jamin 2021,ENSG00000151575,False
Jamin 2021,ENSG00000151725,False
Jamin 2021,ENSG00000151789,False
Jamin 2021,ENSG00000152102,False
Jamin 2021,ENSG00000152348,False
Jamin 2021,ENSG00000152409,False
Jamin 2021,ENSG00000152422,False
Jamin 2021,ENSG00000152495,False
Jamin 2021,ENSG00000152582,False
Jamin 2021,ENSG00000152611,False
Jamin 2021,ENSG00000153132,False
Jamin 2021,ENSG00000153207,False
Jamin 2021,ENSG00000153347,False
Jamin 2021,ENSG00000153898,False
Jamin 2021,ENSG00000153982,False
Jamin 2021,ENSG00000154059,False
Jamin 2021,ENSG00000154114,False
Jamin 2021,ENSG00000154727,False
Jamin 2021,ENSG00000154928,False
Jamin 2021,ENSG00000155026,False
Jamin 2021,ENSG00000155085,False
Jamin 2021,ENSG00000155313,False
Jamin 2021,ENSG00000156042,False
Jamin 2021,ENSG00000156273,False
Jamin 2021,ENSG00000156313,False
Jamin 2021,ENSG00000156384,False
Jamin 2021,ENSG00000156509,True
Jamin 2021,ENSG00000156876,False
Jamin 2021,ENSG00000157322,False
Jamin 2021,ENSG00000157423,False
Jamin 2021,ENSG00000157445,False
Jamin 2021,ENSG00000157578,False
Jamin 2021,ENSG00000158402,False
Jamin 2021,ENSG00000159082,False
Jamin 2021,ENSG00000159131,False
Jamin 2021,ENSG00000161217,False
Jamin 2021,ENSG00000162300,False
Jamin 2021,ENSG00000162543,False
Jamin 2021,ENSG00000162814,False
Jamin 2021,ENSG00000162852,False
Jamin 2021,ENSG00000162928,False
Jamin 2021,ENSG00000162994,False
Jamin 2021,ENSG00000163006,False
Jamin 2021,ENSG00000163312,False
Jamin 2021,ENSG00000163322,False
Jamin 2021,ENSG00000163376,False
Jamin 2021,ENSG00000163421,False
Jamin 2021,ENSG00000163512,False
Jamin 2021,ENSG00000163527,False
Jamin 2021,ENSG00000163867,False
Jamin 2021,ENSG00000164023,False
Jamin 2021,ENSG00000164045,False
Jamin 2021,ENSG00000164287,False
Jamin 2021,ENSG00000164506,False
Jamin 2021,ENSG00000164542,False
Jamin 2021,ENSG00000164675,False
Jamin 2021,ENSG00000164815,False
Jamin 2021,ENSG00000164944,False
Jamin 2021,ENSG00000164975,False
Jamin 2021,ENSG00000165584,True
Jamin 2021,ENSG00000165863,True
Jamin 2021,ENSG00000165923,False
Jamin 2021,ENSG00000166024,False
Jamin 2021,ENSG00000166068,False
Jamin 2021,ENSG00000166086,False
Jamin 2021,ENSG00000166206,False
Jamin 2021,ENSG00000167523,False
Jamin 2021,ENSG00000167554,False
Jamin 2021,ENSG00000167634,True
Jamin 2021,ENSG00000168038,False
Jamin 2021,ENSG00000168116,False
Jamin 2021,ENSG00000168152,False
Jamin 2021,ENSG00000168263,False
Jamin 2021,ENSG00000168314,False
Jamin 2021,ENSG00000168438,False
Jamin 2021,ENSG00000168589,False
Jamin 2021,ENSG00000168904,False
Jamin 2021,ENSG00000168944,False
Jamin 2021,ENSG00000169064,False
Jamin 2021,ENSG00000169169,False
Jamin 2021,ENSG00000169402,False
Jamin 2021,ENSG00000169594,False
Jamin 2021,ENSG00000169717,False
Jamin 2021,ENSG00000170264,False
Jamin 2021,ENSG00000170734,False
Jamin 2021,ENSG00000170873,False
Jamin 2021,ENSG00000170903,False
Jamin 2021,ENSG00000171533,False
Jamin 2021,ENSG00000171757,False
Jamin 2021,ENSG00000171931,False
Jamin 2021,ENSG00000171988,False
Jamin 2021,ENSG00000172244,False
Jamin 2021,ENSG00000172671,False
Jamin 2021,ENSG00000172738,False
Jamin 2021,ENSG00000172771,False
Jamin 2021,ENSG00000173451,False
Jamin 2021,ENSG00000173889,False
Jamin 2021,ENSG00000174007,False
Jamin 2021,ENSG00000174405,False
Jamin 2021,ENSG00000174446,False
Jamin 2021,ENSG00000174796,False
Jamin 2021,ENSG00000175073,False
Jamin 2021,ENSG00000175175,False
Jamin 2021,ENSG00000175305,False
Jamin 2021,ENSG00000175764,False
Jamin 2021,ENSG00000176148,False
Jamin 2021,ENSG00000176165,False
Jamin 2021,ENSG00000176401,False
Jamin 2021,ENSG00000176566,True
Jamin 2021,ENSG00000177025,False
Jamin 2021,ENSG00000178177,False
Jamin 2021,ENSG00000178295,False
Jamin 2021,ENSG00000178502,False
Jamin 2021,ENSG00000178852,False
Jamin 2021,ENSG00000179008,False
Jamin 2021,ENSG00000179295,False
Jamin 2021,ENSG00000179299,False
Jamin 2021,ENSG00000179363,False
Jamin 2021,ENSG00000179796,False
Jamin 2021,ENSG00000179988,False
Jamin 2021,ENSG00000180113,False
Jamin 2021,ENSG00000180628,False
Jamin 2021,ENSG00000180776,False
Jamin 2021,ENSG00000180999,False
Jamin 2021,ENSG00000181827,False
Jamin 2021,ENSG00000181896,False
Jamin 2021,ENSG00000182134,False
Jamin 2021,ENSG00000182308,True
Jamin 2021,ENSG00000182890,False
Jamin 2021,ENSG00000182901,False
Jamin 2021,ENSG00000183166,False
Jamin 2021,ENSG00000183305,True
Jamin 2021,ENSG00000183654,False
Jamin 2021,ENSG00000183833,False
Jamin 2021,ENSG00000184033,True
Jamin 2021,ENSG00000184368,False
Jamin 2021,ENSG00000184378,False
Jamin 2021,ENSG00000184911,False
Jamin 2021,ENSG00000185046,False
Jamin 2021,ENSG00000185104,False
Jamin 2021,ENSG00000185236,False
Jamin 2021,ENSG00000185247,False
Jamin 2021,ENSG00000185294,True
Jamin 2021,ENSG00000185306,False
Jamin 2021,ENSG00000185634,False
Jamin 2021,ENSG00000185658,False
Jamin 2021,ENSG00000185686,True
Jamin 2021,ENSG00000185697,False
Jamin 2021,ENSG00000185798,False
Jamin 2021,ENSG00000185842,False
Jamin 2021,ENSG00000185920,False
Jamin 2021,ENSG00000186007,False
Jamin 2021,ENSG00000186469,False
Jamin 2021,ENSG00000186487,False
Jamin 2021,ENSG00000186812,False
Jamin 2021,ENSG00000187017,False
Jamin 2021,ENSG00000187191,True
Jamin 2021,ENSG00000187690,True
Jamin 2021,ENSG00000187772,True
Jamin 2021,ENSG00000187790,False
Jamin 2021,ENSG00000188120,True
Jamin 2021,ENSG00000188739,False
Jamin 2021,ENSG00000188848,False
Jamin 2021,ENSG00000188931,False
Jamin 2021,ENSG00000189064,True
Jamin 2021,ENSG00000196074,False
Jamin 2021,ENSG00000196335,False
Jamin 2021,ENSG00000196427,True
Jamin 2021,ENSG00000196437,False
Jamin 2021,ENSG00000196511,False
Jamin 2021,ENSG00000196605,False
Jamin 2021,ENSG00000196659,False
Jamin 2021,ENSG00000196712,False
Jamin 2021,ENSG00000196911,False
Jamin 2021,ENSG00000197134,False
Jamin 2021,ENSG00000197172,True
Jamin 2021,ENSG00000197183,False
Jamin 2021,ENSG00000197217,False
Jamin 2021,ENSG00000197279,False
Jamin 2021,ENSG00000197343,False
Jamin 2021,ENSG00000197557,False
Jamin 2021,ENSG00000197798,False
Jamin 2021,ENSG00000197977,False
Jamin 2021,ENSG00000198021,True
Jamin 2021,ENSG00000198088,False
Jamin 2021,ENSG00000198573,True
Jamin 2021,ENSG00000198586,False
Jamin 2021,ENSG00000198681,True
Jamin 2021,ENSG00000198815,False
Jamin 2021,ENSG00000198889,False
Jamin 2021,ENSG00000198919,False
Jamin 2021,ENSG00000198948,False
Jamin 2021,ENSG00000203666,False
Jamin 2021,ENSG00000203926,True
Jamin 2021,ENSG00000204019,True
Jamin 2021,ENSG00000204165,False
Jamin 2021,ENSG00000204536,False
Jamin 2021,ENSG00000205129,False
Jamin 2021,ENSG00000205208,False
Jamin 2021,ENSG00000205777,True
Jamin 2021,ENSG00000205856,False
Jamin 2021,ENSG00000205916,False
Jamin 2021,ENSG00000205944,False
Jamin 2021,ENSG00000206052,False
Jamin 2021,ENSG00000206530,False
Jamin 2021,ENSG00000213213,False
Jamin 2021,ENSG00000213401,True
Jamin 2021,ENSG00000215269,True
Jamin 2021,ENSG00000216649,True
Jamin 2021,ENSG00000221867,True
Jamin 2021,ENSG00000224659,True
Jamin 2021,ENSG00000224902,True
Jamin 2021,ENSG00000227234,True
Jamin 2021,ENSG00000227488,True
Jamin 2021,ENSG00000228836,False
Jamin 2021,ENSG00000229894,True
Jamin 2021,ENSG00000232040,False
Jamin 2021,ENSG00000236362,True
Jamin 2021,ENSG00000236737,False
Jamin 2021,ENSG00000237671,True
Jamin 2021,ENSG00000239306,False
Jamin 2021,ENSG00000240563,False
Jamin 2021,ENSG00000241476,True
Jamin 2021,ENSG00000242950,False
Jamin 2021,ENSG00000244234,False
Jamin 2021,ENSG00000247077,False
Jamin 2021,ENSG00000256061,False
Jamin 2021,ENSG00000256223,False
Jamin 2021,ENSG00000256980,False
Jamin 2021,ENSG00000267978,True
Jamin 2021,ENSG00000268009,True
Jamin 2021,ENSG00000268447,True
Jamin 2021,ENSG00000268606,True
Jamin 2021,ENSG00000268651,True
Jamin 2021,ENSG00000268902,False
Jamin 2021,ENSG00000268916,False
Jamin 2021,ENSG00000268940,False
Jamin 2021,ENSG00000269096,False
Jamin 2021,ENSG00000269405,False
Jamin 2021,ENSG00000269437,False
Jamin 2021,ENSG00000269502,False
Jamin 2021,ENSG00000269791,True
Jamin 2021,ENSG00000271449,True
Jamin 2021,ENSG00000274391,True
Jamin 2021,ENSG00000275004,False
Jamin 2021,ENSG00000275113,False
Jamin 2021,ENSG00000276234,False
Jamin 2021,ENSG00000278289,False
Jamin 2021,ENSG00000284770,False
Chang 2019,ENSG00000004809,False
Chang 2019,ENSG00000004838,False
Chang 2019,ENSG00000005189,False
Chang 2019,ENSG00000006047,True
Chang 2019,ENSG00000006059,False
Chang 2019,ENSG00000006634,True
Chang 2019,ENSG00000007038,False
Chang 2019,ENSG00000007350,True
Chang 2019,ENSG00000010318,True
Chang 2019,ENSG00000011590,False
Chang 2019,ENSG00000013810,False
Chang 2019,ENSG00000024526,False
Chang 2019,ENSG00000039600,True
Chang 2019,ENSG00000042813,True
Chang 2019,ENSG00000046774,True
Chang 2019,ENSG00000048545,False
Chang 2019,ENSG00000051180,False
Chang 2019,ENSG00000054796,True
Chang 2019,ENSG00000057468,False
Chang 2019,ENSG00000063127,False
Chang 2019,ENSG00000063438,False
Chang 2019,ENSG00000063515,True
Chang 2019,ENSG00000064199,False
Chang 2019,ENSG00000064703,False
Chang 2019,ENSG00000065371,False
Chang 2019,ENSG00000066185,False
Chang 2019,ENSG00000066923,False
Chang 2019,ENSG00000068985,True
Chang 2019,ENSG00000069188,False
Chang 2019,ENSG00000069206,False
Chang 2019,ENSG00000070601,False
Chang 2019,ENSG00000070886,False
Chang 2019,ENSG00000071539,False
Chang 2019,ENSG00000072571,False
Chang 2019,ENSG00000073146,False
Chang 2019,ENSG00000073598,True
Chang 2019,ENSG00000075702,False
Chang 2019,ENSG00000075886,False
Chang 2019,ENSG00000077327,False
Chang 2019,ENSG00000077800,True
Chang 2019,ENSG00000077935,True
Chang 2019,ENSG00000078043,False
Chang 2019,ENSG00000078487,False
Chang 2019,ENSG00000078795,False
Chang 2019,ENSG00000080007,False
Chang 2019,ENSG00000080224,False
Chang 2019,ENSG00000080572,False
Chang 2019,ENSG00000084693,False
Chang 2019,ENSG00000086288,False
Chang 2019,ENSG00000086717,False
Chang 2019,ENSG00000087586,False
Chang 2019,ENSG00000088325,False
Chang 2019,ENSG00000088756,False
Chang 2019,ENSG00000089505,False
Chang 2019,ENSG00000091651,False
Chang 2019,ENSG00000092200,False
Chang 2019,ENSG00000092345,True
Chang 2019,ENSG00000092853,False
Chang 2019,ENSG00000093009,False
Chang 2019,ENSG00000095627,True
Chang 2019,ENSG00000095777,False
Chang 2019,ENSG00000099338,False
Chang 2019,ENSG00000099399,True
Chang 2019,ENSG00000099840,False
Chang 2019,ENSG00000100027,False
Chang 2019,ENSG00000100206,False
Chang 2019,ENSG00000100312,True
Chang 2019,ENSG00000100526,False
Chang 2019,ENSG00000100565,True
Chang 2019,ENSG00000100583,False
Chang 2019,ENSG00000101003,False
Chang 2019,ENSG00000101057,False
Chang 2019,ENSG00000101276,False
Chang 2019,ENSG00000101353,False
Chang 2019,ENSG00000101435,False
Chang 2019,ENSG00000101448,False
Chang 2019,ENSG00000101883,False
Chang 2019,ENSG00000102021,True
Chang 2019,ENSG00000102048,False
Chang 2019,ENSG00000102387,False
Chang 2019,ENSG00000102924,False
Chang 2019,ENSG00000103023,True
Chang 2019,ENSG00000103546,False
Chang 2019,ENSG00000104147,False
Chang 2019,ENSG00000104499,False
Chang 2019,ENSG00000104755,True
Chang 2019,ENSG00000104804,True
Chang 2019,ENSG00000104901,True
Chang 2019,ENSG00000104941,True
Chang 2019,ENSG00000105011,False
Chang 2019,ENSG00000105143,False
Chang 2019,ENSG00000105146,False
Chang 2019,ENSG00000105261,True
Chang 2019,ENSG00000105428,True
Chang 2019,ENSG00000105467,False
Chang 2019,ENSG00000105549,False
Chang 2019,ENSG00000105672,False
Chang 2019,ENSG00000105679,False
Chang 2019,ENSG00000105982,False
Chang 2019,ENSG00000106013,True
Chang 2019,ENSG00000106304,True
Chang 2019,ENSG00000106328,True
Chang 2019,ENSG00000106336,True
Chang 2019,ENSG00000106638,False
Chang 2019,ENSG00000106648,False
Chang 2019,ENSG00000108106,False
Chang 2019,ENSG00000109265,False
Chang 2019,ENSG00000109832,False
Chang 2019,ENSG00000109881,False
Chang 2019,ENSG00000111254,True
Chang 2019,ENSG00000111305,False
Chang 2019,ENSG00000111644,False
Chang 2019,ENSG00000111837,False
Chang 2019,ENSG00000112053,True
Chang 2019,ENSG00000112273,True
Chang 2019,ENSG00000112742,False
Chang 2019,ENSG00000113525,True
Chang 2019,ENSG00000114487,True
Chang 2019,ENSG00000114547,False
Chang 2019,ENSG00000114656,False
Chang 2019,ENSG00000115194,False
Chang 2019,ENSG00000115257,False
Chang 2019,ENSG00000117148,True
Chang 2019,ENSG00000117155,False
Chang 2019,ENSG00000117650,False
Chang 2019,ENSG00000118156,True
Chang 2019,ENSG00000118245,True
Chang 2019,ENSG00000118307,False
Chang 2019,ENSG00000118434,True
Chang 2019,ENSG00000118492,False
Chang 2019,ENSG00000119703,False
Chang 2019,ENSG00000120051,False
Chang 2019,ENSG00000120160,True
Chang 2019,ENSG00000120210,False
Chang 2019,ENSG00000120329,True
Chang 2019,ENSG00000120440,False
Chang 2019,ENSG00000120498,False
Chang 2019,ENSG00000120563,True
Chang 2019,ENSG00000121101,True
Chang 2019,ENSG00000121152,False
Chang 2019,ENSG00000121211,False
Chang 2019,ENSG00000121380,False
Chang 2019,ENSG00000121446,True
Chang 2019,ENSG00000121570,False
Chang 2019,ENSG00000121621,False
Chang 2019,ENSG00000121634,False
Chang 2019,ENSG00000122304,True
Chang 2019,ENSG00000123165,True
Chang 2019,ENSG00000123171,True
Chang 2019,ENSG00000123485,False
Chang 2019,ENSG00000123496,False
Chang 2019,ENSG00000123576,True
Chang 2019,ENSG00000123594,True
Chang 2019,ENSG00000123975,False
Chang 2019,ENSG00000123977,False
Chang 2019,ENSG00000124092,True
Chang 2019,ENSG00000124103,False
Chang 2019,ENSG00000124116,False
Chang 2019,ENSG00000124196,True
Chang 2019,ENSG00000124260,True
Chang 2019,ENSG00000124449,True
Chang 2019,ENSG00000124490,True
Chang 2019,ENSG00000124678,True
Chang 2019,ENSG00000124721,False
Chang 2019,ENSG00000124812,False
Chang 2019,ENSG00000124818,False
Chang 2019,ENSG00000125207,True
Chang 2019,ENSG00000125319,False
Chang 2019,ENSG00000125388,False
Chang 2019,ENSG00000125409,False
Chang 2019,ENSG00000125531,True
Chang 2019,ENSG00000125815,True
Chang 2019,ENSG00000125823,True
Chang 2019,ENSG00000125888,False
Chang 2019,ENSG00000125900,False
Chang 2019,ENSG00000125975,True
Chang 2019,ENSG00000126467,True
Chang 2019,ENSG00000126752,True
Chang 2019,ENSG00000126787,False
Chang 2019,ENSG00000126856,True
Chang 2019,ENSG00000127252,False
Chang 2019,ENSG00000127423,False
Chang 2019,ENSG00000127564,False
Chang 2019,ENSG00000128040,False
Chang 2019,ENSG00000128346,False
Chang 2019,ENSG00000128408,False
Chang 2019,ENSG00000128596,False
Chang 2019,ENSG00000128610,False
Chang 2019,ENSG00000129646,False
Chang 2019,ENSG00000129673,False
Chang 2019,ENSG00000129810,False
Chang 2019,ENSG00000130167,False
Chang 2019,ENSG00000130270,False
Chang 2019,ENSG00000130377,True
Chang 2019,ENSG00000130561,False
Chang 2019,ENSG00000130656,False
Chang 2019,ENSG00000130783,True
Chang 2019,ENSG00000130943,True
Chang 2019,ENSG00000130948,False
Chang 2019,ENSG00000131044,False
Chang 2019,ENSG00000131059,True
Chang 2019,ENSG00000131126,True
Chang 2019,ENSG00000131379,True
Chang 2019,ENSG00000131721,True
Chang 2019,ENSG00000131747,False
Chang 2019,ENSG00000131864,True
Chang 2019,ENSG00000131914,False
Chang 2019,ENSG00000131951,False
Chang 2019,ENSG00000132016,False
Chang 2019,ENSG00000132141,False
Chang 2019,ENSG00000132446,True
Chang 2019,ENSG00000132554,False
Chang 2019,ENSG00000132631,True
Chang 2019,ENSG00000132681,False
Chang 2019,ENSG00000132749,False
Chang 2019,ENSG00000132958,True
Chang 2019,ENSG00000132972,False
Chang 2019,ENSG00000133101,False
Chang 2019,ENSG00000133477,False
Chang 2019,ENSG00000133640,False
Chang 2019,ENSG00000133863,False
Chang 2019,ENSG00000133980,False
Chang 2019,ENSG00000134007,True
Chang 2019,ENSG00000134249,True
Chang 2019,ENSG00000134690,False
Chang 2019,ENSG00000134940,True
Chang 2019,ENSG00000135248,True
Chang 2019,ENSG00000135436,True
Chang 2019,ENSG00000135451,False
Chang 2019,ENSG00000135625,False
Chang 2019,ENSG00000135898,False
Chang 2019,ENSG00000135951,False
Chang 2019,ENSG00000136231,False
Chang 2019,ENSG00000136327,False
Chang 2019,ENSG00000136449,False
Chang 2019,ENSG00000136492,False
Chang 2019,ENSG00000136811,False
Chang 2019,ENSG00000136929,False
Chang 2019,ENSG00000137090,True
Chang 2019,ENSG00000137225,True
Chang 2019,ENSG00000137434,False
Chang 2019,ENSG00000137473,False
Chang 2019,ENSG00000137674,False
Chang 2019,ENSG00000137691,False
Chang 2019,ENSG00000137707,False
Chang 2019,ENSG00000137812,False
Chang 2019,ENSG00000137948,True
Chang 2019,ENSG00000138483,True
Chang 2019,ENSG00000138587,False
Chang 2019,ENSG00000138646,False
Chang 2019,ENSG00000138813,True
Chang 2019,ENSG00000138892,True
Chang 2019,ENSG00000139151,True
Chang 2019,ENSG00000139351,True
Chang 2019,ENSG00000139445,False
Chang 2019,ENSG00000139537,False
Chang 2019,ENSG00000139714,False
Chang 2019,ENSG00000139734,False
Chang 2019,ENSG00000139797,True
Chang 2019,ENSG00000139800,False
Chang 2019,ENSG00000140067,False
Chang 2019,ENSG00000140527,False
Chang 2019,ENSG00000140623,True
Chang 2019,ENSG00000140798,False
Chang 2019,ENSG00000140932,True
Chang 2019,ENSG00000140955,True
Chang 2019,ENSG00000141096,True
Chang 2019,ENSG00000141200,False
Chang 2019,ENSG00000141255,True
Chang 2019,ENSG00000141316,True
Chang 2019,ENSG00000141371,True
Chang 2019,ENSG00000141497,False
Chang 2019,ENSG00000141665,False
Chang 2019,ENSG00000142025,True
Chang 2019,ENSG00000142513,False
Chang 2019,ENSG00000142530,False
Chang 2019,ENSG00000142621,False
Chang 2019,ENSG00000142698,True
Chang 2019,ENSG00000142731,False
Chang 2019,ENSG00000142920,False
Chang 2019,ENSG00000142945,False
Chang 2019,ENSG00000143006,True
Chang 2019,ENSG00000143032,False
Chang 2019,ENSG00000143194,False
Chang 2019,ENSG00000143199,False
Chang 2019,ENSG00000143228,False
Chang 2019,ENSG00000143443,False
Chang 2019,ENSG00000143450,False
Chang 2019,ENSG00000143452,True
Chang 2019,ENSG00000143476,False
Chang 2019,ENSG00000143479,False
Chang 2019,ENSG00000143512,True
Chang 2019,ENSG00000143552,True
Chang 2019,ENSG00000143994,False
Chang 2019,ENSG00000144130,False
Chang 2019,ENSG00000144395,False
Chang 2019,ENSG00000144671,True
Chang 2019,ENSG00000144962,True
Chang 2019,ENSG00000145309,True
Chang 2019,ENSG00000145491,False
Chang 2019,ENSG00000145757,False
Chang 2019,ENSG00000145850,False
Chang 2019,ENSG00000145975,False
Chang 2019,ENSG00000146047,False
Chang 2019,ENSG00000146221,False
Chang 2019,ENSG00000146410,False
Chang 2019,ENSG00000146453,False
Chang 2019,ENSG00000146670,False
Chang 2019,ENSG00000147081,True
Chang 2019,ENSG00000147127,False
Chang 2019,ENSG00000147183,True
Chang 2019,ENSG00000147378,True
Chang 2019,ENSG00000147381,True
Chang 2019,ENSG00000147570,False
Chang 2019,ENSG00000148156,True
Chang 2019,ENSG00000148200,False
Chang 2019,ENSG00000148602,False
Chang 2019,ENSG00000148680,False
Chang 2019,ENSG00000148814,False
Chang 2019,ENSG00000148832,False
Chang 2019,ENSG00000149243,False
Chang 2019,ENSG00000149507,False
Chang 2019,ENSG00000149548,False
Chang 2019,ENSG00000149646,False
Chang 2019,ENSG00000149679,False
Chang 2019,ENSG00000149926,False
Chang 2019,ENSG00000150628,True
Chang 2019,ENSG00000150667,False
Chang 2019,ENSG00000150676,True
Chang 2019,ENSG00000150773,False
Chang 2019,ENSG00000150783,False
Chang 2019,ENSG00000151005,True
Chang 2019,ENSG00000151033,True
Chang 2019,ENSG00000151164,False
Chang 2019,ENSG00000151287,False
Chang 2019,ENSG00000151360,True
Chang 2019,ENSG00000151475,False
Chang 2019,ENSG00000151725,False
Chang 2019,ENSG00000151846,False
Chang 2019,ENSG00000151962,True
Chang 2019,ENSG00000152086,False
Chang 2019,ENSG00000152192,False
Chang 2019,ENSG00000152208,False
Chang 2019,ENSG00000152430,True
Chang 2019,ENSG00000152463,False
Chang 2019,ENSG00000152503,False
Chang 2019,ENSG00000152670,True
Chang 2019,ENSG00000152705,False
Chang 2019,ENSG00000153044,False
Chang 2019,ENSG00000153060,True
Chang 2019,ENSG00000153347,False
Chang 2019,ENSG00000153495,False
Chang 2019,ENSG00000153498,True
Chang 2019,ENSG00000153779,True
Chang 2019,ENSG00000153790,False
Chang 2019,ENSG00000154007,True
Chang 2019,ENSG00000154040,False
Chang 2019,ENSG00000154099,False
Chang 2019,ENSG00000154438,True
Chang 2019,ENSG00000154479,False
Chang 2019,ENSG00000154548,False
Chang 2019,ENSG00000154611,False
Chang 2019,ENSG00000154645,False
Chang 2019,ENSG00000154920,False
Chang 2019,ENSG00000154997,False
Chang 2019,ENSG00000155087,True
Chang 2019,ENSG00000155367,False
Chang 2019,ENSG00000155495,True
Chang 2019,ENSG00000155530,False
Chang 2019,ENSG00000155714,False
Chang 2019,ENSG00000155719,False
Chang 2019,ENSG00000155749,False
Chang 2019,ENSG00000155754,True
Chang 2019,ENSG00000155833,True
Chang 2019,ENSG00000155875,False
Chang 2019,ENSG00000155890,True
Chang 2019,ENSG00000156009,True
Chang 2019,ENSG00000156269,True
Chang 2019,ENSG00000156509,True
Chang 2019,ENSG00000156970,False
Chang 2019,ENSG00000157060,False
Chang 2019,ENSG00000157093,True
Chang 2019,ENSG00000157330,False
Chang 2019,ENSG00000157343,False
Chang 2019,ENSG00000157456,False
Chang 2019,ENSG00000157578,False
Chang 2019,ENSG00000157653,False
Chang 2019,ENSG00000157884,False
Chang 2019,ENSG00000158402,False
Chang 2019,ENSG00000158423,False
Chang 2019,ENSG00000158525,False
Chang 2019,ENSG00000158553,True
Chang 2019,ENSG00000158639,True
Chang 2019,ENSG00000159217,False
Chang 2019,ENSG00000159289,True
Chang 2019,ENSG00000159374,False
Chang 2019,ENSG00000159495,False
Chang 2019,ENSG00000159625,False
Chang 2019,ENSG00000159761,False
Chang 2019,ENSG00000160207,False
Chang 2019,ENSG00000160318,False
Chang 2019,ENSG00000160396,False
Chang 2019,ENSG00000160471,False
Chang 2019,ENSG00000160505,False
Chang 2019,ENSG00000160838,False
Chang 2019,ENSG00000160886,False
Chang 2019,ENSG00000160994,False
Chang 2019,ENSG00000161036,False
Chang 2019,ENSG00000161040,False
Chang 2019,ENSG00000161180,True
Chang 2019,ENSG00000161594,True
Chang 2019,ENSG00000161609,False
Chang 2019,ENSG00000161652,True
Chang 2019,ENSG00000161798,False
Chang 2019,ENSG00000161860,True
Chang 2019,ENSG00000161973,True
Chang 2019,ENSG00000162039,True
Chang 2019,ENSG00000162129,False
Chang 2019,ENSG00000162148,False
Chang 2019,ENSG00000162571,False
Chang 2019,ENSG00000162592,True
Chang 2019,ENSG00000162620,False
Chang 2019,ENSG00000162639,False
Chang 2019,ENSG00000162753,False
Chang 2019,ENSG00000162763,False
Chang 2019,ENSG00000162771,True
Chang 2019,ENSG00000162779,False
Chang 2019,ENSG00000162782,False
Chang 2019,ENSG00000162814,False
Chang 2019,ENSG00000162843,True
Chang 2019,ENSG00000162931,False
Chang 2019,ENSG00000163012,True
Chang 2019,ENSG00000163060,False
Chang 2019,ENSG00000163114,True
Chang 2019,ENSG00000163206,True
Chang 2019,ENSG00000163239,False
Chang 2019,ENSG00000163254,False
Chang 2019,ENSG00000163263,False
Chang 2019,ENSG00000163357,False
Chang 2019,ENSG00000163424,False
Chang 2019,ENSG00000163440,True
Chang 2019,ENSG00000163467,True
Chang 2019,ENSG00000163491,False
Chang 2019,ENSG00000163530,True
Chang 2019,ENSG00000163535,False
Chang 2019,ENSG00000163645,True
Chang 2019,ENSG00000163705,True
Chang 2019,ENSG00000163746,False
Chang 2019,ENSG00000163749,True
Chang 2019,ENSG00000163793,False
Chang 2019,ENSG00000163806,True
Chang 2019,ENSG00000163808,False
Chang 2019,ENSG00000163879,False
Chang 2019,ENSG00000163885,False
Chang 2019,ENSG00000163923,False
Chang 2019,ENSG00000163958,True
Chang 2019,ENSG00000164037,False
Chang 2019,ENSG00000164045,False
Chang 2019,ENSG00000164070,False
Chang 2019,ENSG00000164113,True
Chang 2019,ENSG00000164123,True
Chang 2019,ENSG00000164256,False
Chang 2019,ENSG00000164299,True
Chang 2019,ENSG00000164304,True
Chang 2019,ENSG00000164334,True
Chang 2019,ENSG00000164404,False
Chang 2019,ENSG00000164500,True
Chang 2019,ENSG00000164508,False
Chang 2019,ENSG00000164512,False
Chang 2019,ENSG00000164556,False
Chang 2019,ENSG00000164611,False
Chang 2019,ENSG00000164645,True
Chang 2019,ENSG00000164675,False
Chang 2019,ENSG00000164744,False
Chang 2019,ENSG00000164900,False
Chang 2019,ENSG00000165059,True
Chang 2019,ENSG00000165076,True
Chang 2019,ENSG00000165113,False
Chang 2019,ENSG00000165120,True
Chang 2019,ENSG00000165131,True
Chang 2019,ENSG00000165181,False
Chang 2019,ENSG00000165182,True
Chang 2019,ENSG00000165309,False
Chang 2019,ENSG00000165325,False
Chang 2019,ENSG00000165383,False
Chang 2019,ENSG00000165490,False
Chang 2019,ENSG00000165496,False
Chang 2019,ENSG00000165555,False
Chang 2019,ENSG00000165568,False
Chang 2019,ENSG00000165584,True
Chang 2019,ENSG00000165643,False
Chang 2019,ENSG00000165695,False
Chang 2019,ENSG00000165698,False
Chang 2019,ENSG00000165805,True
Chang 2019,ENSG00000165807,False
Chang 2019,ENSG00000165863,True
Chang 2019,ENSG00000165972,False
Chang 2019,ENSG00000166049,True
Chang 2019,ENSG00000166069,True
Chang 2019,ENSG00000166118,True
Chang 2019,ENSG00000166152,True
Chang 2019,ENSG00000166220,False
Chang 2019,ENSG00000166246,False
Chang 2019,ENSG00000166323,False
Chang 2019,ENSG00000166329,True
Chang 2019,ENSG00000166351,True
Chang 2019,ENSG00000166359,False
Chang 2019,ENSG00000166546,False
Chang 2019,ENSG00000166578,False
Chang 2019,ENSG00000166796,True
Chang 2019,ENSG00000166800,True
Chang 2019,ENSG00000166851,False
Chang 2019,ENSG00000166926,False
Chang 2019,ENSG00000166928,False
Chang 2019,ENSG00000166930,True
Chang 2019,ENSG00000167014,False
Chang 2019,ENSG00000167094,False
Chang 2019,ENSG00000167098,True
Chang 2019,ENSG00000167139,True
Chang 2019,ENSG00000167194,False
Chang 2019,ENSG00000167195,False
Chang 2019,ENSG00000167210,False
Chang 2019,ENSG00000167523,False
Chang 2019,ENSG00000167525,False
Chang 2019,ENSG00000167634,True
Chang 2019,ENSG00000168026,True
Chang 2019,ENSG00000168070,False
Chang 2019,ENSG00000168078,False
Chang 2019,ENSG00000168263,False
Chang 2019,ENSG00000168454,False
Chang 2019,ENSG00000168491,False
Chang 2019,ENSG00000168589,False
Chang 2019,ENSG00000168594,True
Chang 2019,ENSG00000168619,True
Chang 2019,ENSG00000168676,False
Chang 2019,ENSG00000168757,True
Chang 2019,ENSG00000169059,True
Chang 2019,ENSG00000169126,False
Chang 2019,ENSG00000169154,True
Chang 2019,ENSG00000169194,True
Chang 2019,ENSG00000169214,True
Chang 2019,ENSG00000169402,False
Chang 2019,ENSG00000169551,True
Chang 2019,ENSG00000169679,False
Chang 2019,ENSG00000169717,False
Chang 2019,ENSG00000170236,True
Chang 2019,ENSG00000170469,False
Chang 2019,ENSG00000170486,False
Chang 2019,ENSG00000170516,True
Chang 2019,ENSG00000170613,True
Chang 2019,ENSG00000170627,False
Chang 2019,ENSG00000170703,False
Chang 2019,ENSG00000170748,True
Chang 2019,ENSG00000170777,True
Chang 2019,ENSG00000170788,False
Chang 2019,ENSG00000170820,True
Chang 2019,ENSG00000170948,False
Chang 2019,ENSG00000170950,True
Chang 2019,ENSG00000171060,True
Chang 2019,ENSG00000171102,False
Chang 2019,ENSG00000171405,True
Chang 2019,ENSG00000171495,True
Chang 2019,ENSG00000171722,False
Chang 2019,ENSG00000171772,False
Chang 2019,ENSG00000171790,False
Chang 2019,ENSG00000171794,True
Chang 2019,ENSG00000171804,True
Chang 2019,ENSG00000171864,False
Chang 2019,ENSG00000171872,True
Chang 2019,ENSG00000171931,False
Chang 2019,ENSG00000171989,True
Chang 2019,ENSG00000172073,True
Chang 2019,ENSG00000172139,False
Chang 2019,ENSG00000172361,False
Chang 2019,ENSG00000172421,True
Chang 2019,ENSG00000172538,True
Chang 2019,ENSG00000172671,False
Chang 2019,ENSG00000172717,True
Chang 2019,ENSG00000172738,False
Chang 2019,ENSG00000172967,True
Chang 2019,ENSG00000173093,False
Chang 2019,ENSG00000173213,False
Chang 2019,ENSG00000173261,False
Chang 2019,ENSG00000173389,True
Chang 2019,ENSG00000173401,True
Chang 2019,ENSG00000173421,False
Chang 2019,ENSG00000173557,False
Chang 2019,ENSG00000173699,True
Chang 2019,ENSG00000173728,True
Chang 2019,ENSG00000173769,True
Chang 2019,ENSG00000173809,False
Chang 2019,ENSG00000173838,False
Chang 2019,ENSG00000173868,False
Chang 2019,ENSG00000173894,False
Chang 2019,ENSG00000173988,False
Chang 2019,ENSG00000174015,True
Chang 2019,ENSG00000174016,True
Chang 2019,ENSG00000174038,False
Chang 2019,ENSG00000174225,True
Chang 2019,ENSG00000174448,True
Chang 2019,ENSG00000174450,True
Chang 2019,ENSG00000174527,False
Chang 2019,ENSG00000174788,False
Chang 2019,ENSG00000175018,True
Chang 2019,ENSG00000175202,True
Chang 2019,ENSG00000175294,True
Chang 2019,ENSG00000175449,False
Chang 2019,ENSG00000175518,False
Chang 2019,ENSG00000175520,True
Chang 2019,ENSG00000175646,True
Chang 2019,ENSG00000175664,False
Chang 2019,ENSG00000175718,True
Chang 2019,ENSG00000175809,True
Chang 2019,ENSG00000175820,True
Chang 2019,ENSG00000175877,True
Chang 2019,ENSG00000176083,False
Chang 2019,ENSG00000176160,True
Chang 2019,ENSG00000176177,True
Chang 2019,ENSG00000176256,True
Chang 2019,ENSG00000176302,True
Chang 2019,ENSG00000176563,False
Chang 2019,ENSG00000176566,True
Chang 2019,ENSG00000176571,True
Chang 2019,ENSG00000176635,True
Chang 2019,ENSG00000176679,True
Chang 2019,ENSG00000176732,False
Chang 2019,ENSG00000176746,True
Chang 2019,ENSG00000176927,False
Chang 2019,ENSG00000176979,True
Chang 2019,ENSG00000176988,True
Chang 2019,ENSG00000177138,False
Chang 2019,ENSG00000177143,True
Chang 2019,ENSG00000177202,True
Chang 2019,ENSG00000177294,True
Chang 2019,ENSG00000177324,True
Chang 2019,ENSG00000177414,False
Chang 2019,ENSG00000177483,True
Chang 2019,ENSG00000177504,False
Chang 2019,ENSG00000177558,True
Chang 2019,ENSG00000177627,True
Chang 2019,ENSG00000177673,True
Chang 2019,ENSG00000177689,True
Chang 2019,ENSG00000177938,True
Chang 2019,ENSG00000177947,True
Chang 2019,ENSG00000177992,True
Chang 2019,ENSG00000177994,False
Chang 2019,ENSG00000178021,True
Chang 2019,ENSG00000178053,False
Chang 2019,ENSG00000178093,True
Chang 2019,ENSG00000178125,False
Chang 2019,ENSG00000178257,True
Chang 2019,ENSG00000178279,True
Chang 2019,ENSG00000178395,True
Chang 2019,ENSG00000178403,False
Chang 2019,ENSG00000178404,False
Chang 2019,ENSG00000178460,False
Chang 2019,ENSG00000178645,True
Chang 2019,ENSG00000178795,False
Chang 2019,ENSG00000178804,False
Chang 2019,ENSG00000178997,True
Chang 2019,ENSG00000179046,True
Chang 2019,ENSG00000179059,True
Chang 2019,ENSG00000179071,False
Chang 2019,ENSG00000179083,False
Chang 2019,ENSG00000179088,True
Chang 2019,ENSG00000179133,False
Chang 2019,ENSG00000179165,True
Chang 2019,ENSG00000179168,False
Chang 2019,ENSG00000179213,True
Chang 2019,ENSG00000179363,False
Chang 2019,ENSG00000179397,False
Chang 2019,ENSG00000179407,True
Chang 2019,ENSG00000179580,True
Chang 2019,ENSG00000179636,False
Chang 2019,ENSG00000179873,False
Chang 2019,ENSG00000180043,True
Chang 2019,ENSG00000180113,False
Chang 2019,ENSG00000180116,True
Chang 2019,ENSG00000180138,True
Chang 2019,ENSG00000180219,True
Chang 2019,ENSG00000180336,True
Chang 2019,ENSG00000180424,False
Chang 2019,ENSG00000180481,False
Chang 2019,ENSG00000180483,False
Chang 2019,ENSG00000180697,True
Chang 2019,ENSG00000180878,True
Chang 2019,ENSG00000181195,False
Chang 2019,ENSG00000181323,True
Chang 2019,ENSG00000181433,True
Chang 2019,ENSG00000181562,False
Chang 2019,ENSG00000181626,True
Chang 2019,ENSG00000181781,False
Chang 2019,ENSG00000181786,True
Chang 2019,ENSG00000181867,True
Chang 2019,ENSG00000182035,True
Chang 2019,ENSG00000182264,True
Chang 2019,ENSG00000182308,True
Chang 2019,ENSG00000182459,True
Chang 2019,ENSG00000182481,False
Chang 2019,ENSG00000182583,True
Chang 2019,ENSG00000182645,False
Chang 2019,ENSG00000182896,True
Chang 2019,ENSG00000182950,False
Chang 2019,ENSG00000182993,False
Chang 2019,ENSG00000183035,True
Chang 2019,ENSG00000183066,True
Chang 2019,ENSG00000183206,True
Chang 2019,ENSG00000183304,True
Chang 2019,ENSG00000183318,True
Chang 2019,ENSG00000183324,False
Chang 2019,ENSG00000183396,True
Chang 2019,ENSG00000183434,True
Chang 2019,ENSG00000183476,False
Chang 2019,ENSG00000183496,False
Chang 2019,ENSG00000183559,True
Chang 2019,ENSG00000183629,True
Chang 2019,ENSG00000183654,False
Chang 2019,ENSG00000183831,False
Chang 2019,ENSG00000183850,False
Chang 2019,ENSG00000184108,True
Chang 2019,ENSG00000184345,True
Chang 2019,ENSG00000184361,True
Chang 2019,ENSG00000184378,False
Chang 2019,ENSG00000184507,True
Chang 2019,ENSG00000184560,True
Chang 2019,ENSG00000184647,True
Chang 2019,ENSG00000184650,True
Chang 2019,ENSG00000184661,False
Chang 2019,ENSG00000184735,True
Chang 2019,ENSG00000184786,True
Chang 2019,ENSG00000184814,True
Chang 2019,ENSG00000185013,True
Chang 2019,ENSG00000185055,False
Chang 2019,ENSG00000185056,True
Chang 2019,ENSG00000185156,False
Chang 2019,ENSG00000185177,True
Chang 2019,ENSG00000185247,False
Chang 2019,ENSG00000185264,True
Chang 2019,ENSG00000185290,False
Chang 2019,ENSG00000185294,True
Chang 2019,ENSG00000185448,True
Chang 2019,ENSG00000185523,False
Chang 2019,ENSG00000185662,True
Chang 2019,ENSG00000185686,True
Chang 2019,ENSG00000185823,True
Chang 2019,ENSG00000185863,True
Chang 2019,ENSG00000185888,True
Chang 2019,ENSG00000185955,False
Chang 2019,ENSG00000185958,True
Chang 2019,ENSG00000185972,True
Chang 2019,ENSG00000186007,False
Chang 2019,ENSG00000186075,True
Chang 2019,ENSG00000186086,False
Chang 2019,ENSG00000186118,True
Chang 2019,ENSG00000186143,True
Chang 2019,ENSG00000186150,True
Chang 2019,ENSG00000186280,False
Chang 2019,ENSG00000186334,True
Chang 2019,ENSG00000186451,True
Chang 2019,ENSG00000186452,True
Chang 2019,ENSG00000186453,False
Chang 2019,ENSG00000186471,False
Chang 2019,ENSG00000186583,False
Chang 2019,ENSG00000186638,False
Chang 2019,ENSG00000186952,False
Chang 2019,ENSG00000186976,False
Chang 2019,ENSG00000187003,True
Chang 2019,ENSG00000187105,False
Chang 2019,ENSG00000187166,False
Chang 2019,ENSG00000187186,False
Chang 2019,ENSG00000187268,False
Chang 2019,ENSG00000187516,True
Chang 2019,ENSG00000187581,False
Chang 2019,ENSG00000187624,False
Chang 2019,ENSG00000187658,True
Chang 2019,ENSG00000187690,True
Chang 2019,ENSG00000187753,False
Chang 2019,ENSG00000187772,True
Chang 2019,ENSG00000187806,True
Chang 2019,ENSG00000187833,True
Chang 2019,ENSG00000187860,False
Chang 2019,ENSG00000187969,True
Chang 2019,ENSG00000188032,True
Chang 2019,ENSG00000188050,True
Chang 2019,ENSG00000188163,True
Chang 2019,ENSG00000188306,True
Chang 2019,ENSG00000188368,False
Chang 2019,ENSG00000188386,True
Chang 2019,ENSG00000188425,True
Chang 2019,ENSG00000188738,False
Chang 2019,ENSG00000188782,True
Chang 2019,ENSG00000188800,True
Chang 2019,ENSG00000188848,False
Chang 2019,ENSG00000189023,True
Chang 2019,ENSG00000189037,True
Chang 2019,ENSG00000189064,True
Chang 2019,ENSG00000189132,True
Chang 2019,ENSG00000189134,False
Chang 2019,ENSG00000189139,True
Chang 2019,ENSG00000189252,True
Chang 2019,ENSG00000189269,False
Chang 2019,ENSG00000189401,True
Chang 2019,ENSG00000196074,False
Chang 2019,ENSG00000196242,False
Chang 2019,ENSG00000196335,False
Chang 2019,ENSG00000196388,False
Chang 2019,ENSG00000196406,True
Chang 2019,ENSG00000196427,True
Chang 2019,ENSG00000196431,False
Chang 2019,ENSG00000196475,True
Chang 2019,ENSG00000196570,True
Chang 2019,ENSG00000196834,False
Chang 2019,ENSG00000196860,False
Chang 2019,ENSG00000196900,True
Chang 2019,ENSG00000197140,True
Chang 2019,ENSG00000197172,True
Chang 2019,ENSG00000197181,False
Chang 2019,ENSG00000197213,False
Chang 2019,ENSG00000197279,False
Chang 2019,ENSG00000197416,False
Chang 2019,ENSG00000197587,False
Chang 2019,ENSG00000197651,True
Chang 2019,ENSG00000197748,False
Chang 2019,ENSG00000197768,False
Chang 2019,ENSG00000197826,False
Chang 2019,ENSG00000197889,False
Chang 2019,ENSG00000198028,False
Chang 2019,ENSG00000198033,False
Chang 2019,ENSG00000198062,False
Chang 2019,ENSG00000198173,True
Chang 2019,ENSG00000198445,True
Chang 2019,ENSG00000198573,True
Chang 2019,ENSG00000198681,True
Chang 2019,ENSG00000198723,False
Chang 2019,ENSG00000198754,False
Chang 2019,ENSG00000198765,True
Chang 2019,ENSG00000198798,False
Chang 2019,ENSG00000198870,True
Chang 2019,ENSG00000198883,False
Chang 2019,ENSG00000198885,False
Chang 2019,ENSG00000198889,False
Chang 2019,ENSG00000203778,False
Chang 2019,ENSG00000203780,False
Chang 2019,ENSG00000203784,True
Chang 2019,ENSG00000203795,True
Chang 2019,ENSG00000203907,False
Chang 2019,ENSG00000203909,True
Chang 2019,ENSG00000203910,False
Chang 2019,ENSG00000203923,True
Chang 2019,ENSG00000203933,True
Chang 2019,ENSG00000203942,True
Chang 2019,ENSG00000203963,False
Chang 2019,ENSG00000203989,True
Chang 2019,ENSG00000204006,True
Chang 2019,ENSG00000204007,True
Chang 2019,ENSG00000204019,True
Chang 2019,ENSG00000204022,True
Chang 2019,ENSG00000204052,False
Chang 2019,ENSG00000204086,False
Chang 2019,ENSG00000204193,True
Chang 2019,ENSG00000204279,True
Chang 2019,ENSG00000204296,True
Chang 2019,ENSG00000204300,True
Chang 2019,ENSG00000204311,False
Chang 2019,ENSG00000204334,False
Chang 2019,ENSG00000204363,True
Chang 2019,ENSG00000204540,False
Chang 2019,ENSG00000204659,False
Chang 2019,ENSG00000204661,False
Chang 2019,ENSG00000204669,True
Chang 2019,ENSG00000204688,True
Chang 2019,ENSG00000204930,False
Chang 2019,ENSG00000204952,True
Chang 2019,ENSG00000204979,True
Chang 2019,ENSG00000205078,False
Chang 2019,ENSG00000205085,False
Chang 2019,ENSG00000205108,True
Chang 2019,ENSG00000205111,True
Chang 2019,ENSG00000205129,False
Chang 2019,ENSG00000205177,False
Chang 2019,ENSG00000205301,True
Chang 2019,ENSG00000205359,True
Chang 2019,ENSG00000205442,True
Chang 2019,ENSG00000205456,False
Chang 2019,ENSG00000205642,True
Chang 2019,ENSG00000205777,True
Chang 2019,ENSG00000205784,False
Chang 2019,ENSG00000205832,True
Chang 2019,ENSG00000205838,True
Chang 2019,ENSG00000205856,False
Chang 2019,ENSG00000205858,True
Chang 2019,ENSG00000205882,False
Chang 2019,ENSG00000206026,True
Chang 2019,ENSG00000206043,True
Chang 2019,ENSG00000206113,False
Chang 2019,ENSG00000206181,False
Chang 2019,ENSG00000206531,True
Chang 2019,ENSG00000206557,True
Chang 2019,ENSG00000212122,True
Chang 2019,ENSG00000213231,False
Chang 2019,ENSG00000213265,True
Chang 2019,ENSG00000213401,True
Chang 2019,ENSG00000213471,True
Chang 2019,ENSG00000213714,True
Chang 2019,ENSG00000214107,True
Chang 2019,ENSG00000214360,True
Chang 2019,ENSG00000214681,True
Chang 2019,ENSG00000214686,True
Chang 2019,ENSG00000214819,False
Chang 2019,ENSG00000214842,True
Chang 2019,ENSG00000214866,False
Chang 2019,ENSG00000214929,True
Chang 2019,ENSG00000214946,False
Chang 2019,ENSG00000215131,True
Chang 2019,ENSG00000215186,False
Chang 2019,ENSG00000215262,True
Chang 2019,ENSG00000215277,False
Chang 2019,ENSG00000215910,False
Chang 2019,ENSG00000216937,False
Chang 2019,ENSG00000217442,False
Chang 2019,ENSG00000218819,True
Chang 2019,ENSG00000218823,True
Chang 2019,ENSG00000221843,False
Chang 2019,ENSG00000221867,True
Chang 2019,ENSG00000221882,True
Chang 2019,ENSG00000221888,True
Chang 2019,ENSG00000221900,True
Chang 2019,ENSG00000221947,False
Chang 2019,ENSG00000223510,False
Chang 2019,ENSG00000223601,True
Chang 2019,ENSG00000224586,False
Chang 2019,ENSG00000224659,True
Chang 2019,ENSG00000224902,True
Chang 2019,ENSG00000225828,False
Chang 2019,ENSG00000226650,True
Chang 2019,ENSG00000227059,True
Chang 2019,ENSG00000227868,True
Chang 2019,ENSG00000228075,True
Chang 2019,ENSG00000229937,True
Chang 2019,ENSG00000229972,True
Chang 2019,ENSG00000231256,True
Chang 2019,ENSG00000232040,False
Chang 2019,ENSG00000233436,True
Chang 2019,ENSG00000234068,True
Chang 2019,ENSG00000234409,False
Chang 2019,ENSG00000234469,True
Chang 2019,ENSG00000234511,False
Chang 2019,ENSG00000234776,True
Chang 2019,ENSG00000235631,True
Chang 2019,ENSG00000236446,True
Chang 2019,ENSG00000236980,True
Chang 2019,ENSG00000237136,True
Chang 2019,ENSG00000237452,True
Chang 2019,ENSG00000237521,True
Chang 2019,ENSG00000237524,True
Chang 2019,ENSG00000238269,True
Chang 2019,ENSG00000239605,True
Chang 2019,ENSG00000240021,True
Chang 2019,ENSG00000240204,False
Chang 2019,ENSG00000240563,False
Chang 2019,ENSG00000240747,False
Chang 2019,ENSG00000241476,True
Chang 2019,ENSG00000242220,False
Chang 2019,ENSG00000242715,False
Chang 2019,ENSG00000243543,False
Chang 2019,ENSG00000243710,False
Chang 2019,ENSG00000243978,True
Chang 2019,ENSG00000244588,True
Chang 2019,ENSG00000248099,True
Chang 2019,ENSG00000249481,False
Chang 2019,ENSG00000249693,True
Chang 2019,ENSG00000249961,False
Chang 2019,ENSG00000250423,False
Chang 2019,ENSG00000251258,True
Chang 2019,ENSG00000255150,False
Chang 2019,ENSG00000255181,True
Chang 2019,ENSG00000255359,True
Chang 2019,ENSG00000256660,False
Chang 2019,ENSG00000257987,True
Chang 2019,ENSG00000258223,True
Chang 2019,ENSG00000258713,True
Chang 2019,ENSG00000258992,True
Chang 2019,ENSG00000259316,False
Chang 2019,ENSG00000260286,True
Chang 2019,ENSG00000260456,False
Chang 2019,ENSG00000262874,False
Carter 2023,ENSG00000039600,True
Carter 2023,ENSG00000046774,True
Carter 2023,ENSG00000077935,True
Carter 2023,ENSG00000092345,True
Carter 2023,ENSG00000095627,True
Carter 2023,ENSG00000099399,True
Carter 2023,ENSG00000104755,True
Carter 2023,ENSG00000113525,True
Carter 2023,ENSG00000114487,True
Carter 2023,ENSG00000117148,True
Carter 2023,ENSG00000118434,True
Carter 2023,ENSG00000120329,True
Carter 2023,ENSG00000121634,False
Carter 2023,ENSG00000123576,True
Carter 2023,ENSG00000124260,True
Carter 2023,ENSG00000130943,True
Carter 2023,ENSG00000131379,True
Carter 2023,ENSG00000131914,False
Carter 2023,ENSG00000132446,True
Carter 2023,ENSG00000134007,True
Carter 2023,ENSG00000139797,True
Carter 2023,ENSG00000142025,True
Carter 2023,ENSG00000147381,True
Carter 2023,ENSG00000151033,True
Carter 2023,ENSG00000151846,False
Carter 2023,ENSG00000151962,True
Carter 2023,ENSG00000153779,True
Carter 2023,ENSG00000155495,True
Carter 2023,ENSG00000156269,True
Carter 2023,ENSG00000157060,False
Carter 2023,ENSG00000158639,True
Carter 2023,ENSG00000160505,False
Carter 2023,ENSG00000162592,True
Carter 2023,ENSG00000163440,True
Carter 2023,ENSG00000163530,True
Carter 2023,ENSG00000164744,False
Carter 2023,ENSG00000165584,True
Carter 2023,ENSG00000166049,True
Carter 2023,ENSG00000166329,True
Carter 2023,ENSG00000166359,False
Carter 2023,ENSG00000168148,False
Carter 2023,ENSG00000168263,False
Carter 2023,ENSG00000169059,True
Carter 2023,ENSG00000169551,True
Carter 2023,ENSG00000170516,True
Carter 2023,ENSG00000171794,True
Carter 2023,ENSG00000172073,True
Carter 2023,ENSG00000172717,True
Carter 2023,ENSG00000173728,True
Carter 2023,ENSG00000174015,True
Carter 2023,ENSG00000174225,True
Carter 2023,ENSG00000174450,True
Carter 2023,ENSG00000175018,True
Carter 2023,ENSG00000176160,True
Carter 2023,ENSG00000176302,True
Carter 2023,ENSG00000176566,True
Carter 2023,ENSG00000176635,True
Carter 2023,ENSG00000176746,True
Carter 2023,ENSG00000176988,True
Carter 2023,ENSG00000177414,False
Carter 2023,ENSG00000177910,False
Carter 2023,ENSG00000177947,True
Carter 2023,ENSG00000178021,True
Carter 2023,ENSG00000179580,True
Carter 2023,ENSG00000179873,False
Carter 2023,ENSG00000180219,True
Carter 2023,ENSG00000180483,False
Carter 2023,ENSG00000181433,True
Carter 2023,ENSG00000182583,True
Carter 2023,ENSG00000182791,False
Carter 2023,ENSG00000183434,True
Carter 2023,ENSG00000185247,False
Carter 2023,ENSG00000186451,True
Carter 2023,ENSG00000187772,True
Carter 2023,ENSG00000188032,True
Carter 2023,ENSG00000189064,True
Carter 2023,ENSG00000196406,True
Carter 2023,ENSG00000196570,True
Carter 2023,ENSG00000196862,True
Carter 2023,ENSG00000197172,True
Carter 2023,ENSG00000198028,False
Carter 2023,ENSG00000198573,True
Carter 2023,ENSG00000198681,True
Carter 2023,ENSG00000204025,True
Carter 2023,ENSG00000204296,True
Carter 2023,ENSG00000205359,True
Carter 2023,ENSG00000205832,True
Carter 2023,ENSG00000213401,True
Carter 2023,ENSG00000214107,True
Carter 2023,ENSG00000221843,False
Carter 2023,ENSG00000221867,True
Carter 2023,ENSG00000221882,True
Carter 2023,ENSG00000224960,True
Carter 2023,ENSG00000229894,True
Carter 2023,ENSG00000234068,True
Carter 2023,ENSG00000236761,True
Carter 2023,ENSG00000239620,True
Carter 2023,ENSG00000249693,True
Carter 2023,ENSG00000259224,True
Carter 2023,ENSG00000261649,True
Carter 2023,ENSG00000275793,True
Carter 2023,ENSG00000282815,True
Carter 2023,ENSG00000283599,True
Seager 2024,ENSG00000046774,True
Seager 2024,ENSG00000120215,False
Seager 2024,ENSG00000124260,True
Seager 2024,ENSG00000126890,False
Seager 2024,ENSG00000147381,True
Seager 2024,ENSG00000184033,True
Seager 2024,ENSG00000198681,True
Seager 2024,ENSG00000204382,True
Seager 2024,ENSG00000205777,True
Seager 2024,ENSG00000213401,True
Seager 2024,ENSG00000215274,True
Seager 2024,ENSG00000221867,True
Seager 2024,ENSG00000224659,True
Seager 2024,ENSG00000241476,True
Seager 2024,ENSG00000274274,True
Gong 2021,ENSG00000004809,False
Gong 2021,ENSG00000004838,False
Gong 2021,ENSG00000005189,False
Gong 2021,ENSG00000006047,True
Gong 2021,ENSG00000006659,True
Gong 2021,ENSG00000007038,False
Gong 2021,ENSG00000007350,True
Gong 2021,ENSG00000010318,True
Gong 2021,ENSG00000039600,True
Gong 2021,ENSG00000042813,True
Gong 2021,ENSG00000046774,True
Gong 2021,ENSG00000054796,True
Gong 2021,ENSG00000056291,False
Gong 2021,ENSG00000063515,True
Gong 2021,ENSG00000065371,False
Gong 2021,ENSG00000068985,True
Gong 2021,ENSG00000069206,False
Gong 2021,ENSG00000073598,True
Gong 2021,ENSG00000075886,False
Gong 2021,ENSG00000077274,False
Gong 2021,ENSG00000077800,True
Gong 2021,ENSG00000077935,True
Gong 2021,ENSG00000080572,False
Gong 2021,ENSG00000092200,False
Gong 2021,ENSG00000092345,True
Gong 2021,ENSG00000095627,True
Gong 2021,ENSG00000099399,True
Gong 2021,ENSG00000099953,False
Gong 2021,ENSG00000100121,False
Gong 2021,ENSG00000100312,True
Gong 2021,ENSG00000100565,True
Gong 2021,ENSG00000100593,False
Gong 2021,ENSG00000101435,False
Gong 2021,ENSG00000101448,False
Gong 2021,ENSG00000101812,False
Gong 2021,ENSG00000101951,False
Gong 2021,ENSG00000102021,True
Gong 2021,ENSG00000102055,False
Gong 2021,ENSG00000102243,False
Gong 2021,ENSG00000102387,False
Gong 2021,ENSG00000103023,True
Gong 2021,ENSG00000103546,False
Gong 2021,ENSG00000104499,False
Gong 2021,ENSG00000104755,True
Gong 2021,ENSG00000104804,True
Gong 2021,ENSG00000104827,False
Gong 2021,ENSG00000104901,True
Gong 2021,ENSG00000104941,True
Gong 2021,ENSG00000105198,True
Gong 2021,ENSG00000105246,False
Gong 2021,ENSG00000105428,True
Gong 2021,ENSG00000105467,False
Gong 2021,ENSG00000105492,False
Gong 2021,ENSG00000105549,False
Gong 2021,ENSG00000105679,False
Gong 2021,ENSG00000105825,False
Gong 2021,ENSG00000106013,True
Gong 2021,ENSG00000106304,True
Gong 2021,ENSG00000106328,True
Gong 2021,ENSG00000106336,True
Gong 2021,ENSG00000106410,False
Gong 2021,ENSG00000106648,False
Gong 2021,ENSG00000108786,False
Gong 2021,ENSG00000111254,True
Gong 2021,ENSG00000111305,False
Gong 2021,ENSG00000111644,False
Gong 2021,ENSG00000112273,True
Gong 2021,ENSG00000114487,True
Gong 2021,ENSG00000114547,False
Gong 2021,ENSG00000116183,False
Gong 2021,ENSG00000117148,True
Gong 2021,ENSG00000118245,True
Gong 2021,ENSG00000118434,True
Gong 2021,ENSG00000118491,True
Gong 2021,ENSG00000120160,True
Gong 2021,ENSG00000120210,False
Gong 2021,ENSG00000120211,True
Gong 2021,ENSG00000120289,False
Gong 2021,ENSG00000120440,False
Gong 2021,ENSG00000120563,True
Gong 2021,ENSG00000121101,True
Gong 2021,ENSG00000121446,True
Gong 2021,ENSG00000121634,False
Gong 2021,ENSG00000122145,False
Gong 2021,ENSG00000122304,True
Gong 2021,ENSG00000122728,False
Gong 2021,ENSG00000123165,True
Gong 2021,ENSG00000123171,True
Gong 2021,ENSG00000123569,False
Gong 2021,ENSG00000123576,True
Gong 2021,ENSG00000123584,True
Gong 2021,ENSG00000123594,True
Gong 2021,ENSG00000124092,True
Gong 2021,ENSG00000124103,False
Gong 2021,ENSG00000124196,True
Gong 2021,ENSG00000124227,True
Gong 2021,ENSG00000124237,False
Gong 2021,ENSG00000124260,True
Gong 2021,ENSG00000124449,True
Gong 2021,ENSG00000124467,True
Gong 2021,ENSG00000124490,True
Gong 2021,ENSG00000124678,True
Gong 2021,ENSG00000124812,False
Gong 2021,ENSG00000124818,False
Gong 2021,ENSG00000125207,True
Gong 2021,ENSG00000125531,True
Gong 2021,ENSG00000125815,True
Gong 2021,ENSG00000125823,True
Gong 2021,ENSG00000125888,False
Gong 2021,ENSG00000125900,False
Gong 2021,ENSG00000125975,True
Gong 2021,ENSG00000126467,True
Gong 2021,ENSG00000126752,True
Gong 2021,ENSG00000126856,True
Gong 2021,ENSG00000127928,False
Gong 2021,ENSG00000128040,False
Gong 2021,ENSG00000128322,False
Gong 2021,ENSG00000130167,False
Gong 2021,ENSG00000130377,True
Gong 2021,ENSG00000130783,True
Gong 2021,ENSG00000130950,True
Gong 2021,ENSG00000131059,True
Gong 2021,ENSG00000131126,True
Gong 2021,ENSG00000131379,True
Gong 2021,ENSG00000131721,True
Gong 2021,ENSG00000131864,True
Gong 2021,ENSG00000131914,False
Gong 2021,ENSG00000132446,True
Gong 2021,ENSG00000132631,True
Gong 2021,ENSG00000132972,False
Gong 2021,ENSG00000133980,False
Gong 2021,ENSG00000134249,True
Gong 2021,ENSG00000134640,False
Gong 2021,ENSG00000134940,True
Gong 2021,ENSG00000135248,True
Gong 2021,ENSG00000135436,True
Gong 2021,ENSG00000136449,False
Gong 2021,ENSG00000136487,False
Gong 2021,ENSG00000136488,False
Gong 2021,ENSG00000136929,False
Gong 2021,ENSG00000137090,True
Gong 2021,ENSG00000137270,True
Gong 2021,ENSG00000137473,False
Gong 2021,ENSG00000137674,False
Gong 2021,ENSG00000137707,False
Gong 2021,ENSG00000137869,True
Gong 2021,ENSG00000137948,True
Gong 2021,ENSG00000138068,False
Gong 2021,ENSG00000138483,True
Gong 2021,ENSG00000138684,False
Gong 2021,ENSG00000138813,True
Gong 2021,ENSG00000138892,True
Gong 2021,ENSG00000139151,True
Gong 2021,ENSG00000139351,True
Gong 2021,ENSG00000139797,True
Gong 2021,ENSG00000140478,True
Gong 2021,ENSG00000140623,True
Gong 2021,ENSG00000140932,True
Gong 2021,ENSG00000140955,True
Gong 2021,ENSG00000141096,True
Gong 2021,ENSG00000141200,False
Gong 2021,ENSG00000141255,True
Gong 2021,ENSG00000141316,True
Gong 2021,ENSG00000141371,True
Gong 2021,ENSG00000141437,True
Gong 2021,ENSG00000142025,True
Gong 2021,ENSG00000142684,False
Gong 2021,ENSG00000142698,True
Gong 2021,ENSG00000143006,True
Gong 2021,ENSG00000143194,False
Gong 2021,ENSG00000143452,True
Gong 2021,ENSG00000143552,True
Gong 2021,ENSG00000144962,True
Gong 2021,ENSG00000145309,True
Gong 2021,ENSG00000145491,False
Gong 2021,ENSG00000145975,False
Gong 2021,ENSG00000146839,False
Gong 2021,ENSG00000147081,True
Gong 2021,ENSG00000147183,True
Gong 2021,ENSG00000147206,False
Gong 2021,ENSG00000147378,True
Gong 2021,ENSG00000147381,True
Gong 2021,ENSG00000147570,False
Gong 2021,ENSG00000147571,False
Gong 2021,ENSG00000147596,False
Gong 2021,ENSG00000148156,True
Gong 2021,ENSG00000148602,False
Gong 2021,ENSG00000148848,False
Gong 2021,ENSG00000149507,False
Gong 2021,ENSG00000149609,True
Gong 2021,ENSG00000149646,False
Gong 2021,ENSG00000150628,True
Gong 2021,ENSG00000150676,True
Gong 2021,ENSG00000151005,True
Gong 2021,ENSG00000151033,True
Gong 2021,ENSG00000151475,False
Gong 2021,ENSG00000151615,False
Gong 2021,ENSG00000151846,False
Gong 2021,ENSG00000151962,True
Gong 2021,ENSG00000152086,False
Gong 2021,ENSG00000152430,True
Gong 2021,ENSG00000152670,True
Gong 2021,ENSG00000153060,True
Gong 2021,ENSG00000153347,False
Gong 2021,ENSG00000153498,True
Gong 2021,ENSG00000153684,False
Gong 2021,ENSG00000153779,True
Gong 2021,ENSG00000154007,True
Gong 2021,ENSG00000154040,False
Gong 2021,ENSG00000154438,True
Gong 2021,ENSG00000154611,False
Gong 2021,ENSG00000154997,False
Gong 2021,ENSG00000155087,True
Gong 2021,ENSG00000155495,True
Gong 2021,ENSG00000155622,True
Gong 2021,ENSG00000155833,True
Gong 2021,ENSG00000155875,False
Gong 2021,ENSG00000155890,True
Gong 2021,ENSG00000156009,True
Gong 2021,ENSG00000157060,False
Gong 2021,ENSG00000157093,True
Gong 2021,ENSG00000157330,False
Gong 2021,ENSG00000157653,False
Gong 2021,ENSG00000158525,False
Gong 2021,ENSG00000158553,True
Gong 2021,ENSG00000158639,True
Gong 2021,ENSG00000159289,True
Gong 2021,ENSG00000159625,False
Gong 2021,ENSG00000160471,False
Gong 2021,ENSG00000160505,False
Gong 2021,ENSG00000160994,False
Gong 2021,ENSG00000161594,True
Gong 2021,ENSG00000161609,False
Gong 2021,ENSG00000161652,True
Gong 2021,ENSG00000161973,True
Gong 2021,ENSG00000162039,True
Gong 2021,ENSG00000162571,False
Gong 2021,ENSG00000162592,True
Gong 2021,ENSG00000162763,False
Gong 2021,ENSG00000162771,True
Gong 2021,ENSG00000162843,True
Gong 2021,ENSG00000163114,True
Gong 2021,ENSG00000163206,True
Gong 2021,ENSG00000163254,False
Gong 2021,ENSG00000163263,False
Gong 2021,ENSG00000163283,False
Gong 2021,ENSG00000163286,False
Gong 2021,ENSG00000163424,False
Gong 2021,ENSG00000163440,True
Gong 2021,ENSG00000163467,True
Gong 2021,ENSG00000163530,True
Gong 2021,ENSG00000163645,True
Gong 2021,ENSG00000163705,True
Gong 2021,ENSG00000163746,False
Gong 2021,ENSG00000164113,True
Gong 2021,ENSG00000164123,True
Gong 2021,ENSG00000164256,False
Gong 2021,ENSG00000164299,True
Gong 2021,ENSG00000164304,True
Gong 2021,ENSG00000164334,True
Gong 2021,ENSG00000164500,True
Gong 2021,ENSG00000164645,True
Gong 2021,ENSG00000164729,False
Gong 2021,ENSG00000164744,False
Gong 2021,ENSG00000164900,False
Gong 2021,ENSG00000165059,True
Gong 2021,ENSG00000165076,True
Gong 2021,ENSG00000165120,True
Gong 2021,ENSG00000165131,True
Gong 2021,ENSG00000165325,False
Gong 2021,ENSG00000165383,False
Gong 2021,ENSG00000165496,False
Gong 2021,ENSG00000165584,True
Gong 2021,ENSG00000165805,True
Gong 2021,ENSG00000165972,False
Gong 2021,ENSG00000166049,True
Gong 2021,ENSG00000166069,True
Gong 2021,ENSG00000166118,True
Gong 2021,ENSG00000166152,True
Gong 2021,ENSG00000166220,False
Gong 2021,ENSG00000166246,False
Gong 2021,ENSG00000166329,True
Gong 2021,ENSG00000166351,True
Gong 2021,ENSG00000166796,True
Gong 2021,ENSG00000166926,False
Gong 2021,ENSG00000166930,True
Gong 2021,ENSG00000167014,False
Gong 2021,ENSG00000167098,True
Gong 2021,ENSG00000167139,True
Gong 2021,ENSG00000167194,False
Gong 2021,ENSG00000167195,False
Gong 2021,ENSG00000167612,False
Gong 2021,ENSG00000168070,False
Gong 2021,ENSG00000168454,False
Gong 2021,ENSG00000168594,True
Gong 2021,ENSG00000168619,True
Gong 2021,ENSG00000168658,False
Gong 2021,ENSG00000168676,False
Gong 2021,ENSG00000168757,True
Gong 2021,ENSG00000169059,True
Gong 2021,ENSG00000169154,True
Gong 2021,ENSG00000169194,True
Gong 2021,ENSG00000169214,True
Gong 2021,ENSG00000169495,True
Gong 2021,ENSG00000169551,True
Gong 2021,ENSG00000169717,False
Gong 2021,ENSG00000170498,True
Gong 2021,ENSG00000170516,True
Gong 2021,ENSG00000170613,True
Gong 2021,ENSG00000170627,False
Gong 2021,ENSG00000170748,True
Gong 2021,ENSG00000170777,True
Gong 2021,ENSG00000170788,False
Gong 2021,ENSG00000170848,True
Gong 2021,ENSG00000170925,False
Gong 2021,ENSG00000170948,False
Gong 2021,ENSG00000170950,True
Gong 2021,ENSG00000170965,True
Gong 2021,ENSG00000170967,True
Gong 2021,ENSG00000171060,True
Gong 2021,ENSG00000171402,True
Gong 2021,ENSG00000171405,True
Gong 2021,ENSG00000171495,True
Gong 2021,ENSG00000171722,False
Gong 2021,ENSG00000171794,True
Gong 2021,ENSG00000171804,True
Gong 2021,ENSG00000171864,False
Gong 2021,ENSG00000171989,True
Gong 2021,ENSG00000172073,True
Gong 2021,ENSG00000172421,True
Gong 2021,ENSG00000172538,True
Gong 2021,ENSG00000172717,True
Gong 2021,ENSG00000172967,True
Gong 2021,ENSG00000173093,False
Gong 2021,ENSG00000173262,False
Gong 2021,ENSG00000173389,True
Gong 2021,ENSG00000173401,True
Gong 2021,ENSG00000173464,False
Gong 2021,ENSG00000173627,False
Gong 2021,ENSG00000173699,True
Gong 2021,ENSG00000173714,False
Gong 2021,ENSG00000173728,True
Gong 2021,ENSG00000173769,True
Gong 2021,ENSG00000173838,False
Gong 2021,ENSG00000174015,True
Gong 2021,ENSG00000174016,True
Gong 2021,ENSG00000174038,False
Gong 2021,ENSG00000174225,True
Gong 2021,ENSG00000174448,True
Gong 2021,ENSG00000174450,True
Gong 2021,ENSG00000174898,True
Gong 2021,ENSG00000175018,True
Gong 2021,ENSG00000175202,True
Gong 2021,ENSG00000175520,True
Gong 2021,ENSG00000175646,True
Gong 2021,ENSG00000175699,False
Gong 2021,ENSG00000175718,True
Gong 2021,ENSG00000175809,True
Gong 2021,ENSG00000175820,True
Gong 2021,ENSG00000175877,True
Gong 2021,ENSG00000176020,False
Gong 2021,ENSG00000176083,False
Gong 2021,ENSG00000176160,True
Gong 2021,ENSG00000176256,True
Gong 2021,ENSG00000176299,False
Gong 2021,ENSG00000176302,True
Gong 2021,ENSG00000176566,True
Gong 2021,ENSG00000176571,True
Gong 2021,ENSG00000176635,True
Gong 2021,ENSG00000176679,True
Gong 2021,ENSG00000176732,False
Gong 2021,ENSG00000176746,True
Gong 2021,ENSG00000176774,True
Gong 2021,ENSG00000176979,True
Gong 2021,ENSG00000176988,True
Gong 2021,ENSG00000177143,True
Gong 2021,ENSG00000177202,True
Gong 2021,ENSG00000177294,True
Gong 2021,ENSG00000177324,True
Gong 2021,ENSG00000177414,False
Gong 2021,ENSG00000177504,False
Gong 2021,ENSG00000177558,True
Gong 2021,ENSG00000177627,True
Gong 2021,ENSG00000177673,True
Gong 2021,ENSG00000177689,True
Gong 2021,ENSG00000177938,True
Gong 2021,ENSG00000177947,True
Gong 2021,ENSG00000177992,True
Gong 2021,ENSG00000178021,True
Gong 2021,ENSG00000178093,True
Gong 2021,ENSG00000178257,True
Gong 2021,ENSG00000178279,True
Gong 2021,ENSG00000178395,True
Gong 2021,ENSG00000178404,False
Gong 2021,ENSG00000178645,True
Gong 2021,ENSG00000178795,False
Gong 2021,ENSG00000178804,False
Gong 2021,ENSG00000178928,False
Gong 2021,ENSG00000178997,True
Gong 2021,ENSG00000179059,True
Gong 2021,ENSG00000179088,True
Gong 2021,ENSG00000179168,False
Gong 2021,ENSG00000179213,True
Gong 2021,ENSG00000179363,False
Gong 2021,ENSG00000179407,True
Gong 2021,ENSG00000179468,False
Gong 2021,ENSG00000179580,True
Gong 2021,ENSG00000179636,False
Gong 2021,ENSG00000180043,True
Gong 2021,ENSG00000180083,False
Gong 2021,ENSG00000180116,True
Gong 2021,ENSG00000180219,True
Gong 2021,ENSG00000180424,False
Gong 2021,ENSG00000180483,False
Gong 2021,ENSG00000180697,True
Gong 2021,ENSG00000180878,True
Gong 2021,ENSG00000181323,True
Gong 2021,ENSG00000181433,True
Gong 2021,ENSG00000181781,False
Gong 2021,ENSG00000181786,True
Gong 2021,ENSG00000181867,True
Gong 2021,ENSG00000182035,True
Gong 2021,ENSG00000182308,True
Gong 2021,ENSG00000182459,True
Gong 2021,ENSG00000182583,True
Gong 2021,ENSG00000182645,False
Gong 2021,ENSG00000182752,False
Gong 2021,ENSG00000182896,True
Gong 2021,ENSG00000182974,False
Gong 2021,ENSG00000183035,True
Gong 2021,ENSG00000183206,True
Gong 2021,ENSG00000183246,True
Gong 2021,ENSG00000183269,False
Gong 2021,ENSG00000183304,True
Gong 2021,ENSG00000183318,True
Gong 2021,ENSG00000183324,False
Gong 2021,ENSG00000183396,True
Gong 2021,ENSG00000183434,True
Gong 2021,ENSG00000183559,True
Gong 2021,ENSG00000183668,True
Gong 2021,ENSG00000183706,True
Gong 2021,ENSG00000184108,True
Gong 2021,ENSG00000184345,True
Gong 2021,ENSG00000184361,True
Gong 2021,ENSG00000184507,True
Gong 2021,ENSG00000184560,True
Gong 2021,ENSG00000184647,True
Gong 2021,ENSG00000184650,True
Gong 2021,ENSG00000184735,True
Gong 2021,ENSG00000184814,True
Gong 2021,ENSG00000185013,True
Gong 2021,ENSG00000185056,True
Gong 2021,ENSG00000185177,True
Gong 2021,ENSG00000185264,True
Gong 2021,ENSG00000185290,False
Gong 2021,ENSG00000185294,True
Gong 2021,ENSG00000185448,True
Gong 2021,ENSG00000185662,True
Gong 2021,ENSG00000185686,True
Gong 2021,ENSG00000185775,True
Gong 2021,ENSG00000185863,True
Gong 2021,ENSG00000185888,True
Gong 2021,ENSG00000185958,True
Gong 2021,ENSG00000185972,True
Gong 2021,ENSG00000186007,False
Gong 2021,ENSG00000186075,True
Gong 2021,ENSG00000186118,True
Gong 2021,ENSG00000186143,True
Gong 2021,ENSG00000186150,True
Gong 2021,ENSG00000186334,True
Gong 2021,ENSG00000186451,True
Gong 2021,ENSG00000186452,True
Gong 2021,ENSG00000186471,False
Gong 2021,ENSG00000186583,False
Gong 2021,ENSG00000186788,True
Gong 2021,ENSG00000187003,True
Gong 2021,ENSG00000187066,False
Gong 2021,ENSG00000187166,False
Gong 2021,ENSG00000187516,True
Gong 2021,ENSG00000187581,False
Gong 2021,ENSG00000187658,True
Gong 2021,ENSG00000187753,False
Gong 2021,ENSG00000187772,True
Gong 2021,ENSG00000187791,False
Gong 2021,ENSG00000187806,True
Gong 2021,ENSG00000187833,True
Gong 2021,ENSG00000187969,True
Gong 2021,ENSG00000188050,True
Gong 2021,ENSG00000188163,True
Gong 2021,ENSG00000188386,True
Gong 2021,ENSG00000188394,False
Gong 2021,ENSG00000188408,False
Gong 2021,ENSG00000188425,True
Gong 2021,ENSG00000188585,False
Gong 2021,ENSG00000188782,True
Gong 2021,ENSG00000188800,True
Gong 2021,ENSG00000189023,True
Gong 2021,ENSG00000189037,True
Gong 2021,ENSG00000189052,False
Gong 2021,ENSG00000189064,True
Gong 2021,ENSG00000189132,True
Gong 2021,ENSG00000189139,True
Gong 2021,ENSG00000189186,True
Gong 2021,ENSG00000189252,True
Gong 2021,ENSG00000189299,True
Gong 2021,ENSG00000189326,True
Gong 2021,ENSG00000189357,True
Gong 2021,ENSG00000189375,True
Gong 2021,ENSG00000189401,True
Gong 2021,ENSG00000196184,False
Gong 2021,ENSG00000196242,False
Gong 2021,ENSG00000196335,False
Gong 2021,ENSG00000196341,False
Gong 2021,ENSG00000196350,True
Gong 2021,ENSG00000196406,True
Gong 2021,ENSG00000196475,True
Gong 2021,ENSG00000196553,True
Gong 2021,ENSG00000196565,False
Gong 2021,ENSG00000196570,True
Gong 2021,ENSG00000196862,True
Gong 2021,ENSG00000196900,True
Gong 2021,ENSG00000197123,True
Gong 2021,ENSG00000197172,True
Gong 2021,ENSG00000197309,False
Gong 2021,ENSG00000197651,True
Gong 2021,ENSG00000197768,False
Gong 2021,ENSG00000198028,False
Gong 2021,ENSG00000198033,False
Gong 2021,ENSG00000198173,True
Gong 2021,ENSG00000198326,False
Gong 2021,ENSG00000198445,True
Gong 2021,ENSG00000198573,True
Gong 2021,ENSG00000198681,True
Gong 2021,ENSG00000198765,True
Gong 2021,ENSG00000198798,False
Gong 2021,ENSG00000203784,True
Gong 2021,ENSG00000203795,True
Gong 2021,ENSG00000203857,False
Gong 2021,ENSG00000203923,True
Gong 2021,ENSG00000203933,True
Gong 2021,ENSG00000203942,True
Gong 2021,ENSG00000203963,False
Gong 2021,ENSG00000203989,True
Gong 2021,ENSG00000204006,True
Gong 2021,ENSG00000204007,True
Gong 2021,ENSG00000204019,True
Gong 2021,ENSG00000204025,True
Gong 2021,ENSG00000204193,True
Gong 2021,ENSG00000204279,True
Gong 2021,ENSG00000204296,True
Gong 2021,ENSG00000204300,True
Gong 2021,ENSG00000204363,True
Gong 2021,ENSG00000204414,False
Gong 2021,ENSG00000204548,False
Gong 2021,ENSG00000204614,False
Gong 2021,ENSG00000204669,True
Gong 2021,ENSG00000204688,True
Gong 2021,ENSG00000204849,True
Gong 2021,ENSG00000204930,False
Gong 2021,ENSG00000204941,True
Gong 2021,ENSG00000204952,True
Gong 2021,ENSG00000204979,True
Gong 2021,ENSG00000205108,True
Gong 2021,ENSG00000205301,True
Gong 2021,ENSG00000205359,True
Gong 2021,ENSG00000205409,False
Gong 2021,ENSG00000205442,True
Gong 2021,ENSG00000205642,True
Gong 2021,ENSG00000205777,True
Gong 2021,ENSG00000205858,True
Gong 2021,ENSG00000206026,True
Gong 2021,ENSG00000206043,True
Gong 2021,ENSG00000206181,False
Gong 2021,ENSG00000206260,True
Gong 2021,ENSG00000206531,True
Gong 2021,ENSG00000212122,True
Gong 2021,ENSG00000212710,True
Gong 2021,ENSG00000213030,True
Gong 2021,ENSG00000213218,True
Gong 2021,ENSG00000213265,True
Gong 2021,ENSG00000213588,False
Gong 2021,ENSG00000213714,True
Gong 2021,ENSG00000214107,True
Gong 2021,ENSG00000214324,False
Gong 2021,ENSG00000214360,True
Gong 2021,ENSG00000214681,True
Gong 2021,ENSG00000214686,True
Gong 2021,ENSG00000214819,False
Gong 2021,ENSG00000214842,True
Gong 2021,ENSG00000214897,False
Gong 2021,ENSG00000214929,True
Gong 2021,ENSG00000215131,True
Gong 2021,ENSG00000215262,True
Gong 2021,ENSG00000215372,False
Gong 2021,ENSG00000215910,False
Gong 2021,ENSG00000217442,False
Gong 2021,ENSG00000218819,True
Gong 2021,ENSG00000218823,True
Gong 2021,ENSG00000219435,True
Gong 2021,ENSG00000221826,True
Gong 2021,ENSG00000221855,False
Gong 2021,ENSG00000221867,True
Gong 2021,ENSG00000221878,True
Gong 2021,ENSG00000221888,True
Gong 2021,ENSG00000221900,True
Gong 2021,ENSG00000223510,False
Gong 2021,ENSG00000223601,True
Gong 2021,ENSG00000224107,False
Gong 2021,ENSG00000224586,False
Gong 2021,ENSG00000224659,True
Gong 2021,ENSG00000224902,True
Gong 2021,ENSG00000224960,True
Gong 2021,ENSG00000226372,False
Gong 2021,ENSG00000226650,True
Gong 2021,ENSG00000227059,True
Gong 2021,ENSG00000227234,True
Gong 2021,ENSG00000227868,True
Gong 2021,ENSG00000228075,True
Gong 2021,ENSG00000228372,False
Gong 2021,ENSG00000229894,True
Gong 2021,ENSG00000229937,True
Gong 2021,ENSG00000229972,True
Gong 2021,ENSG00000230054,False
Gong 2021,ENSG00000230268,False
Gong 2021,ENSG00000230601,True
Gong 2021,ENSG00000231256,True
Gong 2021,ENSG00000231924,True
Gong 2021,ENSG00000231989,True
Gong 2021,ENSG00000232030,False
Gong 2021,ENSG00000232113,False
Gong 2021,ENSG00000233056,True
Gong 2021,ENSG00000233701,False
Gong 2021,ENSG00000234068,True
Gong 2021,ENSG00000234186,True
Gong 2021,ENSG00000234289,False
Gong 2021,ENSG00000234511,False
Gong 2021,ENSG00000234776,True
Gong 2021,ENSG00000234828,False
Gong 2021,ENSG00000235631,True
Gong 2021,ENSG00000236424,True
Gong 2021,ENSG00000236446,True
Gong 2021,ENSG00000236761,True
Gong 2021,ENSG00000236980,True
Gong 2021,ENSG00000237136,True
Gong 2021,ENSG00000237452,True
Gong 2021,ENSG00000237521,True
Gong 2021,ENSG00000237524,True
Gong 2021,ENSG00000238205,False
Gong 2021,ENSG00000238269,True
Gong 2021,ENSG00000240021,True
Gong 2021,ENSG00000240204,False
Gong 2021,ENSG00000240720,True
Gong 2021,ENSG00000241128,False
Gong 2021,ENSG00000241149,True
Gong 2021,ENSG00000242220,False
Gong 2021,ENSG00000242221,True
Gong 2021,ENSG00000242950,False
Gong 2021,ENSG00000243130,True
Gong 2021,ENSG00000243137,False
Gong 2021,ENSG00000243543,False
Gong 2021,ENSG00000244476,False
Gong 2021,ENSG00000244588,True
Gong 2021,ENSG00000248099,True
Gong 2021,ENSG00000248767,False
Gong 2021,ENSG00000249481,False
Gong 2021,ENSG00000249861,True
Gong 2021,ENSG00000249961,False
Gong 2021,ENSG00000250423,False
Gong 2021,ENSG00000250719,False
Gong 2021,ENSG00000250803,False
Gong 2021,ENSG00000251258,True
Gong 2021,ENSG00000253506,True
Gong 2021,ENSG00000255181,True
Gong 2021,ENSG00000255359,True
Gong 2021,ENSG00000257987,True
Gong 2021,ENSG00000258223,True
Gong 2021,ENSG00000258436,False
Gong 2021,ENSG00000258713,True
Gong 2021,ENSG00000258992,True
Gong 2021,ENSG00000259571,False
Gong 2021,ENSG00000260734,False
Gong 2021,ENSG00000261341,False
Gong 2021,ENSG00000261649,True
Gong 2021,ENSG00000261739,False
Gong 2021,ENSG00000261873,False
Gong 2021,ENSG00000262874,False
Gong 2021,ENSG00000266826,False
Gong 2021,ENSG00000267978,True
Gong 2021,ENSG00000268480,False
Gong 2021,ENSG00000268629,True
Gong 2021,ENSG00000268940,False
Gong 2021,ENSG00000268964,True
Gong 2021,ENSG00000268988,True
Gong 2021,ENSG00000269058,True
Gong 2021,ENSG00000269096,False
Gong 2021,ENSG00000269526,False
Gong 2021,ENSG00000270379,True
Gong 2021,ENSG00000270806,True
Gong 2021,ENSG00000271321,True
Gong 2021,ENSG00000273111,True
Gong 2021,ENSG00000273313,False
Gong 2021,ENSG00000273976,True
Gong 2021,ENSG00000274209,False
Gong 2021,ENSG00000274391,True
Gong 2021,ENSG00000274600,False
Gong 2021,ENSG00000274933,False
Gong 2021,ENSG00000275489,True
Gong 2021,ENSG00000275520,False
Gong 2021,ENSG00000275722,True
Gong 2021,ENSG00000275793,True
Gong 2021,ENSG00000275969,True
Gong 2021,ENSG00000276747,False
Gong 2021,ENSG00000276950,False
Gong 2021,ENSG00000277322,True
Gong 2021,ENSG00000277535,False
Gong 2021,ENSG00000277865,False
Gong 2021,ENSG00000278057,False
Gong 2021,ENSG00000278685,False
Gong 2021,ENSG00000279408,False
Gong 2021,ENSG00000282419,False
Gong 2021,ENSG00000282815,True
Gong 2021,ENSG00000283205,False
Gong 2021,ENSG00000283268,False
Gong 2021,ENSG00000283434,False
Gong 2021,ENSG00000283439,False
Gong 2021,ENSG00000283463,False
Gong 2021,ENSG00000283516,False
Gong 2021,ENSG00000283594,False
Gong 2021,ENSG00000283599,True
Gong 2021,ENSG00000283697,False
Gong 2021,ENSG00000283758,False
Gong 2021,ENSG00000284188,False
Gong 2021,ENSG00000284680,True
Loriot 2025,ENSG00000007350,True
Loriot 2025,ENSG00000046774,True
Loriot 2025,ENSG00000065371,False
Loriot 2025,ENSG00000068985,True
Loriot 2025,ENSG00000086717,False
Loriot 2025,ENSG00000099399,True
Loriot 2025,ENSG00000100121,False
Loriot 2025,ENSG00000102387,False
Loriot 2025,ENSG00000104901,True
Loriot 2025,ENSG00000105467,False
Loriot 2025,ENSG00000105549,False
Loriot 2025,ENSG00000105679,False
Loriot 2025,ENSG00000106013,True
Loriot 2025,ENSG00000111305,False
Loriot 2025,ENSG00000114547,False
Loriot 2025,ENSG00000114656,False
Loriot 2025,ENSG00000117971,False
Loriot 2025,ENSG00000120669,False
Loriot 2025,ENSG00000121101,True
Loriot 2025,ENSG00000123576,True
Loriot 2025,ENSG00000123584,True
Loriot 2025,ENSG00000124092,True
Loriot 2025,ENSG00000124196,True
Loriot 2025,ENSG00000124260,True
Loriot 2025,ENSG00000124490,True
Loriot 2025,ENSG00000125823,True
Loriot 2025,ENSG00000126752,True
Loriot 2025,ENSG00000126856,True
Loriot 2025,ENSG00000126890,False
Loriot 2025,ENSG00000128322,False
Loriot 2025,ENSG00000129862,True
Loriot 2025,ENSG00000129864,True
Loriot 2025,ENSG00000131126,True
Loriot 2025,ENSG00000131914,False
Loriot 2025,ENSG00000132446,True
Loriot 2025,ENSG00000132972,False
Loriot 2025,ENSG00000135248,True
Loriot 2025,ENSG00000137090,True
Loriot 2025,ENSG00000137473,False
Loriot 2025,ENSG00000137948,True
Loriot 2025,ENSG00000139351,True
Loriot 2025,ENSG00000141096,True
Loriot 2025,ENSG00000141255,True
Loriot 2025,ENSG00000141316,True
Loriot 2025,ENSG00000141371,True
Loriot 2025,ENSG00000142698,True
Loriot 2025,ENSG00000143194,False
Loriot 2025,ENSG00000143452,True
Loriot 2025,ENSG00000145975,False
Loriot 2025,ENSG00000146453,False
Loriot 2025,ENSG00000147082,False
Loriot 2025,ENSG00000147381,True
Loriot 2025,ENSG00000147570,False
Loriot 2025,ENSG00000150628,True
Loriot 2025,ENSG00000151846,False
Loriot 2025,ENSG00000151962,True
Loriot 2025,ENSG00000152086,False
Loriot 2025,ENSG00000153060,True
Loriot 2025,ENSG00000153347,False
Loriot 2025,ENSG00000153779,True
Loriot 2025,ENSG00000154611,False
Loriot 2025,ENSG00000155495,True
Loriot 2025,ENSG00000155754,True
Loriot 2025,ENSG00000156009,True
Loriot 2025,ENSG00000156269,True
Loriot 2025,ENSG00000158525,False
Loriot 2025,ENSG00000158639,True
Loriot 2025,ENSG00000159708,True
Loriot 2025,ENSG00000160505,False
Loriot 2025,ENSG00000160838,False
Loriot 2025,ENSG00000162039,True
Loriot 2025,ENSG00000162571,False
Loriot 2025,ENSG00000162620,False
Loriot 2025,ENSG00000162641,True
Loriot 2025,ENSG00000162779,False
Loriot 2025,ENSG00000162814,False
Loriot 2025,ENSG00000162843,True
Loriot 2025,ENSG00000163530,True
Loriot 2025,ENSG00000163793,False
Loriot 2025,ENSG00000164256,False
Loriot 2025,ENSG00000164744,False
Loriot 2025,ENSG00000164900,False
Loriot 2025,ENSG00000165131,True
Loriot 2025,ENSG00000165325,False
Loriot 2025,ENSG00000165383,False
Loriot 2025,ENSG00000165496,False
Loriot 2025,ENSG00000165583,True
Loriot 2025,ENSG00000166049,True
Loriot 2025,ENSG00000166796,True
Loriot 2025,ENSG00000167094,False
Loriot 2025,ENSG00000168070,False
Loriot 2025,ENSG00000168676,False
Loriot 2025,ENSG00000168757,True
Loriot 2025,ENSG00000169059,True
Loriot 2025,ENSG00000169551,True
Loriot 2025,ENSG00000170516,True
Loriot 2025,ENSG00000170627,False
Loriot 2025,ENSG00000171405,True
Loriot 2025,ENSG00000171722,False
Loriot 2025,ENSG00000171931,False
Loriot 2025,ENSG00000172717,True
Loriot 2025,ENSG00000173213,False
Loriot 2025,ENSG00000173262,False
Loriot 2025,ENSG00000173728,True
Loriot 2025,ENSG00000173809,False
Loriot 2025,ENSG00000173838,False
Loriot 2025,ENSG00000174015,True
Loriot 2025,ENSG00000175877,True
Loriot 2025,ENSG00000176566,True
Loriot 2025,ENSG00000176746,True
Loriot 2025,ENSG00000176988,True
Loriot 2025,ENSG00000177294,True
Loriot 2025,ENSG00000177504,False
Loriot 2025,ENSG00000177910,False
Loriot 2025,ENSG00000178404,False
Loriot 2025,ENSG00000178795,False
Loriot 2025,ENSG00000179046,True
Loriot 2025,ENSG00000179088,True
Loriot 2025,ENSG00000180336,True
Loriot 2025,ENSG00000181433,True
Loriot 2025,ENSG00000182308,True
Loriot 2025,ENSG00000182459,True
Loriot 2025,ENSG00000182583,True
Loriot 2025,ENSG00000183206,True
Loriot 2025,ENSG00000184033,True
Loriot 2025,ENSG00000184735,True
Loriot 2025,ENSG00000185247,False
Loriot 2025,ENSG00000185686,True
Loriot 2025,ENSG00000185863,True
Loriot 2025,ENSG00000185972,True
Loriot 2025,ENSG00000186007,False
Loriot 2025,ENSG00000186075,True
Loriot 2025,ENSG00000186471,False
Loriot 2025,ENSG00000186583,False
Loriot 2025,ENSG00000188738,False
Loriot 2025,ENSG00000189023,True
Loriot 2025,ENSG00000189064,True
Loriot 2025,ENSG00000189186,True
Loriot 2025,ENSG00000196335,False
Loriot 2025,ENSG00000196350,True
Loriot 2025,ENSG00000196406,True
Loriot 2025,ENSG00000196553,True
Loriot 2025,ENSG00000196604,True
Loriot 2025,ENSG00000197172,True
Loriot 2025,ENSG00000198028,False
Loriot 2025,ENSG00000198033,False
Loriot 2025,ENSG00000198573,True
Loriot 2025,ENSG00000198681,True
Loriot 2025,ENSG00000198723,False
Loriot 2025,ENSG00000198765,True
Loriot 2025,ENSG00000203907,False
Loriot 2025,ENSG00000204019,True
Loriot 2025,ENSG00000204379,True
Loriot 2025,ENSG00000204382,True
Loriot 2025,ENSG00000205642,True
Loriot 2025,ENSG00000205777,True
Loriot 2025,ENSG00000213401,True
Loriot 2025,ENSG00000214107,True
Loriot 2025,ENSG00000215113,True
Loriot 2025,ENSG00000215115,True
Loriot 2025,ENSG00000215529,True
Loriot 2025,ENSG00000215817,True
Loriot 2025,ENSG00000216649,True
Loriot 2025,ENSG00000221867,True
Loriot 2025,ENSG00000223510,False
Loriot 2025,ENSG00000223591,False
Loriot 2025,ENSG00000224659,True
Loriot 2025,ENSG00000224902,True
Loriot 2025,ENSG00000224960,True
Loriot 2025,ENSG00000226685,True
Loriot 2025,ENSG00000226929,True
Loriot 2025,ENSG00000227234,True
Loriot 2025,ENSG00000228836,False
Loriot 2025,ENSG00000228927,True
Loriot 2025,ENSG00000230601,True
Loriot 2025,ENSG00000233803,True
Loriot 2025,ENSG00000234068,True
Loriot 2025,ENSG00000234414,True
Loriot 2025,ENSG00000235631,True
Loriot 2025,ENSG00000235699,True
Loriot 2025,ENSG00000236362,True
Loriot 2025,ENSG00000236371,True
Loriot 2025,ENSG00000237671,True
Loriot 2025,ENSG00000238074,False
Loriot 2025,ENSG00000238269,True
Loriot 2025,ENSG00000241149,True
Loriot 2025,ENSG00000241476,True
Loriot 2025,ENSG00000242389,True
Loriot 2025,ENSG00000242715,False
Loriot 2025,ENSG00000242875,True
Loriot 2025,ENSG00000242950,False
Loriot 2025,ENSG00000244588,True
Loriot 2025,ENSG00000251258,True
Loriot 2025,ENSG00000258713,True
Loriot 2025,ENSG00000258992,True
Loriot 2025,ENSG00000261649,True
Loriot 2025,ENSG00000261949,True
Loriot 2025,ENSG00000267978,True
Loriot 2025,ENSG00000268447,True
Loriot 2025,ENSG00000268606,True
Loriot 2025,ENSG00000268651,True
Loriot 2025,ENSG00000268696,True
Loriot 2025,ENSG00000268940,False
Loriot 2025,ENSG00000269096,False
Loriot 2025,ENSG00000269405,False
Loriot 2025,ENSG00000269586,True
Loriot 2025,ENSG00000270806,True
Loriot 2025,ENSG00000270946,False
Loriot 2025,ENSG00000273696,True
Loriot 2025,ENSG00000274274,True
Loriot 2025,ENSG00000275113,False
Loriot 2025,ENSG00000278085,True
Loriot 2025,ENSG00000278289,False
Loriot 2025,ENSG00000282815,True
Loriot 2025,ENSG00000283093,False
Bai 2016,ENSG00000198759,True
